-- phpMyAdmin SQL Dump
-- version 5.1.1
-- https://www.phpmyadmin.net/
--
-- Host: localhost
-- Generation Time: Dec 16, 2021 at 07:09 AM
-- Server version: 10.1.47-MariaDB
-- PHP Version: 7.2.30

SET SQL_MODE = "NO_AUTO_VALUE_ON_ZERO";
START TRANSACTION;
SET time_zone = "+00:00";


/*!40101 SET @OLD_CHARACTER_SET_CLIENT=@@CHARACTER_SET_CLIENT */;
/*!40101 SET @OLD_CHARACTER_SET_RESULTS=@@CHARACTER_SET_RESULTS */;
/*!40101 SET @OLD_COLLATION_CONNECTION=@@COLLATION_CONNECTION */;
/*!40101 SET NAMES utf8mb4 */;

--
-- Database: `appmantr_erp`
--

-- --------------------------------------------------------

--
-- Table structure for table `admin`
--

CREATE TABLE `admin` (
  `adminID` int(11) NOT NULL,
  `name` varchar(255) NOT NULL,
  `email` varchar(255) NOT NULL,
  `phone` varchar(15) DEFAULT NULL,
  `password` varchar(255) NOT NULL,
  `image` varchar(255) DEFAULT NULL,
  `role` varchar(255) NOT NULL,
  `designation` varchar(255) NOT NULL,
  `is_active` enum('Y','N') NOT NULL,
  `added_on` datetime NOT NULL,
  `modified_on` datetime DEFAULT NULL
) ENGINE=MyISAM DEFAULT CHARSET=latin1;

--
-- Dumping data for table `admin`
--

INSERT INTO `admin` (`adminID`, `name`, `email`, `phone`, `password`, `image`, `role`, `designation`, `is_active`, `added_on`, `modified_on`) VALUES
(1, 'MENTOR ADMIN', 'admin@nainitalerp.com', '1234567890', '123456', 'default.png', 'admin', 'Admin', 'Y', '2018-12-24 00:00:00', '2018-12-24 00:00:00');

-- --------------------------------------------------------

--
-- Table structure for table `admin_class`
--

CREATE TABLE `admin_class` (
  `classid` int(11) NOT NULL,
  `class` varchar(100) NOT NULL,
  `is_active` enum('Y','N') NOT NULL,
  `added_on` datetime NOT NULL
) ENGINE=MyISAM DEFAULT CHARSET=latin1;

--
-- Dumping data for table `admin_class`
--

INSERT INTO `admin_class` (`classid`, `class`, `is_active`, `added_on`) VALUES
(1, 'Nursey', 'Y', '2019-02-18 00:00:00'),
(2, 'K.G', 'Y', '2019-02-18 00:00:00'),
(3, '1st', 'Y', '2019-02-18 00:00:00'),
(4, '2nd', 'Y', '2019-02-18 00:00:00'),
(5, '3rd', 'Y', '2019-02-18 00:00:00'),
(6, '4th', 'Y', '2019-02-18 00:00:00'),
(7, '5th', 'Y', '2019-02-18 00:00:00'),
(8, '6th', 'Y', '2019-02-18 00:00:00'),
(9, '7th', 'Y', '2019-02-18 00:00:00'),
(10, '8th', 'Y', '2019-02-18 00:00:00'),
(11, '9th', 'Y', '2019-02-18 00:00:00'),
(12, '10th', 'Y', '2019-02-18 00:00:00');

-- --------------------------------------------------------

--
-- Table structure for table `admin_subject`
--

CREATE TABLE `admin_subject` (
  `subID` int(11) NOT NULL,
  `subject` varchar(200) NOT NULL,
  `is_active` enum('Y','N') NOT NULL,
  `added_on` datetime NOT NULL
) ENGINE=MyISAM DEFAULT CHARSET=latin1;

--
-- Dumping data for table `admin_subject`
--

INSERT INTO `admin_subject` (`subID`, `subject`, `is_active`, `added_on`) VALUES
(1, 'Science', 'Y', '2019-02-18 00:00:00'),
(2, 'General Knowledge', 'Y', '2019-02-18 00:00:00');

-- --------------------------------------------------------

--
-- Table structure for table `advance_amount`
--

CREATE TABLE `advance_amount` (
  `advanceID` int(11) NOT NULL,
  `schoolID` int(11) NOT NULL,
  `studentID` int(11) NOT NULL,
  `amount` decimal(25,2) NOT NULL,
  `added_on` datetime NOT NULL,
  `modified_on` datetime DEFAULT NULL
) ENGINE=InnoDB DEFAULT CHARSET=latin1;

--
-- Dumping data for table `advance_amount`
--

INSERT INTO `advance_amount` (`advanceID`, `schoolID`, `studentID`, `amount`, `added_on`, `modified_on`) VALUES
(1, 2, 2, '960.00', '2019-03-26 09:34:27', NULL);

-- --------------------------------------------------------

--
-- Table structure for table `assignment`
--

CREATE TABLE `assignment` (
  `assignmentID` int(11) NOT NULL,
  `schoolID` int(11) NOT NULL,
  `teacherID` int(11) NOT NULL,
  `classesId` int(11) NOT NULL,
  `sectionID` int(11) NOT NULL,
  `subjectID` int(11) NOT NULL,
  `remark` varchar(255) DEFAULT NULL,
  `doc_file` varchar(255) DEFAULT NULL,
  `last_date` date DEFAULT NULL,
  `added_on` datetime NOT NULL
) ENGINE=MyISAM DEFAULT CHARSET=latin1;

--
-- Dumping data for table `assignment`
--

INSERT INTO `assignment` (`assignmentID`, `schoolID`, `teacherID`, `classesId`, `sectionID`, `subjectID`, `remark`, `doc_file`, `last_date`, `added_on`) VALUES
(1, 5, 3, 9, 15, 1, 'Test ', '1542704347.jpg', '2018-11-22', '2018-11-20 02:29:07'),
(2, 2, 4, 6, 12, 3, 'fhjj', '1544185508.jpg', '2018-12-10', '2018-12-07 05:55:08'),
(3, 5, 5, 9, 15, 1, 'test1', '1544522841.jpg', '2018-12-14', '2018-12-11 03:37:21'),
(4, 2, 2, 6, 12, 3, 'hhhh', '1544523184.jpg', '2018-12-11', '2018-12-11 03:43:04'),
(5, 2, 2, 6, 12, 3, 'ggg', '1544523334.png', '2018-12-11', '2018-12-11 03:45:34'),
(6, 2, 2, 6, 12, 3, 'try', '1544592774.jpg', '2018-12-12', '2018-12-12 11:02:54'),
(7, 2, 2, 6, 12, 4, 'CCTV', '1544592828.jpg', '2018-12-12', '2018-12-12 11:03:48'),
(8, 2, 2, 6, 12, 3, 'vvvvv', '1544593472.jpg', '2018-12-12', '2018-12-12 11:14:32'),
(9, 2, 2, 6, 12, 4, 'tttt', '1544593980.jpg', '2018-12-12', '2018-12-12 11:23:00'),
(10, 5, 5, 9, 15, 1, 'Test1', '1544612821.jpg', '2018-12-25', '2018-12-12 04:37:01'),
(11, 2, 2, 6, 12, 3, 'work', '1544617240.jpg', '2018-12-12', '2018-12-12 05:50:40'),
(12, 2, 2, 6, 12, 3, 'hhhh', '1544618057.jpg', '2018-12-12', '2018-12-12 06:04:17'),
(13, 2, 2, 6, 12, 3, 'gzgzv', '1544618557.jpg', '2018-12-12', '2018-12-12 06:12:37'),
(14, 2, 2, 6, 12, 5, 'hhhh', '1544618998.jpg', '2018-12-12', '2018-12-12 06:19:58'),
(15, 2, 2, 6, 12, 4, 'gsgsg', '1544621287.jpg', '2018-12-13', '2018-12-12 06:58:07'),
(16, 5, 5, 9, 15, 1, 'Ggg', '1545029331.jpg', '2018-12-20', '2018-12-17 12:18:51'),
(17, 2, 2, 6, 12, 3, 'English', '1545132754.jpg', '2018-12-19', '2018-12-18 05:02:34'),
(18, 2, 2, 6, 12, 3, 'dgh', '1545132861.png', '2018-12-20', '2018-12-18 05:04:21'),
(19, 2, 2, 6, 12, 3, 'fhjjj', '1545133020.jpg', '2018-12-28', '2018-12-18 05:07:00'),
(20, 2, 2, 6, 12, 3, 'today work', '1545133176.jpg', '2018-12-18', '2018-12-18 05:09:36'),
(21, 2, 2, 6, 12, 3, '', '1545814924.jpg', '1970-01-01', '2018-12-26 02:32:04'),
(22, 2, 2, 6, 12, 3, '', '1545815073.jpg', '1970-01-01', '2018-12-26 02:34:33'),
(23, 2, 2, 6, 12, 3, '', '1545816019.jpg', '1970-01-01', '2018-12-26 02:50:19'),
(24, 2, 2, 6, 12, 3, 'asdf', '1545816039.jpg', '2018-12-27', '2018-12-26 02:50:39'),
(25, 2, 2, 6, 12, 3, 'testing', '1545816407.jpg', '2018-12-27', '2018-12-26 02:56:47'),
(26, 2, 2, 6, 12, 3, 'testing', '1545816468.jpg', '2018-12-28', '2018-12-26 02:57:48'),
(27, 2, 2, 6, 12, 3, 'news', '1545828337.jpg', '2018-12-27', '2018-12-26 06:15:37'),
(28, 2, 2, 6, 12, 3, 'today', '1546238436.jpg', '2018-12-31', '2018-12-31 12:10:36'),
(29, 28, 7, 17, 26, 7, 'Chapter 1', '1546891796.png', '2019-01-09', '2019-01-08 01:39:56'),
(30, 41, 41, 38, 46, 30, 'test', '1547539438.jpg', '2019-01-16', '2019-01-15 01:33:58'),
(31, 28, 28, 17, 26, 31, 'chapter 2', '1547917549.png', '2019-01-22', '2019-01-19 10:35:49'),
(32, 28, 28, 17, 26, 31, 'chapter 2', '1547917599.png', '2019-01-22', '2019-01-19 10:36:39'),
(33, 57, 57, 45, 55, 33, 'poem', '1548432522.jpg', '2019-01-27', '2019-01-25 09:38:42'),
(34, 57, 57, 45, 55, 33, 'chapter 1', '1549863826.jpg', '2019-02-11', '2019-02-11 11:13:46'),
(35, 1, 1, 1, 1, 2, 'hi', '1638255508.png', '2021-11-30', '2021-11-30 12:28:28'),
(36, 1, 1, 1, 1, 2, 'Text', '1638516623.jpg', '2021-12-03', '2021-12-03 01:00:23');

-- --------------------------------------------------------

--
-- Table structure for table `assignment_submit`
--

CREATE TABLE `assignment_submit` (
  `submissionID` int(11) NOT NULL,
  `assignmentID` int(11) NOT NULL,
  `studentID` int(11) NOT NULL,
  `doc_file` varchar(200) NOT NULL,
  `added_on` datetime NOT NULL
) ENGINE=MyISAM DEFAULT CHARSET=latin1;

-- --------------------------------------------------------

--
-- Table structure for table `batch`
--

CREATE TABLE `batch` (
  `batchID` int(11) NOT NULL,
  `schoolID` int(11) NOT NULL,
  `start_year` year(4) NOT NULL,
  `end_year` year(4) NOT NULL,
  `is_active` enum('Y','N') NOT NULL,
  `added_on` datetime NOT NULL
) ENGINE=MyISAM DEFAULT CHARSET=latin1;

--
-- Dumping data for table `batch`
--

INSERT INTO `batch` (`batchID`, `schoolID`, `start_year`, `end_year`, `is_active`, `added_on`) VALUES
(1, 2, 2010, 2014, 'Y', '2019-01-23 10:14:06'),
(2, 57, 2019, 2020, 'Y', '2019-01-24 17:02:28'),
(3, 57, 2018, 2019, 'Y', '2019-01-25 21:28:11'),
(4, 57, 2017, 2018, 'N', '2019-01-25 21:28:25'),
(5, 21, 2015, 2017, 'Y', '2019-01-31 15:51:27'),
(6, 21, 2016, 2018, 'Y', '2019-01-31 15:51:35'),
(7, 21, 2017, 2019, 'Y', '2019-01-31 15:51:42'),
(8, 21, 2018, 2020, 'Y', '2019-01-31 15:51:49'),
(9, 79, 2019, 2020, 'Y', '2019-02-18 15:10:37'),
(10, 2, 2019, 2020, 'Y', '2019-03-01 16:43:40'),
(11, 101, 2019, 2020, 'Y', '2019-03-25 13:46:43'),
(12, 1, 2021, 2023, 'Y', '2021-10-04 18:36:34'),
(13, 108, 2021, 2022, 'Y', '2021-10-13 09:23:49'),
(14, 114, 2021, 2022, 'Y', '2021-12-07 20:25:08'),
(15, 115, 2021, 2022, 'Y', '2021-12-10 11:28:34');

-- --------------------------------------------------------

--
-- Table structure for table `books`
--

CREATE TABLE `books` (
  `bookID` int(11) NOT NULL,
  `schoolID` int(11) NOT NULL,
  `bookcatID` int(11) NOT NULL,
  `book` varchar(255) NOT NULL,
  `subjectID` varchar(255) NOT NULL,
  `isbn_number` varchar(255) NOT NULL,
  `author` varchar(255) NOT NULL,
  `price` varchar(255) NOT NULL,
  `quantity` varchar(255) NOT NULL,
  `due_quantity` varchar(255) NOT NULL,
  `rack` varchar(255) NOT NULL,
  `is_active` enum('Y','N') NOT NULL,
  `added_on` datetime NOT NULL
) ENGINE=MyISAM DEFAULT CHARSET=latin1;

-- --------------------------------------------------------

--
-- Table structure for table `book_category`
--

CREATE TABLE `book_category` (
  `bookcatID` int(11) NOT NULL,
  `schoolID` int(11) NOT NULL,
  `category` varchar(255) NOT NULL,
  `is_active` enum('Y','N') NOT NULL,
  `added_on` datetime NOT NULL
) ENGINE=MyISAM DEFAULT CHARSET=latin1;

--
-- Dumping data for table `book_category`
--

INSERT INTO `book_category` (`bookcatID`, `schoolID`, `category`, `is_active`, `added_on`) VALUES
(1, 2, 'Mathematic', 'Y', '2019-02-13 10:45:51'),
(2, 57, 'maths', 'Y', '2019-03-05 23:24:56');

-- --------------------------------------------------------

--
-- Table structure for table `circular`
--

CREATE TABLE `circular` (
  `circularID` int(11) NOT NULL,
  `schoolID` int(11) NOT NULL,
  `title` varchar(255) NOT NULL,
  `description` text NOT NULL,
  `for` varchar(255) DEFAULT NULL,
  `image` varchar(255) DEFAULT NULL,
  `image_type` varchar(255) DEFAULT NULL,
  `circular_no` varchar(255) DEFAULT NULL,
  `date` date DEFAULT NULL,
  `is_active` enum('Y','N') NOT NULL,
  `added_on` datetime NOT NULL
) ENGINE=MyISAM DEFAULT CHARSET=latin1;

--
-- Dumping data for table `circular`
--

INSERT INTO `circular` (`circularID`, `schoolID`, `title`, `description`, `for`, `image`, `image_type`, `circular_no`, `date`, `is_active`, `added_on`) VALUES
(1, 1, 'Test', 'This is a test circular', 'teacher,student', 'Test1542445697.PNG', 'PNG', 'cir2018001', '2018-10-10', 'Y', '2018-11-17 14:38:17'),
(2, 2, 'hhhh', 'zcczxvzdvdv', 'teacher', 'hhhh1542458776.jpg', 'jpg', 'cir2018002', '2018-10-10', 'Y', '2018-11-17 18:16:16'),
(3, 2, 'rwuusvsvz', 'zcczxvzdvdvgsbzbs', 'teacher', 'rwuusvsvz1542459503.jpg', 'jpg', 'cir2018003', '2018-10-10', 'Y', '2018-11-17 18:28:23'),
(4, 1, 'Test', 'This is a test circular', 'teacher,student', 'Test1542605903.jpg', 'jpg', 'cir2018004', '2018-10-10', 'Y', '2018-11-19 11:08:23'),
(5, 2, 'VIXFG9B ', 'sggsgs', 'teacher,student', 'VIXFG9B 1542606962.jpg', 'jpg', '1', '2018-11-08', 'Y', '2018-11-19 11:26:02'),
(6, 5, 'Hello ', 'Test', 'teacher,student', 'Hello 1542703286.jpg', 'jpg', '', '2018-11-20', 'Y', '2018-11-20 14:11:26'),
(7, 2, 'hi', 'hello', 'teacher', 'hi1545052443.png', 'png', 'testing', '2018-12-18', 'Y', '2018-12-17 18:44:03'),
(8, 2, 'team', 'hshshhs', 'teacher', 'team1545053522.png', 'png', '102', '2018-12-18', 'Y', '2018-12-17 19:02:02'),
(9, 21, 'Test', 'Test', 'student', 'Test1546770646.jpg', 'jpg', '1', '2019-01-06', 'Y', '2019-01-06 16:00:46'),
(10, 2, 'testing', 'testing', 'student', 'testing1546776307.jpg', 'jpg', '101', '2019-01-06', 'Y', '2019-01-06 17:35:07'),
(11, 2, 'testing', 'testing', 'student', 'testing1546776383.jpg', 'jpg', '102', '2019-01-07', 'Y', '2019-01-06 17:36:23'),
(12, 36, 'holiday', 'todays holiday', 'teacher,teacher', 'holiday1547462314.pdf', 'pdf', '1', '2019-01-14', 'Y', '2019-01-14 16:08:34'),
(13, 28, '26 January ', 'come @ 9 am.', 'student', '26 January 1547916996.jpg', 'jpg', '234', '2019-01-26', 'Y', '2019-01-19 22:26:36'),
(14, 57, 'circuar 1', 'curcular', 'teacher,student', 'circuar 11549441255.jpg', 'jpg', '1', '2019-02-10', 'Y', '2019-02-06 13:50:55');

-- --------------------------------------------------------

--
-- Table structure for table `ci_admin_sessions`
--

CREATE TABLE `ci_admin_sessions` (
  `id` varchar(128) NOT NULL,
  `ip_address` varchar(45) NOT NULL,
  `timestamp` int(10) UNSIGNED NOT NULL DEFAULT '0',
  `data` blob NOT NULL
) ENGINE=MyISAM DEFAULT CHARSET=latin1;

--
-- Dumping data for table `ci_admin_sessions`
--

INSERT INTO `ci_admin_sessions` (`id`, `ip_address`, `timestamp`, `data`) VALUES
('pouj9469sbt257vc6oflmfgonupsfm5s', '172.31.1.45', 1550816882, 0x5f5f63695f6c6173745f726567656e65726174657c693a313535303831363736363b6c6f67696e5573657249447c733a313a2231223b6e616d657c733a31323a224d454e544f522041444d494e223b656d61696c7c733a31393a2261646d696e406d656e746f726572702e636f6d223b6d6f62696c657c733a31303a2231323334353637383930223b696d6167657c733a31313a2264656661756c742e706e67223b726f6c657c733a353a2261646d696e223b6c6f67676564696e7c623a313b),
('d9iireinb69ldg52gt364dppsesttoo4', '172.31.1.45', 1550816260, 0x5f5f63695f6c6173745f726567656e65726174657c693a313535303831363236303b6c6f67696e5573657249447c733a313a2231223b6e616d657c733a31323a224d454e544f522041444d494e223b656d61696c7c733a31393a2261646d696e406d656e746f726572702e636f6d223b6d6f62696c657c733a31303a2231323334353637383930223b696d6167657c733a31313a2264656661756c742e706e67223b726f6c657c733a353a2261646d696e223b6c6f67676564696e7c623a313b),
('is8kdtvt7j9vdb88bba7faahr3g12tc1', '172.31.21.5', 1550815815, 0x5f5f63695f6c6173745f726567656e65726174657c693a313535303831353731333b6c6f67696e5573657249447c733a313a2231223b6e616d657c733a31323a224d454e544f522041444d494e223b656d61696c7c733a31393a2261646d696e406d656e746f726572702e636f6d223b6d6f62696c657c733a31303a2231323334353637383930223b696d6167657c733a31313a2264656661756c742e706e67223b726f6c657c733a353a2261646d696e223b6c6f67676564696e7c623a313b),
('peskgsdrgun1qoltencspgvhnnc8k6if', '172.31.21.5', 1550815349, 0x5f5f63695f6c6173745f726567656e65726174657c693a313535303831353332303b6c6f67696e5573657249447c733a313a2231223b6e616d657c733a31323a224d454e544f522041444d494e223b656d61696c7c733a31393a2261646d696e406d656e746f726572702e636f6d223b6d6f62696c657c733a31303a2231323334353637383930223b696d6167657c733a31313a2264656661756c742e706e67223b726f6c657c733a353a2261646d696e223b6c6f67676564696e7c623a313b),
('okn6tpr1p5tq64s0fvfeu6m7nl28blob', '172.31.21.5', 1550745887, 0x5f5f63695f6c6173745f726567656e65726174657c693a313535303734353838373b6c6f67696e5573657249447c733a313a2231223b6e616d657c733a31323a224d454e544f522041444d494e223b656d61696c7c733a31393a2261646d696e406d656e746f726572702e636f6d223b6d6f62696c657c733a31303a2231323334353637383930223b696d6167657c733a31313a2264656661756c742e706e67223b726f6c657c733a353a2261646d696e223b6c6f67676564696e7c623a313b),
('pr91i40ikljtpl2lg5s9a99dm56d37oc', '172.31.21.5', 1550746219, 0x5f5f63695f6c6173745f726567656e65726174657c693a313535303734363231393b6c6f67696e5573657249447c733a313a2231223b6e616d657c733a31323a224d454e544f522041444d494e223b656d61696c7c733a31393a2261646d696e406d656e746f726572702e636f6d223b6d6f62696c657c733a31303a2231323334353637383930223b696d6167657c733a31313a2264656661756c742e706e67223b726f6c657c733a353a2261646d696e223b6c6f67676564696e7c623a313b),
('06e0lc625thu3k0qpqatlkmhurhftue4', '172.31.21.5', 1550744160, 0x5f5f63695f6c6173745f726567656e65726174657c693a313535303734333930303b6c6f67696e5573657249447c733a313a2231223b6e616d657c733a31323a224d454e544f522041444d494e223b656d61696c7c733a31393a2261646d696e406d656e746f726572702e636f6d223b6d6f62696c657c733a31303a2231323334353637383930223b696d6167657c733a31313a2264656661756c742e706e67223b726f6c657c733a353a2261646d696e223b6c6f67676564696e7c623a313b),
('5u5b0odamqnpj3s2nn9go3tlipplc3uh', '172.31.21.5', 1550743351, 0x5f5f63695f6c6173745f726567656e65726174657c693a313535303734333335313b6c6f67696e5573657249447c733a313a2231223b6e616d657c733a31323a224d454e544f522041444d494e223b656d61696c7c733a31393a2261646d696e406d656e746f726572702e636f6d223b6d6f62696c657c733a31303a2231323334353637383930223b696d6167657c733a31313a2264656661756c742e706e67223b726f6c657c733a353a2261646d696e223b6c6f67676564696e7c623a313b),
('9jnt3k8m2jrv696fjerkn6v6dgi0utb4', '172.31.21.5', 1550743251, 0x5f5f63695f6c6173745f726567656e65726174657c693a313535303734323938313b6c6f67696e5573657249447c733a313a2231223b6e616d657c733a31323a224d454e544f522041444d494e223b656d61696c7c733a31393a2261646d696e406d656e746f726572702e636f6d223b6d6f62696c657c733a31303a2231323334353637383930223b696d6167657c733a31313a2264656661756c742e706e67223b726f6c657c733a353a2261646d696e223b6c6f67676564696e7c623a313b),
('057nrp8dh86sasm94nk1j6lvuf8hl23j', '172.31.1.45', 1550742461, 0x5f5f63695f6c6173745f726567656e65726174657c693a313535303734323237373b6c6f67696e5573657249447c733a313a2231223b6e616d657c733a31323a224d454e544f522041444d494e223b656d61696c7c733a31393a2261646d696e406d656e746f726572702e636f6d223b6d6f62696c657c733a31303a2231323334353637383930223b696d6167657c733a31313a2264656661756c742e706e67223b726f6c657c733a353a2261646d696e223b6c6f67676564696e7c623a313b),
('vev7fdig80huno4tvg2okcaninauns7v', '172.31.21.5', 1550685624, 0x5f5f63695f6c6173745f726567656e65726174657c693a313535303638353535373b6c6f67696e5573657249447c733a313a2231223b6e616d657c733a31323a224d454e544f522041444d494e223b656d61696c7c733a31393a2261646d696e406d656e746f726572702e636f6d223b6d6f62696c657c733a31303a2231323334353637383930223b696d6167657c733a31313a2264656661756c742e706e67223b726f6c657c733a353a2261646d696e223b6c6f67676564696e7c623a313b),
('v9usu7qp2udskg5223u3snukr654qk8g', '172.31.21.5', 1550301042, 0x5f5f63695f6c6173745f726567656e65726174657c693a313535303330313034323b6c6f67696e5573657249447c733a313a2231223b6e616d657c733a31323a224d454e544f522041444d494e223b656d61696c7c733a31393a2261646d696e406d656e746f726572702e636f6d223b6d6f62696c657c733a31303a2231323334353637383930223b696d6167657c733a31313a2264656661756c742e706e67223b726f6c657c733a353a2261646d696e223b6c6f67676564696e7c623a313b),
('6n1mglrdmb1ss362oepmoqd96mp6ugvu', '172.31.1.45', 1550298193, 0x5f5f63695f6c6173745f726567656e65726174657c693a313535303239383139333b),
('604kffehrcpagpeji8ki2j3pdtqo7rv8', '172.31.21.5', 1550298222, 0x5f5f63695f6c6173745f726567656e65726174657c693a313535303239383139393b6c6f67696e5573657249447c733a313a2231223b6e616d657c733a31323a224d454e544f522041444d494e223b656d61696c7c733a31393a2261646d696e406d656e746f726572702e636f6d223b6d6f62696c657c733a31303a2231323334353637383930223b696d6167657c733a31313a2264656661756c742e706e67223b726f6c657c733a353a2261646d696e223b6c6f67676564696e7c623a313b),
('d552m8mp546f1h55ugtu3fao4q455c0q', '172.31.21.5', 1550230401, 0x5f5f63695f6c6173745f726567656e65726174657c693a313535303233303338343b6c6f67696e5573657249447c733a313a2231223b6e616d657c733a31323a224d454e544f522041444d494e223b656d61696c7c733a31393a2261646d696e406d656e746f726572702e636f6d223b6d6f62696c657c733a31303a2231323334353637383930223b696d6167657c733a31313a2264656661756c742e706e67223b726f6c657c733a353a2261646d696e223b6c6f67676564696e7c623a313b),
('9m703di7vj9vpbgak8qk8bhqiumv33ad', '172.31.1.45', 1550228818, 0x5f5f63695f6c6173745f726567656e65726174657c693a313535303232383733383b6c6f67696e5573657249447c733a313a2231223b6e616d657c733a31323a224d454e544f522041444d494e223b656d61696c7c733a31393a2261646d696e406d656e746f726572702e636f6d223b6d6f62696c657c733a31303a2231323334353637383930223b696d6167657c733a31313a2264656661756c742e706e67223b726f6c657c733a353a2261646d696e223b6c6f67676564696e7c623a313b),
('hfgma0afpmerkt945ekv0fdatqpg1ggf', '172.31.1.45', 1549348544, 0x5f5f63695f6c6173745f726567656e65726174657c693a313534393334383531323b6c6f67696e5573657249447c733a313a2231223b6e616d657c733a31323a224d454e544f522041444d494e223b656d61696c7c733a31393a2261646d696e406d656e746f726572702e636f6d223b6d6f62696c657c733a31303a2231323334353637383930223b696d6167657c733a31313a2264656661756c742e706e67223b726f6c657c733a353a2261646d696e223b6c6f67676564696e7c623a313b),
('4sbfas3dpc5f4pusvdrqk3offvkv2gap', '172.31.21.5', 1548930793, 0x5f5f63695f6c6173745f726567656e65726174657c693a313534383933303736373b6c6f67696e5573657249447c733a313a2231223b6e616d657c733a31323a224d454e544f522041444d494e223b656d61696c7c733a31393a2261646d696e406d656e746f726572702e636f6d223b6d6f62696c657c733a31303a2231323334353637383930223b696d6167657c733a31313a2264656661756c742e706e67223b726f6c657c733a353a2261646d696e223b6c6f67676564696e7c623a313b),
('s3lheoicfam0rob5sn0bbq8g1snsfm6i', '172.31.21.5', 1548919320, 0x5f5f63695f6c6173745f726567656e65726174657c693a313534383931393133353b6c6f67696e5573657249447c733a313a2231223b6e616d657c733a31323a224d454e544f522041444d494e223b656d61696c7c733a31393a2261646d696e406d656e746f726572702e636f6d223b6d6f62696c657c733a31303a2231323334353637383930223b696d6167657c733a31313a2264656661756c742e706e67223b726f6c657c733a353a2261646d696e223b6c6f67676564696e7c623a313b),
('jha2n6mctiom9tbkg21m63ed2svk67hq', '172.31.21.5', 1548419847, 0x5f5f63695f6c6173745f726567656e65726174657c693a313534383431393833333b6c6f67696e5573657249447c733a313a2231223b6e616d657c733a31323a224d454e544f522041444d494e223b656d61696c7c733a31393a2261646d696e406d656e746f726572702e636f6d223b6d6f62696c657c733a31303a2231323334353637383930223b696d6167657c733a31313a2264656661756c742e706e67223b726f6c657c733a353a2261646d696e223b6c6f67676564696e7c623a313b),
('49s2an3mln2o0s2fi952s7rriv52g3b5', '172.31.21.5', 1548415552, 0x5f5f63695f6c6173745f726567656e65726174657c693a313534383431353533363b6c6f67696e5573657249447c733a313a2231223b6e616d657c733a31323a224d454e544f522041444d494e223b656d61696c7c733a31393a2261646d696e406d656e746f726572702e636f6d223b6d6f62696c657c733a31303a2231323334353637383930223b696d6167657c733a31313a2264656661756c742e706e67223b726f6c657c733a353a2261646d696e223b6c6f67676564696e7c623a313b),
('2gmdsn841vnphf4mq2a19ktfmcel70mj', '172.31.1.45', 1548246871, 0x5f5f63695f6c6173745f726567656e65726174657c693a313534383234363836313b6c6f67696e5573657249447c733a313a2231223b6e616d657c733a31323a224d454e544f522041444d494e223b656d61696c7c733a31393a2261646d696e406d656e746f726572702e636f6d223b6d6f62696c657c733a31303a2231323334353637383930223b696d6167657c733a31313a2264656661756c742e706e67223b726f6c657c733a353a2261646d696e223b6c6f67676564696e7c623a313b),
('bijkshr07j8jqasnkfkm95eakvpiqf5p', '172.31.1.45', 1548246103, 0x5f5f63695f6c6173745f726567656e65726174657c693a313534383234363030373b6c6f67696e5573657249447c733a313a2231223b6e616d657c733a31323a224d454e544f522041444d494e223b656d61696c7c733a31393a2261646d696e406d656e746f726572702e636f6d223b6d6f62696c657c733a31303a2231323334353637383930223b696d6167657c733a31313a2264656661756c742e706e67223b726f6c657c733a353a2261646d696e223b6c6f67676564696e7c623a313b),
('s609a2sq93j9lsrppjo285tqae4bjpdn', '172.31.21.5', 1548245599, 0x5f5f63695f6c6173745f726567656e65726174657c693a313534383234353539383b6c6f67696e5573657249447c733a313a2231223b6e616d657c733a31323a224d454e544f522041444d494e223b656d61696c7c733a31393a2261646d696e406d656e746f726572702e636f6d223b6d6f62696c657c733a31303a2231323334353637383930223b696d6167657c733a31313a2264656661756c742e706e67223b726f6c657c733a353a2261646d696e223b6c6f67676564696e7c623a313b),
('jg2rca8lit03ffk3fv03b4pri29fhb36', '172.31.21.5', 1548244497, 0x5f5f63695f6c6173745f726567656e65726174657c693a313534383234343435313b6c6f67696e5573657249447c733a313a2231223b6e616d657c733a31323a224d454e544f522041444d494e223b656d61696c7c733a31393a2261646d696e406d656e746f726572702e636f6d223b6d6f62696c657c733a31303a2231323334353637383930223b696d6167657c733a31313a2264656661756c742e706e67223b726f6c657c733a353a2261646d696e223b6c6f67676564696e7c623a313b),
('ji4008rjqh0m3blhrc2ap9ouoqafii7i', '172.31.1.45', 1548222598, 0x5f5f63695f6c6173745f726567656e65726174657c693a313534383232323533383b6c6f67696e5573657249447c733a313a2231223b6e616d657c733a31323a224d454e544f522041444d494e223b656d61696c7c733a31393a2261646d696e406d656e746f726572702e636f6d223b6d6f62696c657c733a31303a2231323334353637383930223b696d6167657c733a31313a2264656661756c742e706e67223b726f6c657c733a353a2261646d696e223b6c6f67676564696e7c623a313b),
('e8vv1vskvq0b90tj7blt3dogo4qb2q9l', '172.31.1.45', 1548160507, 0x5f5f63695f6c6173745f726567656e65726174657c693a313534383136303437353b6c6f67696e5573657249447c733a313a2231223b6e616d657c733a31323a224d454e544f522041444d494e223b656d61696c7c733a31393a2261646d696e406d656e746f726572702e636f6d223b6d6f62696c657c733a31303a2231323334353637383930223b696d6167657c733a31313a2264656661756c742e706e67223b726f6c657c733a353a2261646d696e223b6c6f67676564696e7c623a313b),
('e40663cf0ptav8685c5egj09it309bto', '172.31.1.45', 1548058590, 0x5f5f63695f6c6173745f726567656e65726174657c693a313534383034373136393b6c6f67696e5573657249447c733a313a2231223b6e616d657c733a31323a224d454e544f522041444d494e223b656d61696c7c733a31393a2261646d696e406d656e746f726572702e636f6d223b6d6f62696c657c733a31303a2231323334353637383930223b696d6167657c733a31313a2264656661756c742e706e67223b726f6c657c733a353a2261646d696e223b6c6f67676564696e7c623a313b),
('m06d7v1qtpla5rkoi7e9hom7rdfhur0v', '172.31.30.248', 1547878042, 0x5f5f63695f6c6173745f726567656e65726174657c693a313534373837373937333b6c6f67696e5573657249447c733a313a2231223b6e616d657c733a31323a224d454e544f522041444d494e223b656d61696c7c733a31393a2261646d696e406d656e746f726572702e636f6d223b6d6f62696c657c733a31303a2231323334353637383930223b696d6167657c733a31313a2264656661756c742e706e67223b726f6c657c733a353a2261646d696e223b6c6f67676564696e7c623a313b),
('1hoealee470kegdmmf70fqill2h8rpvq', '106.215.32.103', 1551096341, 0x5f5f63695f6c6173745f726567656e65726174657c693a313535313039363237383b6c6f67696e5573657249447c733a313a2231223b6e616d657c733a31323a224d454e544f522041444d494e223b656d61696c7c733a31393a2261646d696e406d656e746f726572702e636f6d223b6d6f62696c657c733a31303a2231323334353637383930223b696d6167657c733a31313a2264656661756c742e706e67223b726f6c657c733a353a2261646d696e223b6c6f67676564696e7c623a313b),
('f62pngipk7s38jn6e9f7mmmd6asfo372', '106.215.32.103', 1551097275, 0x5f5f63695f6c6173745f726567656e65726174657c693a313535313039373233363b6c6f67696e5573657249447c733a313a2231223b6e616d657c733a31323a224d454e544f522041444d494e223b656d61696c7c733a31393a2261646d696e406d656e746f726572702e636f6d223b6d6f62696c657c733a31303a2231323334353637383930223b696d6167657c733a31313a2264656661756c742e706e67223b726f6c657c733a353a2261646d696e223b6c6f67676564696e7c623a313b),
('g3a90ak6bjmhcnulj0a74clnmh22enm2', '106.215.32.103', 1551097763, 0x5f5f63695f6c6173745f726567656e65726174657c693a313535313039373534353b6c6f67696e5573657249447c733a313a2231223b6e616d657c733a31323a224d454e544f522041444d494e223b656d61696c7c733a31393a2261646d696e406d656e746f726572702e636f6d223b6d6f62696c657c733a31303a2231323334353637383930223b696d6167657c733a31313a2264656661756c742e706e67223b726f6c657c733a353a2261646d696e223b6c6f67676564696e7c623a313b),
('pc9g1sadtsn3humragc0j1m9t1bf6rer', '106.215.32.103', 1551098067, 0x5f5f63695f6c6173745f726567656e65726174657c693a313535313039373930313b6c6f67696e5573657249447c733a313a2231223b6e616d657c733a31323a224d454e544f522041444d494e223b656d61696c7c733a31393a2261646d696e406d656e746f726572702e636f6d223b6d6f62696c657c733a31303a2231323334353637383930223b696d6167657c733a31313a2264656661756c742e706e67223b726f6c657c733a353a2261646d696e223b6c6f67676564696e7c623a313b),
('mv79n38q8e37ij1eceookaapjmr5t8h1', '106.215.32.103', 1551098588, 0x5f5f63695f6c6173745f726567656e65726174657c693a313535313039383336333b6c6f67696e5573657249447c733a313a2231223b6e616d657c733a31323a224d454e544f522041444d494e223b656d61696c7c733a31393a2261646d696e406d656e746f726572702e636f6d223b6d6f62696c657c733a31303a2231323334353637383930223b696d6167657c733a31313a2264656661756c742e706e67223b726f6c657c733a353a2261646d696e223b6c6f67676564696e7c623a313b),
('vhohtrvo6ljv7tik1sv4voud6hkih7o3', '106.215.32.103', 1551099317, 0x5f5f63695f6c6173745f726567656e65726174657c693a313535313039393131393b6c6f67696e5573657249447c733a313a2231223b6e616d657c733a31323a224d454e544f522041444d494e223b656d61696c7c733a31393a2261646d696e406d656e746f726572702e636f6d223b6d6f62696c657c733a31303a2231323334353637383930223b696d6167657c733a31313a2264656661756c742e706e67223b726f6c657c733a353a2261646d696e223b6c6f67676564696e7c623a313b),
('83vuus3e1m1b8hbbd02dk7j5k0c1843a', '106.215.32.103', 1551099553, 0x5f5f63695f6c6173745f726567656e65726174657c693a313535313039393333343b6c6f67696e5573657249447c733a313a2231223b6e616d657c733a31323a224d454e544f522041444d494e223b656d61696c7c733a31393a2261646d696e406d656e746f726572702e636f6d223b6d6f62696c657c733a31303a2231323334353637383930223b696d6167657c733a31313a2264656661756c742e706e67223b726f6c657c733a353a2261646d696e223b6c6f67676564696e7c623a313b),
('35ps60urfvdgqp0uu6qgo9s4hbogniqp', '171.61.178.242', 1551167954, 0x5f5f63695f6c6173745f726567656e65726174657c693a313535313136373931333b6c6f67696e5573657249447c733a313a2231223b6e616d657c733a31323a224d454e544f522041444d494e223b656d61696c7c733a31393a2261646d696e406d656e746f726572702e636f6d223b6d6f62696c657c733a31303a2231323334353637383930223b696d6167657c733a31313a2264656661756c742e706e67223b726f6c657c733a353a2261646d696e223b6c6f67676564696e7c623a313b),
('utcdq3oei4adlqlffdttc3pcn8e7eojj', '47.31.71.246', 1551596132, 0x5f5f63695f6c6173745f726567656e65726174657c693a313535313539353833373b),
('p2d4ksrel9o7hmqdqdnoq6s8gh51j11o', '47.31.71.246', 1551595865, 0x5f5f63695f6c6173745f726567656e65726174657c693a313535313539353836343b),
('1vp2n5325m92ftc095hfgsslggfmu2tb', '47.31.71.246', 1551595926, 0x5f5f63695f6c6173745f726567656e65726174657c693a313535313539353932363b),
('mac3vma69n4tgqciugfknt2hh9v3oh0g', '150.242.87.15', 1551596165, 0x5f5f63695f6c6173745f726567656e65726174657c693a313535313539363036393b),
('3br4ie5e76ut39hup2k1h3l9i2quusga', '47.31.71.246', 1551596093, 0x5f5f63695f6c6173745f726567656e65726174657c693a313535313539363039333b6c6f67696e5573657249447c733a313a2231223b6e616d657c733a31323a224d454e544f522041444d494e223b656d61696c7c733a31393a2261646d696e406d656e746f726572702e636f6d223b6d6f62696c657c733a31303a2231323334353637383930223b696d6167657c733a31313a2264656661756c742e706e67223b726f6c657c733a353a2261646d696e223b6c6f67676564696e7c623a313b),
('ed5jnp0johj6ckpmkm8urd6bs2e7jbbt', '47.31.71.246', 1551596132, 0x5f5f63695f6c6173745f726567656e65726174657c693a313535313539363133323b6c6f67696e5573657249447c733a313a2231223b6e616d657c733a31323a224d454e544f522041444d494e223b656d61696c7c733a31393a2261646d696e406d656e746f726572702e636f6d223b6d6f62696c657c733a31303a2231323334353637383930223b696d6167657c733a31313a2264656661756c742e706e67223b726f6c657c733a353a2261646d696e223b6c6f67676564696e7c623a313b),
('hlqvrmir66u0k5s5vupu92v175pjgkhr', '47.31.71.246', 1551596182, 0x5f5f63695f6c6173745f726567656e65726174657c693a313535313539363134353b),
('h5j5qnrcgqkvm0cnb1od0dfd0r166g43', '47.31.71.246', 1551596182, 0x5f5f63695f6c6173745f726567656e65726174657c693a313535313539363138323b6c6f67696e5573657249447c733a313a2231223b6e616d657c733a31323a224d454e544f522041444d494e223b656d61696c7c733a31393a2261646d696e406d656e746f726572702e636f6d223b6d6f62696c657c733a31303a2231323334353637383930223b696d6167657c733a31313a2264656661756c742e706e67223b726f6c657c733a353a2261646d696e223b6c6f67676564696e7c623a313b),
('5n1rs12c8966qb1ms32vbi9h918d9d2l', '47.31.71.246', 1551596496, 0x5f5f63695f6c6173745f726567656e65726174657c693a313535313539363235333b6c6f67696e5573657249447c733a313a2231223b6e616d657c733a31323a224d454e544f522041444d494e223b656d61696c7c733a31393a2261646d696e406d656e746f726572702e636f6d223b6d6f62696c657c733a31303a2231323334353637383930223b696d6167657c733a31313a2264656661756c742e706e67223b726f6c657c733a353a2261646d696e223b6c6f67676564696e7c623a313b),
('d5mlnk4b0q1q59osmf3mv405og1usq6v', '47.31.71.246', 1551597018, 0x5f5f63695f6c6173745f726567656e65726174657c693a313535313539363732313b6c6f67696e5573657249447c733a313a2231223b6e616d657c733a31323a224d454e544f522041444d494e223b656d61696c7c733a31393a2261646d696e406d656e746f726572702e636f6d223b6d6f62696c657c733a31303a2231323334353637383930223b696d6167657c733a31313a2264656661756c742e706e67223b726f6c657c733a353a2261646d696e223b6c6f67676564696e7c623a313b),
('30tufbs241nolok1dnsgq8lie4i1ai4n', '47.31.71.246', 1551597507, 0x5f5f63695f6c6173745f726567656e65726174657c693a313535313539373330313b6c6f67696e5573657249447c733a313a2231223b6e616d657c733a31323a224d454e544f522041444d494e223b656d61696c7c733a31393a2261646d696e406d656e746f726572702e636f6d223b6d6f62696c657c733a31303a2231323334353637383930223b696d6167657c733a31313a2264656661756c742e706e67223b726f6c657c733a353a2261646d696e223b6c6f67676564696e7c623a313b),
('mg9gc4cha5li0sroqouf0mgdpcvljap4', '117.204.241.99', 1551680728, 0x5f5f63695f6c6173745f726567656e65726174657c693a313535313638303634383b),
('8kng97v1vc9ntimhhulvkit9smk8kbo5', '117.204.241.99', 1551680846, 0x5f5f63695f6c6173745f726567656e65726174657c693a313535313638303735303b),
('8rtng61degdrpoj7epodi95okntqu8ck', '117.204.241.99', 1551680769, 0x5f5f63695f6c6173745f726567656e65726174657c693a313535313638303736393b6c6f67696e5573657249447c733a313a2231223b6e616d657c733a31323a224d454e544f522041444d494e223b656d61696c7c733a31393a2261646d696e406d656e746f726572702e636f6d223b6d6f62696c657c733a31303a2231323334353637383930223b696d6167657c733a31313a2264656661756c742e706e67223b726f6c657c733a353a2261646d696e223b6c6f67676564696e7c623a313b),
('l3fnui3vjr7smbvjou0fhh9o6peu36h6', '117.204.241.99', 1551681016, 0x5f5f63695f6c6173745f726567656e65726174657c693a313535313638303737363b),
('ni78hc3df0p60m1gfi9frotd5q1dnphe', '117.204.241.99', 1551680778, 0x5f5f63695f6c6173745f726567656e65726174657c693a313535313638303737383b6c6f67696e5573657249447c733a313a2231223b6e616d657c733a31323a224d454e544f522041444d494e223b656d61696c7c733a31393a2261646d696e406d656e746f726572702e636f6d223b6d6f62696c657c733a31303a2231323334353637383930223b696d6167657c733a31313a2264656661756c742e706e67223b726f6c657c733a353a2261646d696e223b6c6f67676564696e7c623a313b),
('g1c5ufk551mgl0jp5fflrsb15couak2q', '117.204.241.99', 1551680791, 0x5f5f63695f6c6173745f726567656e65726174657c693a313535313638303739313b6c6f67696e5573657249447c733a313a2231223b6e616d657c733a31323a224d454e544f522041444d494e223b656d61696c7c733a31393a2261646d696e406d656e746f726572702e636f6d223b6d6f62696c657c733a31303a2231323334353637383930223b696d6167657c733a31313a2264656661756c742e706e67223b726f6c657c733a353a2261646d696e223b6c6f67676564696e7c623a313b),
('1lf1i7kjd2hb89hhui83eagvv94s2a52', '117.204.241.99', 1551680803, 0x5f5f63695f6c6173745f726567656e65726174657c693a313535313638303830333b6c6f67696e5573657249447c733a313a2231223b6e616d657c733a31323a224d454e544f522041444d494e223b656d61696c7c733a31393a2261646d696e406d656e746f726572702e636f6d223b6d6f62696c657c733a31303a2231323334353637383930223b696d6167657c733a31313a2264656661756c742e706e67223b726f6c657c733a353a2261646d696e223b6c6f67676564696e7c623a313b),
('nuddt6vclre5nvbbshbg0hpqjaogimje', '117.204.241.99', 1551680822, 0x5f5f63695f6c6173745f726567656e65726174657c693a313535313638303832323b6c6f67696e5573657249447c733a313a2231223b6e616d657c733a31323a224d454e544f522041444d494e223b656d61696c7c733a31393a2261646d696e406d656e746f726572702e636f6d223b6d6f62696c657c733a31303a2231323334353637383930223b696d6167657c733a31313a2264656661756c742e706e67223b726f6c657c733a353a2261646d696e223b6c6f67676564696e7c623a313b),
('qjcg81tm8fr2vucjqoijv596e9j8n2q8', '223.230.145.66', 1551680842, 0x5f5f63695f6c6173745f726567656e65726174657c693a313535313638303834323b6c6f67696e5573657249447c733a313a2231223b6e616d657c733a31323a224d454e544f522041444d494e223b656d61696c7c733a31393a2261646d696e406d656e746f726572702e636f6d223b6d6f62696c657c733a31303a2231323334353637383930223b696d6167657c733a31313a2264656661756c742e706e67223b726f6c657c733a353a2261646d696e223b6c6f67676564696e7c623a313b),
('ds39vgk3sqacb855ue1um8cgt2l6h4f7', '223.230.145.66', 1551680904, 0x5f5f63695f6c6173745f726567656e65726174657c693a313535313638303837313b),
('8m6mbrtu5ba1o9d9b2f8eic39urua55b', '223.230.145.66', 1551680904, 0x5f5f63695f6c6173745f726567656e65726174657c693a313535313638303930343b6c6f67696e5573657249447c733a313a2231223b6e616d657c733a31323a224d454e544f522041444d494e223b656d61696c7c733a31393a2261646d696e406d656e746f726572702e636f6d223b6d6f62696c657c733a31303a2231323334353637383930223b696d6167657c733a31313a2264656661756c742e706e67223b726f6c657c733a353a2261646d696e223b6c6f67676564696e7c623a313b),
('th765n7au89ic29614paruiumlta1tnn', '117.204.241.99', 1551680943, 0x5f5f63695f6c6173745f726567656e65726174657c693a313535313638303934333b),
('fb1ik0n0hk325na0tvkjloat60kqdhop', '117.204.241.99', 1551680990, 0x5f5f63695f6c6173745f726567656e65726174657c693a313535313638303939303b6c6f67696e5573657249447c733a313a2231223b6e616d657c733a31323a224d454e544f522041444d494e223b656d61696c7c733a31393a2261646d696e406d656e746f726572702e636f6d223b6d6f62696c657c733a31303a2231323334353637383930223b696d6167657c733a31313a2264656661756c742e706e67223b726f6c657c733a353a2261646d696e223b6c6f67676564696e7c623a313b),
('868okh014fn98dsucnpek598u9tnao61', '117.204.241.99', 1551682193, 0x5f5f63695f6c6173745f726567656e65726174657c693a313535313638323139333b6c6f67696e5573657249447c733a313a2231223b6e616d657c733a31323a224d454e544f522041444d494e223b656d61696c7c733a31393a2261646d696e406d656e746f726572702e636f6d223b6d6f62696c657c733a31303a2231323334353637383930223b696d6167657c733a31313a2264656661756c742e706e67223b726f6c657c733a353a2261646d696e223b6c6f67676564696e7c623a313b),
('d79c1bgeu1sofipp5boa1bmgku6br6bv', '117.204.241.99', 1551682196, 0x5f5f63695f6c6173745f726567656e65726174657c693a313535313638323139333b),
('i1k7ae49d5iq9fat0tbljc2r4of08sfj', '117.204.241.99', 1551683297, 0x5f5f63695f6c6173745f726567656e65726174657c693a313535313638333237323b),
('0rv967iaikojbsujjmf6k2in8ht2kp0g', '106.201.2.70', 1553498048, 0x5f5f63695f6c6173745f726567656e65726174657c693a313535333439383030363b6c6f67696e5573657249447c733a313a2231223b6e616d657c733a31323a224d454e544f522041444d494e223b656d61696c7c733a31393a2261646d696e406d656e746f726572702e636f6d223b6d6f62696c657c733a31303a2231323334353637383930223b696d6167657c733a31313a2264656661756c742e706e67223b726f6c657c733a353a2261646d696e223b6c6f67676564696e7c623a313b),
('tnv2npqgbiir9ui351hj9drc07r414if', '106.201.2.70', 1553498113, 0x5f5f63695f6c6173745f726567656e65726174657c693a313535333439383038323b),
('qgi2vivn5s8r0f4halr95k855873rauh', '106.201.2.70', 1553499151, 0x5f5f63695f6c6173745f726567656e65726174657c693a313535333439383938373b6c6f67696e5573657249447c733a313a2231223b6e616d657c733a31323a224d454e544f522041444d494e223b656d61696c7c733a31393a2261646d696e406d656e746f726572702e636f6d223b6d6f62696c657c733a31303a2231323334353637383930223b696d6167657c733a31313a2264656661756c742e706e67223b726f6c657c733a353a2261646d696e223b6c6f67676564696e7c623a313b),
('5al9ca2bmctoiu81cqmfejihm0ad39gi', '106.201.2.70', 1553499607, 0x5f5f63695f6c6173745f726567656e65726174657c693a313535333439393538383b),
('3ohgpj1neuo5kq5n2d88fjf47fm01doo', '106.201.2.70', 1553499597, 0x5f5f63695f6c6173745f726567656e65726174657c693a313535333439393539373b6c6f67696e5573657249447c733a313a2231223b6e616d657c733a31323a224d454e544f522041444d494e223b656d61696c7c733a31393a2261646d696e406d656e746f726572702e636f6d223b6d6f62696c657c733a31303a2231323334353637383930223b696d6167657c733a31313a2264656661756c742e706e67223b726f6c657c733a353a2261646d696e223b6c6f67676564696e7c623a313b),
('03l7gq2fqda0kf469amjl4q3vdk2vkst', '106.201.2.70', 1553501122, 0x5f5f63695f6c6173745f726567656e65726174657c693a313535333530303832343b6c6f67696e5573657249447c733a313a2231223b6e616d657c733a31323a224d454e544f522041444d494e223b656d61696c7c733a31393a2261646d696e406d656e746f726572702e636f6d223b6d6f62696c657c733a31303a2231323334353637383930223b696d6167657c733a31313a2264656661756c742e706e67223b726f6c657c733a353a2261646d696e223b6c6f67676564696e7c623a313b),
('mt7c3hojo8s77vvftfnd15ppmrh3cbac', '106.201.2.70', 1553501222, 0x5f5f63695f6c6173745f726567656e65726174657c693a313535333530313136313b6c6f67696e5573657249447c733a313a2231223b6e616d657c733a31323a224d454e544f522041444d494e223b656d61696c7c733a31393a2261646d696e406d656e746f726572702e636f6d223b6d6f62696c657c733a31303a2231323334353637383930223b696d6167657c733a31313a2264656661756c742e706e67223b726f6c657c733a353a2261646d696e223b6c6f67676564696e7c623a313b),
('rc1qlu5tbo0vvo83rsai8685nb7ql3c8', '106.201.2.70', 1553506806, 0x5f5f63695f6c6173745f726567656e65726174657c693a313535333530363830353b6c6f67696e5573657249447c733a313a2231223b6e616d657c733a31323a224d454e544f522041444d494e223b656d61696c7c733a31393a2261646d696e406d656e746f726572702e636f6d223b6d6f62696c657c733a31303a2231323334353637383930223b696d6167657c733a31313a2264656661756c742e706e67223b726f6c657c733a353a2261646d696e223b6c6f67676564696e7c623a313b),
('eh0r60pjpbvdufbfsa4p46mi24dcvtvc', '47.9.104.61', 1621607314, 0x5f5f63695f6c6173745f726567656e65726174657c693a313632313630373033373b6c6f67696e5573657249447c733a313a2231223b6e616d657c733a31323a224d454e544f522041444d494e223b656d61696c7c733a31393a2261646d696e406d656e746f726572702e636f6d223b6d6f62696c657c733a31303a2231323334353637383930223b696d6167657c733a31313a2264656661756c742e706e67223b726f6c657c733a353a2261646d696e223b6c6f67676564696e7c623a313b),
('6ao5r1c32fre1npbbfvv6ad60h4asqnt', '179.43.169.181', 1621607082, 0x5f5f63695f6c6173745f726567656e65726174657c693a313632313630373038323b),
('0c6vama5il3s4tg7tph8ji08o9csq137', '179.43.169.181', 1621607258, 0x5f5f63695f6c6173745f726567656e65726174657c693a313632313630373235383b),
('6i5ls2og3cgaqtf0plms7i3pfakh4uu1', '179.43.169.181', 1621607260, 0x5f5f63695f6c6173745f726567656e65726174657c693a313632313630373236303b),
('gepl3jf12gs2assqn545febm0vqenl84', '47.9.104.61', 1621607675, 0x5f5f63695f6c6173745f726567656e65726174657c693a313632313630373338393b),
('6hen5ldl16uhpl043mhgai1smi0qs20b', '47.9.104.61', 1621607890, 0x5f5f63695f6c6173745f726567656e65726174657c693a313632313630373639313b),
('3d3gnrs1nm0kc6mqhnvq9gsiudp8qnla', '47.9.104.61', 1621608272, 0x5f5f63695f6c6173745f726567656e65726174657c693a313632313630373939363b6c6f67696e5573657249447c733a313a2231223b6e616d657c733a31323a224d454e544f522041444d494e223b656d61696c7c733a31393a2261646d696e406d656e746f726572702e636f6d223b6d6f62696c657c733a31303a2231323334353637383930223b696d6167657c733a31313a2264656661756c742e706e67223b726f6c657c733a353a2261646d696e223b6c6f67676564696e7c623a313b),
('37c0srhsaiisdtdd9vgjdovtcv2t9q1k', '103.144.172.144', 1621611178, 0x5f5f63695f6c6173745f726567656e65726174657c693a313632313631313130343b6c6f67696e5573657249447c733a313a2231223b6e616d657c733a31323a224d454e544f522041444d494e223b656d61696c7c733a31393a2261646d696e406d656e746f726572702e636f6d223b6d6f62696c657c733a31303a2231323334353637383930223b696d6167657c733a31313a2264656661756c742e706e67223b726f6c657c733a353a2261646d696e223b6c6f67676564696e7c623a313b),
('jcijtg4qie7927t60dk2n56476qm84a1', '205.169.39.53', 1621639776, 0x5f5f63695f6c6173745f726567656e65726174657c693a313632313633393737363b),
('dgctnscei87r1ti1lun92s1j42eooc6u', '185.220.101.138', 1621646579, 0x5f5f63695f6c6173745f726567656e65726174657c693a313632313634363537393b),
('7c75jedch4limc8tvomh4u071u4k3rm0', '49.36.223.163', 1621751046, 0x5f5f63695f6c6173745f726567656e65726174657c693a313632313735303735343b6c6f67696e5573657249447c733a313a2231223b6e616d657c733a31323a224d454e544f522041444d494e223b656d61696c7c733a31393a2261646d696e406d656e746f726572702e636f6d223b6d6f62696c657c733a31303a2231323334353637383930223b696d6167657c733a31313a2264656661756c742e706e67223b726f6c657c733a353a2261646d696e223b6c6f67676564696e7c623a313b),
('pgapccg675g5dlnakivse2uac87vkn9d', '49.44.82.197', 1621750764, 0x5f5f63695f6c6173745f726567656e65726174657c693a313632313735303736343b),
('q1fbq90ai03jfsfno0kr43q5371s0pu5', '49.36.223.163', 1621751303, 0x5f5f63695f6c6173745f726567656e65726174657c693a313632313735313133353b6c6f67696e5573657249447c733a313a2231223b6e616d657c733a31323a224d454e544f522041444d494e223b656d61696c7c733a31393a2261646d696e406d656e746f726572702e636f6d223b6d6f62696c657c733a31303a2231323334353637383930223b696d6167657c733a31313a2264656661756c742e706e67223b726f6c657c733a353a2261646d696e223b6c6f67676564696e7c623a313b),
('nbor7chj5e4vp7178t44ba1hr0610df3', '103.92.41.247', 1621751365, 0x5f5f63695f6c6173745f726567656e65726174657c693a313632313735313136333b6c6f67696e5573657249447c733a313a2231223b6e616d657c733a31323a224d454e544f522041444d494e223b656d61696c7c733a31393a2261646d696e406d656e746f726572702e636f6d223b6d6f62696c657c733a31303a2231323334353637383930223b696d6167657c733a31313a2264656661756c742e706e67223b726f6c657c733a353a2261646d696e223b6c6f67676564696e7c623a313b),
('km45lotqhok6gt6uiacd7m948m1p07a9', '49.36.223.163', 1621752041, 0x5f5f63695f6c6173745f726567656e65726174657c693a313632313735313834313b6c6f67696e5573657249447c733a313a2231223b6e616d657c733a31323a224d454e544f522041444d494e223b656d61696c7c733a31393a2261646d696e406d656e746f726572702e636f6d223b6d6f62696c657c733a31303a2231323334353637383930223b696d6167657c733a31313a2264656661756c742e706e67223b726f6c657c733a353a2261646d696e223b6c6f67676564696e7c623a313b),
('9m8i1sgukudguupubp3r9l3utdj2i0u9', '103.92.41.247', 1621752093, 0x5f5f63695f6c6173745f726567656e65726174657c693a313632313735313931393b6c6f67696e5573657249447c733a313a2231223b6e616d657c733a31323a224d454e544f522041444d494e223b656d61696c7c733a31393a2261646d696e406d656e746f726572702e636f6d223b6d6f62696c657c733a31303a2231323334353637383930223b696d6167657c733a31313a2264656661756c742e706e67223b726f6c657c733a353a2261646d696e223b6c6f67676564696e7c623a313b),
('4tqbn7gdq9q8r7ovkisjrc9tv6hkebp2', '103.144.172.144', 1621867949, 0x5f5f63695f6c6173745f726567656e65726174657c693a313632313836373934393b),
('p2nmg5v93id8gh6lf6utkq3p9b8u8hqi', '34.77.162.17', 1622165832, 0x5f5f63695f6c6173745f726567656e65726174657c693a313632323136353833323b),
('coir77uku37acbuuunl7ogpccjhmobr6', '34.77.162.26', 1622183249, 0x5f5f63695f6c6173745f726567656e65726174657c693a313632323138333234393b),
('728q9maaedoql1huomrf6g7oq0ovqd3b', '34.96.130.4', 1622231666, 0x5f5f63695f6c6173745f726567656e65726174657c693a313632323233313636363b),
('mh9btpeti7emsfubu6v9nmoot75nt7bp', '34.86.35.12', 1622234323, 0x5f5f63695f6c6173745f726567656e65726174657c693a313632323233343332333b),
('fh6435gsjvc1rogrtoifqikfhg65516i', '92.118.160.45', 1622248195, 0x5f5f63695f6c6173745f726567656e65726174657c693a313632323234383139353b),
('vautpsron6fojh0mspm0qo0t4qj2k08m', '92.118.160.5', 1622397259, 0x5f5f63695f6c6173745f726567656e65726174657c693a313632323339373235393b),
('ca1h1tsmea5vr3p3uj2hsa36t45fvvo5', '34.86.35.21', 1622518937, 0x5f5f63695f6c6173745f726567656e65726174657c693a313632323531383933373b),
('vr9qilb74094id792q79hvho0cb40ld8', '34.96.130.3', 1622519347, 0x5f5f63695f6c6173745f726567656e65726174657c693a313632323531393334373b),
('37t3q871lce5jjkreb25re31rg9i5k8o', '34.86.35.19', 1622637683, 0x5f5f63695f6c6173745f726567656e65726174657c693a313632323633373638333b),
('1i68qnoi5l6m37bt6ka0cog34uhn23k8', '34.77.162.20', 1622638212, 0x5f5f63695f6c6173745f726567656e65726174657c693a313632323633383231323b),
('8fdqa1jbof6778vav61r00bmk9psjvdl', '35.178.16.1', 1622692638, 0x5f5f63695f6c6173745f726567656e65726174657c693a313632323639323633383b),
('ho92pa6t7e7oknsvjsud7kib39d9d9d9', '34.96.130.30', 1622752091, 0x5f5f63695f6c6173745f726567656e65726174657c693a313632323735323039313b),
('iom169ei86969ktvqdt82gnlhmcugpr8', '13.48.53.51', 1622795596, 0x5f5f63695f6c6173745f726567656e65726174657c693a313632323739353539353b),
('sg1mfm8imd79dsnuptrfi4kth37fm7jr', '34.96.130.5', 1622830930, 0x5f5f63695f6c6173745f726567656e65726174657c693a313632323833303933303b),
('0542b116u6cjv862v7f272rrk5ik7ub2', '92.118.160.57', 1622867431, 0x5f5f63695f6c6173745f726567656e65726174657c693a313632323836373433313b),
('u725t2tjrgo52ude3vk76ni3llmum751', '92.118.160.57', 1622907301, 0x5f5f63695f6c6173745f726567656e65726174657c693a313632323930373330313b),
('3r0svihbiuckb6s0ipndgc8jp6liedcr', '92.118.160.61', 1622939525, 0x5f5f63695f6c6173745f726567656e65726174657c693a313632323933393532353b),
('cdnirgh75c8vedu6r2pt6ppk5i8ilfu6', '92.118.160.45', 1622988016, 0x5f5f63695f6c6173745f726567656e65726174657c693a313632323938383031363b),
('oraqh6rhg7klubha4dm9ehjemrt804dv', '52.60.189.115', 1623051336, 0x5f5f63695f6c6173745f726567656e65726174657c693a313632333035313333363b),
('lfgu8s1ru40cf1rkaj83lupuf83829u9', '18.184.155.204', 1623130034, 0x5f5f63695f6c6173745f726567656e65726174657c693a313632333133303033343b),
('9s4da52l4erheb3fsu5dgr6ed9dpsfve', '34.96.130.18', 1623182039, 0x5f5f63695f6c6173745f726567656e65726174657c693a313632333138323033393b),
('3amhbieblbf7k2aq3ek0tnl9lluuhqi3', '34.77.162.11', 1623207586, 0x5f5f63695f6c6173745f726567656e65726174657c693a313632333230373538363b),
('0p0b0bhlmn6dabeg3a6c2rr3lb72n0cp', '34.77.162.31', 1623208169, 0x5f5f63695f6c6173745f726567656e65726174657c693a313632333230383136393b),
('64fih56vsv6nugod0p6po5lnfj9aihr8', '54.178.182.46', 1623214310, 0x5f5f63695f6c6173745f726567656e65726174657c693a313632333231343331303b),
('iv5fpd3rnig998jt3npsd5e0s7bg2fes', '34.77.162.33', 1623219433, 0x5f5f63695f6c6173745f726567656e65726174657c693a313632333231393433333b),
('9n20ic7o0balblijuark8r8h4mcf0asi', '18.231.94.162', 1623339480, 0x5f5f63695f6c6173745f726567656e65726174657c693a313632333333393438303b),
('e9h4aunpn8of9deo98rm2h4vob6vdebu', '13.48.53.51', 1623417557, 0x5f5f63695f6c6173745f726567656e65726174657c693a313632333431373535373b),
('3km0t2d9k5ng678egqou8d3nlvp2kfk7', '34.77.162.33', 1623438680, 0x5f5f63695f6c6173745f726567656e65726174657c693a313632333433383638303b),
('6i404o8saea2p2av6eqeaosk3d3chd9i', '92.118.160.5', 1623452446, 0x5f5f63695f6c6173745f726567656e65726174657c693a313632333435323434363b),
('bucsjvsaa3dp0uihpln1ifc10v4lrka4', '34.236.18.197', 1623472890, 0x5f5f63695f6c6173745f726567656e65726174657c693a313632333437323839303b),
('e53i0upggejsq35of48k7umtmluamncr', '54.178.182.46', 1623515943, 0x5f5f63695f6c6173745f726567656e65726174657c693a313632333531353934333b),
('6miul6lp0irjhs39kt55rjak98auebt3', '34.86.35.20', 1623558183, 0x5f5f63695f6c6173745f726567656e65726174657c693a313632333535383138333b),
('5p0ouqsci4kechfcljaflrn456rlnm2n', '34.241.77.13', 1623558992, 0x5f5f63695f6c6173745f726567656e65726174657c693a313632333535383939323b),
('3ir00efqj1css0519abj4u157a15rvkf', '18.136.72.135', 1623653414, 0x5f5f63695f6c6173745f726567656e65726174657c693a313632333635333431343b),
('r2vir22cu54g4au9v3qmjfcbg4f8oo6j', '34.77.162.27', 1623714510, 0x5f5f63695f6c6173745f726567656e65726174657c693a313632333731343531303b),
('gkm85dde8pd6s96nd1job5kch6u6iv9l', '92.118.160.61', 1623717419, 0x5f5f63695f6c6173745f726567656e65726174657c693a313632333731373431393b),
('dh7hnfvr5tksugq42enh577oe8lif0ke', '34.96.130.12', 1623753890, 0x5f5f63695f6c6173745f726567656e65726174657c693a313632333735333839303b),
('638ac09ns6ilaivl4rkkrkn3bq2nt6on', '18.231.94.162', 1623777721, 0x5f5f63695f6c6173745f726567656e65726174657c693a313632333737373732313b),
('haoa7bss61b7p6rrfrbeabu9kk73qr1j', '18.136.72.135', 1623874207, 0x5f5f63695f6c6173745f726567656e65726174657c693a313632333837343230373b),
('kvu72h072iq9lk2h1asqugnkq4414djh', '13.53.208.18', 1623943940, 0x5f5f63695f6c6173745f726567656e65726174657c693a313632333934333934303b),
('35ddec9i9uhefcnsp0b6k5hqmdiirk7h', '13.124.222.242', 1624003911, 0x5f5f63695f6c6173745f726567656e65726174657c693a313632343030333931313b),
('fhclr5nl478abl4sl5hh9p879l2iobl2', '34.215.69.55', 1624029015, 0x5f5f63695f6c6173745f726567656e65726174657c693a313632343032393031353b),
('acc224ctl88d0l618fhrtqicl7tq3puu', '47.9.67.195', 1624074199, 0x5f5f63695f6c6173745f726567656e65726174657c693a313632343037343136363b6c6f67696e5573657249447c733a313a2231223b6e616d657c733a31323a224d454e544f522041444d494e223b656d61696c7c733a31393a2261646d696e406d656e746f726572702e636f6d223b6d6f62696c657c733a31303a2231323334353637383930223b696d6167657c733a31313a2264656661756c742e706e67223b726f6c657c733a353a2261646d696e223b6c6f67676564696e7c623a313b),
('7rh0472imctt6p0j4sn7cqto16v7vsf9', '47.9.67.195', 1624075929, 0x5f5f63695f6c6173745f726567656e65726174657c693a313632343037353932343b6c6f67696e5573657249447c733a313a2231223b6e616d657c733a31323a224d454e544f522041444d494e223b656d61696c7c733a31393a2261646d696e406d656e746f726572702e636f6d223b6d6f62696c657c733a31303a2231323334353637383930223b696d6167657c733a31313a2264656661756c742e706e67223b726f6c657c733a353a2261646d696e223b6c6f67676564696e7c623a313b),
('09bebc440sjrno921c2fbn0odpkvfujg', '47.9.67.195', 1624076466, 0x5f5f63695f6c6173745f726567656e65726174657c693a313632343037363432333b6c6f67696e5573657249447c733a313a2231223b6e616d657c733a31323a224d454e544f522041444d494e223b656d61696c7c733a31393a2261646d696e406d656e746f726572702e636f6d223b6d6f62696c657c733a31303a2231323334353637383930223b696d6167657c733a31313a2264656661756c742e706e67223b726f6c657c733a353a2261646d696e223b6c6f67676564696e7c623a313b),
('v16nur3tdf01c0jld7o5ghpskavuqg60', '103.144.172.144', 1624077489, 0x5f5f63695f6c6173745f726567656e65726174657c693a313632343037373438393b),
('jcj5kb1glb5vrtlah8cuo5k8heruqf3c', '34.77.162.22', 1624081327, 0x5f5f63695f6c6173745f726567656e65726174657c693a313632343038313332373b),
('lrr5veivld2tug4ft6di24ad8t6dns4l', '34.77.162.23', 1624082156, 0x5f5f63695f6c6173745f726567656e65726174657c693a313632343038323135363b),
('ni0nf40pc8id4k2t9tsug8606f93u383', '49.36.220.75', 1624092734, 0x5f5f63695f6c6173745f726567656e65726174657c693a313632343039323530383b6c6f67696e5573657249447c733a313a2231223b6e616d657c733a31323a224d454e544f522041444d494e223b656d61696c7c733a31393a2261646d696e406d656e746f726572702e636f6d223b6d6f62696c657c733a31303a2231323334353637383930223b696d6167657c733a31313a2264656661756c742e706e67223b726f6c657c733a353a2261646d696e223b6c6f67676564696e7c623a313b),
('pg5orv9is9hpjf3e0psoe4icouqfpors', '35.187.232.113', 1624106603, 0x5f5f63695f6c6173745f726567656e65726174657c693a313632343130363630333b),
('628c5qv6rcamn91o5v45jitbjah0su6o', '35.187.232.113', 1624106604, 0x5f5f63695f6c6173745f726567656e65726174657c693a313632343130363630343b),
('nm6dlsurkulmqh4b9qoj2rq3cbpjdo20', '1.6.136.162', 1624106724, 0x5f5f63695f6c6173745f726567656e65726174657c693a313632343130363630343b6c6f67696e5573657249447c733a313a2231223b6e616d657c733a31323a224d454e544f522041444d494e223b656d61696c7c733a31393a2261646d696e406d656e746f726572702e636f6d223b6d6f62696c657c733a31303a2231323334353637383930223b696d6167657c733a31313a2264656661756c742e706e67223b726f6c657c733a353a2261646d696e223b6c6f67676564696e7c623a313b),
('djn64on91qukq9v5pj92vv1paldne6tm', '103.92.41.224', 1624108064, 0x5f5f63695f6c6173745f726567656e65726174657c693a313632343130383035393b6c6f67696e5573657249447c733a313a2231223b6e616d657c733a31323a224d454e544f522041444d494e223b656d61696c7c733a31393a2261646d696e406d656e746f726572702e636f6d223b6d6f62696c657c733a31303a2231323334353637383930223b696d6167657c733a31313a2264656661756c742e706e67223b726f6c657c733a353a2261646d696e223b6c6f67676564696e7c623a313b),
('d8sptolelm4g5691nirvkjs00b69a0qv', '35.178.16.1', 1624115678, 0x5f5f63695f6c6173745f726567656e65726174657c693a313632343131353637383b),
('g5dtu9k9gq1l5mjuj9cu4l4p6doeleki', '103.144.172.144', 1624119661, 0x5f5f63695f6c6173745f726567656e65726174657c693a313632343131393636313b),
('tn28nrh2ar5pluij5uj7sso0llgcjoeq', '103.144.172.144', 1624122226, 0x5f5f63695f6c6173745f726567656e65726174657c693a313632343132323232363b),
('o0uqbfc45ma5dv6edc38ahark0t5clbf', '34.251.241.226', 1624175321, 0x5f5f63695f6c6173745f726567656e65726174657c693a313632343137353332313b),
('bue9ns0cn79okb58l3b77reg0c4j2m83', '52.30.16.188', 1624216807, 0x5f5f63695f6c6173745f726567656e65726174657c693a313632343231363830373b),
('39kbanihue8p70gu29lcvksgcn322dcj', '92.118.160.9', 1624268504, 0x5f5f63695f6c6173745f726567656e65726174657c693a313632343236383530343b),
('unsdc1kfra4ht81d4kh2onikn34rskbv', '34.77.162.29', 1624304314, 0x5f5f63695f6c6173745f726567656e65726174657c693a313632343330343331343b),
('n0f0lmive7j6fojupubb9p98t6kg1vfp', '92.118.160.45', 1624314243, 0x5f5f63695f6c6173745f726567656e65726174657c693a313632343331343234333b),
('dh5i3boso99f495ejpk7hci9gfq658b6', '122.161.49.238', 1633347387, 0x5f5f63695f6c6173745f726567656e65726174657c693a313633333334373338373b),
('9k6ovh0cci9pvbatpm9c4ftipaq8f96d', '52.114.32.212', 1633347089, 0x5f5f63695f6c6173745f726567656e65726174657c693a313633333334373038393b),
('gouo6atutst27nsf3qpqdjmoffqr46b5', '122.161.49.238', 1633347100, 0x5f5f63695f6c6173745f726567656e65726174657c693a313633333334373039343b),
('39rde7jn8hs2opj3me7p1dieg7n0tg5g', '122.161.49.238', 1633347733, 0x5f5f63695f6c6173745f726567656e65726174657c693a313633333334373733333b),
('dk0380j5m4g1fk6dk4dsmtboilblostn', '122.161.49.238', 1633348067, 0x5f5f63695f6c6173745f726567656e65726174657c693a313633333334383036373b),
('kft4a607lbadueluov46pj8cbh78h56u', '122.161.49.238', 1633348378, 0x5f5f63695f6c6173745f726567656e65726174657c693a313633333334383337383b),
('iq9moecdqpplu538gieu6ddpdbnj287q', '122.161.49.238', 1633348758, 0x5f5f63695f6c6173745f726567656e65726174657c693a313633333334383735383b6c6f67696e5573657249447c733a313a2231223b6e616d657c733a31323a224d454e544f522041444d494e223b656d61696c7c733a31393a2261646d696e406d656e746f726572702e636f6d223b6d6f62696c657c733a31303a2231323334353637383930223b696d6167657c733a31313a2264656661756c742e706e67223b726f6c657c733a353a2261646d696e223b6c6f67676564696e7c623a313b),
('fqbum77ia2t18uqp4eb9r5m60s9eu309', '122.161.49.238', 1633349121, 0x5f5f63695f6c6173745f726567656e65726174657c693a313633333334393132313b6c6f67696e5573657249447c733a313a2231223b6e616d657c733a31323a224d454e544f522041444d494e223b656d61696c7c733a31393a2261646d696e406d656e746f726572702e636f6d223b6d6f62696c657c733a31303a2231323334353637383930223b696d6167657c733a31313a2264656661756c742e706e67223b726f6c657c733a353a2261646d696e223b6c6f67676564696e7c623a313b),
('48035bk0d4dhbjcftpc8c0qrljak93ms', '122.161.49.238', 1633349364, 0x5f5f63695f6c6173745f726567656e65726174657c693a313633333334393132313b6c6f67696e5573657249447c733a313a2231223b6e616d657c733a31323a224d454e544f522041444d494e223b656d61696c7c733a31393a2261646d696e406d656e746f726572702e636f6d223b6d6f62696c657c733a31303a2231323334353637383930223b696d6167657c733a31313a2264656661756c742e706e67223b726f6c657c733a353a2261646d696e223b6c6f67676564696e7c623a313b),
('2oqs67qvn7bf2879femmfmonsfp3qdva', '122.161.49.238', 1633349140, 0x5f5f63695f6c6173745f726567656e65726174657c693a313633333334393134303b),
('b9381fohvhsu0uu2ec2qooeqfiqd7vjk', '122.161.49.238', 1633350161, 0x5f5f63695f6c6173745f726567656e65726174657c693a313633333335303136313b6c6f67696e5573657249447c733a313a2231223b6e616d657c733a31323a224d454e544f522041444d494e223b656d61696c7c733a31393a2261646d696e406d656e746f726572702e636f6d223b6d6f62696c657c733a31303a2231323334353637383930223b696d6167657c733a31313a2264656661756c742e706e67223b726f6c657c733a353a2261646d696e223b6c6f67676564696e7c623a313b),
('aths1bjglfc54pjs05isilggrss67fok', '122.161.49.238', 1633350754, 0x5f5f63695f6c6173745f726567656e65726174657c693a313633333335303735343b6c6f67696e5573657249447c733a313a2231223b6e616d657c733a31323a224d454e544f522041444d494e223b656d61696c7c733a31393a2261646d696e406d656e746f726572702e636f6d223b6d6f62696c657c733a31303a2231323334353637383930223b696d6167657c733a31313a2264656661756c742e706e67223b726f6c657c733a353a2261646d696e223b6c6f67676564696e7c623a313b),
('r9lq15beruni9opmk12lql88t546dkcd', '122.161.49.238', 1633351238, 0x5f5f63695f6c6173745f726567656e65726174657c693a313633333335313233383b),
('1oej1q77hqrlrt1vgnsr2m55sd1b8j96', '52.114.32.212', 1633350837, 0x5f5f63695f6c6173745f726567656e65726174657c693a313633333335303833373b),
('36fg3154lomb9rl20h4mup75ld6v1e7m', '122.161.49.238', 1633351173, 0x5f5f63695f6c6173745f726567656e65726174657c693a313633333335313137333b6c6f67696e5573657249447c733a313a2231223b6e616d657c733a31323a224d454e544f522041444d494e223b656d61696c7c733a31393a2261646d696e406d656e746f726572702e636f6d223b6d6f62696c657c733a31303a2231323334353637383930223b696d6167657c733a31313a2264656661756c742e706e67223b726f6c657c733a353a2261646d696e223b6c6f67676564696e7c623a313b),
('8d2egaui0cg7a90bgsbk82kslg36thka', '122.161.49.238', 1633350805, 0x5f5f63695f6c6173745f726567656e65726174657c693a313633333335303735343b6c6f67696e5573657249447c733a313a2231223b6e616d657c733a31323a224d454e544f522041444d494e223b656d61696c7c733a31393a2261646d696e406d656e746f726572702e636f6d223b6d6f62696c657c733a31303a2231323334353637383930223b696d6167657c733a31313a2264656661756c742e706e67223b726f6c657c733a353a2261646d696e223b6c6f67676564696e7c623a313b),
('q18sedkr3t669g83k0fn45ke7bfjo1p3', '52.114.14.71', 1633350762, 0x5f5f63695f6c6173745f726567656e65726174657c693a313633333335303736323b),
('q97nq58cqg8e04blq1knq57p66k8gupr', '52.114.32.212', 1633350828, 0x5f5f63695f6c6173745f726567656e65726174657c693a313633333335303832383b),
('jdphocepaqvr4e87luh01agmqi91v3js', '122.161.49.238', 1633352931, 0x5f5f63695f6c6173745f726567656e65726174657c693a313633333335323933313b6c6f67696e5573657249447c733a313a2231223b6e616d657c733a31323a224d454e544f522041444d494e223b656d61696c7c733a31393a2261646d696e406d656e746f726572702e636f6d223b6d6f62696c657c733a31303a2231323334353637383930223b696d6167657c733a31313a2264656661756c742e706e67223b726f6c657c733a353a2261646d696e223b6c6f67676564696e7c623a313b),
('92i1ejnboeqso977i51u0t6329cjno1e', '122.161.49.238', 1633351448, 0x5f5f63695f6c6173745f726567656e65726174657c693a313633333335313233383b6c6f67696e5573657249447c733a313a2231223b6e616d657c733a31323a224d454e544f522041444d494e223b656d61696c7c733a31393a2261646d696e406d656e746f726572702e636f6d223b6d6f62696c657c733a31303a2231323334353637383930223b696d6167657c733a31313a2264656661756c742e706e67223b726f6c657c733a353a2261646d696e223b6c6f67676564696e7c623a313b),
('chbfrj78e749l0b52kl98cf4m1g6krdo', '122.161.49.238', 1633355707, 0x5f5f63695f6c6173745f726567656e65726174657c693a313633333335353730373b6c6f67696e5573657249447c733a313a2231223b6e616d657c733a31323a224d454e544f522041444d494e223b656d61696c7c733a31393a2261646d696e406d656e746f726572702e636f6d223b6d6f62696c657c733a31303a2231323334353637383930223b696d6167657c733a31313a2264656661756c742e706e67223b726f6c657c733a353a2261646d696e223b6c6f67676564696e7c623a313b),
('6rnrcfh0beckvgun1ue2dat55k2fed4t', '122.161.50.231', 1633358860, 0x5f5f63695f6c6173745f726567656e65726174657c693a313633333335383836303b6c6f67696e5573657249447c733a313a2231223b6e616d657c733a31323a224d454e544f522041444d494e223b656d61696c7c733a31393a2261646d696e406d656e746f726572702e636f6d223b6d6f62696c657c733a31303a2231323334353637383930223b696d6167657c733a31313a2264656661756c742e706e67223b726f6c657c733a353a2261646d696e223b6c6f67676564696e7c623a313b),
('9pdp087sq3o1prl45018oo949usbunhk', '122.161.50.231', 1633358864, 0x5f5f63695f6c6173745f726567656e65726174657c693a313633333335383836303b6c6f67696e5573657249447c733a313a2231223b6e616d657c733a31323a224d454e544f522041444d494e223b656d61696c7c733a31393a2261646d696e406d656e746f726572702e636f6d223b6d6f62696c657c733a31303a2231323334353637383930223b696d6167657c733a31313a2264656661756c742e706e67223b726f6c657c733a353a2261646d696e223b6c6f67676564696e7c623a313b);
INSERT INTO `ci_admin_sessions` (`id`, `ip_address`, `timestamp`, `data`) VALUES
('2t9h1qh5vo4fabm6s61436c4vnbig6de', '122.161.48.152', 1633591144, 0x5f5f63695f6c6173745f726567656e65726174657c693a313633333539313030373b6c6f67696e5573657249447c733a313a2231223b6e616d657c733a31323a224d454e544f522041444d494e223b656d61696c7c733a31393a2261646d696e406d656e746f726572702e636f6d223b6d6f62696c657c733a31303a2231323334353637383930223b696d6167657c733a31313a2264656661756c742e706e67223b726f6c657c733a353a2261646d696e223b6c6f67676564696e7c623a313b),
('ornola4ora49kk6llhmaoluhac07mank', '122.161.48.152', 1633591219, 0x5f5f63695f6c6173745f726567656e65726174657c693a313633333539313231393b),
('nu9vvag5m2pa50vmavaekm32a4sv0u99', '47.31.128.0', 1634098291, 0x5f5f63695f6c6173745f726567656e65726174657c693a313633343039383231303b6c6f67696e5573657249447c733a313a2231223b6e616d657c733a31323a224d454e544f522041444d494e223b656d61696c7c733a31393a2261646d696e406d656e746f726572702e636f6d223b6d6f62696c657c733a31303a2231323334353637383930223b696d6167657c733a31313a2264656661756c742e706e67223b726f6c657c733a353a2261646d696e223b6c6f67676564696e7c623a313b),
('86c17n4utdr7t2e4g01aue1hp1ais4u8', '47.31.217.72', 1634098695, 0x5f5f63695f6c6173745f726567656e65726174657c693a313633343039383639353b),
('77mgmkho0e59fk20pqj0uq71l9n0afi3', '106.215.186.249', 1634113857, 0x5f5f63695f6c6173745f726567656e65726174657c693a313633343131333835373b6c6f67696e5573657249447c733a313a2231223b6e616d657c733a31323a224d454e544f522041444d494e223b656d61696c7c733a31393a2261646d696e406d656e746f726572702e636f6d223b6d6f62696c657c733a31303a2231323334353637383930223b696d6167657c733a31313a2264656661756c742e706e67223b726f6c657c733a353a2261646d696e223b6c6f67676564696e7c623a313b),
('ko2a71u78ktola84sfifog1hgls510v7', '106.215.186.249', 1634113968, 0x5f5f63695f6c6173745f726567656e65726174657c693a313633343131333835373b6c6f67696e5573657249447c733a313a2231223b6e616d657c733a31323a224d454e544f522041444d494e223b656d61696c7c733a31393a2261646d696e406d656e746f726572702e636f6d223b6d6f62696c657c733a31303a2231323334353637383930223b696d6167657c733a31313a2264656661756c742e706e67223b726f6c657c733a353a2261646d696e223b6c6f67676564696e7c623a313b),
('cmt8mcr835okn33mpj36f50thprg7a2g', '106.215.249.129', 1634116160, 0x5f5f63695f6c6173745f726567656e65726174657c693a313633343131363131363b6c6f67696e5573657249447c733a313a2231223b6e616d657c733a31323a224d454e544f522041444d494e223b656d61696c7c733a31393a2261646d696e406d656e746f726572702e636f6d223b6d6f62696c657c733a31303a2231323334353637383930223b696d6167657c733a31313a2264656661756c742e706e67223b726f6c657c733a353a2261646d696e223b6c6f67676564696e7c623a313b),
('q26p67ful8j0vds4oi35rj1ii0526s3u', '207.46.13.109', 1636755295, 0x5f5f63695f6c6173745f726567656e65726174657c693a313633363735353239353b),
('87i04hv09mmgf7gur2jpct4km50hvllo', '122.161.49.54', 1637903692, 0x5f5f63695f6c6173745f726567656e65726174657c693a313633373930333639323b),
('meevi75tb0nbkjn4mks66ltr9q6di73m', '52.114.14.71', 1637903736, 0x5f5f63695f6c6173745f726567656e65726174657c693a313633373930333733363b),
('0oncmtahb1lhraiccko226tq3k8carf1', '122.161.49.54', 1637903804, 0x5f5f63695f6c6173745f726567656e65726174657c693a313633373930333734303b6c6f67696e5573657249447c733a313a2231223b6e616d657c733a31323a224d454e544f522041444d494e223b656d61696c7c733a31393a2261646d696e406d656e746f726572702e636f6d223b6d6f62696c657c733a31303a2231323334353637383930223b696d6167657c733a31313a2264656661756c742e706e67223b726f6c657c733a353a2261646d696e223b6c6f67676564696e7c623a313b),
('8a4g58qbflu1br7mlumkqbuoirrjtden', '122.161.49.54', 1637904184, 0x5f5f63695f6c6173745f726567656e65726174657c693a313633373930343030313b6c6f67696e5573657249447c733a313a2231223b6e616d657c733a31323a224d454e544f522041444d494e223b656d61696c7c733a31393a2261646d696e406d656e746f726572702e636f6d223b6d6f62696c657c733a31303a2231323334353637383930223b696d6167657c733a31313a2264656661756c742e706e67223b726f6c657c733a353a2261646d696e223b6c6f67676564696e7c623a313b),
('181d460bvvv83tb2bsdrlrosksvdj1qj', '47.31.151.17', 1637904252, 0x5f5f63695f6c6173745f726567656e65726174657c693a313633373930343235323b),
('m3nu52b88eonle54esrpud1lfj66v179', '122.161.49.54', 1637904351, 0x5f5f63695f6c6173745f726567656e65726174657c693a313633373930343331313b6c6f67696e5573657249447c733a313a2231223b6e616d657c733a31323a224d454e544f522041444d494e223b656d61696c7c733a31393a2261646d696e406d656e746f726572702e636f6d223b6d6f62696c657c733a31303a2231323334353637383930223b696d6167657c733a31313a2264656661756c742e706e67223b726f6c657c733a353a2261646d696e223b6c6f67676564696e7c623a313b),
('kp8hceqqojid4s148i73fv5lcsonrp84', '122.161.49.54', 1637904902, 0x5f5f63695f6c6173745f726567656e65726174657c693a313633373930343930323b6c6f67696e5573657249447c733a313a2231223b6e616d657c733a31323a224d454e544f522041444d494e223b656d61696c7c733a31393a2261646d696e406d656e746f726572702e636f6d223b6d6f62696c657c733a31303a2231323334353637383930223b696d6167657c733a31313a2264656661756c742e706e67223b726f6c657c733a353a2261646d696e223b6c6f67676564696e7c623a313b),
('8ecsavpfheibqfhtiqp5mpgohcefr5dh', '52.114.32.212', 1637904424, 0x5f5f63695f6c6173745f726567656e65726174657c693a313633373930343432343b),
('5pqn4t0706b3nn15tlvvobstqs0dg2bv', '122.161.49.54', 1637905579, 0x5f5f63695f6c6173745f726567656e65726174657c693a313633373930353537393b6c6f67696e5573657249447c733a313a2231223b6e616d657c733a31323a224d454e544f522041444d494e223b656d61696c7c733a31393a2261646d696e406d656e746f726572702e636f6d223b6d6f62696c657c733a31303a2231323334353637383930223b696d6167657c733a31313a2264656661756c742e706e67223b726f6c657c733a353a2261646d696e223b6c6f67676564696e7c623a313b),
('28911qrugc2p4in7bvfttuc9et5plv52', '122.161.49.54', 1637905852, 0x5f5f63695f6c6173745f726567656e65726174657c693a313633373930353537393b6c6f67696e5573657249447c733a313a2231223b6e616d657c733a31323a224d454e544f522041444d494e223b656d61696c7c733a31393a2261646d696e406d656e746f726572702e636f6d223b6d6f62696c657c733a31303a2231323334353637383930223b696d6167657c733a31313a2264656661756c742e706e67223b726f6c657c733a353a2261646d696e223b6c6f67676564696e7c623a313b),
('d4ce1arsv2ktdqpfkgro39civh0ikigu', '122.161.49.54', 1637923332, 0x5f5f63695f6c6173745f726567656e65726174657c693a313633373932333333323b6c6f67696e5573657249447c733a313a2231223b6e616d657c733a31323a224d454e544f522041444d494e223b656d61696c7c733a31393a2261646d696e406d656e746f726572702e636f6d223b6d6f62696c657c733a31303a2231323334353637383930223b696d6167657c733a31313a2264656661756c742e706e67223b726f6c657c733a353a2261646d696e223b6c6f67676564696e7c623a313b),
('va20njs0n94c8t7hmd0rk9db73krbv33', '122.161.49.54', 1637922986, 0x5f5f63695f6c6173745f726567656e65726174657c693a313633373932323938363b),
('5oivtdhvrofeknuk9niea3j7uailj17k', '122.161.49.54', 1637923924, 0x5f5f63695f6c6173745f726567656e65726174657c693a313633373932333932343b6c6f67696e5573657249447c733a313a2231223b6e616d657c733a31323a224d454e544f522041444d494e223b656d61696c7c733a31393a2261646d696e406d656e746f726572702e636f6d223b6d6f62696c657c733a31303a2231323334353637383930223b696d6167657c733a31313a2264656661756c742e706e67223b726f6c657c733a353a2261646d696e223b6c6f67676564696e7c623a313b),
('3somg1kihhdb4j3vd7f9hpr9qerldtq4', '122.161.49.54', 1637923364, 0x5f5f63695f6c6173745f726567656e65726174657c693a313633373932333335323b6c6f67696e5573657249447c733a313a2231223b6e616d657c733a31323a224d454e544f522041444d494e223b656d61696c7c733a31393a2261646d696e406d656e746f726572702e636f6d223b6d6f62696c657c733a31303a2231323334353637383930223b696d6167657c733a31313a2264656661756c742e706e67223b726f6c657c733a353a2261646d696e223b6c6f67676564696e7c623a313b),
('0ibiprdu6pl1c54li0rh5ngvdnmis18k', '122.161.49.54', 1637923963, 0x5f5f63695f6c6173745f726567656e65726174657c693a313633373932333932343b6c6f67696e5573657249447c733a313a2231223b6e616d657c733a31323a224d454e544f522041444d494e223b656d61696c7c733a31393a2261646d696e406d656e746f726572702e636f6d223b6d6f62696c657c733a31303a2231323334353637383930223b696d6167657c733a31313a2264656661756c742e706e67223b726f6c657c733a353a2261646d696e223b6c6f67676564696e7c623a313b),
('0819t0q7tm3gc3jsppnlv8otgc6dte8d', '122.161.49.54', 1637924183, 0x5f5f63695f6c6173745f726567656e65726174657c693a313633373932333937353b6c6f67696e5573657249447c733a313a2231223b6e616d657c733a31323a224d454e544f522041444d494e223b656d61696c7c733a31393a2261646d696e406d656e746f726572702e636f6d223b6d6f62696c657c733a31303a2231323334353637383930223b696d6167657c733a31313a2264656661756c742e706e67223b726f6c657c733a353a2261646d696e223b6c6f67676564696e7c623a313b),
('vn3h694ar7s0s559elh4nk8k26tbuuco', '103.232.113.135', 1638097815, 0x5f5f63695f6c6173745f726567656e65726174657c693a313633383039373831353b6c6f67696e5573657249447c733a313a2231223b6e616d657c733a31323a224d454e544f522041444d494e223b656d61696c7c733a31393a2261646d696e406d656e746f726572702e636f6d223b6d6f62696c657c733a31303a2231323334353637383930223b696d6167657c733a31313a2264656661756c742e706e67223b726f6c657c733a353a2261646d696e223b6c6f67676564696e7c623a313b),
('h9kp3eqp86p0aaq9aq9i1347s9ll5isi', '103.232.113.135', 1638098206, 0x5f5f63695f6c6173745f726567656e65726174657c693a313633383039383230363b6c6f67696e5573657249447c733a313a2231223b6e616d657c733a31323a224d454e544f522041444d494e223b656d61696c7c733a31393a2261646d696e406d656e746f726572702e636f6d223b6d6f62696c657c733a31303a2231323334353637383930223b696d6167657c733a31313a2264656661756c742e706e67223b726f6c657c733a353a2261646d696e223b6c6f67676564696e7c623a313b),
('6rno5ulo0qdtr2407a39a0h78cvqhkd1', '103.232.113.135', 1638098434, 0x5f5f63695f6c6173745f726567656e65726174657c693a313633383039383433343b),
('qqnok9eaifgrerp0d9g42vs6ikmnlj6a', '103.232.113.135', 1638098498, 0x5f5f63695f6c6173745f726567656e65726174657c693a313633383039383438383b),
('psdgklc36m5p0q8bi7hdqo9j19blom6b', '157.37.195.146', 1638110399, 0x5f5f63695f6c6173745f726567656e65726174657c693a313633383131303339393b),
('mi7pk51v35gtf9q4po5bd9e747tnbnt2', '122.161.49.179', 1638542340, 0x5f5f63695f6c6173745f726567656e65726174657c693a313633383534323330393b6c6f67696e5573657249447c733a313a2231223b6e616d657c733a31323a224d454e544f522041444d494e223b656d61696c7c733a31393a2261646d696e406d656e746f726572702e636f6d223b6d6f62696c657c733a31303a2231323334353637383930223b696d6167657c733a31313a2264656661756c742e706e67223b726f6c657c733a353a2261646d696e223b6c6f67676564696e7c623a313b),
('r5lgrn93k7ul4i5vigp3icvpkc975a3v', '49.36.220.217', 1638810294, 0x5f5f63695f6c6173745f726567656e65726174657c693a313633383831303135363b),
('i9fgdb61omob4lv71gk7hv6l2hqm2ama', '49.36.220.217', 1638860807, 0x5f5f63695f6c6173745f726567656e65726174657c693a313633383836303830373b),
('bkgkee4bj2kv0uusbikcm8iu3gukam6m', '122.161.53.121', 1638860760, 0x5f5f63695f6c6173745f726567656e65726174657c693a313633383836303736303b6c6f67696e5573657249447c733a313a2231223b6e616d657c733a31323a224d454e544f522041444d494e223b656d61696c7c733a31393a2261646d696e406d656e746f726572702e636f6d223b6d6f62696c657c733a31303a2231323334353637383930223b696d6167657c733a31313a2264656661756c742e706e67223b726f6c657c733a353a2261646d696e223b6c6f67676564696e7c623a313b),
('94ruakv76uucbi78d1coaadgbs19rns3', '122.161.53.121', 1638860191, 0x5f5f63695f6c6173745f726567656e65726174657c693a313633383836303139313b),
('11emhrk08r5khgnafee81skmgirvhilj', '122.161.53.121', 1638860871, 0x5f5f63695f6c6173745f726567656e65726174657c693a313633383836303736383b),
('dj5dab2urum1vtn1sad91igfngup14jf', '49.36.220.217', 1638861785, 0x5f5f63695f6c6173745f726567656e65726174657c693a313633383836313738353b6c6f67696e5573657249447c733a313a2231223b6e616d657c733a31323a224d454e544f522041444d494e223b656d61696c7c733a31393a2261646d696e406d656e746f726572702e636f6d223b6d6f62696c657c733a31303a2231323334353637383930223b696d6167657c733a31313a2264656661756c742e706e67223b726f6c657c733a353a2261646d696e223b6c6f67676564696e7c623a313b),
('8ij2g2ebn27km0gt338tqk7fa7jhiu3k', '122.161.53.121', 1638861006, 0x5f5f63695f6c6173745f726567656e65726174657c693a313633383836313030363b),
('55esi86eo19uhgj2cjpj0akj6hs4j9re', '49.36.220.217', 1638862126, 0x5f5f63695f6c6173745f726567656e65726174657c693a313633383836323132363b6c6f67696e5573657249447c733a313a2231223b6e616d657c733a31323a224d454e544f522041444d494e223b656d61696c7c733a31393a2261646d696e406d656e746f726572702e636f6d223b6d6f62696c657c733a31303a2231323334353637383930223b696d6167657c733a31313a2264656661756c742e706e67223b726f6c657c733a353a2261646d696e223b6c6f67676564696e7c623a313b),
('qj9tmsgjqcest93rln5d7u9r0oastmcc', '49.36.220.217', 1638862127, 0x5f5f63695f6c6173745f726567656e65726174657c693a313633383836323132363b6c6f67696e5573657249447c733a313a2231223b6e616d657c733a31323a224d454e544f522041444d494e223b656d61696c7c733a31393a2261646d696e406d656e746f726572702e636f6d223b6d6f62696c657c733a31303a2231323334353637383930223b696d6167657c733a31313a2264656661756c742e706e67223b726f6c657c733a353a2261646d696e223b6c6f67676564696e7c623a313b),
('ser3o5v5g7j6t9hv63v7oqrc6f1k1um8', '49.36.220.217', 1638872862, 0x5f5f63695f6c6173745f726567656e65726174657c693a313633383837323836323b),
('5grkbgr3amna79sh0evt2mc7igkqun6j', '49.36.220.217', 1638888862, 0x5f5f63695f6c6173745f726567656e65726174657c693a313633383838383836323b6c6f67696e5573657249447c733a313a2231223b6e616d657c733a31323a224d454e544f522041444d494e223b656d61696c7c733a31393a2261646d696e406d656e746f726572702e636f6d223b6d6f62696c657c733a31303a2231323334353637383930223b696d6167657c733a31313a2264656661756c742e706e67223b726f6c657c733a353a2261646d696e223b6c6f67676564696e7c623a313b),
('rpkhb4ribcke815stl2rdbeafoo81dkd', '49.36.220.217', 1638888876, 0x5f5f63695f6c6173745f726567656e65726174657c693a313633383838383836323b6c6f67696e5573657249447c733a313a2231223b6e616d657c733a31323a224d454e544f522041444d494e223b656d61696c7c733a31393a2261646d696e406d656e746f726572702e636f6d223b6d6f62696c657c733a31303a2231323334353637383930223b696d6167657c733a31313a2264656661756c742e706e67223b726f6c657c733a353a2261646d696e223b6c6f67676564696e7c623a313b),
('76v3ld5gctr1ai1n80ltbk43c2908rqq', '49.36.220.217', 1638947255, 0x5f5f63695f6c6173745f726567656e65726174657c693a313633383934373235353b),
('7an2vgddl689f3s2s5jf1804o739l4sm', '49.36.220.217', 1638959118, 0x5f5f63695f6c6173745f726567656e65726174657c693a313633383935393131383b6c6f67696e5573657249447c733a313a2231223b6e616d657c733a31323a224d454e544f522041444d494e223b656d61696c7c733a31393a2261646d696e406d656e746f726572702e636f6d223b6d6f62696c657c733a31303a2231323334353637383930223b696d6167657c733a31313a2264656661756c742e706e67223b726f6c657c733a353a2261646d696e223b6c6f67676564696e7c623a313b),
('8qkkp3n8o7305bklt772dlkvrqfehvqm', '49.36.220.217', 1638959139, 0x5f5f63695f6c6173745f726567656e65726174657c693a313633383935393131383b6c6f67696e5573657249447c733a313a2231223b6e616d657c733a31323a224d454e544f522041444d494e223b656d61696c7c733a31393a2261646d696e406d656e746f726572702e636f6d223b6d6f62696c657c733a31303a2231323334353637383930223b696d6167657c733a31313a2264656661756c742e706e67223b726f6c657c733a353a2261646d696e223b6c6f67676564696e7c623a313b),
('l8kmpdj8adffh8vqg9doqk1ja7t461k1', '49.36.220.217', 1638984842, 0x5f5f63695f6c6173745f726567656e65726174657c693a313633383938343834323b6c6f67696e5573657249447c733a313a2231223b6e616d657c733a31323a224d454e544f522041444d494e223b656d61696c7c733a31393a2261646d696e406d656e746f726572702e636f6d223b6d6f62696c657c733a31303a2231323334353637383930223b696d6167657c733a31313a2264656661756c742e706e67223b726f6c657c733a353a2261646d696e223b6c6f67676564696e7c623a313b),
('jpu188t6ktoaabk8jn7n07qsjcdd89e3', '49.36.220.217', 1638984848, 0x5f5f63695f6c6173745f726567656e65726174657c693a313633383938343834323b6c6f67696e5573657249447c733a313a2231223b6e616d657c733a31323a224d454e544f522041444d494e223b656d61696c7c733a31393a2261646d696e406d656e746f726572702e636f6d223b6d6f62696c657c733a31303a2231323334353637383930223b696d6167657c733a31313a2264656661756c742e706e67223b726f6c657c733a353a2261646d696e223b6c6f67676564696e7c623a313b),
('qe8f7rhgl0ic0nqpu7noci0ns8e9c9nd', '103.83.9.254', 1639115847, 0x5f5f63695f6c6173745f726567656e65726174657c693a313633393131353834373b6c6f67696e5573657249447c733a313a2231223b6e616d657c733a31323a224d454e544f522041444d494e223b656d61696c7c733a31393a2261646d696e406d656e746f726572702e636f6d223b6d6f62696c657c733a31303a2231323334353637383930223b696d6167657c733a31313a2264656661756c742e706e67223b726f6c657c733a353a2261646d696e223b6c6f67676564696e7c623a313b),
('iqg3hpj3b764hmesoh27s9h5gcdojf3v', '103.83.9.254', 1639115864, 0x5f5f63695f6c6173745f726567656e65726174657c693a313633393131353834373b6c6f67696e5573657249447c733a313a2231223b6e616d657c733a31323a224d454e544f522041444d494e223b656d61696c7c733a31393a2261646d696e406d656e746f726572702e636f6d223b6d6f62696c657c733a31303a2231323334353637383930223b696d6167657c733a31313a2264656661756c742e706e67223b726f6c657c733a353a2261646d696e223b6c6f67676564696e7c623a313b),
('6t3s1tc347s4k79e9gdhsd3ctemj41il', '49.36.220.217', 1639131338, 0x5f5f63695f6c6173745f726567656e65726174657c693a313633393133313333383b6c6f67696e5573657249447c733a313a2231223b6e616d657c733a31323a224d454e544f522041444d494e223b656d61696c7c733a31393a2261646d696e406d656e746f726572702e636f6d223b6d6f62696c657c733a31303a2231323334353637383930223b696d6167657c733a31313a2264656661756c742e706e67223b726f6c657c733a353a2261646d696e223b6c6f67676564696e7c623a313b),
('abkak2nm9o68999l799spgi4u2vrl5d3', '122.161.49.193', 1639130190, 0x5f5f63695f6c6173745f726567656e65726174657c693a313633393133303139303b),
('ejgoib5nu16mrh72fo9r0s7g8khg51bi', '52.114.14.71', 1639130200, 0x5f5f63695f6c6173745f726567656e65726174657c693a313633393133303230303b),
('1l1rfsussb15huc7k6a2btklansgs5fn', '122.161.49.193', 1639132716, 0x5f5f63695f6c6173745f726567656e65726174657c693a313633393133323731363b6c6f67696e5573657249447c733a313a2231223b6e616d657c733a31323a224d454e544f522041444d494e223b656d61696c7c733a31393a2261646d696e406d656e746f726572702e636f6d223b6d6f62696c657c733a31303a2231323334353637383930223b696d6167657c733a31313a2264656661756c742e706e67223b726f6c657c733a353a2261646d696e223b6c6f67676564696e7c623a313b),
('i99l1rpa0mhtk2li6d008aabo76aglb0', '49.36.220.217', 1639131563, 0x5f5f63695f6c6173745f726567656e65726174657c693a313633393133313333383b6c6f67696e5573657249447c733a313a2231223b6e616d657c733a31323a224d454e544f522041444d494e223b656d61696c7c733a31393a2261646d696e406d656e746f726572702e636f6d223b6d6f62696c657c733a31303a2231323334353637383930223b696d6167657c733a31313a2264656661756c742e706e67223b726f6c657c733a353a2261646d696e223b6c6f67676564696e7c623a313b),
('799ht9uijcb9tb7qgttr0lk6pk0ggbb4', '122.161.49.193', 1639132716, 0x5f5f63695f6c6173745f726567656e65726174657c693a313633393133323731363b6c6f67696e5573657249447c733a313a2231223b6e616d657c733a31323a224d454e544f522041444d494e223b656d61696c7c733a31393a2261646d696e406d656e746f726572702e636f6d223b6d6f62696c657c733a31303a2231323334353637383930223b696d6167657c733a31313a2264656661756c742e706e67223b726f6c657c733a353a2261646d696e223b6c6f67676564696e7c623a313b),
('b3u2t6rnv6cphfufu9jtf2f7pfrj3j8m', '122.161.49.76', 1639458919, 0x5f5f63695f6c6173745f726567656e65726174657c693a313633393435383838333b),
('uhcd6sh87p0k5f0od9ankhnofgu2e76h', '122.161.49.76', 1639470930, 0x5f5f63695f6c6173745f726567656e65726174657c693a313633393437303933303b6c6f67696e5573657249447c733a313a2231223b6e616d657c733a31323a224d454e544f522041444d494e223b656d61696c7c733a31393a2261646d696e406d656e746f726572702e636f6d223b6d6f62696c657c733a31303a2231323334353637383930223b696d6167657c733a31313a2264656661756c742e706e67223b726f6c657c733a353a2261646d696e223b6c6f67676564696e7c623a313b),
('l7rhjspeqcotluivifm5hq1hvoobsck6', '122.161.49.76', 1639471002, 0x5f5f63695f6c6173745f726567656e65726174657c693a313633393437303933303b6c6f67696e5573657249447c733a313a2231223b6e616d657c733a31323a224d454e544f522041444d494e223b656d61696c7c733a31393a2261646d696e406d656e746f726572702e636f6d223b6d6f62696c657c733a31303a2231323334353637383930223b696d6167657c733a31313a2264656661756c742e706e67223b726f6c657c733a353a2261646d696e223b6c6f67676564696e7c623a313b),
('e61uae46rt8c1qn9r3vh8n5027mm2oro', '122.161.49.76', 1639475023, 0x5f5f63695f6c6173745f726567656e65726174657c693a313633393437353032333b6c6f67696e5573657249447c733a313a2231223b6e616d657c733a31323a224d454e544f522041444d494e223b656d61696c7c733a32313a2261646d696e406e61696e6974616c6572702e636f6d223b6d6f62696c657c733a31303a2231323334353637383930223b696d6167657c733a31313a2264656661756c742e706e67223b726f6c657c733a353a2261646d696e223b6c6f67676564696e7c623a313b),
('ta9hog2fh51r6l65no3fj4ecnqghk7ak', '122.161.49.76', 1639476630, 0x5f5f63695f6c6173745f726567656e65726174657c693a313633393437363633303b6c6f67696e5573657249447c733a313a2231223b6e616d657c733a31323a224d454e544f522041444d494e223b656d61696c7c733a32313a2261646d696e406e61696e6974616c6572702e636f6d223b6d6f62696c657c733a31303a2231323334353637383930223b696d6167657c733a31313a2264656661756c742e706e67223b726f6c657c733a353a2261646d696e223b6c6f67676564696e7c623a313b),
('krqqejbt6dl883mho7ripg8s6q3bmtt3', '122.161.49.76', 1639479439, 0x5f5f63695f6c6173745f726567656e65726174657c693a313633393437393433393b6c6f67696e5573657249447c733a313a2231223b6e616d657c733a31323a224d454e544f522041444d494e223b656d61696c7c733a32313a2261646d696e406e61696e6974616c6572702e636f6d223b6d6f62696c657c733a31303a2231323334353637383930223b696d6167657c733a31313a2264656661756c742e706e67223b726f6c657c733a353a2261646d696e223b6c6f67676564696e7c623a313b),
('2a42c79ivgonq7airv2507r00l8fds2f', '122.161.49.76', 1639479778, 0x5f5f63695f6c6173745f726567656e65726174657c693a313633393437393737383b6c6f67696e5573657249447c733a313a2231223b6e616d657c733a31323a224d454e544f522041444d494e223b656d61696c7c733a32313a2261646d696e406e61696e6974616c6572702e636f6d223b6d6f62696c657c733a31303a2231323334353637383930223b696d6167657c733a31313a2264656661756c742e706e67223b726f6c657c733a353a2261646d696e223b6c6f67676564696e7c623a313b),
('2rkb9o4aspj5mn4o2digsq5k15g7mj6n', '122.161.49.76', 1639480245, 0x5f5f63695f6c6173745f726567656e65726174657c693a313633393438303234353b6c6f67696e5573657249447c733a313a2231223b6e616d657c733a31323a224d454e544f522041444d494e223b656d61696c7c733a32313a2261646d696e406e61696e6974616c6572702e636f6d223b6d6f62696c657c733a31303a2231323334353637383930223b696d6167657c733a31313a2264656661756c742e706e67223b726f6c657c733a353a2261646d696e223b6c6f67676564696e7c623a313b),
('23aqviqu4f13d36ijlcvt6j28hktuu31', '122.161.49.76', 1639480552, 0x5f5f63695f6c6173745f726567656e65726174657c693a313633393438303535323b6c6f67696e5573657249447c733a313a2231223b6e616d657c733a31323a224d454e544f522041444d494e223b656d61696c7c733a32313a2261646d696e406e61696e6974616c6572702e636f6d223b6d6f62696c657c733a31303a2231323334353637383930223b696d6167657c733a31313a2264656661756c742e706e67223b726f6c657c733a353a2261646d696e223b6c6f67676564696e7c623a313b),
('gemr17qu7hehk6n21bjjbimtv5humep2', '122.161.49.76', 1639483613, 0x5f5f63695f6c6173745f726567656e65726174657c693a313633393438333631333b6c6f67696e5573657249447c733a313a2231223b6e616d657c733a31323a224d454e544f522041444d494e223b656d61696c7c733a32313a2261646d696e406e61696e6974616c6572702e636f6d223b6d6f62696c657c733a31303a2231323334353637383930223b696d6167657c733a31313a2264656661756c742e706e67223b726f6c657c733a353a2261646d696e223b6c6f67676564696e7c623a313b),
('59t59homsfr0re7dvp9og8lc4sbr5l1t', '122.161.49.76', 1639483639, 0x5f5f63695f6c6173745f726567656e65726174657c693a313633393438333631333b6c6f67696e5573657249447c733a313a2231223b6e616d657c733a31323a224d454e544f522041444d494e223b656d61696c7c733a32313a2261646d696e406e61696e6974616c6572702e636f6d223b6d6f62696c657c733a31303a2231323334353637383930223b696d6167657c733a31313a2264656661756c742e706e67223b726f6c657c733a353a2261646d696e223b6c6f67676564696e7c623a313b),
('tuq98a8jjb1lmb554h0psckjepm75t6e', '122.161.52.210', 1639553676, 0x5f5f63695f6c6173745f726567656e65726174657c693a313633393535333637363b6c6f67696e5573657249447c733a313a2231223b6e616d657c733a31323a224d454e544f522041444d494e223b656d61696c7c733a32313a2261646d696e406e61696e6974616c6572702e636f6d223b6d6f62696c657c733a31303a2231323334353637383930223b696d6167657c733a31313a2264656661756c742e706e67223b726f6c657c733a353a2261646d696e223b6c6f67676564696e7c623a313b),
('79v6og67nm53s1sr8bsc37q3ssilnr7l', '122.161.52.210', 1639556775, 0x5f5f63695f6c6173745f726567656e65726174657c693a313633393535363737353b6c6f67696e5573657249447c733a313a2231223b6e616d657c733a31323a224d454e544f522041444d494e223b656d61696c7c733a32313a2261646d696e406e61696e6974616c6572702e636f6d223b6d6f62696c657c733a31303a2231323334353637383930223b696d6167657c733a31313a2264656661756c742e706e67223b726f6c657c733a353a2261646d696e223b6c6f67676564696e7c623a313b),
('c8hpklhgpj0n4cl17v80sq3gqkjvqkav', '122.161.52.210', 1639557227, 0x5f5f63695f6c6173745f726567656e65726174657c693a313633393535373232373b6c6f67696e5573657249447c733a313a2231223b6e616d657c733a31323a224d454e544f522041444d494e223b656d61696c7c733a32313a2261646d696e406e61696e6974616c6572702e636f6d223b6d6f62696c657c733a31303a2231323334353637383930223b696d6167657c733a31313a2264656661756c742e706e67223b726f6c657c733a353a2261646d696e223b6c6f67676564696e7c623a313b),
('n1nv7jmaglru8cnc3upho9pacstpklgo', '122.161.52.210', 1639557619, 0x5f5f63695f6c6173745f726567656e65726174657c693a313633393535373631393b6c6f67696e5573657249447c733a313a2231223b6e616d657c733a31323a224d454e544f522041444d494e223b656d61696c7c733a32313a2261646d696e406e61696e6974616c6572702e636f6d223b6d6f62696c657c733a31303a2231323334353637383930223b696d6167657c733a31313a2264656661756c742e706e67223b726f6c657c733a353a2261646d696e223b6c6f67676564696e7c623a313b),
('kv3gkdorhma19cocv0o9boh5o8cd4c7k', '122.161.52.210', 1639558024, 0x5f5f63695f6c6173745f726567656e65726174657c693a313633393535383032343b6c6f67696e5573657249447c733a313a2231223b6e616d657c733a31323a224d454e544f522041444d494e223b656d61696c7c733a32313a2261646d696e406e61696e6974616c6572702e636f6d223b6d6f62696c657c733a31303a2231323334353637383930223b696d6167657c733a31313a2264656661756c742e706e67223b726f6c657c733a353a2261646d696e223b6c6f67676564696e7c623a313b),
('hnhe4ftgk38hl8jgtpab3ln1v7i0kse6', '122.161.52.210', 1639559548, 0x5f5f63695f6c6173745f726567656e65726174657c693a313633393535393534383b6c6f67696e5573657249447c733a313a2231223b6e616d657c733a31323a224d454e544f522041444d494e223b656d61696c7c733a32313a2261646d696e406e61696e6974616c6572702e636f6d223b6d6f62696c657c733a31303a2231323334353637383930223b696d6167657c733a31313a2264656661756c742e706e67223b726f6c657c733a353a2261646d696e223b6c6f67676564696e7c623a313b),
('mo88658psj36qnlnhuakjf2t042ttkab', '122.161.52.210', 1639561152, 0x5f5f63695f6c6173745f726567656e65726174657c693a313633393536313135323b6c6f67696e5573657249447c733a313a2231223b6e616d657c733a31323a224d454e544f522041444d494e223b656d61696c7c733a32313a2261646d696e406e61696e6974616c6572702e636f6d223b6d6f62696c657c733a31303a2231323334353637383930223b696d6167657c733a31313a2264656661756c742e706e67223b726f6c657c733a353a2261646d696e223b6c6f67676564696e7c623a313b),
('h9rurhbnl29hi0522iqqcaavfjaabjen', '122.161.52.210', 1639562814, 0x5f5f63695f6c6173745f726567656e65726174657c693a313633393536323831343b6c6f67696e5573657249447c733a313a2231223b6e616d657c733a31323a224d454e544f522041444d494e223b656d61696c7c733a32313a2261646d696e406e61696e6974616c6572702e636f6d223b6d6f62696c657c733a31303a2231323334353637383930223b696d6167657c733a31313a2264656661756c742e706e67223b726f6c657c733a353a2261646d696e223b6c6f67676564696e7c623a313b),
('qo7ell79chn675nesd9eli73p1mdml89', '122.161.52.210', 1639563471, 0x5f5f63695f6c6173745f726567656e65726174657c693a313633393536333437313b6c6f67696e5573657249447c733a313a2231223b6e616d657c733a31323a224d454e544f522041444d494e223b656d61696c7c733a32313a2261646d696e406e61696e6974616c6572702e636f6d223b6d6f62696c657c733a31303a2231323334353637383930223b696d6167657c733a31313a2264656661756c742e706e67223b726f6c657c733a353a2261646d696e223b6c6f67676564696e7c623a313b),
('o36ordkeeptp5avkjk2doldkl3cpott3', '122.161.52.210', 1639563569, 0x5f5f63695f6c6173745f726567656e65726174657c693a313633393536333437313b6c6f67696e5573657249447c733a313a2231223b6e616d657c733a31323a224d454e544f522041444d494e223b656d61696c7c733a32313a2261646d696e406e61696e6974616c6572702e636f6d223b6d6f62696c657c733a31303a2231323334353637383930223b696d6167657c733a31313a2264656661756c742e706e67223b726f6c657c733a353a2261646d696e223b6c6f67676564696e7c623a313b),
('41j36qk4qoua2p0nqhintauc5tr1dkof', '122.161.52.172', 1639635484, 0x5f5f63695f6c6173745f726567656e65726174657c693a313633393633353438343b6c6f67696e5573657249447c733a313a2231223b6e616d657c733a31323a224d454e544f522041444d494e223b656d61696c7c733a32313a2261646d696e406e61696e6974616c6572702e636f6d223b6d6f62696c657c733a31303a2231323334353637383930223b696d6167657c733a31313a2264656661756c742e706e67223b726f6c657c733a353a2261646d696e223b6c6f67676564696e7c623a313b),
('1k95oegnm8jdinl7f5g77r2bqiavo8va', '122.161.52.172', 1639635485, 0x5f5f63695f6c6173745f726567656e65726174657c693a313633393633353438343b6c6f67696e5573657249447c733a313a2231223b6e616d657c733a31323a224d454e544f522041444d494e223b656d61696c7c733a32313a2261646d696e406e61696e6974616c6572702e636f6d223b6d6f62696c657c733a31303a2231323334353637383930223b696d6167657c733a31313a2264656661756c742e706e67223b726f6c657c733a353a2261646d696e223b6c6f67676564696e7c623a313b),
('5utvkbe4k8icron10tdrlmeoradp0b4c', '122.161.52.172', 1639638360, 0x5f5f63695f6c6173745f726567656e65726174657c693a313633393633383330363b6c6f67696e5573657249447c733a313a2231223b6e616d657c733a31323a224d454e544f522041444d494e223b656d61696c7c733a32313a2261646d696e406e61696e6974616c6572702e636f6d223b6d6f62696c657c733a31303a2231323334353637383930223b696d6167657c733a31313a2264656661756c742e706e67223b726f6c657c733a353a2261646d696e223b6c6f67676564696e7c623a313b);

-- --------------------------------------------------------

--
-- Table structure for table `ci_sessions`
--

CREATE TABLE `ci_sessions` (
  `id` varchar(128) NOT NULL,
  `ip_address` varchar(45) NOT NULL,
  `timestamp` int(10) UNSIGNED NOT NULL DEFAULT '0',
  `data` blob NOT NULL
) ENGINE=MyISAM DEFAULT CHARSET=latin1;

--
-- Dumping data for table `ci_sessions`
--

INSERT INTO `ci_sessions` (`id`, `ip_address`, `timestamp`, `data`) VALUES
('ndm5j7skc44tkir208vbnu5r5o6kn9mn', '122.161.52.172', 1639638358, 0x5f5f63695f6c6173745f726567656e65726174657c693a313633393633383237343b6c6f67696e5573657249447c733a313a2231223b7363686f6f6c49447c733a313a2231223b636f64657c733a373a2248414b394b4638223b6e616d657c733a363a2253616b736869223b656d61696c7c733a31393a2273616b7368692e353540676d61696c2e636f6d223b6d6f62696c657c733a31303a2239383338373030363535223b757365726e616d657c733a383a227465616368657231223b696d6167657c733a31313a2264656661756c742e706e67223b726f6c657c733a373a2274656163686572223b6c6f67676564696e7c623a313b6c6f676f7c733a31393a226c6f676f31363338303937303032312e706e67223b),
('edvjco6hgc2rkig5nq8rsgm0798nk8d2', '122.161.52.172', 1639638350, 0x5f5f63695f6c6173745f726567656e65726174657c693a313633393633383231303b6c6f67696e5573657249447c733a313a2231223b7363686f6f6c49447c733a313a2231223b636f64657c733a373a2248414b394b4638223b6e616d657c733a333a2248414c223b656d61696c7c733a31363a2268616c73616140676d61696c2e636f6d223b6d6f62696c657c733a31303a2239383138333936353132223b757365726e616d657c733a373a227363686f6f6c31223b696d6167657c733a32303a227363686f6f6c313534353034303332352e6a7067223b726f6c657c733a363a227363686f6f6c223b6c6f67676564696e7c623a313b6c6f676f7c733a31393a226c6f676f31363338303937303032312e706e67223b),
('uh80pq1eehppea2d7i97uo7ouk7rvpdt', '47.31.144.128', 1639637925, 0x5f5f63695f6c6173745f726567656e65726174657c693a313633393633373932353b),
('1ag0lhftmd6hji7ahb349415sjoec2pa', '47.31.144.128', 1639637911, 0x5f5f63695f6c6173745f726567656e65726174657c693a313633393633373931313b),
('o4uu2u4i46p140n9rbs98809eqonrl73', '122.161.52.172', 1639637475, 0x5f5f63695f6c6173745f726567656e65726174657c693a313633393633373437353b6c6f67696e5573657249447c733a313a2231223b7363686f6f6c49447c733a313a2231223b636f64657c733a373a2248414b394b4638223b6e616d657c733a333a2248414c223b656d61696c7c733a31363a2268616c73616140676d61696c2e636f6d223b6d6f62696c657c733a31303a2239383138333936353132223b757365726e616d657c733a373a227363686f6f6c31223b696d6167657c733a32303a227363686f6f6c313534353034303332352e6a7067223b726f6c657c733a363a227363686f6f6c223b6c6f67676564696e7c623a313b6c6f676f7c733a31393a226c6f676f31363338303937303032312e706e67223b),
('u1lfc35a651m9vumfqfhf50jb9aon74o', '47.31.136.18', 1639637474, 0x5f5f63695f6c6173745f726567656e65726174657c693a313633393633373437343b),
('sood24an83m6dd56c1pdmnlaku6eqm7b', '47.31.136.18', 1639637413, 0x5f5f63695f6c6173745f726567656e65726174657c693a313633393633373431333b),
('v8samrsklktq6gtkg5fk8rd58nlco6qs', '47.31.136.18', 1639637332, 0x5f5f63695f6c6173745f726567656e65726174657c693a313633393633373333323b),
('j1112cr5c2updc7lkvs3vts1s3se70us', '47.31.136.18', 1639637302, 0x5f5f63695f6c6173745f726567656e65726174657c693a313633393633373330323b),
('5lu68pfo82qs1dna1b7kj9tv1hu0i2ak', '47.31.136.18', 1639637299, 0x5f5f63695f6c6173745f726567656e65726174657c693a313633393633373239393b),
('debk1cbnoimvrj4bvm74vuofs91qj2f3', '47.31.136.18', 1639637298, 0x5f5f63695f6c6173745f726567656e65726174657c693a313633393633373239383b),
('j30t14s8sn2vaigqhvpk9oe5bg1a5e9g', '47.31.136.18', 1639637297, 0x5f5f63695f6c6173745f726567656e65726174657c693a313633393633373239373b),
('9fqa1aia2oro7g2lr20thonr45shet3g', '47.31.136.18', 1639637294, 0x5f5f63695f6c6173745f726567656e65726174657c693a313633393633373239343b),
('cegds7jmg4nitebg1ec9bim9thp5er5o', '47.31.136.18', 1639637291, 0x5f5f63695f6c6173745f726567656e65726174657c693a313633393633373239313b),
('874k2ttp6l2uriiqvhvo3103n6bj4fbb', '47.31.136.18', 1639637292, 0x5f5f63695f6c6173745f726567656e65726174657c693a313633393633373239323b),
('dl0bf4qkvm28hckrt2us9i8uuqq9dqle', '47.31.136.18', 1639637293, 0x5f5f63695f6c6173745f726567656e65726174657c693a313633393633373239333b),
('5nir4tl3df0350l7cl2vcndp2vg6q25j', '47.31.136.18', 1639637291, 0x5f5f63695f6c6173745f726567656e65726174657c693a313633393633373239313b),
('u5ibetba7fk591prr9u7p84ie3jr6noq', '122.161.48.92', 1639630669, 0x5f5f63695f6c6173745f726567656e65726174657c693a313633393633303636393b6c6f67696e5573657249447c733a313a2231223b7363686f6f6c49447c733a313a2231223b636f64657c733a373a2248414b394b4638223b6e616d657c733a333a2248414c223b656d61696c7c733a31363a2268616c73616140676d61696c2e636f6d223b6d6f62696c657c733a31303a2239383138333936353132223b757365726e616d657c733a373a227363686f6f6c31223b696d6167657c733a32303a227363686f6f6c313534353034303332352e6a7067223b726f6c657c733a363a227363686f6f6c223b6c6f67676564696e7c623a313b6c6f676f7c733a31393a226c6f676f31363338303937303032312e706e67223b),
('etdkjolq73nspr45hlj3142isng5m7lf', '122.161.52.172', 1639634110, 0x5f5f63695f6c6173745f726567656e65726174657c693a313633393633343131303b6c6f67696e5573657249447c733a313a2231223b7363686f6f6c49447c733a313a2231223b636f64657c733a373a2248414b394b4638223b6e616d657c733a333a2248414c223b656d61696c7c733a31363a2268616c73616140676d61696c2e636f6d223b6d6f62696c657c733a31303a2239383138333936353132223b757365726e616d657c733a373a227363686f6f6c31223b696d6167657c733a32303a227363686f6f6c313534353034303332352e6a7067223b726f6c657c733a363a227363686f6f6c223b6c6f67676564696e7c623a313b6c6f676f7c733a31393a226c6f676f31363338303937303032312e706e67223b),
('uamrhg2mvtvuvi7pk80rige1hcuu2n0h', '157.37.177.255', 1639632085, 0x5f5f63695f6c6173745f726567656e65726174657c693a313633393633323038353b),
('1i8uel6dv9vpocddl1fp63bve7ii439g', '157.37.177.255', 1639632085, 0x5f5f63695f6c6173745f726567656e65726174657c693a313633393633323038353b),
('gn99epl55j1ns3eubp3sg7862kcc36vn', '157.37.177.255', 1639632085, 0x5f5f63695f6c6173745f726567656e65726174657c693a313633393633323038353b),
('g3te9umfshtmreipcsu3ecvd6vg74e67', '157.37.177.255', 1639632085, 0x5f5f63695f6c6173745f726567656e65726174657c693a313633393633323038353b),
('ngfa3nrdrhqsqbvkmq732cuaq0610uaj', '157.37.177.255', 1639632475, 0x5f5f63695f6c6173745f726567656e65726174657c693a313633393633323437353b),
('8ijbcrq4v4p2agdf6vro3eupo7iiejfe', '157.37.177.255', 1639632475, 0x5f5f63695f6c6173745f726567656e65726174657c693a313633393633323437353b),
('u6tt74kdvd6t4qjt6k2f53k6k032jbq5', '157.37.177.255', 1639632475, 0x5f5f63695f6c6173745f726567656e65726174657c693a313633393633323437353b),
('a8m5dn527a1029mobo3ksed5mak9lk3u', '157.37.177.255', 1639632477, 0x5f5f63695f6c6173745f726567656e65726174657c693a313633393633323437373b),
('rfel1v8oj33luuc5lq30ugshlh1u7rdl', '157.37.177.255', 1639632481, 0x5f5f63695f6c6173745f726567656e65726174657c693a313633393633323438313b),
('guoqsa5kebsd7c21d2snrj3dhelsj1c9', '157.37.177.255', 1639632482, 0x5f5f63695f6c6173745f726567656e65726174657c693a313633393633323438323b),
('k6dsvdi1d7nls5eerdtgvkvvaq5ofkel', '157.37.177.255', 1639632483, 0x5f5f63695f6c6173745f726567656e65726174657c693a313633393633323438333b),
('klhmmo6siul7sn134bagh42k9pgl7u3t', '157.37.177.255', 1639632484, 0x5f5f63695f6c6173745f726567656e65726174657c693a313633393633323438343b),
('h08hq6s18kkmd7ulmcq4c2ebdttn50n3', '157.37.177.255', 1639632485, 0x5f5f63695f6c6173745f726567656e65726174657c693a313633393633323438353b),
('dhk60m734029uctebuuhhcjtl6dro1lp', '157.37.177.255', 1639632485, 0x5f5f63695f6c6173745f726567656e65726174657c693a313633393633323438353b),
('i1v1tkho8htt0r7l5uf0tpmugtua80fi', '157.37.177.255', 1639632487, 0x5f5f63695f6c6173745f726567656e65726174657c693a313633393633323438373b),
('43c8mr90cib0fkl1nth60tkb2bvhi7r7', '157.37.177.255', 1639632487, 0x5f5f63695f6c6173745f726567656e65726174657c693a313633393633323438373b),
('ishc9atlipn4g5gokt3sf8tva3p7a80u', '157.37.177.255', 1639632491, 0x5f5f63695f6c6173745f726567656e65726174657c693a313633393633323439313b),
('oh12k2mhc2rbr3shsh0bsqftinoiht84', '157.37.177.255', 1639632495, 0x5f5f63695f6c6173745f726567656e65726174657c693a313633393633323439353b),
('9ctppk13f2mbdl0c261cav5evekh0l5s', '157.37.177.255', 1639632497, 0x5f5f63695f6c6173745f726567656e65726174657c693a313633393633323439373b),
('jo9es1s8ujllhcilhnr4vmhus44tlbgu', '157.37.177.255', 1639632498, 0x5f5f63695f6c6173745f726567656e65726174657c693a313633393633323439383b),
('g5odoskvftcp7qld58nl5nop66ssdt0h', '157.37.177.255', 1639632498, 0x5f5f63695f6c6173745f726567656e65726174657c693a313633393633323439383b),
('r0c3ahdhjhelbbgpklrqlt7jtdr150d4', '157.37.177.255', 1639632500, 0x5f5f63695f6c6173745f726567656e65726174657c693a313633393633323530303b),
('d43mkcvjlciqkisfdd03vn53btltajij', '157.37.177.255', 1639632504, 0x5f5f63695f6c6173745f726567656e65726174657c693a313633393633323530343b),
('keimf3r3hv46l3d2lbss5ghv1kvokpfn', '157.37.177.255', 1639632505, 0x5f5f63695f6c6173745f726567656e65726174657c693a313633393633323530353b),
('3k8adep3j7c8vgpfni15s7e71mo55p0r', '157.37.177.255', 1639632506, 0x5f5f63695f6c6173745f726567656e65726174657c693a313633393633323530363b),
('mbjr9h2ctfg758iobp28gok6irjhj5vv', '157.37.177.255', 1639632511, 0x5f5f63695f6c6173745f726567656e65726174657c693a313633393633323531313b),
('27abgv8isrorvndpae981juagc96ecmo', '157.37.177.255', 1639632511, 0x5f5f63695f6c6173745f726567656e65726174657c693a313633393633323531313b),
('bposnerbsvcqrih5b44s3nepiibrc687', '157.37.177.255', 1639632511, 0x5f5f63695f6c6173745f726567656e65726174657c693a313633393633323531313b),
('s1bflb1d3bji5avlpesier2msrj3cqfr', '157.37.177.255', 1639632599, 0x5f5f63695f6c6173745f726567656e65726174657c693a313633393633323539393b),
('ppoti38lcgitplmg95aou9dk3lqoj5r8', '157.37.177.255', 1639632599, 0x5f5f63695f6c6173745f726567656e65726174657c693a313633393633323539393b),
('qaeblmga2kvtj6iklir1me5e42quk9bp', '157.37.177.255', 1639632599, 0x5f5f63695f6c6173745f726567656e65726174657c693a313633393633323539393b),
('120vvmu9ou18dep8deh2bhkh08ora0fb', '157.37.177.255', 1639632605, 0x5f5f63695f6c6173745f726567656e65726174657c693a313633393633323630353b),
('gepe9kph2h1tkgc7nfe450ppcbe4jjep', '157.37.177.255', 1639632605, 0x5f5f63695f6c6173745f726567656e65726174657c693a313633393633323630353b),
('2ufukqgf7332r9hqdgck9vf835ucsci5', '157.37.177.255', 1639632605, 0x5f5f63695f6c6173745f726567656e65726174657c693a313633393633323630353b),
('k4un3a6qqois29cb2akmp0211g3oj5tn', '157.37.177.255', 1639632608, 0x5f5f63695f6c6173745f726567656e65726174657c693a313633393633323630383b),
('4dr4sgcfa7plsnq4dom6llmouupa56p3', '157.37.177.255', 1639632608, 0x5f5f63695f6c6173745f726567656e65726174657c693a313633393633323630383b),
('rqimrkmjb64usv1j7eloonh63gn95l17', '157.37.177.255', 1639632610, 0x5f5f63695f6c6173745f726567656e65726174657c693a313633393633323631303b),
('u0li5u1ivf6m83jkprrfpkldpvf6ikn9', '157.37.177.255', 1639632614, 0x5f5f63695f6c6173745f726567656e65726174657c693a313633393633323631343b),
('q6aksv7u19qvjk675vm6g99nkvp56eon', '157.37.177.255', 1639632615, 0x5f5f63695f6c6173745f726567656e65726174657c693a313633393633323631353b),
('pd86g48tiqvp9aguntc69o3eo5h8psma', '157.37.177.255', 1639632617, 0x5f5f63695f6c6173745f726567656e65726174657c693a313633393633323631373b),
('6bt9gcb0kv3nq7jeg7btav3dn5gu9548', '157.37.177.255', 1639632621, 0x5f5f63695f6c6173745f726567656e65726174657c693a313633393633323632313b),
('27lfgibv7dgq36v1gf4uufm041m6g4ef', '157.37.177.255', 1639632622, 0x5f5f63695f6c6173745f726567656e65726174657c693a313633393633323632323b),
('9g5boo6j875rh40df97b35lhh3q4bmtq', '157.37.177.255', 1639632625, 0x5f5f63695f6c6173745f726567656e65726174657c693a313633393633323632353b),
('io9hb08okhmbf7pnc86u2f6kh6tql5h3', '157.37.177.255', 1639632647, 0x5f5f63695f6c6173745f726567656e65726174657c693a313633393633323634373b),
('fi3otbkkjcmndnd2rovu2mejmisehpg4', '157.37.177.255', 1639632648, 0x5f5f63695f6c6173745f726567656e65726174657c693a313633393633323634383b),
('bjsohrgidh6npm8rn4pjldgqo79ttd5a', '157.37.177.255', 1639632648, 0x5f5f63695f6c6173745f726567656e65726174657c693a313633393633323634383b),
('8greka9rqfbh2abd1a6kgtsm6hkb5ktk', '157.37.177.255', 1639632652, 0x5f5f63695f6c6173745f726567656e65726174657c693a313633393633323635323b),
('uojcn9tolp9rsfoiei95s475hl2g21ee', '157.37.177.255', 1639632658, 0x5f5f63695f6c6173745f726567656e65726174657c693a313633393633323635383b),
('t1h4jolfqjigdffbquakvbdmojnp3crh', '157.37.177.255', 1639632659, 0x5f5f63695f6c6173745f726567656e65726174657c693a313633393633323635393b),
('7cn2v5dck0tu125qoaia7o75k5rblo2m', '157.37.177.255', 1639632663, 0x5f5f63695f6c6173745f726567656e65726174657c693a313633393633323636333b),
('38s78759otp9vb80ji6fadcd5iivjo7p', '157.37.177.255', 1639632664, 0x5f5f63695f6c6173745f726567656e65726174657c693a313633393633323636343b),
('csojajq4le86b0h9e0s4ln98tdl243d3', '157.37.177.255', 1639632664, 0x5f5f63695f6c6173745f726567656e65726174657c693a313633393633323636343b),
('9g0ddbtlq5m9l0koletj2f89gatrqfop', '157.37.177.255', 1639632665, 0x5f5f63695f6c6173745f726567656e65726174657c693a313633393633323636353b),
('uac211h540do2ski94he3q1um6flv4f6', '157.37.177.255', 1639632667, 0x5f5f63695f6c6173745f726567656e65726174657c693a313633393633323636373b),
('njc6anchhcoirq0fl902a54g7v3gqn0l', '157.37.177.255', 1639632669, 0x5f5f63695f6c6173745f726567656e65726174657c693a313633393633323636393b),
('upnkmvm85j88jer7f5sn25mpghe6rmh4', '157.37.177.255', 1639632670, 0x5f5f63695f6c6173745f726567656e65726174657c693a313633393633323637303b),
('sirngprc51q2a5q6m0asn129r4fg0cd9', '157.37.177.255', 1639632671, 0x5f5f63695f6c6173745f726567656e65726174657c693a313633393633323637313b),
('fgikodf0sg5t77d4k99b441k6a95kiu1', '157.37.177.255', 1639632672, 0x5f5f63695f6c6173745f726567656e65726174657c693a313633393633323637323b),
('bftqi5fu386f7p1qmjvkuba87sq2ssfa', '157.37.177.255', 1639632674, 0x5f5f63695f6c6173745f726567656e65726174657c693a313633393633323637343b),
('g50hsi1jjq57vbs8qv1fhe1v0qc59gs0', '157.37.177.255', 1639632675, 0x5f5f63695f6c6173745f726567656e65726174657c693a313633393633323637353b),
('0451k676vb41qqm85lbgjs4jif6893l9', '157.37.177.255', 1639632676, 0x5f5f63695f6c6173745f726567656e65726174657c693a313633393633323637363b),
('96bjup311figu3jvvbalnphe9m84i3dl', '157.37.177.255', 1639632680, 0x5f5f63695f6c6173745f726567656e65726174657c693a313633393633323638303b),
('019kitrtcbbhtmt0mkvph91hu4qg3kt6', '157.37.177.255', 1639632682, 0x5f5f63695f6c6173745f726567656e65726174657c693a313633393633323638323b),
('rvdv40sr9g8tc19htrgjiok88rf4a95q', '157.37.177.255', 1639632683, 0x5f5f63695f6c6173745f726567656e65726174657c693a313633393633323638333b),
('fvbc07eje6f0b7n3056ct56cact3u13h', '157.37.177.255', 1639632684, 0x5f5f63695f6c6173745f726567656e65726174657c693a313633393633323638343b),
('ijmfa6gn44ju1cja9oqmbeuh58bkndto', '157.37.177.255', 1639632686, 0x5f5f63695f6c6173745f726567656e65726174657c693a313633393633323638363b),
('cs7204p663jcjavd25koaen522r33hdu', '157.37.177.255', 1639632687, 0x5f5f63695f6c6173745f726567656e65726174657c693a313633393633323638373b),
('eismio0psool40qlg5ahc18pf0ll1ofo', '157.37.177.255', 1639632689, 0x5f5f63695f6c6173745f726567656e65726174657c693a313633393633323638393b),
('kth9nh7mfed1lknlqujesf1cb075euh1', '157.37.177.255', 1639632691, 0x5f5f63695f6c6173745f726567656e65726174657c693a313633393633323639313b),
('8m8o8erlcq9i2asg8qtsb3h47brqeg91', '157.37.177.255', 1639632696, 0x5f5f63695f6c6173745f726567656e65726174657c693a313633393633323639363b),
('5mie1i6fb7vt75b0l89mb7hhkjolht4q', '157.37.177.255', 1639632714, 0x5f5f63695f6c6173745f726567656e65726174657c693a313633393633323731343b),
('le3h1746j57bnm9odaso2gpd8s7cdqll', '157.37.177.255', 1639632715, 0x5f5f63695f6c6173745f726567656e65726174657c693a313633393633323731353b),
('7av1des54i5iq9o4t83os1rn8dok76d4', '157.37.177.255', 1639632717, 0x5f5f63695f6c6173745f726567656e65726174657c693a313633393633323731373b),
('4kkkb6o1315dp15o4c9kagqmorhdiqbo', '157.37.177.255', 1639632721, 0x5f5f63695f6c6173745f726567656e65726174657c693a313633393633323732313b),
('gneo4hnm4fm4nde31vke91uuak4bu18v', '157.37.177.255', 1639632722, 0x5f5f63695f6c6173745f726567656e65726174657c693a313633393633323732323b),
('cdc8vrcr4hqk5g2n3tmrl0ka69gjk5q1', '157.37.177.255', 1639632725, 0x5f5f63695f6c6173745f726567656e65726174657c693a313633393633323732353b),
('u8fqpcftc45puvno1i3ei1094l25k3ci', '157.37.177.255', 1639632727, 0x5f5f63695f6c6173745f726567656e65726174657c693a313633393633323732373b),
('s18ejko5ejtb2qtsveo0g6dtut4hmo5r', '157.37.177.255', 1639632728, 0x5f5f63695f6c6173745f726567656e65726174657c693a313633393633323732383b),
('3julf6mdutc1qfmj2aigvb043jka9gs3', '157.37.177.255', 1639632730, 0x5f5f63695f6c6173745f726567656e65726174657c693a313633393633323733303b),
('r5hh2j572vijrv8h4lh800oarjg8v285', '157.37.177.255', 1639632731, 0x5f5f63695f6c6173745f726567656e65726174657c693a313633393633323733313b),
('80e7dl3ak2h66e82ujvcge4ut3b45q0j', '157.37.177.255', 1639632733, 0x5f5f63695f6c6173745f726567656e65726174657c693a313633393633323733333b),
('tufo0f51vuoa002fl9odmum3f4mhco0v', '157.37.177.255', 1639632952, 0x5f5f63695f6c6173745f726567656e65726174657c693a313633393633323935323b),
('savqjip11ccpeo7eh64re8bj7haivuva', '157.37.177.255', 1639632954, 0x5f5f63695f6c6173745f726567656e65726174657c693a313633393633323935343b),
('d3mkdkpoidocdoqlm6qf3k8dtn3l6kjp', '157.37.177.255', 1639632955, 0x5f5f63695f6c6173745f726567656e65726174657c693a313633393633323935353b),
('l6kgi4br1fie0kqqi3ns7mj5hgsfc9d5', '157.37.177.255', 1639633002, 0x5f5f63695f6c6173745f726567656e65726174657c693a313633393633333030323b),
('mlmrlrtqppc98s4h8ndsr5q2obbgd5hg', '157.37.177.255', 1639633003, 0x5f5f63695f6c6173745f726567656e65726174657c693a313633393633333030333b),
('utsq63b0vt2vr7bpic6ptf97og6o4dgn', '157.37.177.255', 1639633004, 0x5f5f63695f6c6173745f726567656e65726174657c693a313633393633333030343b),
('cm0mjalvvkn0or8973d77c3lmcpksdal', '157.37.177.255', 1639633011, 0x5f5f63695f6c6173745f726567656e65726174657c693a313633393633333031313b),
('tl4n4092vfo4aafab56ojqdkk8cp54u7', '157.37.177.255', 1639633012, 0x5f5f63695f6c6173745f726567656e65726174657c693a313633393633333031323b),
('15fm5bt18sbirj2m2pg3ah7jlm61v79c', '157.37.177.255', 1639633016, 0x5f5f63695f6c6173745f726567656e65726174657c693a313633393633333031363b),
('e9ijtc0nk9p66eimablk2f92q3lviutd', '157.37.177.255', 1639633016, 0x5f5f63695f6c6173745f726567656e65726174657c693a313633393633333031363b),
('7rdlqbe6vnpgmdv41pqr6hf9g3mf4k9m', '157.37.177.255', 1639633016, 0x5f5f63695f6c6173745f726567656e65726174657c693a313633393633333031363b),
('lgad552h4m3mp06s2sd3uo84d5iepgd2', '157.37.177.255', 1639633019, 0x5f5f63695f6c6173745f726567656e65726174657c693a313633393633333031393b),
('tgk23qcaloe7emf0hct62ort7993js0s', '157.37.177.255', 1639633021, 0x5f5f63695f6c6173745f726567656e65726174657c693a313633393633333032313b),
('j4vjhsv4erglou6rr4si97ileba009rg', '157.37.177.255', 1639633022, 0x5f5f63695f6c6173745f726567656e65726174657c693a313633393633333032323b),
('92n190lq7b3i9bprfrigdc29khdatrae', '157.37.177.255', 1639633023, 0x5f5f63695f6c6173745f726567656e65726174657c693a313633393633333032333b),
('0110e554vfjqakm7or9euglcgib37b9l', '157.37.177.255', 1639633025, 0x5f5f63695f6c6173745f726567656e65726174657c693a313633393633333032353b),
('jp2dqs6s0d0sj89ua221v1pidcgccn61', '157.37.177.255', 1639633029, 0x5f5f63695f6c6173745f726567656e65726174657c693a313633393633333032393b),
('m8fmjmjko5cn5817o55ketb5ki6cdig8', '157.37.177.255', 1639633031, 0x5f5f63695f6c6173745f726567656e65726174657c693a313633393633333033313b),
('4cpcllr9gjc5hs3ks9ms537scsaustki', '157.37.177.255', 1639633031, 0x5f5f63695f6c6173745f726567656e65726174657c693a313633393633333033313b),
('ebqimuh7hv76me2re9tfr7ankd8748td', '157.37.177.255', 1639633032, 0x5f5f63695f6c6173745f726567656e65726174657c693a313633393633333033323b),
('q8spg3baqf3h48r48jgsm91r63nbrnco', '157.37.177.255', 1639633034, 0x5f5f63695f6c6173745f726567656e65726174657c693a313633393633333033343b),
('u1a00t2rrslh3u6g3i4dh221tsgrf253', '157.37.177.255', 1639633035, 0x5f5f63695f6c6173745f726567656e65726174657c693a313633393633333033353b),
('5dcn4psj5lslja11aesfufa0gcthlj7h', '157.37.177.255', 1639633037, 0x5f5f63695f6c6173745f726567656e65726174657c693a313633393633333033373b),
('s6rbihamkmkv3iti122kb1ll26j0d3kr', '157.37.177.255', 1639633039, 0x5f5f63695f6c6173745f726567656e65726174657c693a313633393633333033393b),
('lqlucgfsmble9f704ano79uhg16m9d99', '157.37.177.255', 1639633042, 0x5f5f63695f6c6173745f726567656e65726174657c693a313633393633333034323b),
('rjq6eppvm5vvsn8tuml1399jon5ol1n1', '157.37.177.255', 1639633043, 0x5f5f63695f6c6173745f726567656e65726174657c693a313633393633333034333b),
('k2r2kranvpba2kjp83etufi5f17vg5p0', '47.31.141.211', 1639633284, 0x5f5f63695f6c6173745f726567656e65726174657c693a313633393633333238343b),
('93gcvlpfnrf2h4vjrqbtgejcc0bj27nj', '47.31.141.211', 1639633284, 0x5f5f63695f6c6173745f726567656e65726174657c693a313633393633333238343b),
('te1qrao74u5m7imdn92ga2k9fb7us94h', '47.31.141.211', 1639633288, 0x5f5f63695f6c6173745f726567656e65726174657c693a313633393633333238383b),
('ggv2bh3ossb1cndua1r14oihfu2nho5q', '47.31.137.201', 1639634030, 0x5f5f63695f6c6173745f726567656e65726174657c693a313633393633343033303b),
('r20vbgtf11rc4t2r2mpffd2fv66b1172', '47.31.137.201', 1639634031, 0x5f5f63695f6c6173745f726567656e65726174657c693a313633393633343033313b),
('jh95k7lcj2k1m92k6i31pchfd2pl4okk', '47.31.137.201', 1639634031, 0x5f5f63695f6c6173745f726567656e65726174657c693a313633393633343033313b),
('bi52juuv7sfpuiu4npvg637k6so4nidn', '47.31.137.201', 1639634031, 0x5f5f63695f6c6173745f726567656e65726174657c693a313633393633343033313b),
('ojdsktfnp441lsila5milttgs14dlss3', '47.31.137.201', 1639634033, 0x5f5f63695f6c6173745f726567656e65726174657c693a313633393633343033333b),
('hn5h5vmiprt5qdfjtmout5e14nqqvaco', '47.31.137.201', 1639634036, 0x5f5f63695f6c6173745f726567656e65726174657c693a313633393633343033363b),
('ro4fhrdlh13st9s2teb01etqlshrufdt', '47.31.137.201', 1639634037, 0x5f5f63695f6c6173745f726567656e65726174657c693a313633393633343033373b),
('s8infq33nvrcjfsskr3o6rd3c6dva4po', '47.31.137.201', 1639634038, 0x5f5f63695f6c6173745f726567656e65726174657c693a313633393633343033383b),
('mnrmgrtbi747e75713tk2mg2toi6apgf', '47.31.137.201', 1639634039, 0x5f5f63695f6c6173745f726567656e65726174657c693a313633393633343033393b),
('g6vjiagn0b5v2vcodkdrnjaogf0jdfl1', '47.31.137.201', 1639634042, 0x5f5f63695f6c6173745f726567656e65726174657c693a313633393633343034323b),
('gdfcpj3cp296uqnmha92csibc78dsdis', '47.31.137.201', 1639634043, 0x5f5f63695f6c6173745f726567656e65726174657c693a313633393633343034333b),
('nfbm434ujind8ll1382s0t6aojb25t1d', '47.31.137.201', 1639634044, 0x5f5f63695f6c6173745f726567656e65726174657c693a313633393633343034343b),
('nn43iu2l7rbrgc7mev6gvmhp4dk0kt6e', '47.31.137.201', 1639634045, 0x5f5f63695f6c6173745f726567656e65726174657c693a313633393633343034353b),
('oname4qtg2mu0lere7uiidc86v0pcuut', '47.31.137.201', 1639634048, 0x5f5f63695f6c6173745f726567656e65726174657c693a313633393633343034383b),
('gbhbkqhkagivqotj11h0nm7ufb85bnpu', '47.31.137.201', 1639634053, 0x5f5f63695f6c6173745f726567656e65726174657c693a313633393633343035333b),
('5fb08v4c4p3e2lkgtj2vi4fjl5690tl3', '47.31.137.201', 1639634055, 0x5f5f63695f6c6173745f726567656e65726174657c693a313633393633343035353b),
('5gj9ovs197pnfdet4s0ilelmo3kvio70', '47.31.137.201', 1639634055, 0x5f5f63695f6c6173745f726567656e65726174657c693a313633393633343035353b),
('ige21brjnokkmhobkskggcjkdk0it9fv', '47.31.137.201', 1639634073, 0x5f5f63695f6c6173745f726567656e65726174657c693a313633393633343037333b),
('uem6qg3mnbvva06b0h26sevu4c1vrddg', '47.31.137.201', 1639634075, 0x5f5f63695f6c6173745f726567656e65726174657c693a313633393633343037353b),
('56apbtd9atnh5t8jnh6aug7thkg4tp33', '47.31.137.201', 1639634078, 0x5f5f63695f6c6173745f726567656e65726174657c693a313633393633343037383b),
('um2msgmku167ls9olakgtdpfv79aecqf', '47.31.137.201', 1639634080, 0x5f5f63695f6c6173745f726567656e65726174657c693a313633393633343038303b),
('icug4r3p8qshmnqd5tv561smesbgtb2s', '47.31.137.201', 1639634083, 0x5f5f63695f6c6173745f726567656e65726174657c693a313633393633343038333b),
('okbh350qjdpgce0b0vkqn50aqmajds01', '47.31.137.201', 1639634087, 0x5f5f63695f6c6173745f726567656e65726174657c693a313633393633343038373b),
('cg61hdcvge3q03fvdkrks7eoogou4obk', '47.31.137.201', 1639634088, 0x5f5f63695f6c6173745f726567656e65726174657c693a313633393633343038383b),
('kjpdfafk634pk2svj7bt9qa9e39c769m', '47.31.137.201', 1639634089, 0x5f5f63695f6c6173745f726567656e65726174657c693a313633393633343038393b),
('t19b6kco0g6s8mdmp17ogr6mcc4oh3n2', '47.31.137.201', 1639634093, 0x5f5f63695f6c6173745f726567656e65726174657c693a313633393633343039333b),
('umgbpnh4kp7j9jjsm31rmp915rbpipkd', '47.31.137.201', 1639634094, 0x5f5f63695f6c6173745f726567656e65726174657c693a313633393633343039343b),
('3ngqis5b8i8sknoa8m21aj5hfgtesemp', '47.31.137.201', 1639634095, 0x5f5f63695f6c6173745f726567656e65726174657c693a313633393633343039353b),
('4qbsh8u3695cj50a80i126pjofgs86qf', '47.31.137.201', 1639634096, 0x5f5f63695f6c6173745f726567656e65726174657c693a313633393633343039363b),
('9pm4nq7fsusqcqgvpvq24uq97mh0hte4', '47.31.137.201', 1639634096, 0x5f5f63695f6c6173745f726567656e65726174657c693a313633393633343039363b),
('mdh0pfe9j42f1vnq5lhieocibbci53se', '47.31.137.201', 1639634097, 0x5f5f63695f6c6173745f726567656e65726174657c693a313633393633343039373b),
('v57jm10l0mtngtbb6cti7gl7kqvvtkra', '47.31.137.201', 1639634100, 0x5f5f63695f6c6173745f726567656e65726174657c693a313633393633343130303b),
('9gn1atkukat5j8m96a2bugvava4l70pu', '47.31.137.201', 1639634100, 0x5f5f63695f6c6173745f726567656e65726174657c693a313633393633343130303b),
('phsbvo4uben61vijlfcunafcjro2n9n4', '47.31.137.201', 1639634102, 0x5f5f63695f6c6173745f726567656e65726174657c693a313633393633343130323b),
('09mfvvjeh6brg0keksgiru2j0mija834', '47.31.137.201', 1639634105, 0x5f5f63695f6c6173745f726567656e65726174657c693a313633393633343130353b),
('n9cfnvh24hrucg0038mndc2ntuggh13c', '47.31.137.201', 1639634108, 0x5f5f63695f6c6173745f726567656e65726174657c693a313633393633343130383b),
('uc2344ore70bfkfl9u7ue9fkri13e5m5', '122.161.52.172', 1639635110, 0x5f5f63695f6c6173745f726567656e65726174657c693a313633393633353131303b6c6f67696e5573657249447c733a313a2231223b7363686f6f6c49447c733a313a2231223b636f64657c733a373a2248414b394b4638223b6e616d657c733a333a2248414c223b656d61696c7c733a31363a2268616c73616140676d61696c2e636f6d223b6d6f62696c657c733a31303a2239383138333936353132223b757365726e616d657c733a373a227363686f6f6c31223b696d6167657c733a32303a227363686f6f6c313534353034303332352e6a7067223b726f6c657c733a363a227363686f6f6c223b6c6f67676564696e7c623a313b6c6f676f7c733a31393a226c6f676f31363338303937303032312e706e67223b),
('v67nmc68sf5p00bi63tbubmqk5jo10n5', '47.31.137.201', 1639634116, 0x5f5f63695f6c6173745f726567656e65726174657c693a313633393633343131363b),
('92thppnv8qbajbalia2pm2hieul41mh9', '47.31.137.201', 1639634116, 0x5f5f63695f6c6173745f726567656e65726174657c693a313633393633343131363b),
('hiv78c5mc6n76mibh6j199q53e5kv0sq', '47.31.137.201', 1639634122, 0x5f5f63695f6c6173745f726567656e65726174657c693a313633393633343132323b),
('bt72gv82cifj0vkrcoq7n4dbrg5koutn', '47.31.137.201', 1639634124, 0x5f5f63695f6c6173745f726567656e65726174657c693a313633393633343132343b),
('b292rc4m199a8dsaqqfr5cac3ipg5627', '47.31.137.201', 1639634130, 0x5f5f63695f6c6173745f726567656e65726174657c693a313633393633343133303b),
('bf6208ebo7hidik2s1lv2focqnvagirh', '47.31.137.201', 1639634133, 0x5f5f63695f6c6173745f726567656e65726174657c693a313633393633343133333b),
('dumo3a7bbct17e7c9jsac2qqm1atg858', '47.31.137.201', 1639634178, 0x5f5f63695f6c6173745f726567656e65726174657c693a313633393633343137383b),
('3bsr6j57gbh7lp88biiiqcdfepe89cvu', '47.31.137.201', 1639634438, 0x5f5f63695f6c6173745f726567656e65726174657c693a313633393633343433383b),
('t7batrb7o11vohuodh40mutqosmbm7ur', '122.161.52.172', 1639635474, 0x5f5f63695f6c6173745f726567656e65726174657c693a313633393633353437343b6c6f67696e5573657249447c733a313a2231223b7363686f6f6c49447c733a313a2231223b636f64657c733a373a2248414b394b4638223b6e616d657c733a333a2248414c223b656d61696c7c733a31363a2268616c73616140676d61696c2e636f6d223b6d6f62696c657c733a31303a2239383138333936353132223b757365726e616d657c733a373a227363686f6f6c31223b696d6167657c733a32303a227363686f6f6c313534353034303332352e6a7067223b726f6c657c733a363a227363686f6f6c223b6c6f67676564696e7c623a313b6c6f676f7c733a31393a226c6f676f31363338303937303032312e706e67223b),
('6qm3d430dqbpk29cavfdqhvtjoh49ar8', '47.31.137.201', 1639635140, 0x5f5f63695f6c6173745f726567656e65726174657c693a313633393633353134303b),
('ha47loke7s6uq6vqq21qtk0goh08v7fg', '47.31.137.201', 1639635140, 0x5f5f63695f6c6173745f726567656e65726174657c693a313633393633353134303b),
('hltdu4vspsuld1284kmjim4816hhqqqa', '47.31.137.201', 1639635140, 0x5f5f63695f6c6173745f726567656e65726174657c693a313633393633353134303b),
('gcr0v7l64sjkdj60t7u1somcc6l306ie', '122.161.52.172', 1639637168, 0x5f5f63695f6c6173745f726567656e65726174657c693a313633393633373136383b6c6f67696e5573657249447c733a313a2231223b7363686f6f6c49447c733a313a2231223b636f64657c733a373a2248414b394b4638223b6e616d657c733a333a2248414c223b656d61696c7c733a31363a2268616c73616140676d61696c2e636f6d223b6d6f62696c657c733a31303a2239383138333936353132223b757365726e616d657c733a373a227363686f6f6c31223b696d6167657c733a32303a227363686f6f6c313534353034303332352e6a7067223b726f6c657c733a363a227363686f6f6c223b6c6f67676564696e7c623a313b6c6f676f7c733a31393a226c6f676f31363338303937303032312e706e67223b),
('hg4ra2h2a1rmmql5ebu9n1e0dugsa5uk', '47.31.136.18', 1639635850, 0x5f5f63695f6c6173745f726567656e65726174657c693a313633393633353835303b),
('u8dcqudvbiqqdfd2nev7dvdem6uenscp', '47.31.136.18', 1639636260, 0x5f5f63695f6c6173745f726567656e65726174657c693a313633393633363236303b),
('i5dg0n0sqcc80srel0sjqf8iu4sarmns', '47.31.136.18', 1639636409, 0x5f5f63695f6c6173745f726567656e65726174657c693a313633393633363430393b),
('k9j572h24f5ojh3mfuu9781hne6i84hj', '47.31.136.18', 1639636504, 0x5f5f63695f6c6173745f726567656e65726174657c693a313633393633363530343b),
('9opk1np1n35vo39db54qp5ajdeses6fj', '47.31.136.18', 1639636571, 0x5f5f63695f6c6173745f726567656e65726174657c693a313633393633363537313b),
('katdp6gnjji5r0r4act966t0lbjr7c90', '47.31.136.18', 1639636591, 0x5f5f63695f6c6173745f726567656e65726174657c693a313633393633363539313b),
('jkmjej9f1adnm0aj47jp2kqckfhg3v7t', '47.31.136.18', 1639636602, 0x5f5f63695f6c6173745f726567656e65726174657c693a313633393633363630323b),
('2jj8q3ci9og9715n9oqfsjc22dkvk7re', '47.31.136.18', 1639636677, 0x5f5f63695f6c6173745f726567656e65726174657c693a313633393633363637373b),
('gupmmrust1o5s5q1uu48or1eeidh6a6o', '47.31.136.18', 1639636677, 0x5f5f63695f6c6173745f726567656e65726174657c693a313633393633363637373b),
('odjmk1uq688qg7g0lek9lv1hn73lvihu', '47.31.136.18', 1639636678, 0x5f5f63695f6c6173745f726567656e65726174657c693a313633393633363637383b),
('eiu0gta6l7fdhg4tnq5nvksc6cct3kc5', '47.31.136.18', 1639636678, 0x5f5f63695f6c6173745f726567656e65726174657c693a313633393633363637383b),
('evj2evs5q4s51e38veudeol5c45n8uj5', '47.31.136.18', 1639636679, 0x5f5f63695f6c6173745f726567656e65726174657c693a313633393633363637393b),
('bntv2cul73hthf00tnb9pfa3f33nmqke', '47.31.136.18', 1639636851, 0x5f5f63695f6c6173745f726567656e65726174657c693a313633393633363835313b),
('uc9mcne9aff99frvq4k4gpd9bfm27c00', '47.31.136.18', 1639636895, 0x5f5f63695f6c6173745f726567656e65726174657c693a313633393633363839353b),
('8oeoq4aqs9ste1g2gtn75gp3ij92j2ho', '47.31.136.18', 1639636938, 0x5f5f63695f6c6173745f726567656e65726174657c693a313633393633363933383b),
('behpug4ceou9s1oolpqo6hng96m2705c', '47.31.136.18', 1639636945, 0x5f5f63695f6c6173745f726567656e65726174657c693a313633393633363934353b),
('7e92mrugk1dlt32058ngf0651k8csjki', '47.31.136.18', 1639636968, 0x5f5f63695f6c6173745f726567656e65726174657c693a313633393633363936383b),
('7rs7mo2ej85svrpgnlvnt833mbgj92bk', '47.31.136.18', 1639636969, 0x5f5f63695f6c6173745f726567656e65726174657c693a313633393633363936393b),
('7oq2vg8k22blhi9v33i0glo4qamcqs75', '47.31.136.18', 1639637025, 0x5f5f63695f6c6173745f726567656e65726174657c693a313633393633373032353b),
('69rrdlmsfqa22i2ora25fv7762cjv8nb', '47.31.136.18', 1639637026, 0x5f5f63695f6c6173745f726567656e65726174657c693a313633393633373032363b),
('89j9d6tc2gr8k3m54vhq5v707mrtuhlg', '47.31.136.18', 1639637026, 0x5f5f63695f6c6173745f726567656e65726174657c693a313633393633373032363b),
('vv29elgbjm2pjgpsmvo2b31ilu4qfp23', '47.31.136.18', 1639637031, 0x5f5f63695f6c6173745f726567656e65726174657c693a313633393633373033313b),
('vo64tfn85o8chrk75o3fr795gdrvv0dp', '47.31.136.18', 1639637033, 0x5f5f63695f6c6173745f726567656e65726174657c693a313633393633373033333b),
('2ga26p6ie1a0i3derbmijqcmemot4hhr', '47.31.136.18', 1639637034, 0x5f5f63695f6c6173745f726567656e65726174657c693a313633393633373033343b),
('8tflr9m875vgp7u4f81fnb9sbtmc9qce', '47.31.136.18', 1639637037, 0x5f5f63695f6c6173745f726567656e65726174657c693a313633393633373033373b),
('0pnpdta98qmviurt2mv3g1tkg08djiac', '47.31.136.18', 1639637040, 0x5f5f63695f6c6173745f726567656e65726174657c693a313633393633373034303b),
('le38e3nj61meoef5lp9hnndppflk19kh', '47.31.136.18', 1639637043, 0x5f5f63695f6c6173745f726567656e65726174657c693a313633393633373034333b),
('hact6qj96336eq1i06mjlu30qaekouo8', '47.31.136.18', 1639637043, 0x5f5f63695f6c6173745f726567656e65726174657c693a313633393633373034333b),
('05hmdp003dpbo61ffcadgukigbkqsbti', '47.31.136.18', 1639637052, 0x5f5f63695f6c6173745f726567656e65726174657c693a313633393633373035323b),
('fe9ha0pep1dd2sutmokhhmfilrvim5ct', '47.31.136.18', 1639637058, 0x5f5f63695f6c6173745f726567656e65726174657c693a313633393633373035383b),
('7pqlcm18oj4plo85m79dol4aji2ia594', '47.31.136.18', 1639637098, 0x5f5f63695f6c6173745f726567656e65726174657c693a313633393633373039383b),
('ail2jcb4o463fq0rtmc1t76kqmmhvgs8', '47.31.136.18', 1639637099, 0x5f5f63695f6c6173745f726567656e65726174657c693a313633393633373039393b),
('eqllrhcofsbjet73phtb6s88fauau1ef', '47.31.136.18', 1639637100, 0x5f5f63695f6c6173745f726567656e65726174657c693a313633393633373130303b),
('t70qfl44dsau3odr35rp77vvmh473419', '47.31.136.18', 1639637110, 0x5f5f63695f6c6173745f726567656e65726174657c693a313633393633373131303b),
('9v9qomgs5c5ibbf7j7hb7p8vb77j74bf', '47.31.136.18', 1639637111, 0x5f5f63695f6c6173745f726567656e65726174657c693a313633393633373131313b),
('jqosqlqir6csgq52679c4lt6kn1dmtvc', '47.31.136.18', 1639637135, 0x5f5f63695f6c6173745f726567656e65726174657c693a313633393633373133353b),
('l6ktu310fphv1r4t7csg5inptl0b301s', '47.31.136.18', 1639637147, 0x5f5f63695f6c6173745f726567656e65726174657c693a313633393633373134373b),
('o5t8stjpcs1vu09ooulpabgtsmn5jvjm', '122.161.52.172', 1639637475, 0x5f5f63695f6c6173745f726567656e65726174657c693a313633393633373437353b6c6f67696e5573657249447c733a313a2231223b7363686f6f6c49447c733a313a2231223b636f64657c733a373a2248414b394b4638223b6e616d657c733a333a2248414c223b656d61696c7c733a31363a2268616c73616140676d61696c2e636f6d223b6d6f62696c657c733a31303a2239383138333936353132223b757365726e616d657c733a373a227363686f6f6c31223b696d6167657c733a32303a227363686f6f6c313534353034303332352e6a7067223b726f6c657c733a363a227363686f6f6c223b6c6f67676564696e7c623a313b6c6f676f7c733a31393a226c6f676f31363338303937303032312e706e67223b),
('j7vhh2c91i532bp7qkiiqcboc1q1d4md', '47.31.136.18', 1639637210, 0x5f5f63695f6c6173745f726567656e65726174657c693a313633393633373231303b),
('h90slk9f7grc1ud21pe207ke9r3nfcmp', '47.31.136.18', 1639637211, 0x5f5f63695f6c6173745f726567656e65726174657c693a313633393633373231313b),
('ikic94o2267oo9lgib9o3g1ub4dbchdn', '47.31.136.18', 1639637227, 0x5f5f63695f6c6173745f726567656e65726174657c693a313633393633373232373b),
('k466e2rateurqocs5dbuo2glnabbbpe9', '47.31.136.18', 1639637251, 0x5f5f63695f6c6173745f726567656e65726174657c693a313633393633373235313b),
('pustkepc2hsdqk1obnq6antgga8e98g1', '47.31.136.18', 1639637285, 0x5f5f63695f6c6173745f726567656e65726174657c693a313633393633373238343b);

-- --------------------------------------------------------

--
-- Table structure for table `classes`
--

CREATE TABLE `classes` (
  `classID` int(11) NOT NULL,
  `schoolID` int(11) NOT NULL,
  `class` varchar(255) NOT NULL,
  `is_active` enum('Y','N') NOT NULL,
  `added_on` datetime NOT NULL
) ENGINE=MyISAM DEFAULT CHARSET=latin1;

--
-- Dumping data for table `classes`
--

INSERT INTO `classes` (`classID`, `schoolID`, `class`, `is_active`, `added_on`) VALUES
(1, 1, 'Nursey', 'Y', '2018-11-16 23:50:57'),
(2, 1, 'KG', 'Y', '2018-11-16 23:51:07'),
(3, 1, '1st', 'Y', '2018-11-16 23:51:14'),
(4, 1, '2nd', 'Y', '2018-11-16 23:51:20'),
(5, 1, '3rd', 'Y', '2018-11-16 23:51:28'),
(6, 2, '1', 'Y', '2018-11-17 12:15:20'),
(7, 2, '2', 'Y', '2018-11-17 12:15:30'),
(8, 2, '3', 'Y', '2018-11-17 12:15:36'),
(9, 5, '1', 'Y', '2018-11-20 13:47:51'),
(10, 2, '4', 'Y', '2018-12-07 16:48:30'),
(11, 6, 'Nursary', 'Y', '2018-12-12 17:45:41'),
(12, 6, '1st', 'Y', '2018-12-12 17:45:48'),
(13, 6, '2nd', 'Y', '2018-12-12 17:45:57'),
(14, 6, '3rd', 'Y', '2018-12-12 17:46:05'),
(15, 21, 'B.Ed', 'Y', '2018-12-27 11:32:41'),
(16, 21, 'D.El.Ed', 'Y', '2018-12-27 11:33:17'),
(17, 28, '1', 'Y', '2019-01-06 15:26:41'),
(18, 28, '2', 'Y', '2019-01-06 15:26:49'),
(19, 26, '1', 'Y', '2019-01-07 11:07:12'),
(20, 26, '2', 'Y', '2019-01-07 11:07:17'),
(21, 26, '3', 'Y', '2019-01-07 11:07:21'),
(22, 30, '1', 'Y', '2019-01-08 15:21:57'),
(23, 31, 'Nursey', 'Y', '2019-01-12 20:11:41'),
(24, 31, 'KG', 'Y', '2019-01-12 20:11:47'),
(25, 31, '1st', 'Y', '2019-01-12 20:11:52'),
(26, 31, '2nd', 'Y', '2019-01-12 20:11:56'),
(27, 31, '3rd', 'Y', '2019-01-12 20:12:01'),
(28, 34, '5', 'Y', '2019-01-14 11:28:33'),
(29, 35, '8', 'Y', '2019-01-14 11:57:37'),
(30, 36, 'nursery', 'Y', '2019-01-14 12:44:24'),
(31, 36, 'LKG', 'Y', '2019-01-14 12:44:37'),
(32, 36, 'UKG', 'Y', '2019-01-14 12:44:44'),
(33, 36, '1', 'Y', '2019-01-14 12:44:51'),
(34, 36, '2', 'Y', '2019-01-14 12:44:58'),
(35, 36, '3', 'Y', '2019-01-14 12:45:03'),
(36, 36, '4', 'Y', '2019-01-14 12:45:06'),
(37, 36, '5', 'Y', '2019-01-14 12:45:08'),
(38, 41, '1', 'Y', '2019-01-15 13:08:37'),
(39, 42, '1', 'Y', '2019-01-15 13:37:39'),
(40, 50, 'Nur', 'Y', '2019-01-16 16:45:31'),
(41, 51, 'Nur', 'Y', '2019-01-17 10:39:14'),
(42, 51, 'LKG', 'Y', '2019-01-17 10:39:22'),
(43, 51, 'UKG', 'Y', '2019-01-17 10:39:31'),
(44, 54, 'Nur', 'Y', '2019-01-21 14:24:06'),
(45, 57, '1', 'Y', '2019-01-24 17:04:27'),
(46, 57, '2', 'Y', '2019-01-24 17:07:02'),
(47, 57, '3', 'Y', '2019-01-24 17:07:28'),
(48, 57, '4', 'Y', '2019-01-24 17:07:35'),
(49, 57, '5', 'Y', '2019-01-24 17:07:41'),
(50, 57, '6', 'Y', '2019-01-24 17:07:53'),
(51, 57, '7', 'Y', '2019-01-24 17:15:30'),
(52, 57, '8', 'Y', '2019-02-04 22:44:05'),
(53, 57, '8', 'N', '2019-02-04 22:44:21'),
(54, 79, '11', 'Y', '2019-02-18 15:06:28'),
(55, 80, 'A', 'Y', '2019-02-22 14:38:47'),
(56, 84, 'A', 'Y', '2019-02-22 15:46:42'),
(57, 87, '1', 'Y', '2019-03-02 17:28:37'),
(58, 2, '2', 'Y', '2019-03-14 12:41:30'),
(59, 2, 'Nursary', 'Y', '2019-03-15 12:39:26'),
(60, 98, '1', 'Y', '2019-03-16 12:42:35'),
(61, 2, '1', 'Y', '2019-03-16 15:34:14'),
(62, 2, '1', 'Y', '2019-03-16 15:36:09'),
(63, 2, '8', 'Y', '2019-03-16 15:42:23'),
(64, 2, '9', 'Y', '2019-03-16 15:42:35'),
(65, 2, '4', 'Y', '2019-03-16 15:43:08'),
(66, 101, '1', 'Y', '2019-03-25 13:41:14'),
(67, 2, '0', 'Y', '2019-03-25 15:55:24'),
(68, 102, '5', 'Y', '2019-03-25 16:38:04'),
(69, 102, '11', 'Y', '2019-03-25 16:44:41'),
(70, 2, '09', 'Y', '2019-03-25 16:58:17'),
(71, 2, '45', 'Y', '2019-03-25 16:59:14'),
(72, 102, '46', 'Y', '2019-03-25 17:05:10'),
(73, 103, '1', 'Y', '2019-03-25 18:39:26'),
(74, 2, '11', 'Y', '2019-03-25 18:46:34'),
(75, 104, '1', 'Y', '2019-03-25 19:55:03'),
(76, 104, '2', 'Y', '2019-03-25 19:55:14'),
(77, 104, '3', 'Y', '2019-03-26 11:10:29'),
(78, 104, '4', 'Y', '2019-03-26 11:40:51'),
(79, 104, '5', 'Y', '2019-03-26 11:49:44'),
(80, 104, '6', 'Y', '2019-03-26 11:50:33'),
(81, 2, '56', 'Y', '2019-03-26 14:09:26'),
(82, 2, '99', 'Y', '2019-03-26 14:47:46'),
(83, 104, '7', 'Y', '2019-03-26 19:58:27'),
(84, 2, '45', 'Y', '2019-03-27 17:26:06'),
(85, 2, '577', 'Y', '2019-03-27 17:26:48'),
(86, 2, '528', 'Y', '2019-03-27 18:16:12'),
(87, 100, '1', 'Y', '2019-03-29 21:14:53'),
(88, 100, '2', 'Y', '2019-03-29 21:16:09'),
(89, 105, '5th', 'Y', '2019-12-07 20:32:54'),
(90, 106, '1', 'Y', '2020-08-13 12:39:16'),
(91, 107, 'mca', 'Y', '2021-10-04 16:58:47'),
(92, 108, 'nursery', 'Y', '2021-10-13 09:10:28'),
(93, 109, 'Nursary', 'Y', '2021-10-13 14:21:00'),
(94, 110, '10', 'Y', '2021-11-22 16:08:27'),
(95, 111, 'A', 'Y', '2021-12-03 19:20:56'),
(96, 111, 'V', 'Y', '2021-12-03 19:21:02'),
(97, 112, '1', 'Y', '2021-12-06 21:46:46'),
(98, 113, '1', 'Y', '2021-12-07 11:59:08'),
(99, 114, '10', 'Y', '2021-12-07 20:23:05'),
(100, 115, '10', 'Y', '2021-12-10 11:25:43'),
(101, 115, '11', 'Y', '2021-12-10 11:25:46'),
(102, 115, '12', 'Y', '2021-12-10 11:25:48');

-- --------------------------------------------------------

--
-- Table structure for table `concession`
--

CREATE TABLE `concession` (
  `concessionID` int(11) NOT NULL,
  `schoolID` int(11) NOT NULL,
  `concession` varchar(255) NOT NULL,
  `feehead` varchar(255) NOT NULL,
  `percentage` int(3) NOT NULL,
  `is_active` enum('Y','N') NOT NULL,
  `added_on` datetime NOT NULL,
  `modified_on` datetime DEFAULT NULL
) ENGINE=MyISAM DEFAULT CHARSET=latin1;

--
-- Dumping data for table `concession`
--

INSERT INTO `concession` (`concessionID`, `schoolID`, `concession`, `feehead`, `percentage`, `is_active`, `added_on`, `modified_on`) VALUES
(1, 57, 'Trust', '1', 50, 'Y', '2019-01-28 22:51:15', NULL),
(2, 57, 'Trust', '5', 20, 'Y', '2019-02-09 22:33:32', NULL),
(3, 2, 'Trust', '7', 50, 'Y', '2019-03-02 00:48:02', '2019-03-02 12:25:33'),
(4, 114, 'RTE', '12', 20, 'Y', '2021-12-10 15:58:00', NULL);

-- --------------------------------------------------------

--
-- Table structure for table `district`
--

CREATE TABLE `district` (
  `districtID` int(11) NOT NULL,
  `stateID` int(11) NOT NULL,
  `name` varchar(255) NOT NULL,
  `added_on` datetime NOT NULL
) ENGINE=MyISAM DEFAULT CHARSET=latin1;

--
-- Dumping data for table `district`
--

INSERT INTO `district` (`districtID`, `stateID`, `name`, `added_on`) VALUES
(1, 1, 'NICOBARS', '2018-11-29 16:24:00'),
(2, 1, 'NORTH AND MIDDLE ANDAMAN', '2018-11-30 16:24:00'),
(3, 1, 'SOUTH ANDAMANS', '2018-12-01 16:24:00'),
(4, 2, 'ANANTAPUR', '2018-12-02 16:24:00'),
(5, 2, 'CHITTOOR', '2018-12-03 16:24:00'),
(6, 2, 'EAST GODAVARI', '2018-12-04 16:24:00'),
(7, 2, 'GUNTUR', '2018-12-05 16:24:00'),
(8, 2, 'KRISHNA', '2018-12-06 16:24:00'),
(9, 2, 'KURNOOL', '2018-12-07 16:24:00'),
(10, 2, 'PRAKASAM', '2018-12-08 16:24:00'),
(11, 2, 'SPSR NELLORE', '2018-12-09 16:24:00'),
(12, 2, 'SRIKAKULAM', '2018-12-10 16:24:00'),
(13, 2, 'VISAKHAPATANAM', '2018-12-11 16:24:00'),
(14, 2, 'VIZIANAGARAM', '2018-12-12 16:24:00'),
(15, 2, 'WEST GODAVARI', '2018-12-13 16:24:00'),
(16, 2, 'Y.S.R.', '2018-12-14 16:24:00'),
(17, 3, 'ANJAW', '2018-12-15 16:24:00'),
(18, 3, 'CHANGLANG', '2018-12-16 16:24:00'),
(19, 3, 'DIBANG VALLEY', '2018-12-17 16:24:00'),
(20, 3, 'EAST KAMENG', '2018-12-18 16:24:00'),
(21, 3, 'EAST SIANG', '2018-12-19 16:24:00'),
(22, 3, 'Kra Daadi', '2018-12-20 16:24:00'),
(23, 3, 'KURUNG KUMEY', '2018-12-21 16:24:00'),
(24, 3, 'LOHIT', '2018-12-22 16:24:00'),
(25, 3, 'LONGDING', '2018-12-23 16:24:00'),
(26, 3, 'LOWER DIBANG VALLEY', '2018-12-24 16:24:00'),
(27, 3, 'LOWER SUBANSIRI', '2018-12-25 16:24:00'),
(28, 3, 'NAMSAI', '2018-12-26 16:24:00'),
(29, 3, 'PAPUM PARE', '2018-12-27 16:24:00'),
(30, 3, 'SIANG', '2018-12-28 16:24:00'),
(31, 3, 'TAWANG', '2018-12-29 16:24:00'),
(32, 3, 'TIRAP', '2018-12-30 16:24:00'),
(33, 3, 'UPPER SIANG', '2018-12-31 16:24:00'),
(34, 3, 'UPPER SUBANSIRI', '2019-01-01 16:24:00'),
(35, 3, 'WEST KAMENG', '2019-01-02 16:24:00'),
(36, 3, 'WEST SIANG', '2019-01-03 16:24:00'),
(37, 4, 'BAKSA', '2019-01-04 16:24:00'),
(38, 4, 'BARPETA', '2019-01-05 16:24:00'),
(39, 4, 'BONGAIGAON', '2019-01-06 16:24:00'),
(40, 4, 'CACHAR', '2019-01-07 16:24:00'),
(41, 4, 'CHIRANG', '2019-01-08 16:24:00'),
(42, 4, 'DARRANG', '2019-01-09 16:24:00'),
(43, 4, 'DHEMAJI', '2019-01-10 16:24:00'),
(44, 4, 'DHUBRI', '2019-01-11 16:24:00'),
(45, 4, 'DIBRUGARH', '2019-01-12 16:24:00'),
(46, 4, 'DIMA HASAO', '2019-01-13 16:24:00'),
(47, 4, 'GOALPARA', '2019-01-14 16:24:00'),
(48, 4, 'GOLAGHAT', '2019-01-15 16:24:00'),
(49, 4, 'HAILAKANDI', '2019-01-16 16:24:00'),
(50, 4, 'JORHAT', '2019-01-17 16:24:00'),
(51, 4, 'KAMRUP', '2019-01-18 16:24:00'),
(52, 4, 'KAMRUP METRO', '2019-01-19 16:24:00'),
(53, 4, 'KARBI ANGLONG', '2019-01-20 16:24:00'),
(54, 4, 'KARIMGANJ', '2019-01-21 16:24:00'),
(55, 4, 'KOKRAJHAR', '2019-01-22 16:24:00'),
(56, 4, 'LAKHIMPUR', '2019-01-23 16:24:00'),
(57, 4, 'MARIGAON', '2019-01-24 16:24:00'),
(58, 4, 'NAGAON', '2019-01-25 16:24:00'),
(59, 4, 'NALBARI', '2019-01-26 16:24:00'),
(60, 4, 'SIVASAGAR', '2019-01-27 16:24:00'),
(61, 4, 'SONITPUR', '2019-01-28 16:24:00'),
(62, 4, 'TINSUKIA', '2019-01-29 16:24:00'),
(63, 4, 'UDALGURI', '2019-01-30 16:24:00'),
(64, 5, 'ARARIA', '2019-01-31 16:24:00'),
(65, 5, 'ARWAL', '2019-02-01 16:24:00'),
(66, 5, 'AURANGABAD', '2019-02-02 16:24:00'),
(67, 5, 'BANKA', '2019-02-03 16:24:00'),
(68, 5, 'BEGUSARAI', '2019-02-04 16:24:00'),
(69, 5, 'BHAGALPUR', '2019-02-05 16:24:00'),
(70, 5, 'BHOJPUR', '2019-02-06 16:24:00'),
(71, 5, 'BUXAR', '2019-02-07 16:24:00'),
(72, 5, 'DARBHANGA', '2019-02-08 16:24:00'),
(73, 5, 'GAYA', '2019-02-09 16:24:00'),
(74, 5, 'GOPALGANJ', '2019-02-10 16:24:00'),
(75, 5, 'JAMUI', '2019-02-11 16:24:00'),
(76, 5, 'JEHANABAD', '2019-02-12 16:24:00'),
(77, 5, 'KAIMUR (BHABUA)', '2019-02-13 16:24:00'),
(78, 5, 'KATIHAR', '2019-02-14 16:24:00'),
(79, 5, 'KHAGARIA', '2019-02-15 16:24:00'),
(80, 5, 'KISHANGANJ', '2019-02-16 16:24:00'),
(81, 5, 'LAKHISARAI', '2019-02-17 16:24:00'),
(82, 5, 'MADHEPURA', '2019-02-18 16:24:00'),
(83, 5, 'MADHUBANI', '2019-02-19 16:24:00'),
(84, 5, 'MUNGER', '2019-02-20 16:24:00'),
(85, 5, 'MUZAFFARPUR', '2019-02-21 16:24:00'),
(86, 5, 'NALANDA', '2019-02-22 16:24:00'),
(87, 5, 'NAWADA', '2019-02-23 16:24:00'),
(88, 5, 'PASHCHIM CHAMPARAN', '2019-02-24 16:24:00'),
(89, 5, 'PATNA', '2019-02-25 16:24:00'),
(90, 5, 'PURBI CHAMPARAN', '2019-02-26 16:24:00'),
(91, 5, 'PURNIA', '2019-02-27 16:24:00'),
(92, 5, 'ROHTAS', '2019-02-28 16:24:00'),
(93, 5, 'SAHARSA', '2019-03-01 16:24:00'),
(94, 5, 'SAMASTIPUR', '2019-03-02 16:24:00'),
(95, 5, 'SARAN', '2019-03-03 16:24:00'),
(96, 5, 'SHEIKHPURA', '2019-03-04 16:24:00'),
(97, 5, 'SHEOHAR', '2019-03-05 16:24:00'),
(98, 5, 'SITAMARHI', '2019-03-06 16:24:00'),
(99, 5, 'SIWAN', '2019-03-07 16:24:00'),
(100, 5, 'SUPAUL', '2019-03-08 16:24:00'),
(101, 5, 'VAISHALI', '2019-03-09 16:24:00'),
(102, 6, 'CHANDIGARH', '2019-03-10 16:24:00'),
(103, 7, 'BALOD', '2019-03-11 16:24:00'),
(104, 7, 'BALODA BAZAR', '2019-03-12 16:24:00'),
(105, 7, 'BALRAMPUR', '2019-03-13 16:24:00'),
(106, 7, 'BASTAR', '2019-03-14 16:24:00'),
(107, 7, 'BEMETARA', '2019-03-15 16:24:00'),
(108, 7, 'BIJAPUR', '2019-03-16 16:24:00'),
(109, 7, 'BILASPUR', '2019-03-17 16:24:00'),
(110, 7, 'DANTEWADA', '2019-03-18 16:24:00'),
(111, 7, 'DHAMTARI', '2019-03-19 16:24:00'),
(112, 7, 'DURG', '2019-03-20 16:24:00'),
(113, 7, 'GARIYABAND', '2019-03-21 16:24:00'),
(114, 7, 'JANJGIR-CHAMPA', '2019-03-22 16:24:00'),
(115, 7, 'JASHPUR', '2019-03-23 16:24:00'),
(116, 7, 'KABIRDHAM', '2019-03-24 16:24:00'),
(117, 7, 'KANKER', '2019-03-25 16:24:00'),
(118, 7, 'KONDAGAON', '2019-03-26 16:24:00'),
(119, 7, 'KORBA', '2019-03-27 16:24:00'),
(120, 7, 'KOREA', '2019-03-28 16:24:00'),
(121, 7, 'MAHASAMUND', '2019-03-29 16:24:00'),
(122, 7, 'MUNGELI', '2019-03-30 16:24:00'),
(123, 7, 'NARAYANPUR', '2019-03-31 16:24:00'),
(124, 7, 'RAIGARH', '2019-04-01 16:24:00'),
(125, 7, 'RAIPUR', '2019-04-02 16:24:00'),
(126, 7, 'RAJNANDGAON', '2019-04-03 16:24:00'),
(127, 7, 'SUKMA', '2019-04-04 16:24:00'),
(128, 7, 'SURAJPUR', '2019-04-05 16:24:00'),
(129, 7, 'SURGUJA', '2019-04-06 16:24:00'),
(130, 8, 'DADRA AND NAGAR HAVELI', '2019-04-07 16:24:00'),
(131, 9, 'DAMAN', '2019-04-08 16:24:00'),
(132, 9, 'DIU', '2019-04-09 16:24:00'),
(133, 10, 'CENTRAL', '2019-04-10 16:24:00'),
(134, 10, 'EAST', '2019-04-11 16:24:00'),
(135, 10, 'NEW DELHI', '2019-04-12 16:24:00'),
(136, 10, 'NORTH', '2019-04-13 16:24:00'),
(137, 10, 'NORTH EAST', '2019-04-14 16:24:00'),
(138, 10, 'NORTH WEST', '2019-04-15 16:24:00'),
(139, 10, 'SHAHDARA', '2019-04-16 16:24:00'),
(140, 10, 'SOUTH', '2019-04-17 16:24:00'),
(141, 10, 'South East', '2019-04-18 16:24:00'),
(142, 10, 'SOUTH WEST', '2019-04-19 16:24:00'),
(143, 10, 'WEST', '2019-04-20 16:24:00'),
(144, 11, 'NORTH GOA', '2019-04-21 16:24:00'),
(145, 11, 'SOUTH GOA', '2019-04-22 16:24:00'),
(146, 12, 'AHMADABAD', '2019-04-23 16:24:00'),
(147, 12, 'AMRELI', '2019-04-24 16:24:00'),
(148, 12, 'ANAND', '2019-04-25 16:24:00'),
(149, 12, 'ARVALLI', '2019-04-26 16:24:00'),
(150, 12, 'BANAS KANTHA', '2019-04-27 16:24:00'),
(151, 12, 'BHARUCH', '2019-04-28 16:24:00'),
(152, 12, 'BHAVNAGAR', '2019-04-29 16:24:00'),
(153, 12, 'BOTAD', '2019-04-30 16:24:00'),
(154, 12, 'CHHOTAUDEPUR', '2019-05-01 16:24:00'),
(155, 12, 'DANG', '2019-05-02 16:24:00'),
(156, 12, 'DEVBHUMI DWARKA', '2019-05-03 16:24:00'),
(157, 12, 'DOHAD', '2019-05-04 16:24:00'),
(158, 12, 'GANDHINAGAR', '2019-05-05 16:24:00'),
(159, 12, 'GIR SOMNATH', '2019-05-06 16:24:00'),
(160, 12, 'JAMNAGAR', '2019-05-07 16:24:00'),
(161, 12, 'JUNAGADH', '2019-05-08 16:24:00'),
(162, 12, 'KACHCHH', '2019-05-09 16:24:00'),
(163, 12, 'KHEDA', '2019-05-10 16:24:00'),
(164, 12, 'MAHESANA', '2019-05-11 16:24:00'),
(165, 12, 'Mahisagar', '2019-05-12 16:24:00'),
(166, 12, 'MORBI', '2019-05-13 16:24:00'),
(167, 12, 'NARMADA', '2019-05-14 16:24:00'),
(168, 12, 'NAVSARI', '2019-05-15 16:24:00'),
(169, 12, 'PANCH MAHALS', '2019-05-16 16:24:00'),
(170, 12, 'PATAN', '2019-05-17 16:24:00'),
(171, 12, 'PORBANDAR', '2019-05-18 16:24:00'),
(172, 12, 'RAJKOT', '2019-05-19 16:24:00'),
(173, 12, 'SABAR KANTHA', '2019-05-20 16:24:00'),
(174, 12, 'SURAT', '2019-05-21 16:24:00'),
(175, 12, 'SURENDRANAGAR', '2019-05-22 16:24:00'),
(176, 12, 'TAPI', '2019-05-23 16:24:00'),
(177, 12, 'VADODARA', '2019-05-24 16:24:00'),
(178, 12, 'VALSAD', '2019-05-25 16:24:00'),
(179, 13, 'AMBALA', '2019-05-26 16:24:00'),
(180, 13, 'BHIWANI', '2019-05-27 16:24:00'),
(181, 13, 'CHARKI DADRI', '2019-05-28 16:24:00'),
(182, 13, 'FARIDABAD', '2019-05-29 16:24:00'),
(183, 13, 'FATEHABAD', '2019-05-30 16:24:00'),
(184, 13, 'GURUGRAM', '2019-05-31 16:24:00'),
(185, 13, 'HISAR', '2019-06-01 16:24:00'),
(186, 13, 'JHAJJAR', '2019-06-02 16:24:00'),
(187, 13, 'JIND', '2019-06-03 16:24:00'),
(188, 13, 'KAITHAL', '2019-06-04 16:24:00'),
(189, 13, 'KARNAL', '2019-06-05 16:24:00'),
(190, 13, 'KURUKSHETRA', '2019-06-06 16:24:00'),
(191, 13, 'MAHENDRAGARH', '2019-06-07 16:24:00'),
(192, 13, 'MEWAT', '2019-06-08 16:24:00'),
(193, 13, 'PALWAL', '2019-06-09 16:24:00'),
(194, 13, 'PANCHKULA', '2019-06-10 16:24:00'),
(195, 13, 'PANIPAT', '2019-06-11 16:24:00'),
(196, 13, 'REWARI', '2019-06-12 16:24:00'),
(197, 13, 'ROHTAK', '2019-06-13 16:24:00'),
(198, 13, 'SIRSA', '2019-06-14 16:24:00'),
(199, 13, 'SONIPAT', '2019-06-15 16:24:00'),
(200, 13, 'YAMUNANAGAR', '2019-06-16 16:24:00'),
(201, 14, 'BILASPUR', '2019-06-17 16:24:00'),
(202, 14, 'CHAMBA', '2019-06-18 16:24:00'),
(203, 14, 'HAMIRPUR', '2019-06-19 16:24:00'),
(204, 14, 'KANGRA', '2019-06-20 16:24:00'),
(205, 14, 'KINNAUR', '2019-06-21 16:24:00'),
(206, 14, 'KULLU', '2019-06-22 16:24:00'),
(207, 14, 'LAHUL AND SPITI', '2019-06-23 16:24:00'),
(208, 14, 'MANDI', '2019-06-24 16:24:00'),
(209, 14, 'SHIMLA', '2019-06-25 16:24:00'),
(210, 14, 'SIRMAUR', '2019-06-26 16:24:00'),
(211, 14, 'SOLAN', '2019-06-27 16:24:00'),
(212, 14, 'UNA', '2019-06-28 16:24:00'),
(213, 15, 'ANANTNAG', '2019-06-29 16:24:00'),
(214, 15, 'BADGAM', '2019-06-30 16:24:00'),
(215, 15, 'BANDIPORA', '2019-07-01 16:24:00'),
(216, 15, 'BARAMULLA', '2019-07-02 16:24:00'),
(217, 15, 'DODA', '2019-07-03 16:24:00'),
(218, 15, 'GANDERBAL', '2019-07-04 16:24:00'),
(219, 15, 'JAMMU', '2019-07-05 16:24:00'),
(220, 15, 'KARGIL', '2019-07-06 16:24:00'),
(221, 15, 'KATHUA', '2019-07-07 16:24:00'),
(222, 15, 'KISHTWAR', '2019-07-08 16:24:00'),
(223, 15, 'KULGAM', '2019-07-09 16:24:00'),
(224, 15, 'KUPWARA', '2019-07-10 16:24:00'),
(225, 15, 'LEH LADAKH', '2019-07-11 16:24:00'),
(226, 15, 'POONCH', '2019-07-12 16:24:00'),
(227, 15, 'PULWAMA', '2019-07-13 16:24:00'),
(228, 15, 'RAJAURI', '2019-07-14 16:24:00'),
(229, 15, 'RAMBAN', '2019-07-15 16:24:00'),
(230, 15, 'REASI', '2019-07-16 16:24:00'),
(231, 15, 'SAMBA', '2019-07-17 16:24:00'),
(232, 15, 'SHOPIAN', '2019-07-18 16:24:00'),
(233, 15, 'SRINAGAR', '2019-07-19 16:24:00'),
(234, 15, 'UDHAMPUR', '2019-07-20 16:24:00'),
(235, 16, 'BOKARO', '2019-07-21 16:24:00'),
(236, 16, 'CHATRA', '2019-07-22 16:24:00'),
(237, 16, 'DEOGHAR', '2019-07-23 16:24:00'),
(238, 16, 'DHANBAD', '2019-07-24 16:24:00'),
(239, 16, 'DUMKA', '2019-07-25 16:24:00'),
(240, 16, 'EAST SINGHBUM', '2019-07-26 16:24:00'),
(241, 16, 'GARHWA', '2019-07-27 16:24:00'),
(242, 16, 'GIRIDIH', '2019-07-28 16:24:00'),
(243, 16, 'GODDA', '2019-07-29 16:24:00'),
(244, 16, 'GUMLA', '2019-07-30 16:24:00'),
(245, 16, 'HAZARIBAGH', '2019-07-31 16:24:00'),
(246, 16, 'JAMTARA', '2019-08-01 16:24:00'),
(247, 16, 'KHUNTI', '2019-08-02 16:24:00'),
(248, 16, 'KODERMA', '2019-08-03 16:24:00'),
(249, 16, 'LATEHAR', '2019-08-04 16:24:00'),
(250, 16, 'LOHARDAGA', '2019-08-05 16:24:00'),
(251, 16, 'PAKUR', '2019-08-06 16:24:00'),
(252, 16, 'PALAMU', '2019-08-07 16:24:00'),
(253, 16, 'RAMGARH', '2019-08-08 16:24:00'),
(254, 16, 'RANCHI', '2019-08-09 16:24:00'),
(255, 16, 'SAHEBGANJ', '2019-08-10 16:24:00'),
(256, 16, 'SARAIKELA KHARSAWAN', '2019-08-11 16:24:00'),
(257, 16, 'SIMDEGA', '2019-08-12 16:24:00'),
(258, 16, 'WEST SINGHBHUM', '2019-08-13 16:24:00'),
(259, 17, 'BAGALKOT', '2019-08-14 16:24:00'),
(260, 17, 'BALLARI', '2019-08-15 16:24:00'),
(261, 17, 'BELAGAVI', '2019-08-16 16:24:00'),
(262, 17, 'BENGALURU RURAL', '2019-08-17 16:24:00'),
(263, 17, 'BENGALURU URBAN', '2019-08-18 16:24:00'),
(264, 17, 'BIDAR', '2019-08-19 16:24:00'),
(265, 17, 'CHAMARAJANAGAR', '2019-08-20 16:24:00'),
(266, 17, 'CHIKBALLAPUR', '2019-08-21 16:24:00'),
(267, 17, 'CHIKKAMAGALURU', '2019-08-22 16:24:00'),
(268, 17, 'CHITRADURGA', '2019-08-23 16:24:00'),
(269, 17, 'DAKSHIN KANNAD', '2019-08-24 16:24:00'),
(270, 17, 'DAVANGERE', '2019-08-25 16:24:00'),
(271, 17, 'DHARWAD', '2019-08-26 16:24:00'),
(272, 17, 'GADAG', '2019-08-27 16:24:00'),
(273, 17, 'HASSAN', '2019-08-28 16:24:00'),
(274, 17, 'HAVERI', '2019-08-29 16:24:00'),
(275, 17, 'KALABURAGI', '2019-08-30 16:24:00'),
(276, 17, 'KODAGU', '2019-08-31 16:24:00'),
(277, 17, 'KOLAR', '2019-09-01 16:24:00'),
(278, 17, 'KOPPAL', '2019-09-02 16:24:00'),
(279, 17, 'MANDYA', '2019-09-03 16:24:00'),
(280, 17, 'MYSURU', '2019-09-04 16:24:00'),
(281, 17, 'RAICHUR', '2019-09-05 16:24:00'),
(282, 17, 'RAMANAGARA', '2019-09-06 16:24:00'),
(283, 17, 'SHIVAMOGGA', '2019-09-07 16:24:00'),
(284, 17, 'TUMAKURU', '2019-09-08 16:24:00'),
(285, 17, 'UDUPI', '2019-09-09 16:24:00'),
(286, 17, 'UTTAR KANNAD', '2019-09-10 16:24:00'),
(287, 17, 'VIJAYAPURA', '2019-09-11 16:24:00'),
(288, 17, 'YADGIR', '2019-09-12 16:24:00'),
(289, 18, 'ALAPPUZHA', '2019-09-13 16:24:00'),
(290, 18, 'ERNAKULAM', '2019-09-14 16:24:00'),
(291, 18, 'IDUKKI', '2019-09-15 16:24:00'),
(292, 18, 'KANNUR', '2019-09-16 16:24:00'),
(293, 18, 'KASARAGOD', '2019-09-17 16:24:00'),
(294, 18, 'KOLLAM', '2019-09-18 16:24:00'),
(295, 18, 'KOTTAYAM', '2019-09-19 16:24:00'),
(296, 18, 'KOZHIKODE', '2019-09-20 16:24:00'),
(297, 18, 'MALAPPURAM', '2019-09-21 16:24:00'),
(298, 18, 'PALAKKAD', '2019-09-22 16:24:00'),
(299, 18, 'PATHANAMTHITTA', '2019-09-23 16:24:00'),
(300, 18, 'THIRUVANANTHAPURAM', '2019-09-24 16:24:00'),
(301, 18, 'THRISSUR', '2019-09-25 16:24:00'),
(302, 18, 'WAYANAD', '2019-09-26 16:24:00'),
(303, 19, 'LAKSHADWEEP DISTRICT', '2019-09-27 16:24:00'),
(304, 20, 'AGAR MALWA', '2019-09-28 16:24:00'),
(305, 20, 'ALIRAJPUR', '2019-09-29 16:24:00'),
(306, 20, 'ANUPPUR', '2019-09-30 16:24:00'),
(307, 20, 'ASHOKNAGAR', '2019-10-01 16:24:00'),
(308, 20, 'BALAGHAT', '2019-10-02 16:24:00'),
(309, 20, 'BARWANI', '2019-10-03 16:24:00'),
(310, 20, 'BETUL', '2019-10-04 16:24:00'),
(311, 20, 'BHIND', '2019-10-05 16:24:00'),
(312, 20, 'BHOPAL', '2019-10-06 16:24:00'),
(313, 20, 'BURHANPUR', '2019-10-07 16:24:00'),
(314, 20, 'CHHATARPUR', '2019-10-08 16:24:00'),
(315, 20, 'CHHINDWARA', '2019-10-09 16:24:00'),
(316, 20, 'DAMOH', '2019-10-10 16:24:00'),
(317, 20, 'DATIA', '2019-10-11 16:24:00'),
(318, 20, 'DEWAS', '2019-10-12 16:24:00'),
(319, 20, 'DHAR', '2019-10-13 16:24:00'),
(320, 20, 'DINDORI', '2019-10-14 16:24:00'),
(321, 20, 'EAST NIMAR', '2019-10-15 16:24:00'),
(322, 20, 'GUNA', '2019-10-16 16:24:00'),
(323, 20, 'GWALIOR', '2019-10-17 16:24:00'),
(324, 20, 'HARDA', '2019-10-18 16:24:00'),
(325, 20, 'HOSHANGABAD', '2019-10-19 16:24:00'),
(326, 20, 'INDORE', '2019-10-20 16:24:00'),
(327, 20, 'JABALPUR', '2019-10-21 16:24:00'),
(328, 20, 'JHABUA', '2019-10-22 16:24:00'),
(329, 20, 'KATNI', '2019-10-23 16:24:00'),
(330, 20, 'KHARGONE', '2019-10-24 16:24:00'),
(331, 20, 'MANDLA', '2019-10-25 16:24:00'),
(332, 20, 'MANDSAUR', '2019-10-26 16:24:00'),
(333, 20, 'MORENA', '2019-10-27 16:24:00'),
(334, 20, 'NARSINGHPUR', '2019-10-28 16:24:00'),
(335, 20, 'NEEMUCH', '2019-10-29 16:24:00'),
(336, 20, 'PANNA', '2019-10-30 16:24:00'),
(337, 20, 'RAISEN', '2019-10-31 16:24:00'),
(338, 20, 'RAJGARH', '2019-11-01 16:24:00'),
(339, 20, 'RATLAM', '2019-11-02 16:24:00'),
(340, 20, 'REWA', '2019-11-03 16:24:00'),
(341, 20, 'SAGAR', '2019-11-04 16:24:00'),
(342, 20, 'SATNA', '2019-11-05 16:24:00'),
(343, 20, 'SEHORE', '2019-11-06 16:24:00'),
(344, 20, 'SEONI', '2019-11-07 16:24:00'),
(345, 20, 'SHAHDOL', '2019-11-08 16:24:00'),
(346, 20, 'SHAJAPUR', '2019-11-09 16:24:00'),
(347, 20, 'SHEOPUR', '2019-11-10 16:24:00'),
(348, 20, 'SHIVPURI', '2019-11-11 16:24:00'),
(349, 20, 'SIDHI', '2019-11-12 16:24:00'),
(350, 20, 'SINGRAULI', '2019-11-13 16:24:00'),
(351, 20, 'TIKAMGARH', '2019-11-14 16:24:00'),
(352, 20, 'UJJAIN', '2019-11-15 16:24:00'),
(353, 20, 'UMARIA', '2019-11-16 16:24:00'),
(354, 20, 'VIDISHA', '2019-11-17 16:24:00'),
(355, 21, 'AHMEDNAGAR', '2019-11-18 16:24:00'),
(356, 21, 'AKOLA', '2019-11-19 16:24:00'),
(357, 21, 'AMRAVATI', '2019-11-20 16:24:00'),
(358, 21, 'AURANGABAD', '2019-11-21 16:24:00'),
(359, 21, 'BEED', '2019-11-22 16:24:00'),
(360, 21, 'BHANDARA', '2019-11-23 16:24:00'),
(361, 21, 'BULDHANA', '2019-11-24 16:24:00'),
(362, 21, 'CHANDRAPUR', '2019-11-25 16:24:00'),
(363, 21, 'DHULE', '2019-11-26 16:24:00'),
(364, 21, 'GADCHIROLI', '2019-11-27 16:24:00'),
(365, 21, 'GONDIA', '2019-11-28 16:24:00'),
(366, 21, 'HINGOLI', '2019-11-29 16:24:00'),
(367, 21, 'JALGAON', '2019-11-30 16:24:00'),
(368, 21, 'JALNA', '2019-12-01 16:24:00'),
(369, 21, 'KOLHAPUR', '2019-12-02 16:24:00'),
(370, 21, 'LATUR', '2019-12-03 16:24:00'),
(371, 21, 'MUMBAI', '2019-12-04 16:24:00'),
(372, 21, 'MUMBAI SUBURBAN', '2019-12-05 16:24:00'),
(373, 21, 'NAGPUR', '2019-12-06 16:24:00'),
(374, 21, 'NANDED', '2019-12-07 16:24:00'),
(375, 21, 'NANDURBAR', '2019-12-08 16:24:00'),
(376, 21, 'NASHIK', '2019-12-09 16:24:00'),
(377, 21, 'OSMANABAD', '2019-12-10 16:24:00'),
(378, 21, 'PALGHAR', '2019-12-11 16:24:00'),
(379, 21, 'PARBHANI', '2019-12-12 16:24:00'),
(380, 21, 'PUNE', '2019-12-13 16:24:00'),
(381, 21, 'RAIGAD', '2019-12-14 16:24:00'),
(382, 21, 'RATNAGIRI', '2019-12-15 16:24:00'),
(383, 21, 'SANGLI', '2019-12-16 16:24:00'),
(384, 21, 'SATARA', '2019-12-17 16:24:00'),
(385, 21, 'SINDHUDURG', '2019-12-18 16:24:00'),
(386, 21, 'SOLAPUR', '2019-12-19 16:24:00'),
(387, 21, 'THANE', '2019-12-20 16:24:00'),
(388, 21, 'WARDHA', '2019-12-21 16:24:00'),
(389, 21, 'WASHIM', '2019-12-22 16:24:00'),
(390, 21, 'YAVATMAL', '2019-12-23 16:24:00'),
(391, 22, 'BISHNUPUR', '2019-12-24 16:24:00'),
(392, 22, 'CHANDEL', '2019-12-25 16:24:00'),
(393, 22, 'CHURACHANDPUR', '2019-12-26 16:24:00'),
(394, 22, 'IMPHAL EAST', '2019-12-27 16:24:00'),
(395, 22, 'IMPHAL WEST', '2019-12-28 16:24:00'),
(396, 22, 'SENAPATI', '2019-12-29 16:24:00'),
(397, 22, 'TAMENGLONG', '2019-12-30 16:24:00'),
(398, 22, 'THOUBAL', '2019-12-31 16:24:00'),
(399, 22, 'UKHRUL', '2020-01-01 16:24:00'),
(400, 23, 'EAST GARO HILLS', '2020-01-02 16:24:00'),
(401, 23, 'EAST JAINTIA HILLS', '2020-01-03 16:24:00'),
(402, 23, 'EAST KHASI HILLS', '2020-01-04 16:24:00'),
(403, 23, 'NORTH GARO HILLS', '2020-01-05 16:24:00'),
(404, 23, 'RI BHOI', '2020-01-06 16:24:00'),
(405, 23, 'SOUTH GARO HILLS', '2020-01-07 16:24:00'),
(406, 23, 'SOUTH WEST GARO HILLS', '2020-01-08 16:24:00'),
(407, 23, 'SOUTH WEST KHASI HILLS', '2020-01-09 16:24:00'),
(408, 23, 'WEST GARO HILLS', '2020-01-10 16:24:00'),
(409, 23, 'WEST JAINTIA HILLS', '2020-01-11 16:24:00'),
(410, 23, 'WEST KHASI HILLS', '2020-01-12 16:24:00'),
(411, 24, 'AIZAWL', '2020-01-13 16:24:00'),
(412, 24, 'CHAMPHAI', '2020-01-14 16:24:00'),
(413, 24, 'KOLASIB', '2020-01-15 16:24:00'),
(414, 24, 'LAWNGTLAI', '2020-01-16 16:24:00'),
(415, 24, 'LUNGLEI', '2020-01-17 16:24:00'),
(416, 24, 'MAMIT', '2020-01-18 16:24:00'),
(417, 24, 'SAIHA', '2020-01-19 16:24:00'),
(418, 24, 'SERCHHIP', '2020-01-20 16:24:00'),
(419, 25, 'DIMAPUR', '2020-01-21 16:24:00'),
(420, 25, 'KIPHIRE', '2020-01-22 16:24:00'),
(421, 25, 'KOHIMA', '2020-01-23 16:24:00'),
(422, 25, 'LONGLENG', '2020-01-24 16:24:00'),
(423, 25, 'MOKOKCHUNG', '2020-01-25 16:24:00'),
(424, 25, 'MON', '2020-01-26 16:24:00'),
(425, 25, 'PEREN', '2020-01-27 16:24:00'),
(426, 25, 'PHEK', '2020-01-28 16:24:00'),
(427, 25, 'TUENSANG', '2020-01-29 16:24:00'),
(428, 25, 'WOKHA', '2020-01-30 16:24:00'),
(429, 25, 'ZUNHEBOTO', '2020-01-31 16:24:00'),
(430, 26, 'ANUGUL', '2020-02-01 16:24:00'),
(431, 26, 'BALANGIR', '2020-02-02 16:24:00'),
(432, 26, 'BALESHWAR', '2020-02-03 16:24:00'),
(433, 26, 'BARGARH', '2020-02-04 16:24:00'),
(434, 26, 'BHADRAK', '2020-02-05 16:24:00'),
(435, 26, 'BOUDH', '2020-02-06 16:24:00'),
(436, 26, 'CUTTACK', '2020-02-07 16:24:00'),
(437, 26, 'DEOGARH', '2020-02-08 16:24:00'),
(438, 26, 'DHENKANAL', '2020-02-09 16:24:00'),
(439, 26, 'GAJAPATI', '2020-02-10 16:24:00'),
(440, 26, 'GANJAM', '2020-02-11 16:24:00'),
(441, 26, 'JAGATSINGHAPUR', '2020-02-12 16:24:00'),
(442, 26, 'JAJAPUR', '2020-02-13 16:24:00'),
(443, 26, 'JHARSUGUDA', '2020-02-14 16:24:00'),
(444, 26, 'KALAHANDI', '2020-02-15 16:24:00'),
(445, 26, 'KANDHAMAL', '2020-02-16 16:24:00'),
(446, 26, 'KENDRAPARA', '2020-02-17 16:24:00'),
(447, 26, 'KENDUJHAR', '2020-02-18 16:24:00'),
(448, 26, 'KHORDHA', '2020-02-19 16:24:00'),
(449, 26, 'KORAPUT', '2020-02-20 16:24:00'),
(450, 26, 'MALKANGIRI', '2020-02-21 16:24:00'),
(451, 26, 'MAYURBHANJ', '2020-02-22 16:24:00'),
(452, 26, 'NABARANGPUR', '2020-02-23 16:24:00'),
(453, 26, 'NAYAGARH', '2020-02-24 16:24:00'),
(454, 26, 'NUAPADA', '2020-02-25 16:24:00'),
(455, 26, 'PURI', '2020-02-26 16:24:00'),
(456, 26, 'RAYAGADA', '2020-02-27 16:24:00'),
(457, 26, 'SAMBALPUR', '2020-02-28 16:24:00'),
(458, 26, 'SONEPUR', '2020-02-29 16:24:00'),
(459, 26, 'SUNDARGARH', '2020-03-01 16:24:00'),
(460, 27, 'KARAIKAL', '2020-03-02 16:24:00'),
(461, 27, 'MAHE', '2020-03-03 16:24:00'),
(462, 27, 'PONDICHERRY', '2020-03-04 16:24:00'),
(463, 27, 'YANAM', '2020-03-05 16:24:00'),
(464, 28, 'AMRITSAR', '2020-03-06 16:24:00'),
(465, 28, 'BARNALA', '2020-03-07 16:24:00'),
(466, 28, 'BATHINDA', '2020-03-08 16:24:00'),
(467, 28, 'FARIDKOT', '2020-03-09 16:24:00'),
(468, 28, 'FATEHGARH SAHIB', '2020-03-10 16:24:00'),
(469, 28, 'FAZILKA', '2020-03-11 16:24:00'),
(470, 28, 'FIROZEPUR', '2020-03-12 16:24:00'),
(471, 28, 'GURDASPUR', '2020-03-13 16:24:00'),
(472, 28, 'HOSHIARPUR', '2020-03-14 16:24:00'),
(473, 28, 'JALANDHAR', '2020-03-15 16:24:00'),
(474, 28, 'KAPURTHALA', '2020-03-16 16:24:00'),
(475, 28, 'LUDHIANA', '2020-03-17 16:24:00'),
(476, 28, 'MANSA', '2020-03-18 16:24:00'),
(477, 28, 'MOGA', '2020-03-19 16:24:00'),
(478, 28, 'NAWANSHAHR', '2020-03-20 16:24:00'),
(479, 28, 'PATHANKOT', '2020-03-21 16:24:00'),
(480, 28, 'PATIALA', '2020-03-22 16:24:00'),
(481, 28, 'RUPNAGAR', '2020-03-23 16:24:00'),
(482, 28, 'SANGRUR', '2020-03-24 16:24:00'),
(483, 28, 'S.A.S Nagar', '2020-03-25 16:24:00'),
(484, 28, 'SRI MUKTSAR SAHIB', '2020-03-26 16:24:00'),
(485, 28, 'Tarn Taran', '2020-03-27 16:24:00'),
(486, 29, 'AJMER', '2020-03-28 16:24:00'),
(487, 29, 'ALWAR', '2020-03-29 16:24:00'),
(488, 29, 'BANSWARA', '2020-03-30 16:24:00'),
(489, 29, 'BARAN', '2020-03-31 16:24:00'),
(490, 29, 'BARMER', '2020-04-01 16:24:00'),
(491, 29, 'BHARATPUR', '2020-04-02 16:24:00'),
(492, 29, 'BHILWARA', '2020-04-03 16:24:00'),
(493, 29, 'BIKANER', '2020-04-04 16:24:00'),
(494, 29, 'BUNDI', '2020-04-05 16:24:00'),
(495, 29, 'CHITTORGARH', '2020-04-06 16:24:00'),
(496, 29, 'CHURU', '2020-04-07 16:24:00'),
(497, 29, 'DAUSA', '2020-04-08 16:24:00'),
(498, 29, 'DHOLPUR', '2020-04-09 16:24:00'),
(499, 29, 'DUNGARPUR', '2020-04-10 16:24:00'),
(500, 29, 'GANGANAGAR', '2020-04-11 16:24:00'),
(501, 29, 'HANUMANGARH', '2020-04-12 16:24:00'),
(502, 29, 'JAIPUR', '2020-04-13 16:24:00'),
(503, 29, 'JAISALMER', '2020-04-14 16:24:00'),
(504, 29, 'JALORE', '2020-04-15 16:24:00'),
(505, 29, 'JHALAWAR', '2020-04-16 16:24:00'),
(506, 29, 'JHUNJHUNU', '2020-04-17 16:24:00'),
(507, 29, 'JODHPUR', '2020-04-18 16:24:00'),
(508, 29, 'KARAULI', '2020-04-19 16:24:00'),
(509, 29, 'KOTA', '2020-04-20 16:24:00'),
(510, 29, 'NAGAUR', '2020-04-21 16:24:00'),
(511, 29, 'PALI', '2020-04-22 16:24:00'),
(512, 29, 'PRATAPGARH', '2020-04-23 16:24:00'),
(513, 29, 'RAJSAMAND', '2020-04-24 16:24:00'),
(514, 29, 'SAWAI MADHOPUR', '2020-04-25 16:24:00'),
(515, 29, 'SIKAR', '2020-04-26 16:24:00'),
(516, 29, 'SIROHI', '2020-04-27 16:24:00'),
(517, 29, 'TONK', '2020-04-28 16:24:00'),
(518, 29, 'UDAIPUR', '2020-04-29 16:24:00'),
(519, 30, 'EAST DISTRICT', '2020-04-30 16:24:00'),
(520, 30, 'NORTH DISTRICT', '2020-05-01 16:24:00'),
(521, 30, 'SOUTH DISTRICT', '2020-05-02 16:24:00'),
(522, 30, 'WEST DISTRICT', '2020-05-03 16:24:00'),
(523, 31, 'Ariyalur', '2020-05-04 16:24:00'),
(524, 31, 'CHENNAI', '2020-05-05 16:24:00'),
(525, 31, 'COIMBATORE', '2020-05-06 16:24:00'),
(526, 31, 'CUDDALORE', '2020-05-07 16:24:00'),
(527, 31, 'DHARMAPURI', '2020-05-08 16:24:00'),
(528, 31, 'DINDIGUL', '2020-05-09 16:24:00'),
(529, 31, 'ERODE', '2020-05-10 16:24:00'),
(530, 31, 'KANCHIPURAM', '2020-05-11 16:24:00'),
(531, 31, 'KANNIYAKUMARI', '2020-05-12 16:24:00'),
(532, 31, 'KARUR', '2020-05-13 16:24:00'),
(533, 31, 'KRISHNAGIRI', '2020-05-14 16:24:00'),
(534, 31, 'MADURAI', '2020-05-15 16:24:00'),
(535, 31, 'NAGAPATTINAM', '2020-05-16 16:24:00'),
(536, 31, 'NAMAKKAL', '2020-05-17 16:24:00'),
(537, 31, 'PERAMBALUR', '2020-05-18 16:24:00'),
(538, 31, 'PUDUKKOTTAI', '2020-05-19 16:24:00'),
(539, 31, 'RAMANATHAPURAM', '2020-05-20 16:24:00'),
(540, 31, 'SALEM', '2020-05-21 16:24:00'),
(541, 31, 'SIVAGANGA', '2020-05-22 16:24:00'),
(542, 31, 'THANJAVUR', '2020-05-23 16:24:00'),
(543, 31, 'THENI', '2020-05-24 16:24:00'),
(544, 31, 'THE NILGIRIS', '2020-05-25 16:24:00'),
(545, 31, 'THIRUVALLUR', '2020-05-26 16:24:00'),
(546, 31, 'THIRUVARUR', '2020-05-27 16:24:00'),
(547, 31, 'TIRUCHIRAPPALLI', '2020-05-28 16:24:00'),
(548, 31, 'TIRUNELVELI', '2020-05-29 16:24:00'),
(549, 31, 'TIRUPPUR', '2020-05-30 16:24:00'),
(550, 31, 'TIRUVANNAMALAI', '2020-05-31 16:24:00'),
(551, 31, 'TUTICORIN', '2020-06-01 16:24:00'),
(552, 31, 'VELLORE', '2020-06-02 16:24:00'),
(553, 31, 'VILLUPURAM', '2020-06-03 16:24:00'),
(554, 31, 'VIRUDHUNAGAR', '2020-06-04 16:24:00'),
(555, 32, 'ADILABAD', '2020-06-05 16:24:00'),
(556, 32, 'BHADRADRI', '2020-06-06 16:24:00'),
(557, 32, 'HYDERABAD', '2020-06-07 16:24:00'),
(558, 32, 'Jagitial', '2020-06-08 16:24:00'),
(559, 32, 'JANGOAN', '2020-06-09 16:24:00'),
(560, 32, 'JAYASHANKAR', '2020-06-10 16:24:00'),
(561, 32, 'JOGULAMBA', '2020-06-11 16:24:00'),
(562, 32, 'KAMAREDDY', '2020-06-12 16:24:00'),
(563, 32, 'KARIMNAGAR', '2020-06-13 16:24:00'),
(564, 32, 'KHAMMAM', '2020-06-14 16:24:00'),
(565, 32, 'KOMARAM BHEEM ASIFABAD', '2020-06-15 16:24:00'),
(566, 32, 'MAHABUBABAD', '2020-06-16 16:24:00'),
(567, 32, 'MAHBUBNAGAR', '2020-06-17 16:24:00'),
(568, 32, 'MANCHERIAL', '2020-06-18 16:24:00'),
(569, 32, 'MEDAK', '2020-06-19 16:24:00'),
(570, 32, 'MEDCHAL', '2020-06-20 16:24:00'),
(571, 32, 'NAGARKURNOOL', '2020-06-21 16:24:00'),
(572, 32, 'NALGONDA', '2020-06-22 16:24:00'),
(573, 32, 'Nirmal', '2020-06-23 16:24:00'),
(574, 32, 'NIZAMABAD', '2020-06-24 16:24:00'),
(575, 32, 'PEDDAPALLI', '2020-06-25 16:24:00'),
(576, 32, 'RAJANNA', '2020-06-26 16:24:00'),
(577, 32, 'RANGAREDDI', '2020-06-27 16:24:00'),
(578, 32, 'SANGAREDDY', '2020-06-28 16:24:00'),
(579, 32, 'SIDDIPET', '2020-06-29 16:24:00'),
(580, 32, 'SURYAPET', '2020-06-30 16:24:00'),
(581, 32, 'VIKARABAD', '2020-07-01 16:24:00'),
(582, 32, 'WANAPARTHY', '2020-07-02 16:24:00'),
(583, 32, 'WARANGAL', '2020-07-03 16:24:00'),
(584, 32, 'WARANGAL URBAN', '2020-07-04 16:24:00'),
(585, 32, 'YADADRI', '2020-07-05 16:24:00'),
(586, 33, 'Dhalai', '2020-07-06 16:24:00'),
(587, 33, 'Gomati', '2020-07-07 16:24:00'),
(588, 33, 'Khowai', '2020-07-08 16:24:00'),
(589, 33, 'North Tripura', '2020-07-09 16:24:00'),
(590, 33, 'Sepahijala', '2020-07-10 16:24:00'),
(591, 33, 'South Tripura', '2020-07-11 16:24:00'),
(592, 33, 'Unakoti', '2020-07-12 16:24:00'),
(593, 33, 'West Tripura', '2020-07-13 16:24:00'),
(594, 34, 'ALMORA', '2020-07-14 16:24:00'),
(595, 34, 'BAGESHWAR', '2020-07-15 16:24:00'),
(596, 34, 'CHAMOLI', '2020-07-16 16:24:00'),
(597, 34, 'CHAMPAWAT', '2020-07-17 16:24:00'),
(598, 34, 'DEHRADUN', '2020-07-18 16:24:00'),
(599, 34, 'HARIDWAR', '2020-07-19 16:24:00'),
(600, 34, 'NAINITAL', '2020-07-20 16:24:00'),
(601, 34, 'PAURI GARHWAL', '2020-07-21 16:24:00'),
(602, 34, 'PITHORAGARH', '2020-07-22 16:24:00'),
(603, 34, 'RUDRA PRAYAG', '2020-07-23 16:24:00'),
(604, 34, 'TEHRI GARHWAL', '2020-07-24 16:24:00'),
(605, 34, 'UDAM SINGH NAGAR', '2020-07-25 16:24:00'),
(606, 34, 'UTTAR KASHI', '2020-07-26 16:24:00'),
(607, 35, 'AGRA', '2020-07-27 16:24:00'),
(608, 35, 'ALIGARH', '2020-07-28 16:24:00'),
(609, 35, 'ALLAHABAD', '2020-07-29 16:24:00'),
(610, 35, 'AMBEDKAR NAGAR', '2020-07-30 16:24:00'),
(611, 35, 'Amethi', '2020-07-31 16:24:00'),
(612, 35, 'AMROHA', '2020-08-01 16:24:00'),
(613, 35, 'AURAIYA', '2020-08-02 16:24:00'),
(614, 35, 'AZAMGARH', '2020-08-03 16:24:00'),
(615, 35, 'BAGHPAT', '2020-08-04 16:24:00'),
(616, 35, 'BAHRAICH', '2020-08-05 16:24:00'),
(617, 35, 'BALLIA', '2020-08-06 16:24:00'),
(618, 35, 'BALRAMPUR', '2020-08-07 16:24:00'),
(619, 35, 'BANDA', '2020-08-08 16:24:00'),
(620, 35, 'BARABANKI', '2020-08-09 16:24:00'),
(621, 35, 'BAREILLY', '2020-08-10 16:24:00'),
(622, 35, 'BASTI', '2020-08-11 16:24:00'),
(623, 35, 'BHADOHI', '2020-08-12 16:24:00'),
(624, 35, 'BIJNOR', '2020-08-13 16:24:00'),
(625, 35, 'BUDAUN', '2020-08-14 16:24:00'),
(626, 35, 'BULANDSHAHR', '2020-08-15 16:24:00'),
(627, 35, 'CHANDAULI', '2020-08-16 16:24:00'),
(628, 35, 'CHITRAKOOT', '2020-08-17 16:24:00'),
(629, 35, 'DEORIA', '2020-08-18 16:24:00'),
(630, 35, 'ETAH', '2020-08-19 16:24:00'),
(631, 35, 'ETAWAH', '2020-08-20 16:24:00'),
(632, 35, 'FAIZABAD', '2020-08-21 16:24:00'),
(633, 35, 'FARRUKHABAD', '2020-08-22 16:24:00'),
(634, 35, 'FATEHPUR', '2020-08-23 16:24:00'),
(635, 35, 'FIROZABAD', '2020-08-24 16:24:00'),
(636, 35, 'GAUTAM BUDDHA NAGAR', '2020-08-25 16:24:00'),
(637, 35, 'GHAZIABAD', '2020-08-26 16:24:00'),
(638, 35, 'GHAZIPUR', '2020-08-27 16:24:00'),
(639, 35, 'GONDA', '2020-08-28 16:24:00'),
(640, 35, 'GORAKHPUR', '2020-08-29 16:24:00'),
(641, 35, 'HAMIRPUR', '2020-08-30 16:24:00'),
(642, 35, 'HAPUR', '2020-08-31 16:24:00'),
(643, 35, 'HARDOI', '2020-09-01 16:24:00'),
(644, 35, 'HATHRAS', '2020-09-02 16:24:00'),
(645, 35, 'JALAUN', '2020-09-03 16:24:00'),
(646, 35, 'JAUNPUR', '2020-09-04 16:24:00'),
(647, 35, 'JHANSI', '2020-09-05 16:24:00'),
(648, 35, 'KANNAUJ', '2020-09-06 16:24:00'),
(649, 35, 'KANPUR DEHAT', '2020-09-07 16:24:00'),
(650, 35, 'KANPUR NAGAR', '2020-09-08 16:24:00'),
(651, 35, 'Kasganj', '2020-09-09 16:24:00'),
(652, 35, 'KAUSHAMBI', '2020-09-10 16:24:00'),
(653, 35, 'KHERI', '2020-09-11 16:24:00'),
(654, 35, 'KUSHI NAGAR', '2020-09-12 16:24:00'),
(655, 35, 'LALITPUR', '2020-09-13 16:24:00'),
(656, 35, 'LUCKNOW', '2020-09-14 16:24:00'),
(657, 35, 'MAHARAJGANJ', '2020-09-15 16:24:00'),
(658, 35, 'MAHOBA', '2020-09-16 16:24:00'),
(659, 35, 'MAINPURI', '2020-09-17 16:24:00'),
(660, 35, 'MATHURA', '2020-09-18 16:24:00'),
(661, 35, 'MAU', '2020-09-19 16:24:00'),
(662, 35, 'MEERUT', '2020-09-20 16:24:00'),
(663, 35, 'MIRZAPUR', '2020-09-21 16:24:00'),
(664, 35, 'MORADABAD', '2020-09-22 16:24:00'),
(665, 35, 'MUZAFFARNAGAR', '2020-09-23 16:24:00'),
(666, 35, 'PILIBHIT', '2020-09-24 16:24:00'),
(667, 35, 'PRATAPGARH', '2020-09-25 16:24:00'),
(668, 35, 'RAE BARELI', '2020-09-26 16:24:00'),
(669, 35, 'RAMPUR', '2020-09-27 16:24:00'),
(670, 35, 'SAHARANPUR', '2020-09-28 16:24:00'),
(671, 35, 'SAMBHAL', '2020-09-29 16:24:00'),
(672, 35, 'SANT KABEER NAGAR', '2020-09-30 16:24:00'),
(673, 35, 'SHAHJAHANPUR', '2020-10-01 16:24:00'),
(674, 35, 'SHAMLI', '2020-10-02 16:24:00'),
(675, 35, 'SHRAVASTI', '2020-10-03 16:24:00'),
(676, 35, 'SIDDHARTH NAGAR', '2020-10-04 16:24:00'),
(677, 35, 'SITAPUR', '2020-10-05 16:24:00'),
(678, 35, 'SONBHADRA', '2020-10-06 16:24:00'),
(679, 35, 'SULTANPUR', '2020-10-07 16:24:00'),
(680, 35, 'UNNAO', '2020-10-08 16:24:00'),
(681, 35, 'VARANASI', '2020-10-09 16:24:00'),
(682, 36, '24 PARAGANAS NORTH', '2020-10-10 16:24:00'),
(683, 36, '24 PARAGANAS SOUTH', '2020-10-11 16:24:00'),
(684, 36, 'Alipurduar', '2020-10-12 16:24:00'),
(685, 36, 'BANKURA', '2020-10-13 16:24:00'),
(686, 36, 'BARDHAMAN', '2020-10-14 16:24:00'),
(687, 36, 'BIRBHUM', '2020-10-15 16:24:00'),
(688, 36, 'COOCHBEHAR', '2020-10-16 16:24:00'),
(689, 36, 'DARJEELING', '2020-10-17 16:24:00'),
(690, 36, 'DINAJPUR DAKSHIN', '2020-10-18 16:24:00'),
(691, 36, 'DINAJPUR UTTAR', '2020-10-19 16:24:00'),
(692, 36, 'HOOGHLY', '2020-10-20 16:24:00'),
(693, 36, 'HOWRAH', '2020-10-21 16:24:00'),
(694, 36, 'JALPAIGURI', '2020-10-22 16:24:00'),
(695, 36, 'KOLKATA', '2020-10-23 16:24:00'),
(696, 36, 'MALDAH', '2020-10-24 16:24:00'),
(697, 36, 'MEDINIPUR EAST', '2020-10-25 16:24:00'),
(698, 36, 'MEDINIPUR WEST', '2020-10-26 16:24:00'),
(699, 36, 'MURSHIDABAD', '2020-10-27 16:24:00'),
(700, 36, 'NADIA', '2020-10-28 16:24:00'),
(701, 36, 'PURULIA', '2020-10-29 16:24:00');

-- --------------------------------------------------------

--
-- Table structure for table `driver`
--

CREATE TABLE `driver` (
  `driverID` int(11) NOT NULL,
  `schoolID` int(11) NOT NULL,
  `driver_name` varchar(255) NOT NULL,
  `image` varchar(255) DEFAULT NULL,
  `routeID` varchar(255) NOT NULL,
  `license_no` varchar(200) NOT NULL,
  `phone` varchar(200) NOT NULL,
  `email` varchar(255) NOT NULL,
  `password` varchar(200) NOT NULL,
  `status` enum('Y','N') NOT NULL DEFAULT 'Y',
  `added_on` datetime NOT NULL
) ENGINE=MyISAM DEFAULT CHARSET=latin1;

--
-- Dumping data for table `driver`
--

INSERT INTO `driver` (`driverID`, `schoolID`, `driver_name`, `image`, `routeID`, `license_no`, `phone`, `email`, `password`, `status`, `added_on`) VALUES
(1, 2, 'Arvind', NULL, '1', 'asdf', '1234567890', 'driver@driver.com', 'aaf956a9e183479db749bfed49a7200e7a70f820e420edcd85c487fa7f596805e1bae72263d95ddc9f008d7695dc0a838ca4c5f70c2695b203c2d77d7fe5d292', 'Y', '2019-01-17 10:50:31'),
(2, 2, 'Driver1', 'default.png', '1,2', 'abcxyz123', '1234567891', 'driver@driver.com', '96bcc3886898c1b1c79a0d56848ab90d72f9d795f52f2357cd50b7f1f51e61a1f372aa6bf252fa9eb19f0aa18f0ef8f440af743415535d53ea0ec53f8784d5ab', 'Y', '2019-02-27 18:35:19');

-- --------------------------------------------------------

--
-- Table structure for table `enquiry`
--

CREATE TABLE `enquiry` (
  `id` int(11) NOT NULL,
  `name` varchar(255) NOT NULL,
  `phone` varchar(255) NOT NULL,
  `email` varchar(255) NOT NULL,
  `message` varchar(255) NOT NULL,
  `added_on` date NOT NULL
) ENGINE=InnoDB DEFAULT CHARSET=latin1;

--
-- Dumping data for table `enquiry`
--

INSERT INTO `enquiry` (`id`, `name`, `phone`, `email`, `message`, `added_on`) VALUES
(2, 'test', '7733930397', 'test@gmail.com', 'aaaaaaaa', '2021-11-27'),
(3, 'test', '7733930397', 'test@gmail.com', 'zzzzzzzx`', '2021-11-27'),
(4, 'test', '7733930397', 'test@gmail.com', 'aaaa', '2021-11-27');

-- --------------------------------------------------------

--
-- Table structure for table `event`
--

CREATE TABLE `event` (
  `eventID` int(11) NOT NULL,
  `schoolID` int(11) NOT NULL,
  `userID` int(11) NOT NULL,
  `userType` varchar(200) NOT NULL,
  `event` varchar(200) NOT NULL,
  `start_on` datetime NOT NULL,
  `end_on` datetime NOT NULL,
  `location` varchar(255) NOT NULL,
  `event_image` varchar(255) NOT NULL,
  `description` text NOT NULL,
  `bus_required` varchar(10) NOT NULL,
  `no_of_bus` int(11) NOT NULL,
  `estimate_expense` int(11) NOT NULL,
  `fee_per_student` int(11) NOT NULL,
  `fee_per_user` int(11) NOT NULL,
  `status` varchar(100) NOT NULL,
  `added_on` datetime NOT NULL
) ENGINE=MyISAM DEFAULT CHARSET=latin1;

--
-- Dumping data for table `event`
--

INSERT INTO `event` (`eventID`, `schoolID`, `userID`, `userType`, `event`, `start_on`, `end_on`, `location`, `event_image`, `description`, `bus_required`, `no_of_bus`, `estimate_expense`, `fee_per_student`, `fee_per_user`, `status`, `added_on`) VALUES
(1, 1, 1, 'teacher', 'cbncv', '2018-12-18 18:22:00', '2018-12-19 16:22:00', '2833\'38.9\"N 7727\'08.0\"E', '1545051185.jpg', 'fhjk', 'yes', 2, 1000000, 200, 100, 'Y', '2018-12-17 18:23:05'),
(2, 2, 2, 'teacher', 'dhn', '2018-12-18 18:41:00', '2018-12-19 18:41:00', '2833\'39.4\"N 7727\'07.8\"E', '1545052338.jpg', 'cvjj', 'yes', 2, 10000, 200, 200, 'Y', '2018-12-17 18:42:18'),
(3, 2, 2, 'teacher', 'fjj', '2018-12-19 18:47:00', '2018-12-20 22:47:00', '2833\'39.4\"N 7727\'07.9\"E', '1545052845.jpg', 'xgjk', 'yes', 10, 2000000, 100, 200, 'Y', '2018-12-17 18:50:45'),
(4, 2, 2, 'teacher', 'chnj', '2018-12-18 01:55:00', '2018-12-19 18:56:00', 'Royale Interiors', '1545053264.jpg', 'fgkk', 'yes', 2, 2000000, 200, 200, 'Y', '2018-12-17 18:57:44'),
(5, 2, 2, 'school', 'vzvvz', '2018-12-26 17:47:00', '2018-12-27 17:47:00', 'Ace City by Ace Group', '1545653837.jpg', 'gzgzg', 'yes', 2, 50000, 299, 299, 'Y', '2018-12-24 17:47:17'),
(6, 2, 2, 'school', 'ddF', '2018-12-25 17:50:00', '2018-12-27 17:51:00', 'Ace City by Ace Group', '1545654040.png', 'czvzva', 'yes', 1, 30000000, 100, 101, 'Y', '2018-12-24 17:50:40'),
(7, 2, 2, 'school', 'ddF', '2018-12-25 17:50:00', '2018-12-27 17:51:00', 'Ace City by Ace Group', '1545654085.png', 'czvzva', 'yes', 1, 30000000, 100, 101, 'Y', '2018-12-24 17:51:25'),
(8, 2, 2, 'school', '', '1970-01-01 05:30:00', '1970-01-01 05:30:00', '', '1545657570.jpg', '', '', 0, 0, 0, 0, 'Y', '2018-12-24 18:49:30'),
(9, 2, 2, 'school', '', '1970-01-01 05:30:00', '1970-01-01 05:30:00', '', '1545657624.jpg', '', '', 0, 0, 0, 0, 'Y', '2018-12-24 18:50:24'),
(10, 2, 2, 'teacher', 'gsgsg', '2018-12-27 18:13:00', '2018-12-29 18:13:00', 'Ace City by Ace Group', '1545828206.jpg', 'gzvs', 'yes', 1, 20000, 100, 110, 'Y', '2018-12-26 18:13:26'),
(11, 28, 7, 'teacher', 'Game', '2019-01-09 14:42:00', '1970-01-01 05:30:00', '', '1546891992.png', 'cricket ', '', 0, 0, 0, 0, 'Y', '2019-01-08 01:43:12'),
(12, 41, 41, 'school', 'dance', '2019-01-15 13:39:00', '2019-01-16 13:39:00', '2645\'14.5\"N 8321\'42.2\"E', '1547539769.jpg', 'dance', 'yes', 1, 5000, 200, 400, 'Y', '2019-01-15 13:39:29'),
(13, 21, 14, 'teacher', 'goa trip', '2019-01-18 01:18:00', '2019-01-26 01:18:00', '2638\'11.3\"N 8456\'59.0\"E', '1547754652.png', '', 'venture', 1, 10000, 100, 150, 'Y', '2019-01-18 01:20:52'),
(14, 21, 14, 'teacher', 'culture program', '1970-01-01 05:30:00', '1970-01-01 05:30:00', '', '1548057731.jpg', '', '', 0, 0, 0, 0, 'Y', '2019-01-21 13:32:11'),
(15, 57, 57, 'school', 'patna ', '1970-01-01 05:30:00', '1970-01-01 05:30:00', 'Sudha Milk Parlour', '1549442029.png', 'seminar ', 'yes', 2, 500, 100, 400, 'Y', '2019-02-06 14:03:49'),
(16, 1, 1, 'Teacher', '', '1970-01-01 05:30:00', '1970-01-01 05:30:00', '', '1639398748.jpg', '', '', 0, 0, 0, 0, 'Y', '2021-12-13 18:02:28'),
(17, 1, 1, 'Teacher', 'Dancing ', '2021-12-15 13:24:00', '2021-12-31 14:24:00', '', '1639558575.png', 'hello dance', 'Yes', 10, 200, 500, 400, 'Y', '2021-12-15 14:26:15');

-- --------------------------------------------------------

--
-- Table structure for table `event_activity`
--

CREATE TABLE `event_activity` (
  `activityID` int(11) NOT NULL,
  `eventID` int(11) NOT NULL,
  `userID` int(11) NOT NULL,
  `userType` varchar(100) NOT NULL,
  `action_type` enum('interested','going') NOT NULL DEFAULT 'interested',
  `added_on` datetime NOT NULL
) ENGINE=MyISAM DEFAULT CHARSET=latin1;

--
-- Dumping data for table `event_activity`
--

INSERT INTO `event_activity` (`activityID`, `eventID`, `userID`, `userType`, `action_type`, `added_on`) VALUES
(16, 1, 1, 'School', 'interested', '2021-11-29 14:51:13'),
(15, 1, 1, 'School', 'going', '2021-11-29 14:51:10'),
(7, 12, 225, 'student', 'going', '2019-01-15 13:46:16'),
(6, 12, 225, 'student', 'interested', '2019-01-15 13:45:49'),
(8, 13, 14, 'teacher', 'going', '2019-01-18 01:21:16'),
(11, 15, 57, 'school', 'going', '2019-02-06 14:04:16');

-- --------------------------------------------------------

--
-- Table structure for table `exam`
--

CREATE TABLE `exam` (
  `examID` int(11) NOT NULL,
  `schoolID` int(11) NOT NULL,
  `exam_title` varchar(50) CHARACTER SET utf8 NOT NULL,
  `exam_note` longtext CHARACTER SET utf8 NOT NULL,
  `exam_status` int(11) NOT NULL,
  `exam_class` int(11) NOT NULL,
  `exam_section` varchar(100) NOT NULL,
  `exam_date` date NOT NULL,
  `on_date` timestamp NOT NULL DEFAULT CURRENT_TIMESTAMP
) ENGINE=InnoDB DEFAULT CHARSET=latin1;

--
-- Dumping data for table `exam`
--

INSERT INTO `exam` (`examID`, `schoolID`, `exam_title`, `exam_note`, `exam_status`, `exam_class`, `exam_section`, `exam_date`, `on_date`) VALUES
(1, 1, 'Half Yearly', 'Half yearly exam for all classes', 1, 1, '1,2', '2021-12-16', '2018-12-01 19:14:48'),
(2, 1, 'Half Yearly', 'Half yearly exam for all classes', 1, 2, '3,4', '2018-12-10', '2018-12-01 19:14:48'),
(3, 1, 'Half Yearly', 'Half yearly exam for all classes', 1, 3, '5,6', '2018-12-10', '2018-12-01 19:14:48'),
(4, 1, 'Half Yearly', 'Half yearly exam for all classes', 1, 4, '7,8', '2021-12-13', '2018-12-01 19:14:48'),
(5, 1, 'Half Yearly', 'Half yearly exam for all classes', 1, 5, '9,10,11', '2018-12-10', '2018-12-01 19:14:48'),
(6, 2, 'Half Yearly', 'Half Yearly', 0, 6, '12', '2018-12-31', '2018-12-07 18:00:10'),
(7, 2, 'Half Yearly', 'Half Yearly', 1, 7, '13', '2018-12-31', '2018-12-07 18:00:10'),
(8, 2, 'Half Yearly', 'Half Yearly', 1, 8, '14', '2018-12-31', '2018-12-07 18:00:10'),
(9, 2, 'Quarterly', 'Quarterly', 1, 6, '12', '2018-12-10', '2018-12-12 19:50:15'),
(10, 2, 'Quarterly', 'Quarterly', 1, 7, '13', '2018-12-10', '2018-12-12 19:50:15'),
(11, 2, 'Quarterly', 'Quarterly', 1, 8, '14', '2018-12-10', '2018-12-12 19:50:15'),
(12, 5, 'Final', 'Final Exam 2018', 0, 9, '15', '2018-12-11', '2018-12-14 11:27:41'),
(13, 28, 'Half Yearly', 'Hindi exam', 1, 17, '26,28', '2019-01-16', '2019-01-08 01:06:56'),
(14, 36, 'quaterly', 'quaterly exam for our school', 1, 33, '34,35', '2019-01-18', '2019-01-14 16:48:22'),
(15, 36, 'quaterly', 'quaterly exam for our school', 1, 34, '36,37', '2019-01-18', '2019-01-14 16:48:22'),
(16, 36, 'quaterly', 'quaterly exam for our school', 1, 35, '38,39', '2019-01-18', '2019-01-14 16:48:22'),
(17, 36, 'quaterly', 'quaterly exam for our school', 1, 36, '40,41', '2019-01-18', '2019-01-14 16:48:22'),
(18, 36, 'quaterly', 'quaterly exam for our school', 1, 37, '42,43', '2019-01-18', '2019-01-14 16:48:22'),
(19, 57, 'quaterly', 'quaterly', 1, 45, '55,56', '2019-02-08', '2019-01-24 18:27:51'),
(20, 57, 'quaterly', 'quaterly', 0, 46, '57,58', '2019-02-08', '2019-01-24 18:27:51'),
(21, 57, 'quaterly', 'quaterly', 0, 47, '59,60', '2019-02-08', '2019-01-24 18:27:51'),
(22, 57, 'half yearly', 'half yearly exam\r\n', 0, 45, '55,56', '2019-05-15', '2019-02-05 01:19:52'),
(23, 57, 'half yearly', 'half yearly exam\r\n', 1, 46, '57,58', '2019-05-15', '2019-02-05 01:19:52'),
(24, 57, 'half yearly', 'half yearly exam\r\n', 1, 47, '59,60', '2019-05-15', '2019-02-05 01:19:52'),
(25, 57, 'half yearly', 'half yearly exam\r\n', 1, 48, '61', '2019-05-15', '2019-02-05 01:19:52'),
(26, 57, 'pt exam', 'pt exam on my school', 0, 45, '55,56', '2019-02-20', '2019-02-12 12:14:26'),
(27, 2, 'Annual', 'Annual', 1, 6, '12', '2019-03-01', '2019-03-03 06:07:20'),
(28, 2, 'Annual', 'Annual', 1, 7, '13', '2019-03-01', '2019-03-03 06:07:20'),
(29, 2, 'Annual', 'Annual', 1, 8, '14', '2019-03-01', '2019-03-03 06:07:20');

-- --------------------------------------------------------

--
-- Table structure for table `exam_result`
--

CREATE TABLE `exam_result` (
  `exam_result_id` int(11) NOT NULL,
  `examID` int(11) NOT NULL,
  `studentID` int(11) NOT NULL,
  `subject` varchar(100) CHARACTER SET utf8 NOT NULL,
  `mark_obtain` varchar(100) CHARACTER SET utf8 NOT NULL,
  `total_mark` varchar(100) CHARACTER SET utf8 NOT NULL,
  `on_date` timestamp NOT NULL DEFAULT CURRENT_TIMESTAMP
) ENGINE=InnoDB DEFAULT CHARSET=latin1;

--
-- Dumping data for table `exam_result`
--

INSERT INTO `exam_result` (`exam_result_id`, `examID`, `studentID`, `subject`, `mark_obtain`, `total_mark`, `on_date`) VALUES
(1, 1, 3, 'Hindi', '46', '77', '2021-12-14 05:31:08'),
(2, 1, 1, 'Hindi', '49', '77', '2021-12-14 05:31:08'),
(3, 6, 10, 'ENGLISH', '25', '50', '2018-12-07 18:00:53'),
(4, 6, 5, 'ENGLISH', '30', '50', '2018-12-07 18:00:53'),
(5, 6, 2, 'ENGLISH', '45', '50', '2018-12-07 18:00:53'),
(6, 9, 10, 'ENGLISH', '45', '50', '2018-12-12 19:50:46'),
(7, 9, 5, 'ENGLISH', '50', '50', '2018-12-12 19:50:46'),
(8, 9, 2, 'ENGLISH', '49', '50', '2018-12-12 19:50:46'),
(9, 9, 10, 'SCIENCE', '45', '50', '2018-12-12 19:51:01'),
(10, 9, 5, 'SCIENCE', '45', '50', '2018-12-12 19:51:01'),
(11, 9, 2, 'SCIENCE', '45', '50', '2018-12-12 19:51:01'),
(12, 9, 10, 'SOCIAL SCIENCE', '40', '50', '2018-12-12 19:51:12'),
(13, 9, 5, 'SOCIAL SCIENCE', '40', '50', '2018-12-12 19:51:12'),
(14, 9, 2, 'SOCIAL SCIENCE', '40', '50', '2018-12-12 19:51:12'),
(15, 12, 4, 'ENGLISH', '90', '100', '2018-12-14 11:30:30'),
(16, 12, 4, 'Hindi', '85', '100', '2018-12-14 11:37:07'),
(17, 19, 227, 'hindi', '52', '100', '2019-01-25 21:10:01'),
(18, 19, 227, 'english', '77', '100', '2019-01-25 21:13:24'),
(19, 19, 227, 'science', '60', '100', '2019-01-25 21:14:33'),
(20, 19, 227, 'social science', '55', '100', '2019-01-25 21:14:53'),
(21, 22, 227, 'hindi', '30', '100', '2019-02-05 01:23:39'),
(22, 22, 232, 'hindi', '40', '100', '2019-02-05 01:23:39'),
(23, 26, 227, 'pt', '56', '100', '2019-02-12 12:17:19'),
(24, 26, 235, 'pt', '67', '100', '2019-02-12 12:17:19'),
(25, 26, 234, 'pt', '76', '100', '2019-02-12 12:17:19'),
(26, 26, 233, 'pt', '56', '100', '2019-02-12 12:17:19'),
(27, 26, 232, 'pt', '34', '100', '2019-02-12 12:17:19'),
(28, 1, 244, 'Hindi', '60', '77', '2021-12-14 05:31:08'),
(29, 1, 245, 'Hindi', '8', '77', '2021-12-14 05:31:08');

-- --------------------------------------------------------

--
-- Table structure for table `exam_routine`
--

CREATE TABLE `exam_routine` (
  `eroutineID` int(11) NOT NULL,
  `examID` int(11) NOT NULL,
  `subjectID` int(11) NOT NULL,
  `from_date` datetime NOT NULL,
  `to_date` datetime NOT NULL,
  `added_on` datetime NOT NULL,
  `modified_on` datetime DEFAULT NULL
) ENGINE=MyISAM DEFAULT CHARSET=latin1;

-- --------------------------------------------------------

--
-- Table structure for table `expense`
--

CREATE TABLE `expense` (
  `expenseID` int(11) UNSIGNED NOT NULL,
  `schoolID` int(11) NOT NULL,
  `create_date` date NOT NULL,
  `date` date NOT NULL,
  `expense` varchar(128) NOT NULL,
  `amount` varchar(11) NOT NULL,
  `userID` int(11) NOT NULL,
  `uname` varchar(60) NOT NULL,
  `usertype` varchar(20) NOT NULL,
  `expenseyear` year(4) NOT NULL,
  `note` text
) ENGINE=InnoDB DEFAULT CHARSET=utf8;

--
-- Dumping data for table `expense`
--

INSERT INTO `expense` (`expenseID`, `schoolID`, `create_date`, `date`, `expense`, `amount`, `userID`, `uname`, `usertype`, `expenseyear`, `note`) VALUES
(1, 2, '2019-03-02', '2019-03-02', 'test', '1000', 2, 'ARHN86O', 'school', 2019, '1000');

-- --------------------------------------------------------

--
-- Table structure for table `feehead`
--

CREATE TABLE `feehead` (
  `feeheadID` int(11) NOT NULL,
  `schoolID` int(11) NOT NULL,
  `feehead` varchar(255) NOT NULL,
  `is_onetime` enum('Y','N') NOT NULL DEFAULT 'N',
  `is_transport` enum('Y','N') NOT NULL DEFAULT 'N',
  `is_active` enum('Y','N') NOT NULL,
  `added_on` datetime NOT NULL,
  `modified_on` datetime DEFAULT NULL
) ENGINE=MyISAM DEFAULT CHARSET=latin1;

--
-- Dumping data for table `feehead`
--

INSERT INTO `feehead` (`feeheadID`, `schoolID`, `feehead`, `is_onetime`, `is_transport`, `is_active`, `added_on`, `modified_on`) VALUES
(1, 57, 'tution fee', 'N', 'N', 'Y', '2019-01-28 22:49:28', NULL),
(2, 57, 'transport fee', 'N', 'N', 'Y', '2019-01-28 23:18:48', NULL),
(3, 57, 'Examination fee', 'N', 'N', 'Y', '2019-01-30 23:38:04', NULL),
(4, 57, 'books fee', 'N', 'N', 'Y', '2019-02-06 13:12:38', '2019-02-06 13:42:58'),
(5, 57, 'dress fee', 'N', 'N', 'Y', '2019-02-09 22:26:16', NULL),
(6, 57, 'dress fee', 'N', 'N', 'Y', '2019-02-09 22:26:27', NULL),
(7, 2, 'Tution Fee', 'N', 'N', 'Y', '2019-03-01 23:59:08', NULL),
(8, 2, 'Exam Fee', 'N', 'N', 'Y', '2019-03-02 00:39:25', NULL),
(9, 2, 'Smart Class', 'N', 'N', 'Y', '2019-03-02 00:40:07', NULL),
(10, 57, 'Admission', 'N', 'N', 'Y', '2019-03-07 18:18:00', NULL),
(11, 2, 'Extra Charge', 'N', 'N', 'Y', '2019-03-26 09:27:35', NULL),
(12, 114, 'Registration fee', 'Y', 'N', 'Y', '2021-12-07 20:30:30', NULL),
(13, 114, 'Admission Fee', 'Y', 'N', 'Y', '2021-12-07 20:30:42', NULL),
(14, 114, 'Monthly Fee', 'N', 'N', 'Y', '2021-12-07 20:30:55', NULL),
(15, 114, 'Examination Fee', 'N', 'N', 'Y', '2021-12-07 20:31:15', NULL),
(16, 1, 'test', 'Y', 'N', 'Y', '2021-12-15 14:22:08', NULL);

-- --------------------------------------------------------

--
-- Table structure for table `feestructure`
--

CREATE TABLE `feestructure` (
  `feestructureID` int(11) NOT NULL,
  `schoolID` int(11) NOT NULL,
  `feeheadID` int(11) NOT NULL,
  `classID` int(11) NOT NULL,
  `amount` double NOT NULL,
  `added_on` datetime NOT NULL,
  `modified_on` datetime DEFAULT NULL
) ENGINE=MyISAM DEFAULT CHARSET=latin1;

--
-- Dumping data for table `feestructure`
--

INSERT INTO `feestructure` (`feestructureID`, `schoolID`, `feeheadID`, `classID`, `amount`, `added_on`, `modified_on`) VALUES
(1, 57, 1, 45, 500, '2019-01-28 22:50:25', NULL),
(2, 57, 1, 46, 500, '2019-01-28 22:50:25', NULL),
(3, 57, 1, 47, 500, '2019-01-28 22:50:25', NULL),
(4, 57, 1, 48, 500, '2019-01-28 22:50:25', NULL),
(5, 57, 1, 49, 500, '2019-01-28 22:50:25', NULL),
(6, 57, 1, 50, 500, '2019-01-28 22:50:25', NULL),
(7, 57, 1, 51, 500, '2019-01-28 22:50:25', NULL),
(8, 57, 2, 45, 300, '2019-01-28 23:19:38', '2019-01-30 22:58:07'),
(9, 57, 2, 46, 300, '2019-01-28 23:19:38', '2019-01-28 23:25:35'),
(10, 57, 2, 47, 300, '2019-01-28 23:19:38', '2019-01-28 23:23:11'),
(11, 57, 2, 48, 300, '2019-01-28 23:19:38', '2019-01-28 23:23:11'),
(12, 57, 2, 49, 300, '2019-01-28 23:19:38', '2019-01-28 23:23:11'),
(13, 57, 2, 50, 300, '2019-01-28 23:19:38', '2019-01-28 23:23:11'),
(14, 57, 2, 51, 300, '2019-01-28 23:19:38', '2019-01-28 23:23:11'),
(15, 57, 3, 45, 1000, '2019-01-30 23:39:07', '2019-02-01 23:20:57'),
(16, 57, 3, 46, 1000, '2019-01-30 23:39:07', '2019-02-01 23:20:57'),
(17, 57, 3, 47, 1000, '2019-01-30 23:39:07', '2019-02-01 23:20:57'),
(18, 57, 3, 48, 1000, '2019-01-30 23:39:07', '2019-02-01 23:20:57'),
(19, 57, 3, 49, 1000, '2019-01-30 23:39:07', '2019-02-01 23:20:57'),
(20, 57, 3, 50, 1000, '2019-01-30 23:39:07', '2019-02-01 23:20:57'),
(21, 57, 3, 51, 1000, '2019-01-30 23:39:07', '2019-02-01 23:20:57'),
(22, 57, 4, 45, 2000, '2019-02-06 13:35:14', '2019-02-07 01:02:03'),
(23, 57, 4, 46, 2000, '2019-02-06 13:35:14', '2019-02-07 01:02:03'),
(24, 57, 4, 47, 2000, '2019-02-06 13:35:14', '2019-02-07 01:02:03'),
(25, 57, 4, 48, 2000, '2019-02-06 13:35:14', '2019-02-07 01:02:03'),
(26, 57, 4, 49, 2000, '2019-02-06 13:35:14', '2019-02-07 01:02:03'),
(27, 57, 4, 50, 2000, '2019-02-06 13:35:14', '2019-02-07 01:02:03'),
(28, 57, 4, 51, 2000, '2019-02-06 13:35:14', '2019-02-07 01:02:03'),
(29, 57, 4, 52, 2000, '2019-02-06 13:35:14', '2019-02-07 01:02:03'),
(30, 57, 5, 45, 5000, '2019-02-09 22:32:30', '2019-03-05 23:12:14'),
(31, 57, 5, 46, 5000, '2019-02-09 22:32:30', '2019-03-05 23:12:14'),
(32, 57, 5, 47, 5000, '2019-02-09 22:32:30', '2019-03-05 23:12:14'),
(33, 57, 5, 48, 1000, '2019-02-09 22:32:30', '2019-03-05 23:08:56'),
(34, 57, 5, 49, 1000, '2019-02-09 22:32:30', '2019-03-05 23:08:56'),
(35, 57, 5, 50, 1000, '2019-02-09 22:32:30', '2019-03-05 23:08:56'),
(36, 57, 5, 51, 1000, '2019-02-09 22:32:30', '2019-03-05 23:08:56'),
(37, 57, 5, 52, 1000, '2019-02-09 22:32:30', '2019-03-05 23:08:56'),
(38, 2, 7, 6, 500, '2019-03-02 00:38:56', NULL),
(39, 2, 8, 6, 300, '2019-03-02 00:43:20', NULL),
(40, 2, 9, 6, 100, '2019-03-02 00:44:17', NULL),
(41, 57, 10, 45, 1000, '2019-03-07 18:20:52', NULL),
(42, 57, 10, 46, 1000, '2019-03-07 18:20:52', NULL),
(43, 57, 10, 47, 1000, '2019-03-07 18:20:52', NULL),
(44, 2, 11, 7, 200, '2019-03-26 09:29:04', NULL),
(45, 2, 11, 8, 200, '2019-03-26 09:29:04', NULL),
(46, 2, 11, 10, 200, '2019-03-26 09:29:04', NULL),
(47, 2, 11, 59, 200, '2019-03-26 09:29:04', NULL),
(48, 2, 11, 61, 200, '2019-03-26 09:29:04', NULL),
(49, 114, 12, 99, 500, '2021-12-07 20:32:12', NULL),
(50, 114, 13, 99, 5000, '2021-12-07 20:32:24', NULL),
(51, 114, 14, 99, 2400, '2021-12-07 20:32:48', NULL),
(52, 114, 15, 99, 600, '2021-12-07 20:33:03', NULL),
(53, 1, 16, 4, 100, '2021-12-15 14:22:45', NULL);

-- --------------------------------------------------------

--
-- Table structure for table `feetype`
--

CREATE TABLE `feetype` (
  `feetypeID` int(11) NOT NULL,
  `schoolID` int(11) NOT NULL,
  `feetype` varchar(255) NOT NULL,
  `feehead` varchar(255) NOT NULL,
  `is_active` enum('Y','N') NOT NULL,
  `added_on` datetime NOT NULL,
  `modified_on` datetime DEFAULT NULL
) ENGINE=MyISAM DEFAULT CHARSET=latin1;

--
-- Dumping data for table `feetype`
--

INSERT INTO `feetype` (`feetypeID`, `schoolID`, `feetype`, `feehead`, `is_active`, `added_on`, `modified_on`) VALUES
(1, 57, 'Regular', '1', 'Y', '2019-01-28 22:50:02', NULL),
(2, 57, 'Regular', '2', 'Y', '2019-01-28 23:19:09', NULL),
(3, 57, 'One Time', '', 'Y', '2019-01-30 23:38:27', '2019-02-06 13:43:42'),
(4, 57, 'One Time', '3', 'Y', '2019-02-01 23:19:58', NULL),
(5, 57, 'One Time', '', 'Y', '2019-02-06 13:34:12', '2019-02-06 13:43:31'),
(6, 57, 'One Time', '4', 'Y', '2019-02-07 01:01:32', NULL),
(7, 57, 'One Time', '6', 'Y', '2019-02-09 22:27:11', NULL),
(8, 57, 'One Time', '6', 'Y', '2019-02-09 22:30:15', NULL),
(9, 2, 'Regular', '7,8,9,11', 'Y', '2019-03-02 00:38:24', '2019-03-26 09:28:08'),
(10, 57, 'One Time', '5', 'Y', '2019-03-05 23:11:23', NULL),
(11, 57, 'testing', '1,2,3,4,5', 'Y', '2019-03-06 22:25:53', NULL),
(12, 57, 'One Time', '10', 'Y', '2019-03-07 18:20:00', NULL),
(13, 114, 'MONTHLY', '14', 'Y', '2021-12-10 15:55:27', NULL),
(14, 1, 'regular', '16', 'Y', '2021-12-15 14:22:26', NULL);

-- --------------------------------------------------------

--
-- Table structure for table `fine`
--

CREATE TABLE `fine` (
  `fineID` int(11) NOT NULL,
  `schoolID` int(11) NOT NULL,
  `userID` int(11) NOT NULL,
  `role` varchar(255) DEFAULT NULL,
  `type` varchar(255) DEFAULT NULL,
  `invoiceID` int(11) DEFAULT NULL,
  `amount` varchar(255) DEFAULT NULL,
  `paid` varchar(255) DEFAULT NULL,
  `due` varchar(255) DEFAULT NULL,
  `added_on` datetime DEFAULT NULL,
  `modified_on` datetime DEFAULT NULL
) ENGINE=MyISAM DEFAULT CHARSET=latin1;

-- --------------------------------------------------------

--
-- Table structure for table `frame`
--

CREATE TABLE `frame` (
  `frameID` int(11) NOT NULL,
  `subID` int(11) NOT NULL,
  `image` varchar(255) NOT NULL,
  `added_on` datetime NOT NULL
) ENGINE=MyISAM DEFAULT CHARSET=latin1;

--
-- Dumping data for table `frame`
--

INSERT INTO `frame` (`frameID`, `subID`, `image`, `added_on`) VALUES
(99, 1, '15260142971.png', '2018-05-11 10:21:37'),
(100, 1, '15260143301.png', '2018-05-11 10:22:10'),
(101, 1, '15260145241.png', '2018-05-11 10:25:24'),
(65, 2, '15244831041.png', '2018-04-23 17:01:44'),
(66, 2, '15244831421.png', '2018-04-23 17:02:22'),
(108, 1, '15260202841.png', '2018-05-11 12:01:24'),
(109, 1, '15260203171.png', '2018-05-11 12:01:57'),
(70, 2, '15244832451.png', '2018-04-23 17:04:05'),
(55, 22, '15244824581.png', '2018-04-23 16:50:58'),
(64, 22, '15244829581.png', '2018-04-23 16:59:18'),
(21, 5, '15197950591.jpeg', '2018-02-28 10:47:39'),
(22, 5, '15197950791.jpeg', '2018-02-28 10:47:59'),
(23, 20, '15214539271.jpeg', '2018-03-19 15:35:27'),
(24, 20, '15214539581.jpeg', '2018-03-19 15:35:58'),
(61, 22, '15244827391.png', '2018-04-23 16:55:39'),
(110, 1, '15260203411.png', '2018-05-11 12:02:21'),
(69, 2, '15244832211.png', '2018-04-23 17:03:41'),
(56, 22, '15244824961.png', '2018-04-23 16:51:36'),
(68, 2, '15244831711.png', '2018-04-23 17:02:51'),
(67, 2, '15244831601.png', '2018-04-23 17:02:40'),
(60, 22, '15244826911.png', '2018-04-23 16:54:51'),
(59, 22, '15244826581.png', '2018-04-23 16:54:18'),
(57, 22, '15244825351.png', '2018-04-23 16:52:15'),
(58, 22, '15244826111.png', '2018-04-23 16:53:31'),
(62, 22, '15244828221.png', '2018-04-23 16:57:02'),
(63, 22, '15244828751.png', '2018-04-23 16:57:55'),
(71, 2, '15244832641.png', '2018-04-23 17:04:24'),
(72, 2, '15244832931.png', '2018-04-23 17:04:53'),
(73, 13, '15245407021.png', '2018-04-24 09:01:42'),
(74, 13, '15245407521.png', '2018-04-24 09:02:32'),
(75, 13, '15245408071.png', '2018-04-24 09:03:27'),
(76, 13, '15245408751.png', '2018-04-24 09:04:35'),
(77, 13, '15245409261.png', '2018-04-24 09:05:26'),
(78, 13, '15245410701.png', '2018-04-24 09:07:50'),
(79, 13, '15245411321.png', '2018-04-24 09:08:52'),
(80, 13, '15247417541.png', '2018-04-26 16:52:34'),
(81, 13, '15247418231.png', '2018-04-26 16:53:43'),
(82, 13, '15247419141.png', '2018-04-26 16:55:14'),
(83, 13, '15247420081.png', '2018-04-26 16:56:48'),
(84, 13, '15247420651.png', '2018-04-26 16:57:45'),
(85, 13, '15247421541.png', '2018-04-26 16:59:14'),
(86, 22, '15260130541.png', '2018-05-11 10:00:54'),
(87, 22, '15260131511.png', '2018-05-11 10:02:31'),
(88, 22, '15260132081.png', '2018-05-11 10:03:28'),
(89, 22, '15260132821.png', '2018-05-11 10:04:42'),
(90, 22, '15260134301.png', '2018-05-11 10:07:10'),
(91, 22, '15260135261.png', '2018-05-11 10:08:46'),
(92, 22, '15260135991.png', '2018-05-11 10:09:59'),
(93, 22, '15260136941.png', '2018-05-11 10:11:34'),
(94, 22, '15260137471.png', '2018-05-11 10:12:27'),
(95, 23, '15260138511.png', '2018-05-11 10:14:11'),
(96, 23, '15260139121.png', '2018-05-11 10:15:12'),
(97, 23, '15260139701.png', '2018-05-11 10:16:10'),
(98, 23, '15260140131.png', '2018-05-11 10:16:53'),
(102, 1, '15260145631.png', '2018-05-11 10:26:03'),
(103, 1, '15260146461.png', '2018-05-11 10:27:26'),
(104, 1, '15260146781.png', '2018-05-11 10:27:58'),
(105, 1, '15260147241.png', '2018-05-11 10:28:44'),
(106, 1, '15260147491.png', '2018-05-11 10:29:09'),
(107, 1, '15260147771.png', '2018-05-11 10:29:37'),
(111, 1, '15260203631.png', '2018-05-11 12:02:43'),
(112, 1, '15260203921.png', '2018-05-11 12:03:12'),
(113, 1, '15260204141.png', '2018-05-11 12:03:34'),
(114, 1, '15260204421.png', '2018-05-11 12:04:02'),
(115, 1, '15260204701.png', '2018-05-11 12:04:30'),
(116, 1, '15260204971.png', '2018-05-11 12:04:57'),
(117, 1, '15260205221.png', '2018-05-11 12:05:22'),
(118, 1, '15260205501.png', '2018-05-11 12:05:50'),
(129, 12, '15260247941.png', '2018-05-11 13:16:34'),
(120, 1, '15260206241.png', '2018-05-11 12:07:04'),
(121, 1, '15260206511.png', '2018-05-11 12:07:31'),
(226, 12, '15309470421.png', '2018-07-07 12:34:02'),
(123, 1, '15260207131.png', '2018-05-11 12:08:33'),
(124, 1, '15260207431.png', '2018-05-11 12:09:03'),
(125, 1, '15260207761.png', '2018-05-11 12:09:36'),
(126, 1, '15260208001.png', '2018-05-11 12:10:00'),
(127, 1, '15260208251.png', '2018-05-11 12:10:25'),
(130, 12, '1526024857.png', '2018-05-11 13:16:54'),
(131, 12, '15260248861.png', '2018-05-11 13:18:06'),
(132, 12, '15260249161.png', '2018-05-11 13:18:36'),
(133, 14, '15260250081.png', '2018-05-11 13:20:08'),
(134, 14, '15260250391.png', '2018-05-11 13:20:39'),
(135, 14, '15260250701.png', '2018-05-11 13:21:10'),
(136, 14, '15260251031.png', '2018-05-11 13:21:43'),
(137, 14, '15260251341.png', '2018-05-11 13:22:14'),
(138, 2, '15266205181.png', '2018-05-18 10:45:18'),
(139, 2, '15266206591.png', '2018-05-18 10:47:39'),
(140, 2, '15266208361.png', '2018-05-18 10:50:36'),
(141, 2, '15266208671.png', '2018-05-18 10:51:07'),
(142, 2, '15266208921.png', '2018-05-18 10:51:32'),
(143, 2, '15266209261.png', '2018-05-18 10:52:06'),
(144, 2, '15266209511.png', '2018-05-18 10:52:31'),
(145, 2, '15266209841.png', '2018-05-18 10:53:04'),
(146, 2, '15266210091.png', '2018-05-18 10:53:29'),
(147, 2, '15266210461.png', '2018-05-18 10:54:06'),
(148, 2, '15266211381.png', '2018-05-18 10:55:38'),
(149, 2, '15266211871.png', '2018-05-18 10:56:27'),
(150, 2, '15266213081.png', '2018-05-18 10:58:28'),
(151, 2, '15266213811.png', '2018-05-18 10:59:41'),
(152, 2, '15266214371.png', '2018-05-18 11:00:37'),
(153, 2, '15266214991.png', '2018-05-18 11:01:39'),
(154, 2, '15266215431.png', '2018-05-18 11:02:23'),
(155, 2, '15266216661.png', '2018-05-18 11:04:26'),
(156, 2, '15266217201.png', '2018-05-18 11:05:20'),
(157, 2, '15266217751.png', '2018-05-18 11:06:15'),
(158, 2, '15266218071.png', '2018-05-18 11:06:47'),
(159, 2, '15266218341.png', '2018-05-18 11:07:14'),
(160, 2, '15266218661.png', '2018-05-18 11:07:46'),
(161, 2, '15266218921.png', '2018-05-18 11:08:12'),
(162, 2, '15266219181.png', '2018-05-18 11:08:38'),
(163, 2, '15266219661.png', '2018-05-18 11:09:26'),
(164, 2, '15266220231.png', '2018-05-18 11:10:23'),
(165, 2, '15266220891.png', '2018-05-18 11:11:29'),
(166, 2, '15266221711.png', '2018-05-18 11:12:51'),
(167, 2, '15266222201.png', '2018-05-18 11:13:40'),
(168, 2, '15266222511.png', '2018-05-18 11:14:11'),
(169, 2, '15266222901.png', '2018-05-18 11:14:50'),
(170, 2, '15266223221.png', '2018-05-18 11:15:22'),
(171, 2, '15266223511.png', '2018-05-18 11:15:51'),
(172, 2, '15266224151.png', '2018-05-18 11:16:55'),
(173, 2, '15266224591.png', '2018-05-18 11:17:39'),
(174, 2, '15266224941.png', '2018-05-18 11:18:14'),
(175, 2, '15266225601.png', '2018-05-18 11:19:20'),
(176, 2, '15266226311.png', '2018-05-18 11:20:31'),
(177, 2, '15266226841.png', '2018-05-18 11:21:24'),
(178, 14, '15266228781.png', '2018-05-18 11:24:38'),
(179, 14, '15266229111.png', '2018-05-18 11:25:11'),
(180, 14, '15266229361.png', '2018-05-18 11:25:36'),
(181, 14, '15266232531.png', '2018-05-18 11:30:53'),
(182, 14, '15266233081.png', '2018-05-18 11:31:48'),
(183, 14, '15266233381.png', '2018-05-18 11:32:18'),
(184, 14, '15266233681.png', '2018-05-18 11:32:48'),
(185, 14, '15266234181.png', '2018-05-18 11:33:38'),
(186, 14, '15266235831.png', '2018-05-18 11:36:23'),
(187, 14, '15266236181.png', '2018-05-18 11:36:58'),
(188, 14, '15266236591.png', '2018-05-18 11:37:39'),
(189, 14, '15266237171.png', '2018-05-18 11:38:37'),
(190, 14, '15266237701.png', '2018-05-18 11:39:30'),
(191, 14, '15266238551.png', '2018-05-18 11:40:55'),
(192, 14, '15266239021.png', '2018-05-18 11:41:42'),
(193, 14, '15266239911.png', '2018-05-18 11:43:11'),
(194, 14, '15266240431.png', '2018-05-18 11:44:03'),
(195, 14, '15266240821.png', '2018-05-18 11:44:42'),
(196, 14, '15266241191.png', '2018-05-18 11:45:19'),
(197, 14, '15266241501.png', '2018-05-18 11:45:50'),
(199, 14, '15266242471.png', '2018-05-18 11:47:27'),
(200, 14, '15266242941.png', '2018-05-18 11:48:14'),
(201, 14, '15266243431.png', '2018-05-18 11:49:03'),
(202, 14, '15266244071.png', '2018-05-18 11:50:07'),
(203, 14, '15266244491.png', '2018-05-18 11:50:49'),
(204, 14, '15266245041.png', '2018-05-18 11:51:44'),
(205, 19, '15275940451.png', '2018-05-29 17:10:45'),
(206, 12, '15309407151.png', '2018-07-07 10:48:35'),
(207, 12, '15309407421.png', '2018-07-07 10:49:02'),
(208, 12, '15309407501.png', '2018-07-07 10:49:10'),
(209, 12, '15309407631.png', '2018-07-07 10:49:23'),
(210, 12, '15309407721.png', '2018-07-07 10:49:32'),
(211, 12, '15309407831.png', '2018-07-07 10:49:43'),
(212, 12, '15309467481.png', '2018-07-07 12:29:08'),
(213, 12, '15309467631.png', '2018-07-07 12:29:23'),
(214, 12, '15309467741.png', '2018-07-07 12:29:34'),
(215, 12, '15309467911.png', '2018-07-07 12:29:51'),
(216, 12, '15309468031.png', '2018-07-07 12:30:03'),
(217, 12, '15309468671.png', '2018-07-07 12:31:07'),
(218, 12, '15309468811.png', '2018-07-07 12:31:21'),
(219, 12, '15309468951.png', '2018-07-07 12:31:35'),
(220, 12, '15309469101.png', '2018-07-07 12:31:50'),
(221, 12, '15309469231.png', '2018-07-07 12:32:03'),
(222, 12, '15309469431.png', '2018-07-07 12:32:23'),
(223, 12, '15309469571.png', '2018-07-07 12:32:37'),
(224, 12, '15309469801.png', '2018-07-07 12:33:00'),
(225, 12, '15309469971.png', '2018-07-07 12:33:17'),
(227, 12, '15309470661.png', '2018-07-07 12:34:26'),
(228, 12, '15309470821.png', '2018-07-07 12:34:42'),
(229, 12, '15309470951.png', '2018-07-07 12:34:55'),
(230, 12, '15309471131.png', '2018-07-07 12:35:13'),
(231, 12, '15309471301.png', '2018-07-07 12:35:30'),
(232, 12, '15309471451.png', '2018-07-07 12:35:45'),
(233, 19, '15312761681.png', '2018-07-11 07:59:28'),
(234, 19, '15312761881.png', '2018-07-11 07:59:48'),
(235, 19, '15312762171.png', '2018-07-11 08:00:17'),
(236, 19, '15326633901.png', '2018-07-27 09:19:50'),
(237, 19, '15326634191.png', '2018-07-27 09:20:19'),
(238, 19, '15326634511.png', '2018-07-27 09:20:51'),
(239, 13, '15326639961.png', '2018-07-27 09:29:56'),
(240, 13, '15326643901.png', '2018-07-27 09:36:30'),
(241, 13, '15326644351.png', '2018-07-27 09:37:15'),
(242, 13, '15326644601.png', '2018-07-27 09:37:40'),
(243, 13, '15326645021.png', '2018-07-27 09:38:22'),
(244, 13, '15326645461.png', '2018-07-27 09:39:06'),
(245, 13, '15326645711.png', '2018-07-27 09:39:31'),
(246, 13, '15326646001.png', '2018-07-27 09:40:00'),
(247, 13, '15326646481.png', '2018-07-27 09:40:48'),
(248, 13, '15326646951.png', '2018-07-27 09:41:35'),
(257, 13, '15326673351.png', '2018-07-27 10:25:35'),
(250, 13, '15326647991.png', '2018-07-27 09:43:19'),
(251, 13, '15326648511.png', '2018-07-27 09:44:11'),
(252, 13, '15326649251.png', '2018-07-27 09:45:25'),
(253, 13, '15326649521.png', '2018-07-27 09:45:52'),
(254, 13, '15326649911.png', '2018-07-27 09:46:31'),
(258, 13, '15326673681.png', '2018-07-27 10:26:08'),
(256, 13, '15326661391.png', '2018-07-27 10:05:39'),
(259, 13, '15326674211.png', '2018-07-27 10:27:01'),
(260, 13, '15326674541.png', '2018-07-27 10:27:34'),
(261, 13, '15326674841.png', '2018-07-27 10:28:04'),
(262, 13, '15326675181.png', '2018-07-27 10:28:38'),
(263, 13, '15326675591.png', '2018-07-27 10:29:19'),
(264, 13, '15326675991.png', '2018-07-27 10:29:59'),
(265, 13, '15326677621.png', '2018-07-27 10:32:42'),
(266, 19, '15329462711.png', '2018-07-30 15:54:31'),
(267, 19, '15329462971.png', '2018-07-30 15:54:57'),
(268, 19, '15329463351.png', '2018-07-30 15:55:35'),
(269, 19, '15329463641.png', '2018-07-30 15:56:04'),
(270, 19, '15329469461.png', '2018-07-30 16:05:46'),
(271, 19, '15332708331.png', '2018-08-03 10:03:53'),
(272, 19, '15332708521.png', '2018-08-03 10:04:12'),
(273, 19, '15332708771.png', '2018-08-03 10:04:37'),
(274, 19, '15332709191.png', '2018-08-03 10:05:19'),
(275, 19, '15332709411.png', '2018-08-03 10:05:41'),
(276, 19, '15332709641.png', '2018-08-03 10:06:04'),
(277, 19, '15332709861.png', '2018-08-03 10:06:26'),
(278, 19, '15332710151.png', '2018-08-03 10:06:55'),
(279, 19, '15332710371.png', '2018-08-03 10:07:17'),
(280, 19, '15332710771.png', '2018-08-03 10:07:57'),
(281, 15, '15332717021.png', '2018-08-03 10:18:22'),
(282, 15, '15332717221.png', '2018-08-03 10:18:42'),
(283, 15, '15332717401.png', '2018-08-03 10:19:00'),
(284, 15, '15332717581.png', '2018-08-03 10:19:18'),
(285, 15, '15332717761.png', '2018-08-03 10:19:36'),
(286, 15, '15332718011.png', '2018-08-03 10:20:01'),
(287, 15, '15332718241.png', '2018-08-03 10:20:24'),
(288, 15, '15332718511.png', '2018-08-03 10:20:51'),
(289, 15, '15332718711.png', '2018-08-03 10:21:11'),
(290, 15, '15332718961.png', '2018-08-03 10:21:36'),
(292, 15, '15332719661.png', '2018-08-03 10:22:46'),
(293, 15, '15332719881.png', '2018-08-03 10:23:08'),
(294, 15, '15332720091.png', '2018-08-03 10:23:29'),
(295, 15, '15332720391.png', '2018-08-03 10:23:59'),
(296, 15, '15332720631.png', '2018-08-03 10:24:23'),
(297, 15, '15332726351.png', '2018-08-03 10:33:55'),
(298, 15, '15332748111.png', '2018-08-03 11:10:11'),
(299, 15, '15332748351.png', '2018-08-03 11:10:35'),
(300, 15, '15332748571.png', '2018-08-03 11:10:57'),
(301, 15, '15332748781.png', '2018-08-03 11:11:18'),
(302, 15, '15332749011.png', '2018-08-03 11:11:41'),
(303, 15, '15332749221.png', '2018-08-03 11:12:02'),
(304, 15, '15332749431.png', '2018-08-03 11:12:23'),
(305, 16, '15332750131.png', '2018-08-03 11:13:33'),
(306, 16, '15332750351.png', '2018-08-03 11:13:55'),
(307, 16, '15332750701.png', '2018-08-03 11:14:30'),
(308, 16, '15332750911.png', '2018-08-03 11:14:51'),
(309, 16, '15332750921.png', '2018-08-03 11:14:52'),
(310, 16, '15332751251.png', '2018-08-03 11:15:25'),
(311, 16, '15332751391.png', '2018-08-03 11:15:39'),
(312, 16, '15332751481.png', '2018-08-03 11:15:48'),
(313, 16, '15332751591.png', '2018-08-03 11:15:59'),
(314, 16, '15332751721.png', '2018-08-03 11:16:12'),
(315, 16, '15332751861.png', '2018-08-03 11:16:26'),
(316, 16, '15332752151.png', '2018-08-03 11:16:55'),
(317, 16, '15332752171.png', '2018-08-03 11:16:57'),
(318, 16, '15332752611.png', '2018-08-03 11:17:41'),
(319, 16, '15332752951.png', '2018-08-03 11:18:15'),
(320, 16, '15332753101.png', '2018-08-03 11:18:30'),
(321, 16, '15332753301.png', '2018-08-03 11:18:50'),
(322, 16, '15332753631.png', '2018-08-03 11:19:23'),
(326, 17, '15332755541.png', '2018-08-03 11:22:34'),
(324, 16, '15332754021.png', '2018-08-03 11:20:02'),
(325, 16, '15332754541.png', '2018-08-03 11:20:54'),
(327, 17, '15332755651.png', '2018-08-03 11:22:45'),
(328, 17, '15332755881.png', '2018-08-03 11:23:08'),
(329, 17, '15332755901.png', '2018-08-03 11:23:10'),
(330, 17, '15332756351.png', '2018-08-03 11:23:55'),
(331, 17, '15332756551.png', '2018-08-03 11:24:15'),
(332, 17, '15332756581.png', '2018-08-03 11:24:18'),
(333, 17, '15332756941.png', '2018-08-03 11:24:54'),
(334, 17, '15332757191.png', '2018-08-03 11:25:19'),
(335, 17, '15332757351.png', '2018-08-03 11:25:35'),
(336, 17, '15332757811.png', '2018-08-03 11:26:21'),
(337, 17, '15332757931.png', '2018-08-03 11:26:33'),
(338, 17, '15332758101.png', '2018-08-03 11:26:50'),
(339, 17, '15332758201.png', '2018-08-03 11:27:00'),
(340, 17, '15332758371.png', '2018-08-03 11:27:17'),
(341, 17, '15332758501.png', '2018-08-03 11:27:30'),
(342, 17, '15332758711.png', '2018-08-03 11:27:51'),
(343, 17, '15332758811.png', '2018-08-03 11:28:01'),
(344, 17, '15332758951.png', '2018-08-03 11:28:15'),
(345, 17, '15332759101.png', '2018-08-03 11:28:30'),
(346, 17, '15332759251.png', '2018-08-03 11:28:45'),
(347, 17, '15332759341.png', '2018-08-03 11:28:54'),
(348, 17, '15332759611.png', '2018-08-03 11:29:21'),
(349, 17, '15332759711.png', '2018-08-03 11:29:31'),
(350, 17, '15332759961.png', '2018-08-03 11:29:56'),
(351, 17, '15332760111.png', '2018-08-03 11:30:11'),
(352, 18, '15332761001.png', '2018-08-03 11:31:40'),
(353, 18, '15332761391.png', '2018-08-03 11:32:19'),
(354, 18, '15332761411.png', '2018-08-03 11:32:21'),
(355, 18, '15332761651.png', '2018-08-03 11:32:45'),
(356, 18, '15332839791.png', '2018-08-03 13:42:59'),
(357, 18, '15332839981.png', '2018-08-03 13:43:18'),
(358, 18, '15332840121.png', '2018-08-03 13:43:32'),
(359, 18, '1533284106.png', '2018-08-03 13:44:03'),
(360, 18, '15332840691.png', '2018-08-03 13:44:29'),
(361, 18, '15332841091.png', '2018-08-03 13:45:09'),
(362, 18, '15332841891.png', '2018-08-03 13:46:29'),
(363, 18, '15332842911.png', '2018-08-03 13:48:11'),
(364, 18, '15332843001.png', '2018-08-03 13:48:20'),
(365, 18, '15332843141.png', '2018-08-03 13:48:34'),
(366, 18, '15332843251.png', '2018-08-03 13:48:45'),
(367, 18, '15332843441.png', '2018-08-03 13:49:04'),
(368, 18, '15332845121.png', '2018-08-03 13:51:52'),
(374, 21, '15332848291.png', '2018-08-03 13:57:09'),
(370, 18, '15332845511.png', '2018-08-03 13:52:31'),
(371, 18, '15332845611.png', '2018-08-03 13:52:41'),
(372, 18, '15332845751.png', '2018-08-03 13:52:55'),
(373, 18, '15332845941.png', '2018-08-03 13:53:14'),
(375, 21, '15332848401.png', '2018-08-03 13:57:20'),
(376, 21, '15332848521.png', '2018-08-03 13:57:32'),
(377, 21, '15332848651.png', '2018-08-03 13:57:45'),
(378, 21, '15332848731.png', '2018-08-03 13:57:53'),
(379, 21, '15332848841.png', '2018-08-03 13:58:04'),
(380, 21, '15332848931.png', '2018-08-03 13:58:13'),
(381, 21, '15332849031.png', '2018-08-03 13:58:23'),
(382, 21, '15332849141.png', '2018-08-03 13:58:34'),
(383, 21, '15332849261.png', '2018-08-03 13:58:46'),
(384, 21, '15332849371.png', '2018-08-03 13:58:57'),
(399, 19, '15333616161.png', '2018-08-04 11:16:56'),
(386, 21, '15332850981.png', '2018-08-03 14:01:38'),
(387, 21, '15332851101.png', '2018-08-03 14:01:50'),
(388, 21, '15332851221.png', '2018-08-03 14:02:02'),
(389, 21, '15332851361.png', '2018-08-03 14:02:16'),
(390, 21, '15332851501.png', '2018-08-03 14:02:30'),
(391, 21, '15332851631.png', '2018-08-03 14:02:43'),
(392, 21, '15332851791.png', '2018-08-03 14:02:59'),
(393, 21, '15332851911.png', '2018-08-03 14:03:11'),
(398, 19, '15333615261.png', '2018-08-04 11:15:26'),
(395, 21, '15332852201.png', '2018-08-03 14:03:40'),
(396, 21, '15332852321.png', '2018-08-03 14:03:52'),
(397, 21, '15332852431.png', '2018-08-03 14:04:03'),
(424, 24, '15389901121.png', '2018-10-08 14:45:12'),
(423, 24, '15389809021.png', '2018-10-08 12:11:42'),
(422, 24, '15389808571.png', '2018-10-08 12:10:57'),
(421, 24, '15389804721.png', '2018-10-08 12:04:32'),
(420, 24, '15389804381.png', '2018-10-08 12:03:58'),
(419, 24, '15389803911.png', '2018-10-08 12:03:11'),
(418, 24, '15389803231.png', '2018-10-08 12:02:03'),
(417, 24, '15375107331.png', '2018-09-21 11:48:53'),
(416, 24, '15375106931.png', '2018-09-21 11:48:13'),
(415, 24, '15375106541.png', '2018-09-21 11:47:34'),
(414, 24, '15375104491.png', '2018-09-21 11:44:09');

-- --------------------------------------------------------

--
-- Table structure for table `frame_allowed`
--

CREATE TABLE `frame_allowed` (
  `ID` int(11) NOT NULL,
  `frameID` int(11) NOT NULL,
  `schoolID` int(11) NOT NULL
) ENGINE=MyISAM DEFAULT CHARSET=latin1;

--
-- Dumping data for table `frame_allowed`
--

INSERT INTO `frame_allowed` (`ID`, `frameID`, `schoolID`) VALUES
(1, 99, 31),
(2, 100, 31),
(3, 101, 31),
(4, 102, 31),
(5, 103, 31),
(6, 104, 31),
(7, 105, 31),
(8, 106, 31),
(9, 107, 31),
(10, 108, 31),
(11, 109, 31),
(12, 110, 31),
(13, 111, 31),
(14, 112, 31),
(15, 113, 31),
(16, 114, 31),
(17, 115, 31),
(18, 116, 31),
(19, 117, 31),
(20, 118, 31),
(21, 119, 31),
(22, 120, 31),
(23, 121, 31),
(24, 122, 31),
(25, 123, 31),
(26, 124, 31),
(27, 125, 31),
(28, 126, 31),
(29, 127, 31),
(30, 128, 31),
(31, 129, 31),
(32, 130, 31),
(33, 131, 31),
(34, 132, 31),
(35, 133, 31),
(36, 134, 31),
(37, 135, 31),
(38, 136, 31),
(39, 137, 31),
(40, 138, 31),
(41, 139, 31),
(42, 140, 31),
(43, 141, 31),
(44, 142, 31),
(45, 143, 31),
(46, 144, 31),
(47, 145, 31),
(48, 146, 31),
(49, 147, 31),
(50, 148, 31),
(51, 149, 31),
(52, 150, 31),
(53, 151, 31),
(54, 152, 31),
(55, 153, 31),
(56, 154, 31),
(57, 155, 31),
(58, 156, 31),
(59, 157, 31),
(60, 158, 31),
(61, 159, 31),
(62, 160, 31),
(63, 161, 31),
(64, 162, 31),
(65, 163, 31),
(66, 164, 31),
(67, 165, 31),
(68, 166, 31),
(69, 167, 31),
(70, 168, 31),
(71, 169, 31),
(72, 170, 31),
(73, 171, 31),
(74, 172, 31),
(75, 173, 31),
(76, 174, 31),
(77, 175, 31),
(78, 176, 31),
(79, 177, 31),
(80, 178, 31),
(81, 179, 31),
(82, 180, 31),
(83, 181, 31),
(84, 182, 31),
(85, 183, 31),
(86, 184, 31),
(87, 185, 31),
(88, 186, 31),
(89, 187, 31),
(90, 188, 31),
(91, 189, 31),
(92, 190, 31),
(93, 191, 31),
(94, 192, 31),
(95, 193, 31),
(96, 194, 31),
(97, 195, 31),
(98, 196, 31),
(99, 197, 31),
(100, 198, 31),
(101, 199, 31),
(102, 200, 31),
(103, 201, 31),
(104, 202, 31),
(105, 203, 31),
(106, 204, 31),
(107, 205, 31),
(108, 206, 31),
(109, 207, 31),
(110, 208, 31),
(111, 209, 31),
(112, 210, 31),
(113, 211, 31),
(114, 212, 31),
(115, 213, 31),
(116, 214, 31),
(117, 215, 31),
(118, 216, 31),
(119, 217, 31),
(120, 218, 31),
(121, 219, 31),
(122, 222, 31),
(123, 223, 31),
(124, 224, 31),
(125, 225, 31),
(126, 226, 31),
(127, 227, 31),
(128, 228, 31),
(129, 229, 31),
(130, 230, 31),
(131, 231, 31),
(132, 232, 31),
(133, 233, 31),
(134, 234, 31),
(135, 235, 31),
(136, 236, 31),
(137, 237, 31),
(138, 238, 31),
(139, 239, 31),
(140, 240, 31),
(141, 241, 31),
(142, 242, 31),
(143, 243, 31),
(144, 244, 31),
(145, 245, 31),
(146, 246, 31),
(147, 247, 31),
(148, 248, 31),
(149, 249, 31),
(150, 250, 31),
(151, 251, 31),
(152, 252, 31),
(153, 253, 31),
(154, 254, 31),
(155, 255, 31),
(156, 256, 31),
(157, 257, 31),
(158, 258, 31),
(159, 259, 31),
(160, 260, 31),
(161, 261, 31),
(162, 262, 31),
(163, 263, 31),
(164, 264, 31),
(165, 265, 31),
(166, 266, 31),
(167, 267, 31),
(168, 268, 31),
(169, 269, 31),
(170, 270, 31),
(171, 271, 31),
(172, 272, 31),
(173, 273, 31),
(174, 274, 31),
(175, 275, 31),
(176, 276, 31),
(177, 277, 31),
(178, 278, 31),
(179, 279, 31),
(180, 280, 31),
(181, 281, 31),
(182, 282, 31),
(183, 285, 31),
(184, 286, 31),
(185, 287, 31),
(186, 288, 31),
(187, 289, 31),
(188, 290, 31),
(189, 291, 31),
(190, 292, 31),
(191, 293, 31),
(192, 294, 31),
(193, 295, 31),
(194, 296, 31),
(195, 297, 31),
(196, 298, 31),
(197, 299, 31),
(198, 300, 31),
(199, 301, 31),
(200, 302, 31),
(201, 303, 31),
(202, 304, 31),
(203, 305, 31),
(204, 306, 31),
(205, 307, 31),
(206, 308, 31),
(207, 309, 31),
(208, 310, 31),
(209, 311, 31),
(210, 312, 31),
(211, 313, 31),
(212, 314, 31),
(213, 315, 31),
(214, 316, 31),
(215, 317, 31),
(216, 318, 31),
(217, 319, 31),
(218, 320, 31),
(219, 321, 31),
(220, 322, 31),
(221, 323, 31),
(222, 324, 31),
(223, 325, 31),
(224, 326, 31),
(225, 327, 31),
(226, 328, 31),
(227, 329, 31),
(228, 330, 31),
(229, 331, 31),
(230, 332, 31),
(231, 333, 31),
(232, 334, 31),
(233, 335, 31),
(234, 336, 31),
(235, 337, 31),
(236, 338, 31),
(237, 339, 31),
(238, 340, 31),
(239, 343, 31),
(240, 344, 31),
(241, 345, 31),
(242, 346, 31),
(243, 347, 31),
(244, 348, 31),
(245, 349, 31),
(246, 350, 31),
(247, 351, 31),
(248, 352, 31),
(249, 353, 31),
(250, 354, 31),
(251, 355, 31),
(252, 356, 31),
(253, 357, 31),
(254, 358, 31),
(255, 359, 31),
(256, 360, 31),
(257, 361, 31),
(258, 362, 31),
(259, 363, 31),
(260, 364, 31),
(261, 365, 31),
(262, 366, 31),
(263, 367, 31),
(264, 368, 31),
(265, 369, 31),
(266, 370, 31),
(267, 371, 31),
(268, 372, 31),
(269, 373, 31),
(270, 374, 31),
(271, 375, 31),
(272, 376, 31),
(273, 377, 31),
(274, 378, 31),
(275, 379, 31),
(276, 380, 31),
(277, 381, 31),
(278, 382, 31),
(279, 383, 31),
(280, 384, 31),
(281, 385, 31),
(282, 386, 31),
(283, 387, 31),
(284, 388, 31),
(285, 389, 31),
(286, 390, 31),
(287, 391, 31),
(288, 392, 31),
(289, 393, 31),
(290, 394, 31),
(291, 395, 31),
(292, 396, 31),
(293, 397, 31),
(294, 398, 31),
(295, 401, 31);

-- --------------------------------------------------------

--
-- Table structure for table `frame_subjects`
--

CREATE TABLE `frame_subjects` (
  `subID` int(11) NOT NULL,
  `frame_topic` varchar(200) NOT NULL,
  `is_active` varchar(200) NOT NULL,
  `added_on` datetime NOT NULL
) ENGINE=MyISAM DEFAULT CHARSET=latin1;

--
-- Dumping data for table `frame_subjects`
--

INSERT INTO `frame_subjects` (`subID`, `frame_topic`, `is_active`, `added_on`) VALUES
(1, 'English', 'Y', '2018-02-01 00:00:00'),
(2, 'Hindi', 'Y', '2018-02-01 00:00:00'),
(17, 'Sanskrit', 'Y', '2018-03-19 13:08:36'),
(16, 'Social studies', 'Y', '2018-03-19 13:08:19'),
(12, 'Science', 'Y', '2018-03-19 12:59:28'),
(13, 'Mathmatics', 'Y', '2018-03-19 12:59:41'),
(14, 'Drawing', 'Y', '2018-03-19 13:06:30'),
(15, 'Environmental studies', 'Y', '2018-03-19 13:07:57'),
(18, 'Computer', 'Y', '2018-03-19 13:08:51'),
(19, 'Activities', 'Y', '2018-03-19 13:09:18'),
(21, 'General knowledge', 'Y', '2018-03-19 13:10:25'),
(22, 'Spoken English', 'Y', '2018-04-07 16:28:40'),
(23, 'Soft-Skills', 'Y', '2018-04-07 16:29:16'),
(24, 'Festivals', 'Y', '2018-04-07 16:35:50');

-- --------------------------------------------------------

--
-- Table structure for table `gallery`
--

CREATE TABLE `gallery` (
  `galleryID` int(11) NOT NULL,
  `schoolID` int(11) NOT NULL,
  `folderID` int(11) NOT NULL,
  `student` varchar(11) NOT NULL,
  `teacher` varchar(11) NOT NULL,
  `image` varchar(255) NOT NULL,
  `added_on` datetime NOT NULL
) ENGINE=MyISAM DEFAULT CHARSET=latin1;

--
-- Dumping data for table `gallery`
--

INSERT INTO `gallery` (`galleryID`, `schoolID`, `folderID`, `student`, `teacher`, `image`, `added_on`) VALUES
(1, 1, 1, 'Student1', 'Teacher1', 'default.png', '2018-12-19 12:50:06'),
(2, 0, 0, '', '', '', '0000-00-00 00:00:00'),
(26, 57, 6, 'Y', 'Y', 'gallery15484313430.jpg', '2019-01-25 21:19:03'),
(25, 41, 5, 'Y', 'Y', 'gallery15475402670.jpg', '2019-01-15 13:47:47'),
(24, 28, 3, 'Y', 'Y', 'gallery15468898970.jpg', '2019-01-08 01:08:17'),
(11, 2, 2, 'Y', 'Y', 'gallery15462480791.jpg', '2018-12-31 14:51:19'),
(12, 2, 2, 'Y', 'Y', 'gallery15462480792.jpg', '2018-12-31 14:51:19'),
(13, 2, 2, 'Y', 'Y', 'gallery15462480793.jpg', '2018-12-31 14:51:19'),
(14, 2, 2, 'Y', 'Y', 'gallery15462480794.jpg', '2018-12-31 14:51:19'),
(15, 2, 2, 'Y', 'Y', 'gallery15462480795.jpg', '2018-12-31 14:51:19'),
(16, 2, 2, 'Y', 'Y', 'gallery15462480796.jpg', '2018-12-31 14:51:19'),
(27, 1, 1, 'Y', 'Y', 'gallery16396371930.jpg', '2021-12-16 12:16:33'),
(28, 1, 1, 'Y', 'Y', 'gallery16396372050.jpg', '2021-12-16 12:16:45');

-- --------------------------------------------------------

--
-- Table structure for table `gallery_folder`
--

CREATE TABLE `gallery_folder` (
  `folderID` int(11) NOT NULL,
  `schoolID` int(11) NOT NULL,
  `folder_name` varchar(200) NOT NULL,
  `is_active` varchar(200) NOT NULL,
  `added_on` datetime NOT NULL
) ENGINE=MyISAM DEFAULT CHARSET=latin1;

--
-- Dumping data for table `gallery_folder`
--

INSERT INTO `gallery_folder` (`folderID`, `schoolID`, `folder_name`, `is_active`, `added_on`) VALUES
(1, 1, 'Annual Function', 'Y', '2018-12-19 12:48:41'),
(2, 2, 'New Year Celebration', 'Y', '0000-00-00 00:00:00'),
(3, 28, 'School', 'Y', '0000-00-00 00:00:00'),
(4, 30, 'TEST', 'Y', '0000-00-00 00:00:00'),
(5, 41, 'TEST', 'Y', '0000-00-00 00:00:00'),
(6, 57, 'school trip', 'Y', '0000-00-00 00:00:00'),
(7, 2, '22', 'N', '0000-00-00 00:00:00'),
(8, 2, 'sps', 'Y', '0000-00-00 00:00:00'),
(9, 114, 'Annual Day', 'Y', '0000-00-00 00:00:00');

-- --------------------------------------------------------

--
-- Table structure for table `groups`
--

CREATE TABLE `groups` (
  `groupID` int(11) NOT NULL,
  `senderID` int(11) NOT NULL,
  `sender_role` varchar(255) NOT NULL,
  `receiverID` int(11) NOT NULL,
  `receiver_role` varchar(255) NOT NULL,
  `last_message` longtext,
  `added_on` datetime NOT NULL,
  `modified_on` datetime DEFAULT NULL
) ENGINE=MyISAM DEFAULT CHARSET=latin1;

--
-- Dumping data for table `groups`
--

INSERT INTO `groups` (`groupID`, `senderID`, `sender_role`, `receiverID`, `receiver_role`, `last_message`, `added_on`, `modified_on`) VALUES
(1, 1, 'student', 1, 'teacher', 'hi', '2018-12-06 11:54:13', '2018-12-06 18:02:58'),
(2, 1, 'student', 3, 'student', 'hi', '2018-12-06 11:57:34', '2018-12-06 11:58:35'),
(3, 2, 'teacher', 2, 'student', 'ggghhhhy', '2018-12-07 17:06:09', '2019-02-26 19:27:43'),
(4, 2, 'teacher', 5, 'student', 'ddd', '2018-12-07 17:06:22', '2018-12-12 21:18:41'),
(5, 2, 'teacher', 2, 'school', 'c,jfjfh', '2018-12-07 17:14:30', '2019-03-10 20:17:28'),
(6, 4, 'teacher', 2, 'school', 'hhh', '2018-12-07 17:51:56', '2019-12-19 18:38:05'),
(7, 4, 'teacher', 2, 'student', 'hshssu', '2018-12-07 17:52:40', '2019-01-08 16:19:03'),
(8, 2, 'teacher', 4, 'teacher', 'cgg', '2018-12-07 18:24:27', '2019-01-31 14:38:52'),
(9, 2, 'school', 2, 'student', 'hi', '2018-12-07 18:38:17', '2019-03-04 15:25:59'),
(10, 5, 'school', 3, 'teacher', 'Hii', '2018-12-08 10:04:31', '2019-01-04 13:50:08'),
(11, 4, 'student', 3, 'teacher', 'fgj', '2018-12-09 13:17:49', '2018-12-14 11:57:00'),
(12, 2, 'student', 5, 'student', 'cgji', '2018-12-09 13:26:15', '2018-12-27 18:51:28'),
(13, 2, 'student', 10, 'student', 'hjko', '2018-12-09 13:30:22', '2018-12-13 11:03:37'),
(14, 2, 'school', 5, 'student', 'hello', '2018-12-12 11:39:04', '2019-03-19 14:33:58'),
(15, 2, 'school', 10, 'student', 'jj', '2018-12-12 11:39:08', '2019-01-31 14:04:17'),
(16, 5, 'student', 4, 'teacher', 'vbjk', '2018-12-17 15:03:39', '2018-12-17 15:03:49'),
(17, 3, 'student', 1, 'teacher', 'hello', '2018-12-17 15:29:36', '2021-12-13 18:01:24'),
(18, 2, 'student', 11, 'student', 'Test Message', '2018-12-23 15:48:10', '2018-12-28 17:56:41'),
(22, 16, 'student', 17, 'student', '', '2019-01-04 13:46:10', '2019-01-04 13:46:10'),
(43, 16, 'teacher', 57, 'school', 'hy', '2019-02-04 12:48:05', '2019-02-12 11:05:02'),
(21, 2, 'school', 11, 'student', 'hh', '2018-12-31 13:13:20', '2019-01-31 14:04:24'),
(23, 218, 'student', 219, 'student', 'hi', '2019-01-08 00:45:40', '2019-01-08 00:48:29'),
(24, 30, 'school', 220, 'student', 'Hii', '2019-01-08 15:47:05', '2019-01-08 15:57:37'),
(25, 8, 'teacher', 220, 'student', 'hii', '2019-01-08 16:05:01', '2019-01-08 16:07:34'),
(26, 7, 'teacher', 218, 'student', 'satya complete home work', '2019-01-08 17:53:08', '2019-01-08 17:53:49'),
(27, 36, 'school', 221, 'student', '', '2019-01-14 15:11:41', '2019-01-14 15:11:41'),
(28, 41, 'school', 225, 'student', 'test', '2019-01-15 13:35:12', '2019-01-15 13:35:29'),
(29, 14, 'teacher', 116, 'student', 'hi', '2019-01-17 20:46:59', '2019-01-17 20:47:03'),
(30, 14, 'teacher', 117, 'student', '', '2019-01-18 01:09:34', '2019-01-18 01:09:34'),
(31, 14, 'teacher', 66, 'student', '', '2019-01-18 08:06:40', '2019-01-18 08:06:40'),
(32, 14, 'teacher', 16, 'student', '', '2019-01-18 16:45:29', '2019-01-18 16:45:29'),
(33, 14, 'teacher', 18, 'student', '', '2019-01-19 10:58:22', '2019-01-19 10:58:22'),
(34, 28, 'school', 218, 'student', 'hhf', '2019-01-19 22:23:00', '2019-01-31 12:50:52'),
(35, 14, 'teacher', 17, 'student', 'gii', '2019-01-21 12:46:42', '2019-01-21 13:30:02'),
(36, 21, 'school', 17, 'student', 'hii', '2019-01-21 13:28:34', '2019-01-21 13:28:48'),
(37, 28, 'school', 219, 'student', 'come with parents.', '2019-01-24 13:40:42', '2019-02-12 13:00:26'),
(38, 57, 'school', 231, 'student', '', '2019-01-25 10:54:46', '2019-01-25 10:54:46'),
(39, 15, 'teacher', 227, 'student', '', '2019-01-26 23:15:55', '2019-01-26 23:15:55'),
(40, 57, 'school', 227, 'student', 'tommorow come with your parents', '2019-01-30 14:57:07', '2019-01-30 14:57:27'),
(41, 16, 'teacher', 227, 'student', '', '2019-01-30 22:29:00', '2019-01-30 22:29:00'),
(42, 2, 'school', 13, 'student', 'fg', '2019-01-31 14:04:28', '2019-01-31 14:04:32'),
(44, 28, 'school', 7, 'teacher', 'rg', '2019-02-04 14:10:55', '2019-02-13 12:19:17'),
(45, 227, 'student', 19, 'teacher', 'hello sir i am anwar', '2019-02-04 21:03:40', '2019-02-04 21:04:04'),
(46, 57, 'school', 230, 'student', '', '2019-02-04 21:57:31', '2019-02-04 21:57:31'),
(47, 227, 'student', 232, 'student', '', '2019-02-05 01:09:15', '2019-02-05 01:09:15'),
(48, 21, 'school', 14, 'teacher', '', '2019-02-05 10:05:59', '2019-02-05 10:05:59'),
(49, 15, 'teacher', 57, 'school', '', '2019-02-06 15:22:33', '2019-02-06 15:22:33'),
(50, 21, 'teacher', 19, 'student', 'hi', '2019-02-08 17:07:37', '2019-02-08 17:07:40'),
(51, 21, 'school', 22, 'teacher', '', '2019-02-08 20:04:04', '2019-02-08 20:04:04'),
(52, 21, 'school', 21, 'teacher', '', '2019-02-09 13:31:01', '2019-02-09 13:31:01'),
(53, 57, 'school', 232, 'student', '', '2019-02-16 11:01:08', '2019-02-16 11:01:08'),
(54, 101, 'School', 243, 'student', '', '2019-03-25 13:50:12', '2019-03-25 13:50:12'),
(55, 1, 'school', 1, 'teacher', 'hello', '2021-10-04 18:44:39', '2021-12-13 17:57:46'),
(56, 245, 'student', 1, 'teacher', 'nsnsns', '2021-10-13 16:22:01', '2021-12-03 20:52:33'),
(57, 1, 'school', 245, 'student', '', '2021-10-13 16:23:55', '2021-10-13 16:23:55'),
(58, 245, 'student', 1, 'student', 'hi', '2021-11-09 12:19:54', '2021-12-03 20:52:14'),
(59, 245, 'Student', 244, 'student', '', '2021-12-03 20:52:19', '2021-12-03 20:52:19'),
(60, 245, 'Student', 3, 'student', 'hi', '2021-12-03 20:52:21', '2021-12-03 20:52:24'),
(61, 58, 'Teacher', 114, 'school', 'Please take care of students', '2021-12-07 20:37:56', '2021-12-07 20:38:09'),
(62, 114, 'School', 247, 'student', 'Hello', '2021-12-08 15:44:59', '2021-12-08 15:50:42'),
(63, 114, 'School', 246, 'student', 'Hello', '2021-12-08 15:50:44', '2021-12-08 15:50:49'),
(64, 246, 'Student', 247, 'student', 'Hello', '2021-12-08 15:51:16', '2021-12-08 15:51:42'),
(65, 248, 'Student', 247, 'student', '', '2021-12-08 22:55:56', '2021-12-08 22:55:56'),
(66, 246, 'Student', 248, 'student', '', '2021-12-09 16:32:09', '2021-12-09 16:32:09'),
(67, 1, 'Teacher', 57, 'teacher', 'hi', '2021-12-10 11:48:21', '2021-12-10 11:50:47'),
(68, 114, 'School', 249, 'student', '', '2021-12-10 15:38:16', '2021-12-10 15:38:16'),
(69, 246, 'Student', 58, 'teacher', 'dbfbdbdhtkgbfjgnfnfbdhdbxnfmx cmcv', '2021-12-10 15:38:23', '2021-12-11 21:49:51'),
(70, 2, 'Student', 1, 'teacher', '', '2021-12-14 17:27:14', '2021-12-14 17:27:14'),
(71, 247, 'Student', 57, 'teacher', 'hi', '2021-12-15 14:19:23', '2021-12-15 14:19:27'),
(72, 247, 'Student', 1, 'teacher', 'what about you', '2021-12-15 14:19:36', '2021-12-15 14:23:37');

-- --------------------------------------------------------

--
-- Table structure for table `holiday`
--

CREATE TABLE `holiday` (
  `holidayID` int(11) NOT NULL,
  `schoolID` int(11) NOT NULL,
  `title` varchar(255) NOT NULL,
  `date` date NOT NULL,
  `description` tinytext NOT NULL,
  `status` enum('Y','N') NOT NULL,
  `added_on` datetime NOT NULL,
  `modified_on` datetime DEFAULT NULL
) ENGINE=MyISAM DEFAULT CHARSET=latin1;

--
-- Dumping data for table `holiday`
--

INSERT INTO `holiday` (`holidayID`, `schoolID`, `title`, `date`, `description`, `status`, `added_on`, `modified_on`) VALUES
(1, 2, 'holi', '2019-03-08', 'Holi', 'Y', '2019-03-08 12:10:49', '2019-03-08 12:36:15'),
(2, 2, 'holi', '2019-03-19', 'Holi', 'Y', '2019-03-08 12:37:26', NULL),
(3, 2, 'holi', '2019-03-20', 'Holi', 'Y', '2019-03-08 12:37:26', NULL),
(4, 2, 'holi', '2019-03-21', 'Holi', 'Y', '2019-03-08 12:37:26', NULL),
(5, 2, 'holi', '2019-03-22', 'Holi', 'Y', '2019-03-08 12:37:26', NULL),
(6, 2, 'holi', '2019-03-23', 'Holi', 'Y', '2019-03-08 12:37:26', NULL),
(7, 12, 'Xyz', '2021-06-25', 'Testy', 'Y', '2021-06-19 09:25:18', NULL),
(8, 12, 'Xyz', '2021-06-26', 'Testy', 'Y', '2021-06-19 09:25:18', NULL),
(9, 12, 'Xyz', '2021-06-27', 'Testy', 'Y', '2021-06-19 09:25:18', NULL),
(10, 113, 'Diwali', '2021-12-02', 'hjkkjk', 'Y', '2021-12-07 12:31:27', NULL);

-- --------------------------------------------------------

--
-- Table structure for table `invoice`
--

CREATE TABLE `invoice` (
  `invoiceID` int(11) NOT NULL,
  `schoolID` int(11) NOT NULL,
  `session` varchar(255) DEFAULT NULL,
  `classID` int(11) NOT NULL,
  `sectionID` int(11) NOT NULL,
  `studentID` int(11) NOT NULL,
  `monthyear` varchar(255) NOT NULL,
  `to_monthyear` varchar(255) DEFAULT NULL,
  `status` enum('Y','N') NOT NULL,
  `due_date` date DEFAULT NULL,
  `added_on` datetime NOT NULL
) ENGINE=MyISAM DEFAULT CHARSET=latin1;

--
-- Dumping data for table `invoice`
--

INSERT INTO `invoice` (`invoiceID`, `schoolID`, `session`, `classID`, `sectionID`, `studentID`, `monthyear`, `to_monthyear`, `status`, `due_date`, `added_on`) VALUES
(1, 57, '2018-2019', 45, 55, 227, 'January 2019', NULL, 'Y', '2019-01-29', '2019-01-28 22:54:38'),
(2, 57, '2018-2019', 45, 56, 230, 'January 2019', NULL, 'Y', '2019-01-29', '2019-01-28 22:54:38'),
(3, 57, '2018-2019', 46, 57, 228, 'January 2019', NULL, 'Y', '2019-01-29', '2019-01-28 22:54:38'),
(4, 57, '2018-2019', 46, 58, 231, 'January 2019', NULL, 'Y', '2019-01-29', '2019-01-28 22:54:38'),
(5, 57, '2018-2019', 47, 59, 229, 'January 2019', NULL, 'Y', '2019-01-29', '2019-01-28 22:56:37'),
(6, 57, '2018-2019', 45, 55, 227, 'February 2019', NULL, 'Y', '2019-02-28', '2019-02-04 23:58:17'),
(7, 57, '2018-2019', 45, 56, 230, 'February 2019', NULL, 'Y', '2019-02-28', '2019-02-04 23:58:17'),
(8, 57, '2018-2019', 46, 57, 228, 'February 2019', NULL, 'Y', '2019-02-28', '2019-02-04 23:58:17'),
(9, 57, '2018-2019', 46, 58, 231, 'February 2019', NULL, 'Y', '2019-02-28', '2019-02-04 23:58:17'),
(10, 57, '2018-2019', 47, 59, 229, 'February 2019', NULL, 'Y', '2019-02-28', '2019-02-04 23:58:17'),
(11, 57, '2018-2019', 45, 55, 227, 'March 2019', NULL, 'Y', '2019-03-28', '2019-02-07 00:57:09'),
(12, 57, '2018-2019', 45, 56, 230, 'March 2019', NULL, 'Y', '2019-03-28', '2019-02-07 00:57:09'),
(13, 57, '2018-2019', 45, 55, 232, 'March 2019', NULL, 'Y', '2019-03-28', '2019-02-07 00:57:09'),
(14, 57, '2018-2019', 45, 55, 233, 'March 2019', NULL, 'Y', '2019-03-28', '2019-02-07 00:57:09'),
(15, 57, '2018-2019', 45, 55, 234, 'March 2019', NULL, 'Y', '2019-03-28', '2019-02-07 00:57:09'),
(16, 57, '2018-2019', 45, 55, 235, 'March 2019', NULL, 'Y', '2019-03-28', '2019-02-07 00:57:09'),
(17, 57, '2018-2019', 46, 57, 228, 'March 2019', NULL, 'Y', '2019-03-28', '2019-02-07 00:57:09'),
(18, 57, '2018-2019', 46, 58, 231, 'March 2019', NULL, 'Y', '2019-03-28', '2019-02-07 00:57:09'),
(19, 57, '2018-2019', 47, 59, 229, 'March 2019', NULL, 'Y', '2019-03-28', '2019-02-07 00:57:09'),
(20, 57, '2018-2019', 45, 55, 232, 'February 2019', NULL, 'Y', '2019-02-28', '2019-02-09 22:34:59'),
(21, 57, '2018-2019', 45, 55, 233, 'February 2019', NULL, 'Y', '2019-02-28', '2019-02-09 22:34:59'),
(22, 57, '2018-2019', 45, 55, 234, 'February 2019', NULL, 'Y', '2019-02-28', '2019-02-09 22:34:59'),
(23, 57, '2018-2019', 45, 55, 235, 'February 2019', NULL, 'Y', '2019-02-28', '2019-02-09 22:34:59'),
(24, 2, '2018-2019', 6, 12, 2, 'March 2019', NULL, 'Y', '2019-03-10', '2019-03-02 00:57:37'),
(25, 2, '2018-2019', 6, 12, 5, 'March 2019', NULL, 'Y', '2019-03-10', '2019-03-02 00:57:37'),
(26, 2, '2018-2019', 6, 12, 10, 'March 2019', NULL, 'Y', '2019-03-10', '2019-03-02 00:57:37'),
(27, 2, '2018-2019', 6, 12, 11, 'March 2019', NULL, 'Y', '2019-03-10', '2019-03-02 00:57:37'),
(28, 2, '2018-2019', 6, 12, 13, 'March 2019', NULL, 'Y', '2019-03-10', '2019-03-02 00:57:37'),
(29, 2, '2018-2019', 6, 12, 2, 'April 2019', NULL, 'Y', '2019-03-11', '2019-03-02 12:26:53'),
(30, 2, '2018-2019', 6, 12, 5, 'April 2019', NULL, 'Y', '2019-03-11', '2019-03-02 12:26:53'),
(31, 2, '2018-2019', 6, 12, 10, 'April 2019', NULL, 'Y', '2019-03-11', '2019-03-02 12:26:53'),
(32, 2, '2018-2019', 6, 12, 11, 'April 2019', NULL, 'Y', '2019-03-11', '2019-03-02 12:26:53'),
(33, 2, '2018-2019', 6, 12, 13, 'April 2019', NULL, 'Y', '2019-03-11', '2019-03-02 12:26:53'),
(34, 57, '2018-2019', 45, 55, 227, 'September 2019', NULL, 'Y', '2019-09-15', '2019-03-06 22:29:58'),
(35, 57, '2018-2019', 45, 56, 230, 'September 2019', NULL, 'Y', '2019-09-15', '2019-03-06 22:29:58'),
(36, 57, '2018-2019', 45, 55, 232, 'September 2019', NULL, 'Y', '2019-09-15', '2019-03-06 22:29:58'),
(37, 57, '2018-2019', 45, 55, 233, 'September 2019', NULL, 'Y', '2019-09-15', '2019-03-06 22:29:58'),
(38, 57, '2018-2019', 45, 55, 234, 'September 2019', NULL, 'Y', '2019-09-15', '2019-03-06 22:29:58'),
(39, 57, '2018-2019', 45, 55, 235, 'September 2019', NULL, 'Y', '2019-09-15', '2019-03-06 22:29:58'),
(40, 57, '2018-2019', 46, 57, 239, 'March 2019', NULL, 'Y', '2019-03-30', '2019-03-07 11:27:44'),
(41, 57, '2018-2019', 46, 57, 240, 'March 2019', NULL, 'Y', '2019-03-30', '2019-03-07 11:27:44'),
(42, 57, '2018-2019', 46, 57, 241, 'March 2019', NULL, 'Y', '2019-03-30', '2019-03-07 11:27:44'),
(43, 57, '2018-2019', 46, 57, 242, 'March 2019', NULL, 'Y', '2019-03-30', '2019-03-07 11:27:44'),
(44, 57, '2018-2019', 45, 55, 227, 'April 2019', NULL, 'Y', '2019-07-31', '2019-03-07 11:42:56'),
(45, 57, '2018-2019', 45, 56, 230, 'April 2019', NULL, 'Y', '2019-07-31', '2019-03-07 11:42:56'),
(46, 57, '2018-2019', 45, 55, 232, 'April 2019', NULL, 'Y', '2019-07-31', '2019-03-07 11:42:56'),
(47, 57, '2018-2019', 45, 55, 233, 'April 2019', NULL, 'Y', '2019-07-31', '2019-03-07 11:42:56'),
(48, 57, '2018-2019', 45, 55, 234, 'April 2019', NULL, 'Y', '2019-07-31', '2019-03-07 11:42:56'),
(49, 57, '2018-2019', 45, 55, 235, 'April 2019', NULL, 'Y', '2019-07-31', '2019-03-07 11:42:56'),
(50, 57, '2018-2019', 46, 57, 228, 'April 2019', NULL, 'Y', '2019-07-31', '2019-03-07 11:42:56'),
(51, 57, '2018-2019', 46, 58, 231, 'April 2019', NULL, 'Y', '2019-07-31', '2019-03-07 11:42:56'),
(52, 57, '2018-2019', 46, 57, 239, 'April 2019', NULL, 'Y', '2019-07-31', '2019-03-07 11:42:56'),
(53, 57, '2018-2019', 46, 57, 240, 'April 2019', NULL, 'Y', '2019-07-31', '2019-03-07 11:42:56'),
(54, 57, '2018-2019', 46, 57, 241, 'April 2019', NULL, 'Y', '2019-07-31', '2019-03-07 11:42:56'),
(55, 57, '2018-2019', 46, 57, 242, 'April 2019', NULL, 'Y', '2019-07-31', '2019-03-07 11:42:56'),
(56, 57, '2018-2019', 47, 59, 229, 'April 2019', NULL, 'Y', '2019-07-31', '2019-03-07 11:42:56'),
(57, 2, '2018-2019', 6, 12, 2, '2019-08-01', '2019-10-01', 'Y', '2019-03-10', '2019-03-26 09:32:08'),
(58, 2, '2018-2019', 6, 12, 5, '2019-08-01', '2019-10-01', 'Y', '2019-03-10', '2019-03-26 09:32:08'),
(59, 2, '2018-2019', 6, 12, 10, '2019-08-01', '2019-10-01', 'Y', '2019-03-10', '2019-03-26 09:32:08'),
(60, 2, '2018-2019', 6, 12, 11, '2019-08-01', '2019-10-01', 'Y', '2019-03-10', '2019-03-26 09:32:08'),
(61, 2, '2018-2019', 6, 12, 13, '2019-08-01', '2019-10-01', 'Y', '2019-03-10', '2019-03-26 09:32:08'),
(62, 114, '2021-2022', 99, 110, 246, '2021-12-01', '2022-02-01', 'Y', '2021-12-22', '2021-12-10 15:55:49'),
(63, 114, '2021-2022', 99, 110, 247, '2021-12-01', '2022-02-01', 'Y', '2021-12-22', '2021-12-10 15:55:49'),
(64, 114, '2021-2022', 99, 110, 248, '2021-12-01', '2022-02-01', 'Y', '2021-12-22', '2021-12-10 15:55:49'),
(65, 114, '2021-2022', 99, 110, 249, '2021-12-01', '2022-02-01', 'Y', '2021-12-22', '2021-12-10 15:55:49'),
(66, 1, '2018-2019', 4, 8, 247, '2021-12-01', '2021-12-01', 'Y', '2021-12-17', '2021-12-15 14:23:13');

-- --------------------------------------------------------

--
-- Table structure for table `invoice_fee_head`
--

CREATE TABLE `invoice_fee_head` (
  `ID` int(11) NOT NULL,
  `schoolID` int(11) NOT NULL,
  `studentID` int(11) NOT NULL,
  `invoiceID` int(11) NOT NULL,
  `session` varchar(255) DEFAULT NULL,
  `feeheadID` int(11) DEFAULT NULL,
  `feehead` varchar(255) NOT NULL,
  `total_amount` decimal(25,2) NOT NULL,
  `concession_type` varchar(255) DEFAULT NULL,
  `concession` decimal(25,2) DEFAULT NULL,
  `payable_amount` decimal(25,2) NOT NULL,
  `paid_amount` decimal(25,2) DEFAULT NULL,
  `due_amount` decimal(25,2) NOT NULL,
  `status` enum('Y','N') NOT NULL,
  `due_date` date DEFAULT NULL,
  `added_on` datetime NOT NULL
) ENGINE=MyISAM DEFAULT CHARSET=latin1;

--
-- Dumping data for table `invoice_fee_head`
--

INSERT INTO `invoice_fee_head` (`ID`, `schoolID`, `studentID`, `invoiceID`, `session`, `feeheadID`, `feehead`, `total_amount`, `concession_type`, `concession`, `payable_amount`, `paid_amount`, `due_amount`, `status`, `due_date`, `added_on`) VALUES
(1, 57, 227, 1, NULL, NULL, 'tution fee', '500.00', 'Trust', '250.00', '250.00', '250.00', '0.00', 'Y', '2019-01-29', '2019-01-28 22:54:38'),
(2, 57, 230, 2, NULL, NULL, 'tution fee', '500.00', ' ', '0.00', '500.00', '500.00', '0.00', 'Y', '2019-01-29', '2019-01-28 22:54:38'),
(3, 57, 228, 3, NULL, NULL, 'tution fee', '500.00', ' ', '0.00', '500.00', '0.00', '500.00', 'Y', '2019-01-29', '2019-01-28 22:54:38'),
(4, 57, 231, 4, NULL, NULL, 'tution fee', '500.00', ' ', '0.00', '500.00', '500.00', '0.00', 'Y', '2019-01-29', '2019-01-28 22:54:38'),
(5, 57, 229, 5, NULL, NULL, 'tution fee', '500.00', ' ', '0.00', '500.00', '0.00', '500.00', 'Y', '2019-01-29', '2019-01-28 22:56:37'),
(6, 57, 227, 6, NULL, NULL, 'Examination fee', '1000.00', ' ', '0.00', '1000.00', '1000.00', '0.00', 'Y', '2019-02-28', '2019-02-04 23:58:17'),
(7, 57, 230, 7, NULL, NULL, 'Examination fee', '1000.00', ' ', '0.00', '1000.00', '1000.00', '0.00', 'Y', '2019-02-28', '2019-02-04 23:58:17'),
(8, 57, 228, 8, NULL, NULL, 'Examination fee', '1000.00', ' ', '0.00', '1000.00', '0.00', '1000.00', 'Y', '2019-02-28', '2019-02-04 23:58:17'),
(9, 57, 231, 9, NULL, NULL, 'Examination fee', '1000.00', ' ', '0.00', '1000.00', '0.00', '1000.00', 'Y', '2019-02-28', '2019-02-04 23:58:17'),
(10, 57, 229, 10, NULL, NULL, 'Examination fee', '1000.00', ' ', '0.00', '1000.00', '0.00', '1000.00', 'Y', '2019-02-28', '2019-02-04 23:58:17'),
(11, 57, 227, 11, NULL, NULL, 'tution fee', '500.00', 'Trust', '250.00', '250.00', '250.00', '0.00', 'Y', '2019-03-28', '2019-02-07 00:57:09'),
(12, 57, 230, 12, NULL, NULL, 'tution fee', '500.00', ' ', '0.00', '500.00', '500.00', '0.00', 'Y', '2019-03-28', '2019-02-07 00:57:09'),
(13, 57, 232, 13, NULL, NULL, 'tution fee', '500.00', ' ', '0.00', '500.00', '0.00', '500.00', 'Y', '2019-03-28', '2019-02-07 00:57:09'),
(14, 57, 233, 14, NULL, NULL, 'tution fee', '500.00', ' ', '0.00', '500.00', '0.00', '500.00', 'Y', '2019-03-28', '2019-02-07 00:57:09'),
(15, 57, 234, 15, NULL, NULL, 'tution fee', '500.00', ' ', '0.00', '500.00', '0.00', '500.00', 'Y', '2019-03-28', '2019-02-07 00:57:09'),
(16, 57, 235, 16, NULL, NULL, 'tution fee', '500.00', ' ', '0.00', '500.00', '0.00', '500.00', 'Y', '2019-03-28', '2019-02-07 00:57:09'),
(17, 57, 228, 17, NULL, NULL, 'tution fee', '500.00', 'Trust', '250.00', '250.00', '0.00', '250.00', 'Y', '2019-03-28', '2019-02-07 00:57:09'),
(18, 57, 231, 18, NULL, NULL, 'tution fee', '500.00', ' ', '0.00', '500.00', '0.00', '500.00', 'Y', '2019-03-28', '2019-02-07 00:57:09'),
(19, 57, 229, 19, NULL, NULL, 'tution fee', '500.00', ' ', '0.00', '500.00', '0.00', '500.00', 'Y', '2019-03-28', '2019-02-07 00:57:09'),
(20, 57, 232, 20, NULL, NULL, 'dress fee', '0.00', ' ', '0.00', '0.00', '0.00', '0.00', 'Y', '2019-02-28', '2019-02-09 22:34:59'),
(21, 57, 233, 21, NULL, NULL, 'dress fee', '0.00', ' ', '0.00', '0.00', '0.00', '0.00', 'Y', '2019-02-28', '2019-02-09 22:34:59'),
(22, 57, 234, 22, NULL, NULL, 'dress fee', '0.00', ' ', '0.00', '0.00', '0.00', '0.00', 'Y', '2019-02-28', '2019-02-09 22:34:59'),
(23, 57, 235, 23, NULL, NULL, 'dress fee', '0.00', ' ', '0.00', '0.00', '0.00', '0.00', 'Y', '2019-02-28', '2019-02-09 22:34:59'),
(24, 2, 2, 24, NULL, NULL, 'Tution Fee', '500.00', 'Trust', '250.00', '250.00', '250.00', '0.00', 'Y', '2019-03-10', '2019-03-02 00:57:37'),
(25, 2, 2, 24, NULL, NULL, 'Exam Fee', '300.00', ' ', '0.00', '300.00', '300.00', '0.00', 'Y', '2019-03-10', '2019-03-02 00:57:37'),
(26, 2, 2, 24, NULL, NULL, 'Smart Class', '100.00', ' ', '0.00', '100.00', '100.00', '0.00', 'Y', '2019-03-10', '2019-03-02 00:57:37'),
(27, 2, 5, 25, NULL, NULL, 'Tution Fee', '500.00', ' ', '0.00', '500.00', '0.00', '500.00', 'Y', '2019-03-10', '2019-03-02 00:57:37'),
(28, 2, 5, 25, NULL, NULL, 'Exam Fee', '300.00', ' ', '0.00', '300.00', '0.00', '300.00', 'Y', '2019-03-10', '2019-03-02 00:57:37'),
(29, 2, 5, 25, NULL, NULL, 'Smart Class', '100.00', ' ', '0.00', '100.00', '0.00', '100.00', 'Y', '2019-03-10', '2019-03-02 00:57:37'),
(30, 2, 10, 26, NULL, NULL, 'Tution Fee', '500.00', ' ', '0.00', '500.00', '0.00', '500.00', 'Y', '2019-03-10', '2019-03-02 00:57:37'),
(31, 2, 10, 26, NULL, NULL, 'Exam Fee', '300.00', ' ', '0.00', '300.00', '0.00', '300.00', 'Y', '2019-03-10', '2019-03-02 00:57:37'),
(32, 2, 10, 26, NULL, NULL, 'Smart Class', '100.00', ' ', '0.00', '100.00', '0.00', '100.00', 'Y', '2019-03-10', '2019-03-02 00:57:37'),
(33, 2, 11, 27, NULL, NULL, 'Tution Fee', '500.00', ' ', '0.00', '500.00', '0.00', '500.00', 'Y', '2019-03-10', '2019-03-02 00:57:37'),
(34, 2, 11, 27, NULL, NULL, 'Exam Fee', '300.00', ' ', '0.00', '300.00', '0.00', '300.00', 'Y', '2019-03-10', '2019-03-02 00:57:37'),
(35, 2, 11, 27, NULL, NULL, 'Smart Class', '100.00', ' ', '0.00', '100.00', '0.00', '100.00', 'Y', '2019-03-10', '2019-03-02 00:57:37'),
(36, 2, 13, 28, NULL, NULL, 'Tution Fee', '500.00', ' ', '0.00', '500.00', '0.00', '500.00', 'Y', '2019-03-10', '2019-03-02 00:57:37'),
(37, 2, 13, 28, NULL, NULL, 'Exam Fee', '300.00', ' ', '0.00', '300.00', '0.00', '300.00', 'Y', '2019-03-10', '2019-03-02 00:57:37'),
(38, 2, 13, 28, NULL, NULL, 'Smart Class', '100.00', ' ', '0.00', '100.00', '0.00', '100.00', 'Y', '2019-03-10', '2019-03-02 00:57:37'),
(39, 2, 2, 29, NULL, NULL, 'Tution Fee', '500.00', 'Trust', '250.00', '250.00', '250.00', '0.00', 'Y', '2019-03-11', '2019-03-02 12:26:53'),
(40, 2, 2, 29, NULL, NULL, 'Exam Fee', '300.00', ' ', '0.00', '300.00', '100.00', '200.00', 'Y', '2019-03-11', '2019-03-02 12:26:53'),
(41, 2, 2, 29, NULL, NULL, 'Smart Class', '100.00', ' ', '0.00', '100.00', '0.00', '100.00', 'Y', '2019-03-11', '2019-03-02 12:26:53'),
(42, 2, 5, 30, NULL, NULL, 'Tution Fee', '500.00', 'Trust', '250.00', '250.00', '0.00', '250.00', 'Y', '2019-03-11', '2019-03-02 12:26:53'),
(43, 2, 5, 30, NULL, NULL, 'Exam Fee', '300.00', ' ', '0.00', '300.00', '0.00', '300.00', 'Y', '2019-03-11', '2019-03-02 12:26:53'),
(44, 2, 5, 30, NULL, NULL, 'Smart Class', '100.00', ' ', '0.00', '100.00', '0.00', '100.00', 'Y', '2019-03-11', '2019-03-02 12:26:53'),
(45, 2, 10, 31, NULL, NULL, 'Tution Fee', '500.00', ' ', '0.00', '500.00', '0.00', '500.00', 'Y', '2019-03-11', '2019-03-02 12:26:53'),
(46, 2, 10, 31, NULL, NULL, 'Exam Fee', '300.00', ' ', '0.00', '300.00', '0.00', '300.00', 'Y', '2019-03-11', '2019-03-02 12:26:53'),
(47, 2, 10, 31, NULL, NULL, 'Smart Class', '100.00', ' ', '0.00', '100.00', '0.00', '100.00', 'Y', '2019-03-11', '2019-03-02 12:26:53'),
(48, 2, 11, 32, NULL, NULL, 'Tution Fee', '500.00', ' ', '0.00', '500.00', '0.00', '500.00', 'Y', '2019-03-11', '2019-03-02 12:26:53'),
(49, 2, 11, 32, NULL, NULL, 'Exam Fee', '300.00', ' ', '0.00', '300.00', '0.00', '300.00', 'Y', '2019-03-11', '2019-03-02 12:26:53'),
(50, 2, 11, 32, NULL, NULL, 'Smart Class', '100.00', ' ', '0.00', '100.00', '0.00', '100.00', 'Y', '2019-03-11', '2019-03-02 12:26:53'),
(51, 2, 13, 33, NULL, NULL, 'Tution Fee', '500.00', ' ', '0.00', '500.00', '0.00', '500.00', 'Y', '2019-03-11', '2019-03-02 12:26:53'),
(52, 2, 13, 33, NULL, NULL, 'Exam Fee', '300.00', ' ', '0.00', '300.00', '0.00', '300.00', 'Y', '2019-03-11', '2019-03-02 12:26:53'),
(53, 2, 13, 33, NULL, NULL, 'Smart Class', '100.00', ' ', '0.00', '100.00', '0.00', '100.00', 'Y', '2019-03-11', '2019-03-02 12:26:53'),
(54, 57, 227, 34, NULL, NULL, 'tution fee', '500.00', 'Trust', '250.00', '250.00', '250.00', '0.00', 'Y', '2019-09-15', '2019-03-06 22:29:58'),
(55, 57, 227, 34, NULL, NULL, 'transport fee', '300.00', ' ', '0.00', '300.00', '300.00', '0.00', 'Y', '2019-09-15', '2019-03-06 22:29:58'),
(56, 57, 227, 34, NULL, NULL, 'Examination fee', '1000.00', ' ', '0.00', '1000.00', '1000.00', '0.00', 'Y', '2019-09-15', '2019-03-06 22:29:58'),
(57, 57, 227, 34, NULL, NULL, 'books fee', '2000.00', ' ', '0.00', '2000.00', '2000.00', '0.00', 'Y', '2019-09-15', '2019-03-06 22:29:58'),
(58, 57, 227, 34, NULL, NULL, 'dress fee', '5000.00', ' ', '0.00', '5000.00', '5000.00', '0.00', 'Y', '2019-09-15', '2019-03-06 22:29:58'),
(59, 57, 230, 35, NULL, NULL, 'tution fee', '500.00', ' ', '0.00', '500.00', '500.00', '0.00', 'Y', '2019-09-15', '2019-03-06 22:29:58'),
(60, 57, 230, 35, NULL, NULL, 'transport fee', '300.00', ' ', '0.00', '300.00', '300.00', '0.00', 'Y', '2019-09-15', '2019-03-06 22:29:58'),
(61, 57, 230, 35, NULL, NULL, 'Examination fee', '1000.00', ' ', '0.00', '1000.00', '1000.00', '0.00', 'Y', '2019-09-15', '2019-03-06 22:29:58'),
(62, 57, 230, 35, NULL, NULL, 'books fee', '2000.00', ' ', '0.00', '2000.00', '760.00', '1240.00', 'Y', '2019-09-15', '2019-03-06 22:29:58'),
(63, 57, 230, 35, NULL, NULL, 'dress fee', '5000.00', ' ', '0.00', '5000.00', '0.00', '5000.00', 'Y', '2019-09-15', '2019-03-06 22:29:58'),
(64, 57, 232, 36, NULL, NULL, 'tution fee', '500.00', ' ', '0.00', '500.00', '0.00', '500.00', 'Y', '2019-09-15', '2019-03-06 22:29:58'),
(65, 57, 232, 36, NULL, NULL, 'transport fee', '300.00', ' ', '0.00', '300.00', '0.00', '300.00', 'Y', '2019-09-15', '2019-03-06 22:29:58'),
(66, 57, 232, 36, NULL, NULL, 'Examination fee', '1000.00', ' ', '0.00', '1000.00', '0.00', '1000.00', 'Y', '2019-09-15', '2019-03-06 22:29:58'),
(67, 57, 232, 36, NULL, NULL, 'books fee', '2000.00', ' ', '0.00', '2000.00', '0.00', '2000.00', 'Y', '2019-09-15', '2019-03-06 22:29:58'),
(68, 57, 232, 36, NULL, NULL, 'dress fee', '5000.00', ' ', '0.00', '5000.00', '0.00', '5000.00', 'Y', '2019-09-15', '2019-03-06 22:29:58'),
(69, 57, 233, 37, NULL, NULL, 'tution fee', '500.00', ' ', '0.00', '500.00', '0.00', '500.00', 'Y', '2019-09-15', '2019-03-06 22:29:58'),
(70, 57, 233, 37, NULL, NULL, 'transport fee', '300.00', ' ', '0.00', '300.00', '0.00', '300.00', 'Y', '2019-09-15', '2019-03-06 22:29:58'),
(71, 57, 233, 37, NULL, NULL, 'Examination fee', '1000.00', ' ', '0.00', '1000.00', '0.00', '1000.00', 'Y', '2019-09-15', '2019-03-06 22:29:58'),
(72, 57, 233, 37, NULL, NULL, 'books fee', '2000.00', ' ', '0.00', '2000.00', '0.00', '2000.00', 'Y', '2019-09-15', '2019-03-06 22:29:58'),
(73, 57, 233, 37, NULL, NULL, 'dress fee', '5000.00', ' ', '0.00', '5000.00', '0.00', '5000.00', 'Y', '2019-09-15', '2019-03-06 22:29:58'),
(74, 57, 234, 38, NULL, NULL, 'tution fee', '500.00', ' ', '0.00', '500.00', '0.00', '500.00', 'Y', '2019-09-15', '2019-03-06 22:29:58'),
(75, 57, 234, 38, NULL, NULL, 'transport fee', '300.00', ' ', '0.00', '300.00', '0.00', '300.00', 'Y', '2019-09-15', '2019-03-06 22:29:58'),
(76, 57, 234, 38, NULL, NULL, 'Examination fee', '1000.00', ' ', '0.00', '1000.00', '0.00', '1000.00', 'Y', '2019-09-15', '2019-03-06 22:29:58'),
(77, 57, 234, 38, NULL, NULL, 'books fee', '2000.00', ' ', '0.00', '2000.00', '0.00', '2000.00', 'Y', '2019-09-15', '2019-03-06 22:29:58'),
(78, 57, 234, 38, NULL, NULL, 'dress fee', '5000.00', ' ', '0.00', '5000.00', '0.00', '5000.00', 'Y', '2019-09-15', '2019-03-06 22:29:58'),
(79, 57, 235, 39, NULL, NULL, 'tution fee', '500.00', ' ', '0.00', '500.00', '0.00', '500.00', 'Y', '2019-09-15', '2019-03-06 22:29:58'),
(80, 57, 235, 39, NULL, NULL, 'transport fee', '300.00', ' ', '0.00', '300.00', '0.00', '300.00', 'Y', '2019-09-15', '2019-03-06 22:29:58'),
(81, 57, 235, 39, NULL, NULL, 'Examination fee', '1000.00', ' ', '0.00', '1000.00', '0.00', '1000.00', 'Y', '2019-09-15', '2019-03-06 22:29:58'),
(82, 57, 235, 39, NULL, NULL, 'books fee', '2000.00', ' ', '0.00', '2000.00', '0.00', '2000.00', 'Y', '2019-09-15', '2019-03-06 22:29:58'),
(83, 57, 235, 39, NULL, NULL, 'dress fee', '5000.00', ' ', '0.00', '5000.00', '0.00', '5000.00', 'Y', '2019-09-15', '2019-03-06 22:29:58'),
(84, 57, 239, 40, NULL, NULL, 'tution fee', '500.00', ' ', '0.00', '500.00', '0.00', '500.00', 'Y', '2019-03-30', '2019-03-07 11:27:44'),
(85, 57, 240, 41, NULL, NULL, 'tution fee', '500.00', ' ', '0.00', '500.00', '0.00', '500.00', 'Y', '2019-03-30', '2019-03-07 11:27:44'),
(86, 57, 241, 42, NULL, NULL, 'tution fee', '500.00', ' ', '0.00', '500.00', '0.00', '500.00', 'Y', '2019-03-30', '2019-03-07 11:27:44'),
(87, 57, 242, 43, NULL, NULL, 'tution fee', '500.00', ' ', '0.00', '500.00', '0.00', '500.00', 'Y', '2019-03-30', '2019-03-07 11:27:44'),
(88, 2, 2, 57, '2018-2019', 7, 'Tution Fee', '500.00', ' ', '0.00', '500.00', '500.00', '0.00', 'Y', '2019-03-10', '2019-03-26 09:32:08'),
(89, 2, 2, 57, '2018-2019', 8, 'Exam Fee', '300.00', ' ', '0.00', '300.00', '300.00', '0.00', 'Y', '2019-03-10', '2019-03-26 09:32:08'),
(90, 2, 2, 57, '2018-2019', 9, 'Smart Class', '100.00', ' ', '0.00', '100.00', '100.00', '0.00', 'Y', '2019-03-10', '2019-03-26 09:32:08'),
(91, 2, 2, 57, '2018-2019', 11, 'Extra Charge', '0.00', ' ', '0.00', '0.00', '0.00', '0.00', 'Y', '2019-03-10', '2019-03-26 09:32:08'),
(92, 2, 5, 58, '2018-2019', 7, 'Tution Fee', '500.00', 'Trust', '250.00', '250.00', '0.00', '250.00', 'Y', '2019-03-10', '2019-03-26 09:32:08'),
(93, 2, 5, 58, '2018-2019', 8, 'Exam Fee', '300.00', ' ', '0.00', '300.00', '0.00', '300.00', 'Y', '2019-03-10', '2019-03-26 09:32:08'),
(94, 2, 5, 58, '2018-2019', 9, 'Smart Class', '100.00', ' ', '0.00', '100.00', '0.00', '100.00', 'Y', '2019-03-10', '2019-03-26 09:32:08'),
(95, 2, 5, 58, '2018-2019', 11, 'Extra Charge', '0.00', ' ', '0.00', '0.00', '0.00', '0.00', 'Y', '2019-03-10', '2019-03-26 09:32:08'),
(96, 2, 10, 59, '2018-2019', 7, 'Tution Fee', '500.00', ' ', '0.00', '500.00', '110.00', '390.00', 'Y', '2019-03-10', '2019-03-26 09:32:08'),
(97, 2, 10, 59, '2018-2019', 8, 'Exam Fee', '300.00', ' ', '0.00', '300.00', '0.00', '300.00', 'Y', '2019-03-10', '2019-03-26 09:32:08'),
(98, 2, 10, 59, '2018-2019', 9, 'Smart Class', '100.00', ' ', '0.00', '100.00', '0.00', '100.00', 'Y', '2019-03-10', '2019-03-26 09:32:08'),
(99, 2, 10, 59, '2018-2019', 11, 'Extra Charge', '0.00', ' ', '0.00', '0.00', '0.00', '0.00', 'Y', '2019-03-10', '2019-03-26 09:32:08'),
(100, 2, 11, 60, '2018-2019', 7, 'Tution Fee', '500.00', ' ', '0.00', '500.00', '0.00', '500.00', 'Y', '2019-03-10', '2019-03-26 09:32:08'),
(101, 2, 11, 60, '2018-2019', 8, 'Exam Fee', '300.00', ' ', '0.00', '300.00', '0.00', '300.00', 'Y', '2019-03-10', '2019-03-26 09:32:08'),
(102, 2, 11, 60, '2018-2019', 9, 'Smart Class', '100.00', ' ', '0.00', '100.00', '0.00', '100.00', 'Y', '2019-03-10', '2019-03-26 09:32:08'),
(103, 2, 11, 60, '2018-2019', 11, 'Extra Charge', '0.00', ' ', '0.00', '0.00', '0.00', '0.00', 'Y', '2019-03-10', '2019-03-26 09:32:08'),
(104, 2, 13, 61, '2018-2019', 7, 'Tution Fee', '500.00', ' ', '0.00', '500.00', '0.00', '500.00', 'Y', '2019-03-10', '2019-03-26 09:32:08'),
(105, 2, 13, 61, '2018-2019', 8, 'Exam Fee', '300.00', ' ', '0.00', '300.00', '0.00', '300.00', 'Y', '2019-03-10', '2019-03-26 09:32:08'),
(106, 2, 13, 61, '2018-2019', 9, 'Smart Class', '100.00', ' ', '0.00', '100.00', '0.00', '100.00', 'Y', '2019-03-10', '2019-03-26 09:32:08'),
(107, 2, 13, 61, '2018-2019', 11, 'Extra Charge', '0.00', ' ', '0.00', '0.00', '0.00', '0.00', 'Y', '2019-03-10', '2019-03-26 09:32:08'),
(108, 114, 246, 62, '2021-2022', 14, 'Monthly Fee', '2400.00', ' ', '0.00', '2400.00', '0.00', '2400.00', 'Y', '2021-12-22', '2021-12-10 15:55:49'),
(109, 114, 247, 63, '2021-2022', 14, 'Monthly Fee', '2400.00', ' ', '0.00', '2400.00', '0.00', '2400.00', 'Y', '2021-12-22', '2021-12-10 15:55:49'),
(110, 114, 248, 64, '2021-2022', 14, 'Monthly Fee', '2400.00', ' ', '0.00', '2400.00', '0.00', '2400.00', 'Y', '2021-12-22', '2021-12-10 15:55:49'),
(111, 114, 249, 65, '2021-2022', 14, 'Monthly Fee', '2400.00', ' ', '0.00', '2400.00', '0.00', '2400.00', 'Y', '2021-12-22', '2021-12-10 15:55:49'),
(112, 1, 247, 66, '2018-2019', 16, 'test', '100.00', ' ', '0.00', '100.00', '100.00', '0.00', 'Y', '2021-12-17', '2021-12-15 14:23:13');

-- --------------------------------------------------------

--
-- Table structure for table `issue`
--

CREATE TABLE `issue` (
  `issueID` int(11) NOT NULL,
  `schoolID` int(11) NOT NULL,
  `studentID` int(11) NOT NULL,
  `bookID` int(11) NOT NULL,
  `serial_no` varchar(255) NOT NULL,
  `issue_date` date NOT NULL,
  `due_date` date NOT NULL,
  `return_date` date NOT NULL,
  `note` text NOT NULL,
  `total_fine` varchar(255) NOT NULL,
  `fine_conc` varchar(255) NOT NULL,
  `fine_remark` varchar(255) NOT NULL,
  `return_by` varchar(255) NOT NULL,
  `return_by_type` varchar(255) NOT NULL
) ENGINE=MyISAM DEFAULT CHARSET=latin1;

-- --------------------------------------------------------

--
-- Table structure for table `issue_teacher`
--

CREATE TABLE `issue_teacher` (
  `issueID` int(11) NOT NULL,
  `schoolID` int(11) NOT NULL,
  `teacherID` int(11) NOT NULL,
  `bookID` int(11) NOT NULL,
  `serial_no` varchar(255) NOT NULL,
  `issue_date` date NOT NULL,
  `due_date` date NOT NULL,
  `return_date` date NOT NULL,
  `note` text NOT NULL
) ENGINE=MyISAM DEFAULT CHARSET=latin1;

-- --------------------------------------------------------

--
-- Table structure for table `lost_book`
--

CREATE TABLE `lost_book` (
  `lostbookID` int(11) NOT NULL,
  `schoolID` int(11) NOT NULL,
  `studentID` int(11) NOT NULL,
  `bookID` int(11) NOT NULL,
  `book` varchar(255) NOT NULL,
  `author` varchar(255) NOT NULL,
  `serial_no` varchar(255) NOT NULL,
  `lost_date` date NOT NULL,
  `fine_type` varchar(255) NOT NULL,
  `fine` varchar(255) NOT NULL,
  `note` text NOT NULL,
  `status` int(11) NOT NULL,
  `received` int(11) NOT NULL
) ENGINE=MyISAM DEFAULT CHARSET=latin1;

-- --------------------------------------------------------

--
-- Table structure for table `modules`
--

CREATE TABLE `modules` (
  `moduleID` int(11) NOT NULL,
  `module_name` varchar(255) NOT NULL,
  `module_icon` varchar(150) NOT NULL,
  `short_description` text NOT NULL,
  `price` varchar(255) NOT NULL,
  `is_active` enum('Y','N') NOT NULL,
  `added_on` datetime NOT NULL
) ENGINE=MyISAM DEFAULT CHARSET=latin1;

--
-- Dumping data for table `modules`
--

INSERT INTO `modules` (`moduleID`, `module_name`, `module_icon`, `short_description`, `price`, `is_active`, `added_on`) VALUES
(1, 'Homework', 'assignment_icon.png', 'This is Test Description. This is Test Description. This is Test Description. This is Test Description. This is Test Description.', '0', 'Y', '2018-10-03 00:00:00'),
(2, 'Attendance', 'attendance.png', 'This is Test Description. This is Test Description. This is Test Description. This is Test Description. This is Test Description.', '0', 'Y', '2018-10-03 00:00:00'),
(3, 'Exam & Result', 'exam_result.png', 'This is Test Description. This is Test Description. This is Test Description. This is Test Description. This is Test Description.', '0', 'Y', '2018-10-03 00:00:00'),
(4, 'Class Routine', 'class_routn.png', 'This is Test Description. This is Test Description. This is Test Description. This is Test Description. This is Test Description.', '0', 'Y', '2018-10-03 00:00:00'),
(5, 'Premium Chat', 'mess_staff.png', 'This is Test Description. This is Test Description. This is Test Description. This is Test Description. This is Test Description.', '0', 'Y', '2018-10-03 00:00:00'),
(6, 'Library', 'library.png', 'This is Test Description. This is Test Description. This is Test Description. This is Test Description. This is Test Description.', '799', 'N', '2018-10-03 00:00:00'),
(7, 'Accounts & Fee', 'account.png', 'This is Test Description. This is Test Description. This is Test Description. This is Test Description. This is Test Description.', '799', 'Y', '2018-10-03 00:00:00'),
(8, 'Camera', 'camera.png', 'This is Test Description. This is Test Description. This is Test Description. This is Test Description. This is Test Description.', '499', 'Y', '2018-10-03 00:00:00'),
(9, 'Syllabus', 'syllabus.png', 'This is Test Description. This is Test Description. This is Test Description. This is Test Description. This is Test Description.', '0', 'Y', '2018-11-14 12:30:14'),
(10, 'Gallery', 'gallery_icon.png', 'This is Test Description. This is Test Description. This is Test Description. This is Test Description. This is Test Description.', '0', 'Y', '2018-11-14 12:32:27'),
(11, 'Announcement', 'tuition-and-fees.png', 'This is Test Description. This is Test Description. This is Test Description. This is Test Description. This is Test Description.', '0', 'Y', '2018-11-14 12:33:14'),
(12, 'Message to Staff', 'mess_staff.png', 'This is Test Description. This is Test Description. This is Test Description. This is Test Description. This is Test Description.', '0', 'Y', '2018-11-14 12:34:20'),
(13, 'Message to student', 'mess_student.png', 'This is Test Description. This is Test Description. This is Test Description. This is Test Description. This is Test Description.', '0', 'Y', '2018-11-14 12:34:46'),
(14, 'Contact Directory', 'contact_icon.png', 'This is Test Description. This is Test Description. This is Test Description. This is Test Description. This is Test Description.', '0', 'Y', '2018-11-14 12:35:09'),
(15, 'Approval', 'approval_icon.png', 'This is Test Description. This is Test Description. This is Test Description. This is Test Description. This is Test Description.', '0', 'Y', '2018-11-14 12:35:54'),
(16, 'Circular', 'circular.png', 'This is Test Description. This is Test Description. This is Test Description. This is Test Description. This is Test Description.', '0', 'Y', '2018-11-14 12:36:20'),
(17, 'Suggestion', 'suggestion.png', 'This is Test Description. This is Test Description. This is Test Description. This is Test Description. This is Test Description.', '0', 'Y', '2018-11-14 12:37:03'),
(18, 'Events', 'events.png', 'This is Test Description. This is Test Description. This is Test Description. This is Test Description. This is Test Description.', '0', 'Y', '2018-11-14 12:37:29'),
(19, 'Transport', 'tuition-and-fees.png', 'This is Test Description. This is Test Description. This is Test Description. This is Test Description. This is Test Description.', '0', 'Y', '2018-11-14 12:37:29'),
(20, 'Quiz', 'quiz.png', 'This is Test Description. This is Test Description. This is Test Description. This is Test Description. This is Test Description.', '0', 'Y', '2018-11-14 12:37:29'),
(21, 'News', 'tuition-and-fees.png', 'This is Test Description. This is Test Description. This is Test Description. This is Test Description. This is Test Description.', '0', 'N', '2018-11-14 12:37:29'),
(22, 'Online Examination System', 'tuition-and-fees.png', 'This is Test Description. This is Test Description. This is Test Description. This is Test Description. This is Test Description.', '0', 'N', '2018-11-14 12:37:29'),
(23, 'Admission', 'tuition-and-fees.png', 'This is Test Description. This is Test Description. This is Test Description. This is Test Description. This is Test Description.', '0', 'N', '2018-11-14 12:37:29'),
(24, 'Hostel Management', 'tuition-and-fees.png', 'This is Test Description. This is Test Description. This is Test Description. This is Test Description. This is Test Description.', '0', 'N', '2018-11-14 12:37:29'),
(25, 'Polls', 'polls.png', 'This is Test Description. This is Test Description. This is Test Description. This is Test Description. This is Test Description.', '0', 'Y', '2018-11-14 12:37:29');

-- --------------------------------------------------------

--
-- Table structure for table `notice`
--

CREATE TABLE `notice` (
  `noticeID` int(11) NOT NULL,
  `schoolID` int(11) NOT NULL,
  `title` varchar(150) NOT NULL,
  `notice` text NOT NULL,
  `attachment` varchar(200) NOT NULL,
  `added_on` datetime NOT NULL
) ENGINE=MyISAM DEFAULT CHARSET=latin1;

--
-- Dumping data for table `notice`
--

INSERT INTO `notice` (`noticeID`, `schoolID`, `title`, `notice`, `attachment`, `added_on`) VALUES
(1, 2, 'Test Notice', 'This is to inform all the student that the school will still open on Sunday.', '', '0000-00-00 00:00:00'),
(2, 2, 'Hi ', 'test message', '', '0000-00-00 00:00:00'),
(3, 2, 'class root', 'vzgsgsgsg', '', '2018-12-29 11:27:52'),
(4, 41, 'testtest', 'tedt', '', '2019-01-15 13:42:48'),
(5, 28, '26 January ', 'Every Student come at 9 am.\n', '', '2019-01-19 22:15:22'),
(6, 57, 'tommorow  school is closed', 'school is closed ', '', '2019-02-06 14:13:13'),
(7, 111, 'hi ', 'vshsvdvdv', '', '2021-12-03 19:24:36'),
(8, 1, 'test', 'test\n', '', '2021-12-13 12:24:09'),
(9, 1, 'hhjkk', 'gxfchjkbln;lm\',;\'.', '', '2021-12-15 14:14:39');

-- --------------------------------------------------------

--
-- Table structure for table `notification`
--

CREATE TABLE `notification` (
  `notificationID` int(11) NOT NULL,
  `schoolID` int(11) NOT NULL,
  `userID` int(11) NOT NULL,
  `role` enum('school','teacher','parent','student') NOT NULL,
  `title` varchar(255) NOT NULL,
  `notification` text NOT NULL,
  `status` int(1) DEFAULT NULL,
  `added_on` datetime NOT NULL
) ENGINE=MyISAM DEFAULT CHARSET=latin1;

--
-- Dumping data for table `notification`
--

INSERT INTO `notification` (`notificationID`, `schoolID`, `userID`, `role`, `title`, `notification`, `status`, `added_on`) VALUES
(809, 2, 11, 'student', 'Exam Result', 'Result of Half Yearly exam has been delayed.', 1, '2018-12-22 16:01:15'),
(6, 1, 1, 'teacher', 'Routine Updated', 'There is a change in routine', 1, '2018-12-17 17:42:30'),
(8, 1, 1, 'teacher', 'Routine Updated', 'There is a change in routine', 1, '2018-12-17 17:43:40'),
(808, 2, 10, 'student', 'Exam Result', 'Result of Half Yearly exam has been delayed.', 1, '2018-12-22 16:01:15'),
(10, 1, 0, 'teacher', 'Routine Updated', 'There is a change in routine', 1, '2018-12-17 17:43:51'),
(12, 1, 1, 'teacher', 'Routine Updated', 'There is a change in routine', 1, '2018-12-17 17:44:04'),
(14, 1, 1, 'teacher', 'Routine Updated', 'There is a change in routine', 1, '2018-12-17 17:44:18'),
(16, 1, 1, 'teacher', 'Routine Updated', 'There is a change in routine', 0, '2018-12-17 17:44:56'),
(90, 2, 13, 'student', 'Exam Result', 'Result of Half Yearly exam has been announced.', 1, '2018-12-19 15:00:54'),
(18, 1, 1, 'teacher', 'Routine Updated', 'There is a change in routine', 0, '2018-12-17 17:45:04'),
(20, 1, 0, 'teacher', 'Routine Updated', 'There is a change in routine', 1, '2018-12-17 17:45:12'),
(22, 1, 1, 'teacher', 'Routine Updated', 'There is a change in routine', 0, '2018-12-17 17:45:22'),
(807, 2, 5, 'student', 'Exam Result', 'Result of Half Yearly exam has been delayed.', 1, '2018-12-22 16:01:15'),
(88, 2, 10, 'student', 'Exam Result', 'Result of Half Yearly exam has been announced.', 1, '2018-12-19 15:00:54'),
(24, 1, 1, 'teacher', 'Routine Updated', 'There is a change in routine', 0, '2018-12-17 17:45:53'),
(26, 1, 1, 'teacher', 'Routine Updated', 'There is a change in routine', 0, '2018-12-17 17:46:06'),
(123, 2, 10, 'student', 'Exam Result', 'Result of Half Yearly exam has been delayed.', 1, '2018-12-19 15:16:24'),
(901, 2, 11, 'student', 'Exam Result', 'Result of Half Yearly exam has been delayed.', 1, '2018-12-24 13:17:09'),
(1063, 2, 10, 'student', 'Assignment', 'A new assignment has been posted.', 1, '2018-12-31 12:10:37'),
(31, 2, 10, 'student', 'Event Added', 'An Event has been created in your school.', 1, '2018-12-17 18:57:44'),
(32, 2, 2, 'teacher', 'Event Added', 'An Event has been created in your school.', 0, '2018-12-17 18:57:44'),
(33, 2, 4, 'teacher', 'Event Added', 'An Event has been created in your school.', 1, '2018-12-17 18:57:44'),
(34, 2, 2, 'teacher', 'Circular', 'There is a new circular.', 0, '2018-12-17 19:02:02'),
(35, 2, 4, 'teacher', 'Circular', 'There is a new circular.', 1, '2018-12-17 19:02:02'),
(128, 2, 10, 'student', 'Exam Result', 'Result of Half Yearly exam has been announced.', 1, '2018-12-19 15:20:59'),
(93, 2, 10, 'student', 'Exam Result', 'Result of Half Yearly exam has been announced.', 1, '2018-12-19 15:01:24'),
(125, 2, 13, 'student', 'Exam Result', 'Result of Half Yearly exam has been delayed.', 1, '2018-12-19 15:16:24'),
(89, 2, 11, 'student', 'Exam Result', 'Result of Half Yearly exam has been announced.', 1, '2018-12-19 15:00:54'),
(1019, 2, 5, 'student', 'Assignment', 'A new assignment has been posted.', 1, '2018-12-26 14:50:19'),
(1064, 2, 11, 'student', 'Assignment', 'A new assignment has been posted.', 1, '2018-12-31 12:10:37'),
(40, 2, 10, 'student', 'Assignment', 'A new assignment has been posted.', 1, '2018-12-18 17:02:34'),
(41, 2, 11, 'student', 'Assignment', 'A new assignment has been posted.', 1, '2018-12-18 17:02:34'),
(42, 2, 13, 'student', 'Assignment', 'A new assignment has been posted.', 1, '2018-12-18 17:02:35'),
(805, 2, 13, 'student', 'Exam Result', 'Result of Half Yearly exam has been announced.', 1, '2018-12-22 16:01:04'),
(45, 2, 10, 'student', 'Assignment', 'A new assignment has been posted.', 1, '2018-12-18 17:04:21'),
(46, 2, 11, 'student', 'Assignment', 'A new assignment has been posted.', 1, '2018-12-18 17:04:21'),
(47, 2, 13, 'student', 'Assignment', 'A new assignment has been posted.', 1, '2018-12-18 17:04:22'),
(804, 2, 11, 'student', 'Exam Result', 'Result of Half Yearly exam has been announced.', 1, '2018-12-22 16:01:04'),
(50, 2, 10, 'student', 'Assignment', 'A new assignment has been posted.', 1, '2018-12-18 17:07:00'),
(51, 2, 11, 'student', 'Assignment', 'A new assignment has been posted.', 1, '2018-12-18 17:07:00'),
(120, 2, 13, 'student', 'Exam Result', 'Result of Half Yearly exam has been announced.', 1, '2018-12-19 15:15:32'),
(803, 2, 10, 'student', 'Exam Result', 'Result of Half Yearly exam has been announced.', 1, '2018-12-22 16:01:04'),
(55, 2, 10, 'student', 'Assignment', 'A new assignment has been posted.', 1, '2018-12-18 17:09:36'),
(56, 2, 11, 'student', 'Assignment', 'A new assignment has been posted.', 1, '2018-12-18 17:09:36'),
(57, 2, 13, 'student', 'Assignment', 'A new assignment has been posted.', 1, '2018-12-18 17:09:36'),
(119, 2, 11, 'student', 'Exam Result', 'Result of Half Yearly exam has been announced.', 1, '2018-12-19 15:15:32'),
(802, 2, 5, 'student', 'Exam Result', 'Result of Half Yearly exam has been announced.', 1, '2018-12-22 16:01:04'),
(60, 2, 10, 'student', 'Exam Result', 'Result of Half Yearly exam has been announced.', 1, '2018-12-18 18:21:07'),
(61, 2, 11, 'student', 'Exam Result', 'Result of Half Yearly exam has been announced.', 1, '2018-12-18 18:21:07'),
(118, 2, 10, 'student', 'Exam Result', 'Result of Half Yearly exam has been announced.', 1, '2018-12-19 15:15:32'),
(1017, 2, 13, 'student', 'Assignment', 'A new assignment has been posted.', 1, '2018-12-26 14:34:34'),
(64, 2, 10, 'student', 'Exam Result', 'Result of Half Yearly exam has been announced.', 1, '2018-12-18 18:22:02'),
(65, 2, 11, 'student', 'Exam Result', 'Result of Half Yearly exam has been announced.', 1, '2018-12-18 18:22:02'),
(800, 2, 13, 'student', 'Exam Result', 'Result of Half Yearly exam has been delayed.', 1, '2018-12-22 15:45:17'),
(799, 2, 11, 'student', 'Exam Result', 'Result of Half Yearly exam has been delayed.', 1, '2018-12-22 15:45:17'),
(68, 2, 10, 'student', 'Exam Result', 'Result of Half Yearly exam has been announced.', 1, '2018-12-18 18:22:05'),
(69, 2, 11, 'student', 'Exam Result', 'Result of Half Yearly exam has been announced.', 1, '2018-12-18 18:22:05'),
(115, 2, 13, 'student', 'Exam Result', 'Result of Half Yearly exam has been delayed.', 1, '2018-12-19 15:15:05'),
(798, 2, 10, 'student', 'Exam Result', 'Result of Half Yearly exam has been delayed.', 1, '2018-12-22 15:45:17'),
(72, 2, 10, 'student', 'Exam Result', 'Result of Half Yearly exam has been announced.', 1, '2018-12-18 18:22:46'),
(73, 2, 11, 'student', 'Exam Result', 'Result of Half Yearly exam has been announced.', 1, '2018-12-18 18:22:46'),
(74, 2, 13, 'student', 'Exam Result', 'Result of Half Yearly exam has been announced.', 1, '2018-12-18 18:22:46'),
(114, 2, 11, 'student', 'Exam Result', 'Result of Half Yearly exam has been delayed.', 1, '2018-12-19 15:15:05'),
(797, 2, 5, 'student', 'Exam Result', 'Result of Half Yearly exam has been delayed.', 1, '2018-12-22 15:45:17'),
(77, 2, 10, 'student', 'Exam Result', 'Result of Half Yearly exam has been announced.', 1, '2018-12-18 18:39:53'),
(78, 2, 11, 'student', 'Exam Result', 'Result of Half Yearly exam has been announced.', 1, '2018-12-18 18:39:53'),
(79, 2, 13, 'student', 'Exam Result', 'Result of Half Yearly exam has been announced.', 1, '2018-12-18 18:39:54'),
(113, 2, 10, 'student', 'Exam Result', 'Result of Half Yearly exam has been delayed.', 1, '2018-12-19 15:15:05'),
(899, 2, 5, 'student', 'Exam Result', 'Result of Half Yearly exam has been delayed.', 1, '2018-12-24 13:17:09'),
(82, 2, 10, 'student', 'Exam Result', 'Result of Quarterly exam has been announced.', 1, '2018-12-18 18:40:59'),
(83, 2, 11, 'student', 'Exam Result', 'Result of Quarterly exam has been announced.', 1, '2018-12-18 18:40:59'),
(84, 2, 13, 'student', 'Exam Result', 'Result of Quarterly exam has been announced.', 1, '2018-12-18 18:40:59'),
(900, 2, 10, 'student', 'Exam Result', 'Result of Half Yearly exam has been delayed.', 1, '2018-12-24 13:17:09'),
(94, 2, 11, 'student', 'Exam Result', 'Result of Half Yearly exam has been announced.', 1, '2018-12-19 15:01:24'),
(95, 2, 13, 'student', 'Exam Result', 'Result of Half Yearly exam has been announced.', 1, '2018-12-19 15:01:24'),
(124, 2, 11, 'student', 'Exam Result', 'Result of Half Yearly exam has been delayed.', 1, '2018-12-19 15:16:24'),
(98, 2, 10, 'student', 'Exam Result', 'Result of Half Yearly exam has been announced.', 1, '2018-12-19 15:05:00'),
(99, 2, 11, 'student', 'Exam Result', 'Result of Half Yearly exam has been announced.', 1, '2018-12-19 15:05:00'),
(100, 2, 13, 'student', 'Exam Result', 'Result of Half Yearly exam has been announced.', 1, '2018-12-19 15:05:00'),
(795, 2, 13, 'student', 'Exam Result', 'Result of Half Yearly exam has been announced.', 1, '2018-12-22 14:56:07'),
(794, 2, 11, 'student', 'Exam Result', 'Result of Half Yearly exam has been announced.', 1, '2018-12-22 14:56:07'),
(103, 2, 10, 'student', 'Exam Result', 'Result of Half Yearly exam has been delayed.', 1, '2018-12-19 15:05:08'),
(104, 2, 11, 'student', 'Exam Result', 'Result of Half Yearly exam has been delayed.', 1, '2018-12-19 15:05:08'),
(105, 2, 13, 'student', 'Exam Result', 'Result of Half Yearly exam has been delayed.', 1, '2018-12-19 15:05:08'),
(108, 2, 10, 'student', 'Exam Result', 'Result of Half Yearly exam has been announced.', 1, '2018-12-19 15:13:57'),
(109, 2, 11, 'student', 'Exam Result', 'Result of Half Yearly exam has been announced.', 1, '2018-12-19 15:13:57'),
(110, 2, 13, 'student', 'Exam Result', 'Result of Half Yearly exam has been announced.', 1, '2018-12-19 15:13:57'),
(129, 2, 11, 'student', 'Exam Result', 'Result of Half Yearly exam has been announced.', 1, '2018-12-19 15:20:59'),
(130, 2, 13, 'student', 'Exam Result', 'Result of Half Yearly exam has been announced.', 1, '2018-12-19 15:20:59'),
(1015, 2, 10, 'student', 'Assignment', 'A new assignment has been posted.', 1, '2018-12-26 14:34:34'),
(792, 2, 5, 'student', 'Exam Result', 'Result of Half Yearly exam has been announced.', 1, '2018-12-22 14:56:07'),
(133, 2, 10, 'student', 'Exam Result', 'Result of Half Yearly exam has been delayed.', 1, '2018-12-19 15:21:06'),
(134, 2, 11, 'student', 'Exam Result', 'Result of Half Yearly exam has been delayed.', 1, '2018-12-19 15:21:06'),
(135, 2, 13, 'student', 'Exam Result', 'Result of Half Yearly exam has been delayed.', 1, '2018-12-19 15:21:06'),
(793, 2, 10, 'student', 'Exam Result', 'Result of Half Yearly exam has been announced.', 1, '2018-12-22 14:56:07'),
(138, 2, 10, 'student', 'Exam Result', 'Result of Half Yearly exam has been announced.', 1, '2018-12-19 15:22:22'),
(139, 2, 11, 'student', 'Exam Result', 'Result of Half Yearly exam has been announced.', 1, '2018-12-19 15:22:22'),
(140, 2, 13, 'student', 'Exam Result', 'Result of Half Yearly exam has been announced.', 1, '2018-12-19 15:22:22'),
(1016, 2, 11, 'student', 'Assignment', 'A new assignment has been posted.', 1, '2018-12-26 14:34:34'),
(143, 2, 10, 'student', 'Exam Result', 'Result of Half Yearly exam has been delayed.', 1, '2018-12-19 15:23:06'),
(144, 2, 11, 'student', 'Exam Result', 'Result of Half Yearly exam has been delayed.', 1, '2018-12-19 15:23:06'),
(145, 2, 13, 'student', 'Exam Result', 'Result of Half Yearly exam has been delayed.', 1, '2018-12-19 15:23:06'),
(345, 2, 13, 'student', 'Exam Result', 'Result of Half Yearly exam has been announced.', 1, '2018-12-19 16:38:38'),
(790, 2, 13, 'student', 'Exam Result', 'Result of Half Yearly exam has been delayed.', 1, '2018-12-22 14:46:16'),
(148, 2, 10, 'student', 'Exam Result', 'Result of Half Yearly exam has been announced.', 1, '2018-12-19 15:26:19'),
(149, 2, 11, 'student', 'Exam Result', 'Result of Half Yearly exam has been announced.', 1, '2018-12-19 15:26:19'),
(150, 2, 13, 'student', 'Exam Result', 'Result of Half Yearly exam has been announced.', 1, '2018-12-19 15:26:19'),
(344, 2, 11, 'student', 'Exam Result', 'Result of Half Yearly exam has been announced.', 1, '2018-12-19 16:38:38'),
(789, 2, 11, 'student', 'Exam Result', 'Result of Half Yearly exam has been delayed.', 1, '2018-12-22 14:46:16'),
(153, 2, 10, 'student', 'Exam Result', 'Result of Half Yearly exam has been delayed.', 1, '2018-12-19 15:27:07'),
(154, 2, 11, 'student', 'Exam Result', 'Result of Half Yearly exam has been delayed.', 1, '2018-12-19 15:27:07'),
(155, 2, 13, 'student', 'Exam Result', 'Result of Half Yearly exam has been delayed.', 1, '2018-12-19 15:27:07'),
(343, 2, 10, 'student', 'Exam Result', 'Result of Half Yearly exam has been announced.', 1, '2018-12-19 16:38:38'),
(788, 2, 10, 'student', 'Exam Result', 'Result of Half Yearly exam has been delayed.', 1, '2018-12-22 14:46:16'),
(158, 2, 10, 'student', 'Exam Result', 'Result of Half Yearly exam has been announced.', 1, '2018-12-19 15:27:21'),
(159, 2, 11, 'student', 'Exam Result', 'Result of Half Yearly exam has been announced.', 1, '2018-12-19 15:27:21'),
(160, 2, 13, 'student', 'Exam Result', 'Result of Half Yearly exam has been announced.', 1, '2018-12-19 15:27:21'),
(1014, 2, 5, 'student', 'Assignment', 'A new assignment has been posted.', 1, '2018-12-26 14:34:34'),
(787, 2, 5, 'student', 'Exam Result', 'Result of Half Yearly exam has been delayed.', 1, '2018-12-22 14:46:16'),
(163, 2, 10, 'student', 'Exam Result', 'Result of Half Yearly exam has been delayed.', 1, '2018-12-19 15:27:39'),
(164, 2, 11, 'student', 'Exam Result', 'Result of Half Yearly exam has been delayed.', 1, '2018-12-19 15:27:39'),
(165, 2, 13, 'student', 'Exam Result', 'Result of Half Yearly exam has been delayed.', 1, '2018-12-19 15:27:39'),
(785, 2, 13, 'student', 'Exam Result', 'Result of Half Yearly exam has been announced.', 1, '2018-12-22 14:45:18'),
(168, 2, 10, 'student', 'Exam Result', 'Result of Half Yearly exam has been announced.', 1, '2018-12-19 15:29:21'),
(169, 2, 11, 'student', 'Exam Result', 'Result of Half Yearly exam has been announced.', 1, '2018-12-19 15:29:21'),
(170, 2, 13, 'student', 'Exam Result', 'Result of Half Yearly exam has been announced.', 1, '2018-12-19 15:29:21'),
(173, 2, 10, 'student', 'Exam Result', 'Result of Half Yearly exam has been delayed.', 1, '2018-12-19 15:36:57'),
(174, 2, 11, 'student', 'Exam Result', 'Result of Half Yearly exam has been delayed.', 1, '2018-12-19 15:36:57'),
(175, 2, 13, 'student', 'Exam Result', 'Result of Half Yearly exam has been delayed.', 1, '2018-12-19 15:36:57'),
(340, 2, 13, 'student', 'Exam Result', 'Result of Half Yearly exam has been delayed.', 1, '2018-12-19 16:19:29'),
(784, 2, 11, 'student', 'Exam Result', 'Result of Half Yearly exam has been announced.', 1, '2018-12-22 14:45:18'),
(178, 2, 10, 'student', 'Exam Result', 'Result of Half Yearly exam has been announced.', 1, '2018-12-19 15:37:25'),
(179, 2, 11, 'student', 'Exam Result', 'Result of Half Yearly exam has been announced.', 1, '2018-12-19 15:37:25'),
(180, 2, 13, 'student', 'Exam Result', 'Result of Half Yearly exam has been announced.', 1, '2018-12-19 15:37:25'),
(339, 2, 11, 'student', 'Exam Result', 'Result of Half Yearly exam has been delayed.', 1, '2018-12-19 16:19:29'),
(783, 2, 10, 'student', 'Exam Result', 'Result of Half Yearly exam has been announced.', 1, '2018-12-22 14:45:18'),
(183, 2, 10, 'student', 'Exam Result', 'Result of Half Yearly exam has been delayed.', 1, '2018-12-19 15:38:21'),
(184, 2, 11, 'student', 'Exam Result', 'Result of Half Yearly exam has been delayed.', 1, '2018-12-19 15:38:21'),
(185, 2, 13, 'student', 'Exam Result', 'Result of Half Yearly exam has been delayed.', 1, '2018-12-19 15:38:21'),
(338, 2, 10, 'student', 'Exam Result', 'Result of Half Yearly exam has been delayed.', 1, '2018-12-19 16:19:29'),
(188, 2, 10, 'student', 'Exam Result', 'Result of Half Yearly exam has been announced.', 1, '2018-12-19 15:40:20'),
(189, 2, 11, 'student', 'Exam Result', 'Result of Half Yearly exam has been announced.', 1, '2018-12-19 15:40:20'),
(190, 2, 13, 'student', 'Exam Result', 'Result of Half Yearly exam has been announced.', 1, '2018-12-19 15:40:20'),
(782, 2, 5, 'student', 'Exam Result', 'Result of Half Yearly exam has been announced.', 1, '2018-12-22 14:45:18'),
(1060, 2, 13, 'student', 'Exam Result', 'Result of Half Yearly exam has been announced.', 1, '2018-12-27 18:44:34'),
(193, 2, 10, 'student', 'Exam Result', 'Result of Half Yearly exam has been delayed.', 1, '2018-12-19 15:42:09'),
(194, 2, 11, 'student', 'Exam Result', 'Result of Half Yearly exam has been delayed.', 1, '2018-12-19 15:42:09'),
(195, 2, 13, 'student', 'Exam Result', 'Result of Half Yearly exam has been delayed.', 1, '2018-12-19 15:42:09'),
(865, 2, 13, 'student', 'Exam Result', 'Result of Half Yearly exam has been announced.', 1, '2018-12-23 22:11:06'),
(780, 2, 13, 'student', 'Exam Result', 'Result of Half Yearly exam has been delayed.', 1, '2018-12-22 14:45:02'),
(198, 2, 10, 'student', 'Exam Result', 'Result of Half Yearly exam has been announced.', 1, '2018-12-19 15:42:41'),
(199, 2, 11, 'student', 'Exam Result', 'Result of Half Yearly exam has been announced.', 1, '2018-12-19 15:42:41'),
(200, 2, 13, 'student', 'Exam Result', 'Result of Half Yearly exam has been announced.', 1, '2018-12-19 15:42:41'),
(335, 2, 13, 'student', 'Exam Result', 'Result of Half Yearly exam has been delayed.', 1, '2018-12-19 16:18:53'),
(779, 2, 11, 'student', 'Exam Result', 'Result of Half Yearly exam has been delayed.', 1, '2018-12-22 14:45:02'),
(203, 2, 10, 'student', 'Exam Result', 'Result of Half Yearly exam has been delayed.', 1, '2018-12-19 15:43:13'),
(204, 2, 11, 'student', 'Exam Result', 'Result of Half Yearly exam has been delayed.', 1, '2018-12-19 15:43:13'),
(205, 2, 13, 'student', 'Exam Result', 'Result of Half Yearly exam has been delayed.', 1, '2018-12-19 15:43:13'),
(334, 2, 11, 'student', 'Exam Result', 'Result of Half Yearly exam has been delayed.', 1, '2018-12-19 16:18:53'),
(778, 2, 10, 'student', 'Exam Result', 'Result of Half Yearly exam has been delayed.', 1, '2018-12-22 14:45:02'),
(208, 2, 10, 'student', 'Exam Result', 'Result of Half Yearly exam has been announced.', 1, '2018-12-19 15:44:00'),
(209, 2, 11, 'student', 'Exam Result', 'Result of Half Yearly exam has been announced.', 1, '2018-12-19 15:44:00'),
(210, 2, 13, 'student', 'Exam Result', 'Result of Half Yearly exam has been announced.', 1, '2018-12-19 15:44:00'),
(333, 2, 10, 'student', 'Exam Result', 'Result of Half Yearly exam has been delayed.', 1, '2018-12-19 16:18:53'),
(777, 2, 5, 'student', 'Exam Result', 'Result of Half Yearly exam has been delayed.', 1, '2018-12-22 14:45:02'),
(213, 2, 10, 'student', 'Exam Result', 'Result of Half Yearly exam has been delayed.', 1, '2018-12-19 15:45:36'),
(214, 2, 11, 'student', 'Exam Result', 'Result of Half Yearly exam has been delayed.', 1, '2018-12-19 15:45:36'),
(215, 2, 13, 'student', 'Exam Result', 'Result of Half Yearly exam has been delayed.', 1, '2018-12-19 15:45:36'),
(1012, 2, 13, 'student', 'Assignment', 'A new assignment has been posted.', 1, '2018-12-26 14:32:05'),
(218, 2, 10, 'student', 'Exam Result', 'Result of Half Yearly exam has been delayed.', 1, '2018-12-19 15:48:07'),
(219, 2, 11, 'student', 'Exam Result', 'Result of Half Yearly exam has been delayed.', 1, '2018-12-19 15:48:07'),
(220, 2, 13, 'student', 'Exam Result', 'Result of Half Yearly exam has been delayed.', 1, '2018-12-19 15:48:07'),
(864, 2, 11, 'student', 'Exam Result', 'Result of Half Yearly exam has been announced.', 1, '2018-12-23 22:11:06'),
(775, 2, 13, 'student', 'Exam Result', 'Result of Half Yearly exam has been announced.', 1, '2018-12-22 14:44:17'),
(223, 2, 10, 'student', 'Exam Result', 'Result of Half Yearly exam has been delayed.', 1, '2018-12-19 15:48:12'),
(224, 2, 11, 'student', 'Exam Result', 'Result of Half Yearly exam has been delayed.', 1, '2018-12-19 15:48:12'),
(225, 2, 13, 'student', 'Exam Result', 'Result of Half Yearly exam has been delayed.', 1, '2018-12-19 15:48:12'),
(330, 2, 13, 'student', 'Exam Result', 'Result of Half Yearly exam has been delayed.', 1, '2018-12-19 16:07:48'),
(228, 2, 10, 'student', 'Exam Result', 'Result of Half Yearly exam has been announced.', 1, '2018-12-19 15:48:20'),
(229, 2, 11, 'student', 'Exam Result', 'Result of Half Yearly exam has been announced.', 1, '2018-12-19 15:48:20'),
(230, 2, 13, 'student', 'Exam Result', 'Result of Half Yearly exam has been announced.', 1, '2018-12-19 15:48:20'),
(329, 2, 11, 'student', 'Exam Result', 'Result of Half Yearly exam has been delayed.', 1, '2018-12-19 16:07:48'),
(774, 2, 11, 'student', 'Exam Result', 'Result of Half Yearly exam has been announced.', 1, '2018-12-22 14:44:17'),
(233, 2, 10, 'student', 'Exam Result', 'Result of Half Yearly exam has been delayed.', 1, '2018-12-19 15:48:24'),
(234, 2, 11, 'student', 'Exam Result', 'Result of Half Yearly exam has been delayed.', 1, '2018-12-19 15:48:24'),
(235, 2, 13, 'student', 'Exam Result', 'Result of Half Yearly exam has been delayed.', 1, '2018-12-19 15:48:24'),
(328, 2, 10, 'student', 'Exam Result', 'Result of Half Yearly exam has been delayed.', 1, '2018-12-19 16:07:48'),
(773, 2, 10, 'student', 'Exam Result', 'Result of Half Yearly exam has been announced.', 1, '2018-12-22 14:44:17'),
(238, 2, 10, 'student', 'Exam Result', 'Result of Half Yearly exam has been delayed.', 1, '2018-12-19 15:50:57'),
(239, 2, 11, 'student', 'Exam Result', 'Result of Half Yearly exam has been delayed.', 1, '2018-12-19 15:50:57'),
(240, 2, 13, 'student', 'Exam Result', 'Result of Half Yearly exam has been delayed.', 1, '2018-12-19 15:50:57'),
(325, 2, 13, 'student', 'Exam Result', 'Result of Half Yearly exam has been delayed.', 1, '2018-12-19 16:05:47'),
(243, 2, 10, 'student', 'Exam Result', 'Result of Half Yearly exam has been announced.', 1, '2018-12-19 15:52:12'),
(244, 2, 11, 'student', 'Exam Result', 'Result of Half Yearly exam has been announced.', 1, '2018-12-19 15:52:12'),
(245, 2, 13, 'student', 'Exam Result', 'Result of Half Yearly exam has been announced.', 1, '2018-12-19 15:52:12'),
(324, 2, 11, 'student', 'Exam Result', 'Result of Half Yearly exam has been delayed.', 1, '2018-12-19 16:05:47'),
(772, 2, 5, 'student', 'Exam Result', 'Result of Half Yearly exam has been announced.', 1, '2018-12-22 14:44:17'),
(248, 2, 10, 'student', 'Exam Result', 'Result of Half Yearly exam has been delayed.', 1, '2018-12-19 15:52:23'),
(249, 2, 11, 'student', 'Exam Result', 'Result of Half Yearly exam has been delayed.', 1, '2018-12-19 15:52:23'),
(250, 2, 13, 'student', 'Exam Result', 'Result of Half Yearly exam has been delayed.', 1, '2018-12-19 15:52:23'),
(323, 2, 10, 'student', 'Exam Result', 'Result of Half Yearly exam has been delayed.', 1, '2018-12-19 16:05:47'),
(1011, 2, 11, 'student', 'Assignment', 'A new assignment has been posted.', 1, '2018-12-26 14:32:05'),
(253, 2, 10, 'student', 'Exam Result', 'Result of Half Yearly exam has been delayed.', 1, '2018-12-19 15:53:37'),
(254, 2, 11, 'student', 'Exam Result', 'Result of Half Yearly exam has been delayed.', 1, '2018-12-19 15:53:37'),
(255, 2, 13, 'student', 'Exam Result', 'Result of Half Yearly exam has been delayed.', 1, '2018-12-19 15:53:37'),
(770, 2, 13, 'student', 'Exam Result', 'Result of Half Yearly exam has been delayed.', 1, '2018-12-22 14:44:01'),
(769, 2, 11, 'student', 'Exam Result', 'Result of Half Yearly exam has been delayed.', 1, '2018-12-22 14:44:01'),
(258, 2, 10, 'student', 'Exam Result', 'Result of Half Yearly exam has been delayed.', 1, '2018-12-19 15:54:22'),
(259, 2, 11, 'student', 'Exam Result', 'Result of Half Yearly exam has been delayed.', 1, '2018-12-19 15:54:22'),
(260, 2, 13, 'student', 'Exam Result', 'Result of Half Yearly exam has been delayed.', 1, '2018-12-19 15:54:22'),
(768, 2, 10, 'student', 'Exam Result', 'Result of Half Yearly exam has been delayed.', 1, '2018-12-22 14:44:01'),
(767, 2, 5, 'student', 'Exam Result', 'Result of Half Yearly exam has been delayed.', 1, '2018-12-22 14:44:01'),
(263, 2, 10, 'student', 'Exam Result', 'Result of Half Yearly exam has been delayed.', 1, '2018-12-19 15:54:50'),
(264, 2, 11, 'student', 'Exam Result', 'Result of Half Yearly exam has been delayed.', 1, '2018-12-19 15:54:50'),
(265, 2, 13, 'student', 'Exam Result', 'Result of Half Yearly exam has been delayed.', 1, '2018-12-19 15:54:50'),
(320, 2, 13, 'student', 'Exam Result', 'Result of Half Yearly exam has been delayed.', 1, '2018-12-19 16:05:35'),
(1009, 2, 5, 'student', 'Assignment', 'A new assignment has been posted.', 1, '2018-12-26 14:32:05'),
(268, 2, 10, 'student', 'Exam Result', 'Result of Half Yearly exam has been delayed.', 1, '2018-12-19 15:55:17'),
(269, 2, 11, 'student', 'Exam Result', 'Result of Half Yearly exam has been delayed.', 1, '2018-12-19 15:55:17'),
(270, 2, 13, 'student', 'Exam Result', 'Result of Half Yearly exam has been delayed.', 1, '2018-12-19 15:55:17'),
(319, 2, 11, 'student', 'Exam Result', 'Result of Half Yearly exam has been delayed.', 1, '2018-12-19 16:05:35'),
(1010, 2, 10, 'student', 'Assignment', 'A new assignment has been posted.', 1, '2018-12-26 14:32:05'),
(273, 2, 10, 'student', 'Exam Result', 'Result of Half Yearly exam has been delayed.', 1, '2018-12-19 15:55:42'),
(274, 2, 11, 'student', 'Exam Result', 'Result of Half Yearly exam has been delayed.', 1, '2018-12-19 15:55:42'),
(275, 2, 13, 'student', 'Exam Result', 'Result of Half Yearly exam has been delayed.', 1, '2018-12-19 15:55:42'),
(318, 2, 10, 'student', 'Exam Result', 'Result of Half Yearly exam has been delayed.', 1, '2018-12-19 16:05:35'),
(765, 2, 13, 'student', 'Exam Result', 'Result of Half Yearly exam has been announced.', 1, '2018-12-22 14:43:14'),
(278, 2, 10, 'student', 'Exam Result', 'Result of Half Yearly exam has been delayed.', 1, '2018-12-19 15:56:52'),
(279, 2, 11, 'student', 'Exam Result', 'Result of Half Yearly exam has been delayed.', 1, '2018-12-19 15:56:52'),
(280, 2, 13, 'student', 'Exam Result', 'Result of Half Yearly exam has been delayed.', 1, '2018-12-19 15:56:52'),
(764, 2, 11, 'student', 'Exam Result', 'Result of Half Yearly exam has been announced.', 1, '2018-12-22 14:43:14'),
(283, 2, 10, 'student', 'Exam Result', 'Result of Half Yearly exam has been delayed.', 1, '2018-12-19 15:57:23'),
(284, 2, 11, 'student', 'Exam Result', 'Result of Half Yearly exam has been delayed.', 1, '2018-12-19 15:57:23'),
(285, 2, 13, 'student', 'Exam Result', 'Result of Half Yearly exam has been delayed.', 1, '2018-12-19 15:57:23'),
(315, 2, 13, 'student', 'Exam Result', 'Result of Half Yearly exam has been delayed.', 1, '2018-12-19 16:02:49'),
(763, 2, 10, 'student', 'Exam Result', 'Result of Half Yearly exam has been announced.', 1, '2018-12-22 14:43:14'),
(288, 2, 10, 'student', 'Exam Result', 'Result of Half Yearly exam has been delayed.', 1, '2018-12-19 15:57:46'),
(289, 2, 11, 'student', 'Exam Result', 'Result of Half Yearly exam has been delayed.', 1, '2018-12-19 15:57:46'),
(290, 2, 13, 'student', 'Exam Result', 'Result of Half Yearly exam has been delayed.', 1, '2018-12-19 15:57:46'),
(314, 2, 11, 'student', 'Exam Result', 'Result of Half Yearly exam has been delayed.', 1, '2018-12-19 16:02:49'),
(293, 2, 10, 'student', 'Exam Result', 'Result of Half Yearly exam has been delayed.', 1, '2018-12-19 15:58:48'),
(294, 2, 11, 'student', 'Exam Result', 'Result of Half Yearly exam has been delayed.', 1, '2018-12-19 15:58:48'),
(295, 2, 13, 'student', 'Exam Result', 'Result of Half Yearly exam has been delayed.', 1, '2018-12-19 15:58:48'),
(313, 2, 10, 'student', 'Exam Result', 'Result of Half Yearly exam has been delayed.', 1, '2018-12-19 16:02:49'),
(1007, 2, 4, 'teacher', 'Event Added', 'An Event has been created in your school.', 1, '2018-12-24 18:50:25'),
(762, 2, 5, 'student', 'Exam Result', 'Result of Half Yearly exam has been announced.', 1, '2018-12-22 14:43:14'),
(298, 2, 10, 'student', 'Exam Result', 'Result of Half Yearly exam has been delayed.', 1, '2018-12-19 15:59:36'),
(299, 2, 11, 'student', 'Exam Result', 'Result of Half Yearly exam has been delayed.', 1, '2018-12-19 15:59:36'),
(300, 2, 13, 'student', 'Exam Result', 'Result of Half Yearly exam has been delayed.', 1, '2018-12-19 15:59:36'),
(760, 2, 13, 'student', 'Exam Result', 'Result of Half Yearly exam has been delayed.', 1, '2018-12-22 14:42:23'),
(303, 2, 10, 'student', 'Exam Result', 'Result of Half Yearly exam has been delayed.', 1, '2018-12-19 16:00:33'),
(304, 2, 11, 'student', 'Exam Result', 'Result of Half Yearly exam has been delayed.', 1, '2018-12-19 16:00:33'),
(305, 2, 13, 'student', 'Exam Result', 'Result of Half Yearly exam has been delayed.', 1, '2018-12-19 16:00:33'),
(759, 2, 11, 'student', 'Exam Result', 'Result of Half Yearly exam has been delayed.', 1, '2018-12-22 14:42:23'),
(308, 2, 10, 'student', 'Exam Result', 'Result of Half Yearly exam has been delayed.', 1, '2018-12-19 16:01:40'),
(309, 2, 11, 'student', 'Exam Result', 'Result of Half Yearly exam has been delayed.', 1, '2018-12-19 16:01:40'),
(310, 2, 13, 'student', 'Exam Result', 'Result of Half Yearly exam has been delayed.', 1, '2018-12-19 16:01:40'),
(758, 2, 10, 'student', 'Exam Result', 'Result of Half Yearly exam has been delayed.', 1, '2018-12-22 14:42:23'),
(348, 2, 10, 'student', 'Exam Result', 'Result of Half Yearly exam has been delayed.', 1, '2018-12-19 16:45:08'),
(349, 2, 11, 'student', 'Exam Result', 'Result of Half Yearly exam has been delayed.', 1, '2018-12-19 16:45:08'),
(350, 2, 13, 'student', 'Exam Result', 'Result of Half Yearly exam has been delayed.', 1, '2018-12-19 16:45:08'),
(863, 2, 10, 'student', 'Exam Result', 'Result of Half Yearly exam has been announced.', 1, '2018-12-23 22:11:06'),
(353, 2, 10, 'student', 'Exam Result', 'Result of Half Yearly exam has been announced.', 1, '2018-12-19 16:45:25'),
(354, 2, 11, 'student', 'Exam Result', 'Result of Half Yearly exam has been announced.', 1, '2018-12-19 16:45:25'),
(355, 2, 13, 'student', 'Exam Result', 'Result of Half Yearly exam has been announced.', 1, '2018-12-19 16:45:25'),
(862, 2, 5, 'student', 'Exam Result', 'Result of Half Yearly exam has been announced.', 1, '2018-12-23 22:11:06'),
(1005, 2, 13, 'student', 'Event Added', 'An Event has been created in your school.', 1, '2018-12-24 18:50:25'),
(757, 2, 5, 'student', 'Exam Result', 'Result of Half Yearly exam has been delayed.', 1, '2018-12-22 14:42:23'),
(358, 2, 10, 'student', 'Exam Result', 'Result of Half Yearly exam has been delayed.', 1, '2018-12-19 16:46:00'),
(359, 2, 11, 'student', 'Exam Result', 'Result of Half Yearly exam has been delayed.', 1, '2018-12-19 16:46:00'),
(360, 2, 13, 'student', 'Exam Result', 'Result of Half Yearly exam has been delayed.', 1, '2018-12-19 16:46:00'),
(1006, 2, 2, 'teacher', 'Event Added', 'An Event has been created in your school.', 0, '2018-12-24 18:50:25'),
(363, 2, 10, 'student', 'Exam Result', 'Result of Half Yearly exam has been announced.', 1, '2018-12-19 16:46:35'),
(364, 2, 11, 'student', 'Exam Result', 'Result of Half Yearly exam has been announced.', 1, '2018-12-19 16:46:35'),
(365, 2, 13, 'student', 'Exam Result', 'Result of Half Yearly exam has been announced.', 1, '2018-12-19 16:46:35'),
(860, 2, 13, 'student', 'Exam Result', 'Result of Half Yearly exam has been delayed.', 1, '2018-12-23 22:10:57'),
(755, 2, 13, 'student', 'Exam Result', 'Result of Half Yearly exam has been announced.', 1, '2018-12-22 14:42:04'),
(368, 2, 10, 'student', 'Exam Result', 'Result of Half Yearly exam has been delayed.', 1, '2018-12-19 16:49:05'),
(369, 2, 11, 'student', 'Exam Result', 'Result of Half Yearly exam has been delayed.', 1, '2018-12-19 16:49:05'),
(370, 2, 13, 'student', 'Exam Result', 'Result of Half Yearly exam has been delayed.', 1, '2018-12-19 16:49:05'),
(859, 2, 11, 'student', 'Exam Result', 'Result of Half Yearly exam has been delayed.', 1, '2018-12-23 22:10:57'),
(754, 2, 11, 'student', 'Exam Result', 'Result of Half Yearly exam has been announced.', 1, '2018-12-22 14:42:04'),
(373, 2, 10, 'student', 'Exam Result', 'Result of Half Yearly exam has been announced.', 1, '2018-12-19 17:16:33'),
(374, 2, 11, 'student', 'Exam Result', 'Result of Half Yearly exam has been announced.', 1, '2018-12-19 17:16:33'),
(375, 2, 13, 'student', 'Exam Result', 'Result of Half Yearly exam has been announced.', 1, '2018-12-19 17:16:33'),
(858, 2, 10, 'student', 'Exam Result', 'Result of Half Yearly exam has been delayed.', 1, '2018-12-23 22:10:57'),
(378, 2, 10, 'student', 'Exam Result', 'Result of Half Yearly exam has been delayed.', 1, '2018-12-19 17:38:30'),
(379, 2, 11, 'student', 'Exam Result', 'Result of Half Yearly exam has been delayed.', 1, '2018-12-19 17:38:30'),
(380, 2, 13, 'student', 'Exam Result', 'Result of Half Yearly exam has been delayed.', 1, '2018-12-19 17:38:30'),
(753, 2, 10, 'student', 'Exam Result', 'Result of Half Yearly exam has been announced.', 1, '2018-12-22 14:42:04'),
(383, 2, 10, 'student', 'Exam Result', 'Result of Half Yearly exam has been announced.', 1, '2018-12-19 17:42:47'),
(384, 2, 11, 'student', 'Exam Result', 'Result of Half Yearly exam has been announced.', 1, '2018-12-19 17:42:47'),
(385, 2, 13, 'student', 'Exam Result', 'Result of Half Yearly exam has been announced.', 1, '2018-12-19 17:42:47'),
(1004, 2, 11, 'student', 'Event Added', 'An Event has been created in your school.', 1, '2018-12-24 18:50:25'),
(857, 2, 5, 'student', 'Exam Result', 'Result of Half Yearly exam has been delayed.', 1, '2018-12-23 22:10:57'),
(752, 2, 5, 'student', 'Exam Result', 'Result of Half Yearly exam has been announced.', 1, '2018-12-22 14:42:04'),
(388, 2, 10, 'student', 'Exam Result', 'Result of Half Yearly exam has been delayed.', 1, '2018-12-19 17:42:59'),
(389, 2, 11, 'student', 'Exam Result', 'Result of Half Yearly exam has been delayed.', 1, '2018-12-19 17:42:59'),
(390, 2, 13, 'student', 'Exam Result', 'Result of Half Yearly exam has been delayed.', 1, '2018-12-19 17:42:59'),
(1003, 2, 10, 'student', 'Event Added', 'An Event has been created in your school.', 1, '2018-12-24 18:50:25'),
(393, 2, 10, 'student', 'Exam Result', 'Result of Half Yearly exam has been announced.', 1, '2018-12-19 17:43:42'),
(394, 2, 11, 'student', 'Exam Result', 'Result of Half Yearly exam has been announced.', 1, '2018-12-19 17:43:42'),
(395, 2, 13, 'student', 'Exam Result', 'Result of Half Yearly exam has been announced.', 1, '2018-12-19 17:43:42'),
(855, 2, 13, 'student', 'Exam Result', 'Result of Half Yearly exam has been announced.', 1, '2018-12-23 22:10:46'),
(750, 2, 13, 'student', 'Exam Result', 'Result of Half Yearly exam has been delayed.', 1, '2018-12-22 14:41:27'),
(398, 2, 10, 'student', 'Exam Result', 'Result of Half Yearly exam has been delayed.', 1, '2018-12-19 17:43:59'),
(399, 2, 11, 'student', 'Exam Result', 'Result of Half Yearly exam has been delayed.', 1, '2018-12-19 17:43:59'),
(400, 2, 13, 'student', 'Exam Result', 'Result of Half Yearly exam has been delayed.', 1, '2018-12-19 17:43:59'),
(854, 2, 11, 'student', 'Exam Result', 'Result of Half Yearly exam has been announced.', 1, '2018-12-23 22:10:46'),
(749, 2, 11, 'student', 'Exam Result', 'Result of Half Yearly exam has been delayed.', 1, '2018-12-22 14:41:27'),
(403, 2, 10, 'student', 'Exam Result', 'Result of Half Yearly exam has been announced.', 1, '2018-12-19 17:44:29'),
(404, 2, 11, 'student', 'Exam Result', 'Result of Half Yearly exam has been announced.', 1, '2018-12-19 17:44:29'),
(405, 2, 13, 'student', 'Exam Result', 'Result of Half Yearly exam has been announced.', 1, '2018-12-19 17:44:29'),
(748, 2, 10, 'student', 'Exam Result', 'Result of Half Yearly exam has been delayed.', 1, '2018-12-22 14:41:27'),
(408, 2, 10, 'student', 'Exam Result', 'Result of Half Yearly exam has been delayed.', 1, '2018-12-19 17:44:48'),
(409, 2, 11, 'student', 'Exam Result', 'Result of Half Yearly exam has been delayed.', 1, '2018-12-19 17:44:48'),
(410, 2, 13, 'student', 'Exam Result', 'Result of Half Yearly exam has been delayed.', 1, '2018-12-19 17:44:48'),
(853, 2, 10, 'student', 'Exam Result', 'Result of Half Yearly exam has been announced.', 1, '2018-12-23 22:10:46'),
(413, 2, 10, 'student', 'Exam Result', 'Result of Half Yearly exam has been delayed.', 1, '2018-12-19 17:44:53'),
(414, 2, 11, 'student', 'Exam Result', 'Result of Half Yearly exam has been delayed.', 1, '2018-12-19 17:44:53'),
(415, 2, 13, 'student', 'Exam Result', 'Result of Half Yearly exam has been delayed.', 1, '2018-12-19 17:44:53'),
(852, 2, 5, 'student', 'Exam Result', 'Result of Half Yearly exam has been announced.', 1, '2018-12-23 22:10:46'),
(747, 2, 5, 'student', 'Exam Result', 'Result of Half Yearly exam has been delayed.', 1, '2018-12-22 14:41:27'),
(418, 2, 10, 'student', 'Exam Result', 'Result of Half Yearly exam has been delayed.', 1, '2018-12-19 17:45:30'),
(419, 2, 11, 'student', 'Exam Result', 'Result of Half Yearly exam has been delayed.', 1, '2018-12-19 17:45:30'),
(420, 2, 13, 'student', 'Exam Result', 'Result of Half Yearly exam has been delayed.', 1, '2018-12-19 17:45:30'),
(1002, 2, 5, 'student', 'Event Added', 'An Event has been created in your school.', 1, '2018-12-24 18:50:25'),
(1059, 2, 11, 'student', 'Exam Result', 'Result of Half Yearly exam has been announced.', 1, '2018-12-27 18:44:34'),
(423, 2, 10, 'student', 'Exam Result', 'Result of Half Yearly exam has been announced.', 1, '2018-12-19 17:47:11'),
(424, 2, 11, 'student', 'Exam Result', 'Result of Half Yearly exam has been announced.', 1, '2018-12-19 17:47:11'),
(425, 2, 13, 'student', 'Exam Result', 'Result of Half Yearly exam has been announced.', 1, '2018-12-19 17:47:11'),
(850, 2, 13, 'student', 'Exam Result', 'Result of Half Yearly exam has been delayed.', 1, '2018-12-23 22:00:56'),
(745, 2, 13, 'student', 'Exam Result', 'Result of Half Yearly exam has been announced.', 1, '2018-12-22 14:39:50'),
(428, 2, 10, 'student', 'Exam Result', 'Result of Half Yearly exam has been delayed.', 1, '2018-12-19 17:55:05'),
(429, 2, 11, 'student', 'Exam Result', 'Result of Half Yearly exam has been delayed.', 1, '2018-12-19 17:55:05'),
(430, 2, 13, 'student', 'Exam Result', 'Result of Half Yearly exam has been delayed.', 1, '2018-12-19 17:55:05'),
(849, 2, 11, 'student', 'Exam Result', 'Result of Half Yearly exam has been delayed.', 1, '2018-12-23 22:00:56'),
(744, 2, 11, 'student', 'Exam Result', 'Result of Half Yearly exam has been announced.', 1, '2018-12-22 14:39:50'),
(433, 2, 10, 'student', 'Exam Result', 'Result of Half Yearly exam has been announced.', 1, '2018-12-19 17:55:38'),
(434, 2, 11, 'student', 'Exam Result', 'Result of Half Yearly exam has been announced.', 1, '2018-12-19 17:55:38'),
(435, 2, 13, 'student', 'Exam Result', 'Result of Half Yearly exam has been announced.', 1, '2018-12-19 17:55:38'),
(848, 2, 10, 'student', 'Exam Result', 'Result of Half Yearly exam has been delayed.', 1, '2018-12-23 22:00:56'),
(438, 2, 10, 'student', 'Exam Result', 'Result of Half Yearly exam has been delayed.', 1, '2018-12-19 18:00:23'),
(439, 2, 11, 'student', 'Exam Result', 'Result of Half Yearly exam has been delayed.', 1, '2018-12-19 18:00:23'),
(440, 2, 13, 'student', 'Exam Result', 'Result of Half Yearly exam has been delayed.', 1, '2018-12-19 18:00:23'),
(743, 2, 10, 'student', 'Exam Result', 'Result of Half Yearly exam has been announced.', 1, '2018-12-22 14:39:50'),
(443, 2, 10, 'student', 'Exam Result', 'Result of Half Yearly exam has been announced.', 1, '2018-12-19 18:00:55'),
(444, 2, 11, 'student', 'Exam Result', 'Result of Half Yearly exam has been announced.', 1, '2018-12-19 18:00:55'),
(445, 2, 13, 'student', 'Exam Result', 'Result of Half Yearly exam has been announced.', 1, '2018-12-19 18:00:55'),
(1058, 2, 10, 'student', 'Exam Result', 'Result of Half Yearly exam has been announced.', 1, '2018-12-27 18:44:34'),
(847, 2, 5, 'student', 'Exam Result', 'Result of Half Yearly exam has been delayed.', 1, '2018-12-23 22:00:56'),
(742, 2, 5, 'student', 'Exam Result', 'Result of Half Yearly exam has been announced.', 1, '2018-12-22 14:39:50'),
(448, 2, 10, 'student', 'Exam Result', 'Result of Half Yearly exam has been delayed.', 1, '2018-12-19 18:01:24'),
(449, 2, 11, 'student', 'Exam Result', 'Result of Half Yearly exam has been delayed.', 1, '2018-12-19 18:01:24'),
(450, 2, 13, 'student', 'Exam Result', 'Result of Half Yearly exam has been delayed.', 1, '2018-12-19 18:01:24'),
(999, 2, 4, 'teacher', 'Event Added', 'An Event has been created in your school.', 1, '2018-12-24 18:49:30'),
(453, 2, 10, 'student', 'Exam Result', 'Result of Half Yearly exam has been announced.', 1, '2018-12-19 18:26:13'),
(454, 2, 11, 'student', 'Exam Result', 'Result of Half Yearly exam has been announced.', 1, '2018-12-19 18:26:13'),
(455, 2, 13, 'student', 'Exam Result', 'Result of Half Yearly exam has been announced.', 1, '2018-12-19 18:26:13'),
(845, 2, 13, 'student', 'Exam Result', 'Result of Half Yearly exam has been announced.', 1, '2018-12-23 22:00:46'),
(740, 2, 13, 'student', 'Exam Result', 'Result of Half Yearly exam has been delayed.', 1, '2018-12-22 14:39:39'),
(458, 2, 10, 'student', 'Exam Result', 'Result of Half Yearly exam has been delayed.', 1, '2018-12-19 18:26:33'),
(459, 2, 11, 'student', 'Exam Result', 'Result of Half Yearly exam has been delayed.', 1, '2018-12-19 18:26:33'),
(460, 2, 13, 'student', 'Exam Result', 'Result of Half Yearly exam has been delayed.', 1, '2018-12-19 18:26:33'),
(844, 2, 11, 'student', 'Exam Result', 'Result of Half Yearly exam has been announced.', 1, '2018-12-23 22:00:46'),
(739, 2, 11, 'student', 'Exam Result', 'Result of Half Yearly exam has been delayed.', 1, '2018-12-22 14:39:39'),
(463, 2, 10, 'student', 'Exam Result', 'Result of Half Yearly exam has been announced.', 1, '2018-12-19 18:26:56'),
(464, 2, 11, 'student', 'Exam Result', 'Result of Half Yearly exam has been announced.', 1, '2018-12-19 18:26:56'),
(465, 2, 13, 'student', 'Exam Result', 'Result of Half Yearly exam has been announced.', 1, '2018-12-19 18:26:56'),
(738, 2, 10, 'student', 'Exam Result', 'Result of Half Yearly exam has been delayed.', 1, '2018-12-22 14:39:39'),
(468, 2, 10, 'student', 'Exam Result', 'Result of Half Yearly exam has been delayed.', 1, '2018-12-19 18:35:14'),
(469, 2, 11, 'student', 'Exam Result', 'Result of Half Yearly exam has been delayed.', 1, '2018-12-19 18:35:14'),
(470, 2, 13, 'student', 'Exam Result', 'Result of Half Yearly exam has been delayed.', 1, '2018-12-19 18:35:14'),
(843, 2, 10, 'student', 'Exam Result', 'Result of Half Yearly exam has been announced.', 1, '2018-12-23 22:00:46'),
(473, 2, 10, 'student', 'Exam Result', 'Result of Half Yearly exam has been announced.', 1, '2018-12-19 18:35:53'),
(474, 2, 11, 'student', 'Exam Result', 'Result of Half Yearly exam has been announced.', 1, '2018-12-19 18:35:53'),
(475, 2, 13, 'student', 'Exam Result', 'Result of Half Yearly exam has been announced.', 1, '2018-12-19 18:35:53'),
(842, 2, 5, 'student', 'Exam Result', 'Result of Half Yearly exam has been announced.', 1, '2018-12-23 22:00:46'),
(997, 2, 13, 'student', 'Event Added', 'An Event has been created in your school.', 1, '2018-12-24 18:49:30'),
(737, 2, 5, 'student', 'Exam Result', 'Result of Half Yearly exam has been delayed.', 1, '2018-12-22 14:39:39'),
(478, 2, 10, 'student', 'Exam Result', 'Result of Half Yearly exam has been delayed.', 1, '2018-12-19 18:36:12'),
(479, 2, 11, 'student', 'Exam Result', 'Result of Half Yearly exam has been delayed.', 1, '2018-12-19 18:36:12'),
(480, 2, 13, 'student', 'Exam Result', 'Result of Half Yearly exam has been delayed.', 1, '2018-12-19 18:36:12'),
(998, 2, 2, 'teacher', 'Event Added', 'An Event has been created in your school.', 0, '2018-12-24 18:49:30'),
(483, 2, 10, 'student', 'Exam Result', 'Result of Half Yearly exam has been announced.', 1, '2018-12-19 18:38:01'),
(484, 2, 11, 'student', 'Exam Result', 'Result of Half Yearly exam has been announced.', 1, '2018-12-19 18:38:01'),
(485, 2, 13, 'student', 'Exam Result', 'Result of Half Yearly exam has been announced.', 1, '2018-12-19 18:38:01'),
(840, 2, 13, 'student', 'Exam Result', 'Result of Half Yearly exam has been delayed.', 1, '2018-12-23 22:00:34'),
(735, 2, 13, 'student', 'Exam Result', 'Result of Half Yearly exam has been announced.', 1, '2018-12-22 14:39:07'),
(488, 2, 10, 'student', 'Exam Result', 'Result of Half Yearly exam has been delayed.', 1, '2018-12-19 18:38:12'),
(489, 2, 11, 'student', 'Exam Result', 'Result of Half Yearly exam has been delayed.', 1, '2018-12-19 18:38:12'),
(490, 2, 13, 'student', 'Exam Result', 'Result of Half Yearly exam has been delayed.', 1, '2018-12-19 18:38:12'),
(839, 2, 11, 'student', 'Exam Result', 'Result of Half Yearly exam has been delayed.', 1, '2018-12-23 22:00:34'),
(734, 2, 11, 'student', 'Exam Result', 'Result of Half Yearly exam has been announced.', 1, '2018-12-22 14:39:07'),
(493, 2, 10, 'student', 'Exam Result', 'Result of Half Yearly exam has been announced.', 1, '2018-12-19 18:38:43'),
(494, 2, 11, 'student', 'Exam Result', 'Result of Half Yearly exam has been announced.', 1, '2018-12-19 18:38:43'),
(495, 2, 13, 'student', 'Exam Result', 'Result of Half Yearly exam has been announced.', 1, '2018-12-19 18:38:43'),
(838, 2, 10, 'student', 'Exam Result', 'Result of Half Yearly exam has been delayed.', 1, '2018-12-23 22:00:34'),
(498, 2, 10, 'student', 'Exam Result', 'Result of Half Yearly exam has been delayed.', 1, '2018-12-19 18:38:56'),
(499, 2, 11, 'student', 'Exam Result', 'Result of Half Yearly exam has been delayed.', 1, '2018-12-19 18:38:56'),
(500, 2, 13, 'student', 'Exam Result', 'Result of Half Yearly exam has been delayed.', 1, '2018-12-19 18:38:56'),
(837, 2, 5, 'student', 'Exam Result', 'Result of Half Yearly exam has been delayed.', 1, '2018-12-23 22:00:34'),
(733, 2, 10, 'student', 'Exam Result', 'Result of Half Yearly exam has been announced.', 1, '2018-12-22 14:39:07'),
(503, 2, 10, 'student', 'Exam Result', 'Result of Half Yearly exam has been announced.', 1, '2018-12-19 18:39:38'),
(504, 2, 11, 'student', 'Exam Result', 'Result of Half Yearly exam has been announced.', 1, '2018-12-19 18:39:38'),
(505, 2, 13, 'student', 'Exam Result', 'Result of Half Yearly exam has been announced.', 1, '2018-12-19 18:39:38'),
(996, 2, 11, 'student', 'Event Added', 'An Event has been created in your school.', 1, '2018-12-24 18:49:30'),
(732, 2, 5, 'student', 'Exam Result', 'Result of Half Yearly exam has been announced.', 1, '2018-12-22 14:39:07'),
(508, 2, 10, 'student', 'Exam Result', 'Result of Half Yearly exam has been delayed.', 1, '2018-12-19 18:39:51'),
(509, 2, 11, 'student', 'Exam Result', 'Result of Half Yearly exam has been delayed.', 1, '2018-12-19 18:39:51'),
(510, 2, 13, 'student', 'Exam Result', 'Result of Half Yearly exam has been delayed.', 1, '2018-12-19 18:39:51'),
(835, 2, 13, 'student', 'Exam Result', 'Result of Half Yearly exam has been announced.', 1, '2018-12-23 22:00:24'),
(995, 2, 10, 'student', 'Event Added', 'An Event has been created in your school.', 1, '2018-12-24 18:49:30'),
(513, 2, 10, 'student', 'Exam Result', 'Result of Half Yearly exam has been announced.', 1, '2018-12-19 18:40:43'),
(514, 2, 11, 'student', 'Exam Result', 'Result of Half Yearly exam has been announced.', 1, '2018-12-19 18:40:43'),
(515, 2, 13, 'student', 'Exam Result', 'Result of Half Yearly exam has been announced.', 1, '2018-12-19 18:40:43'),
(730, 2, 13, 'student', 'Exam Result', 'Result of Half Yearly exam has been delayed.', 1, '2018-12-22 14:38:55'),
(518, 2, 10, 'student', 'Exam Result', 'Result of Half Yearly exam has been delayed.', 1, '2018-12-19 18:40:49'),
(519, 2, 11, 'student', 'Exam Result', 'Result of Half Yearly exam has been delayed.', 1, '2018-12-19 18:40:49'),
(520, 2, 13, 'student', 'Exam Result', 'Result of Half Yearly exam has been delayed.', 1, '2018-12-19 18:40:49'),
(834, 2, 11, 'student', 'Exam Result', 'Result of Half Yearly exam has been announced.', 1, '2018-12-23 22:00:24'),
(729, 2, 11, 'student', 'Exam Result', 'Result of Half Yearly exam has been delayed.', 1, '2018-12-22 14:38:55'),
(523, 2, 10, 'student', 'Exam Result', 'Result of Half Yearly exam has been delayed.', 1, '2018-12-19 18:41:17'),
(524, 2, 11, 'student', 'Exam Result', 'Result of Half Yearly exam has been delayed.', 1, '2018-12-19 18:41:17'),
(525, 2, 13, 'student', 'Exam Result', 'Result of Half Yearly exam has been delayed.', 1, '2018-12-19 18:41:17'),
(833, 2, 10, 'student', 'Exam Result', 'Result of Half Yearly exam has been announced.', 1, '2018-12-23 22:00:24'),
(728, 2, 10, 'student', 'Exam Result', 'Result of Half Yearly exam has been delayed.', 1, '2018-12-22 14:38:55'),
(528, 2, 10, 'student', 'Exam Result', 'Result of Half Yearly exam has been delayed.', 1, '2018-12-19 18:41:29'),
(529, 2, 11, 'student', 'Exam Result', 'Result of Half Yearly exam has been delayed.', 1, '2018-12-19 18:41:29'),
(530, 2, 13, 'student', 'Exam Result', 'Result of Half Yearly exam has been delayed.', 1, '2018-12-19 18:41:29'),
(727, 2, 5, 'student', 'Exam Result', 'Result of Half Yearly exam has been delayed.', 1, '2018-12-22 14:38:55'),
(533, 2, 10, 'student', 'Exam Result', 'Result of Half Yearly exam has been delayed.', 1, '2018-12-19 18:41:33'),
(534, 2, 11, 'student', 'Exam Result', 'Result of Half Yearly exam has been delayed.', 1, '2018-12-19 18:41:33'),
(535, 2, 13, 'student', 'Exam Result', 'Result of Half Yearly exam has been delayed.', 1, '2018-12-19 18:41:33'),
(1057, 2, 5, 'student', 'Exam Result', 'Result of Half Yearly exam has been announced.', 1, '2018-12-27 18:44:34'),
(832, 2, 5, 'student', 'Exam Result', 'Result of Half Yearly exam has been announced.', 1, '2018-12-23 22:00:24'),
(1068, 21, 18, 'student', 'Circular', 'There is a new circular.', 1, '2019-01-06 16:00:46'),
(538, 2, 10, 'student', 'Exam Result', 'Result of Half Yearly exam has been delayed.', 1, '2018-12-19 18:42:17'),
(539, 2, 11, 'student', 'Exam Result', 'Result of Half Yearly exam has been delayed.', 1, '2018-12-19 18:42:17'),
(540, 2, 13, 'student', 'Exam Result', 'Result of Half Yearly exam has been delayed.', 1, '2018-12-19 18:42:17'),
(994, 2, 5, 'student', 'Event Added', 'An Event has been created in your school.', 1, '2018-12-24 18:49:30'),
(543, 2, 10, 'student', 'Exam Result', 'Result of Half Yearly exam has been delayed.', 1, '2018-12-19 18:42:30'),
(544, 2, 11, 'student', 'Exam Result', 'Result of Half Yearly exam has been delayed.', 1, '2018-12-19 18:42:30'),
(545, 2, 13, 'student', 'Exam Result', 'Result of Half Yearly exam has been delayed.', 1, '2018-12-19 18:42:30'),
(830, 2, 13, 'student', 'Exam Result', 'Result of Half Yearly exam has been delayed.', 1, '2018-12-22 16:07:20'),
(725, 2, 13, 'student', 'Exam Result', 'Result of Half Yearly exam has been announced.', 1, '2018-12-22 14:38:23'),
(548, 2, 10, 'student', 'Exam Result', 'Result of Half Yearly exam has been delayed.', 1, '2018-12-19 18:52:03');
INSERT INTO `notification` (`notificationID`, `schoolID`, `userID`, `role`, `title`, `notification`, `status`, `added_on`) VALUES
(549, 2, 11, 'student', 'Exam Result', 'Result of Half Yearly exam has been delayed.', 1, '2018-12-19 18:52:03'),
(550, 2, 13, 'student', 'Exam Result', 'Result of Half Yearly exam has been delayed.', 1, '2018-12-19 18:52:03'),
(829, 2, 11, 'student', 'Exam Result', 'Result of Half Yearly exam has been delayed.', 1, '2018-12-22 16:07:20'),
(553, 2, 10, 'student', 'Exam Result', 'Result of Half Yearly exam has been delayed.', 1, '2018-12-19 18:52:24'),
(554, 2, 11, 'student', 'Exam Result', 'Result of Half Yearly exam has been delayed.', 1, '2018-12-19 18:52:24'),
(555, 2, 13, 'student', 'Exam Result', 'Result of Half Yearly exam has been delayed.', 1, '2018-12-19 18:52:24'),
(828, 2, 10, 'student', 'Exam Result', 'Result of Half Yearly exam has been delayed.', 1, '2018-12-22 16:07:20'),
(724, 2, 11, 'student', 'Exam Result', 'Result of Half Yearly exam has been announced.', 1, '2018-12-22 14:38:23'),
(558, 2, 10, 'student', 'Exam Result', 'Result of Half Yearly exam has been delayed.', 1, '2018-12-19 18:52:46'),
(559, 2, 11, 'student', 'Exam Result', 'Result of Half Yearly exam has been delayed.', 1, '2018-12-19 18:52:46'),
(560, 2, 13, 'student', 'Exam Result', 'Result of Half Yearly exam has been delayed.', 1, '2018-12-19 18:52:46'),
(827, 2, 5, 'student', 'Exam Result', 'Result of Half Yearly exam has been delayed.', 1, '2018-12-22 16:07:20'),
(723, 2, 10, 'student', 'Exam Result', 'Result of Half Yearly exam has been announced.', 1, '2018-12-22 14:38:23'),
(563, 2, 10, 'student', 'Exam Result', 'Result of Half Yearly exam has been delayed.', 1, '2018-12-19 18:56:36'),
(564, 2, 11, 'student', 'Exam Result', 'Result of Half Yearly exam has been delayed.', 1, '2018-12-19 18:56:36'),
(565, 2, 13, 'student', 'Exam Result', 'Result of Half Yearly exam has been delayed.', 1, '2018-12-19 18:56:36'),
(568, 2, 10, 'student', 'Exam Result', 'Result of Half Yearly exam has been delayed.', 1, '2018-12-19 18:57:11'),
(569, 2, 11, 'student', 'Exam Result', 'Result of Half Yearly exam has been delayed.', 1, '2018-12-19 18:57:11'),
(570, 2, 13, 'student', 'Exam Result', 'Result of Half Yearly exam has been delayed.', 1, '2018-12-19 18:57:11'),
(722, 2, 5, 'student', 'Exam Result', 'Result of Half Yearly exam has been announced.', 1, '2018-12-22 14:38:23'),
(573, 2, 10, 'student', 'Exam Result', 'Result of Half Yearly exam has been delayed.', 1, '2018-12-19 18:57:38'),
(574, 2, 11, 'student', 'Exam Result', 'Result of Half Yearly exam has been delayed.', 1, '2018-12-19 18:57:38'),
(575, 2, 13, 'student', 'Exam Result', 'Result of Half Yearly exam has been delayed.', 1, '2018-12-19 18:57:38'),
(825, 2, 13, 'student', 'Exam Result', 'Result of Half Yearly exam has been announced.', 1, '2018-12-22 16:05:37'),
(991, 2, 4, 'teacher', 'Event Added', 'An Event has been created in your school.', 1, '2018-12-24 17:51:26'),
(578, 2, 10, 'student', 'Exam Result', 'Result of Half Yearly exam has been delayed.', 1, '2018-12-19 18:57:52'),
(579, 2, 11, 'student', 'Exam Result', 'Result of Half Yearly exam has been delayed.', 1, '2018-12-19 18:57:52'),
(580, 2, 13, 'student', 'Exam Result', 'Result of Half Yearly exam has been delayed.', 1, '2018-12-19 18:57:52'),
(720, 2, 13, 'student', 'Exam Result', 'Result of Half Yearly exam has been delayed.', 1, '2018-12-22 14:38:01'),
(583, 2, 10, 'student', 'Exam Result', 'Result of Half Yearly exam has been delayed.', 1, '2018-12-19 19:00:00'),
(584, 2, 11, 'student', 'Exam Result', 'Result of Half Yearly exam has been delayed.', 1, '2018-12-19 19:00:00'),
(585, 2, 13, 'student', 'Exam Result', 'Result of Half Yearly exam has been delayed.', 1, '2018-12-19 19:00:00'),
(824, 2, 11, 'student', 'Exam Result', 'Result of Half Yearly exam has been announced.', 1, '2018-12-22 16:05:37'),
(719, 2, 11, 'student', 'Exam Result', 'Result of Half Yearly exam has been delayed.', 1, '2018-12-22 14:38:01'),
(588, 2, 10, 'student', 'Exam Result', 'Result of Half Yearly exam has been delayed.', 1, '2018-12-19 19:01:51'),
(589, 2, 11, 'student', 'Exam Result', 'Result of Half Yearly exam has been delayed.', 1, '2018-12-19 19:01:51'),
(590, 2, 13, 'student', 'Exam Result', 'Result of Half Yearly exam has been delayed.', 1, '2018-12-19 19:01:51'),
(823, 2, 10, 'student', 'Exam Result', 'Result of Half Yearly exam has been announced.', 1, '2018-12-22 16:05:37'),
(718, 2, 10, 'student', 'Exam Result', 'Result of Half Yearly exam has been delayed.', 1, '2018-12-22 14:38:01'),
(593, 2, 10, 'student', 'Exam Result', 'Result of Half Yearly exam has been delayed.', 1, '2018-12-19 19:02:03'),
(594, 2, 11, 'student', 'Exam Result', 'Result of Half Yearly exam has been delayed.', 1, '2018-12-19 19:02:03'),
(595, 2, 13, 'student', 'Exam Result', 'Result of Half Yearly exam has been delayed.', 1, '2018-12-19 19:02:03'),
(717, 2, 5, 'student', 'Exam Result', 'Result of Half Yearly exam has been delayed.', 1, '2018-12-22 14:38:01'),
(598, 2, 10, 'student', 'Exam Result', 'Result of Half Yearly exam has been delayed.', 1, '2018-12-19 19:02:11'),
(599, 2, 11, 'student', 'Exam Result', 'Result of Half Yearly exam has been delayed.', 1, '2018-12-19 19:02:11'),
(600, 2, 13, 'student', 'Exam Result', 'Result of Half Yearly exam has been delayed.', 1, '2018-12-19 19:02:11'),
(822, 2, 5, 'student', 'Exam Result', 'Result of Half Yearly exam has been announced.', 1, '2018-12-22 16:05:37'),
(988, 2, 11, 'student', 'Event Added', 'An Event has been created in your school.', 1, '2018-12-24 17:51:26'),
(603, 2, 10, 'student', 'Exam Result', 'Result of Half Yearly exam has been delayed.', 1, '2018-12-19 19:02:13'),
(604, 2, 11, 'student', 'Exam Result', 'Result of Half Yearly exam has been delayed.', 1, '2018-12-19 19:02:13'),
(605, 2, 13, 'student', 'Exam Result', 'Result of Half Yearly exam has been delayed.', 1, '2018-12-19 19:02:13'),
(990, 2, 2, 'teacher', 'Event Added', 'An Event has been created in your school.', 0, '2018-12-24 17:51:26'),
(989, 2, 13, 'student', 'Event Added', 'An Event has been created in your school.', 1, '2018-12-24 17:51:26'),
(608, 2, 10, 'student', 'Exam Result', 'Result of Half Yearly exam has been delayed.', 1, '2018-12-19 19:02:14'),
(609, 2, 11, 'student', 'Exam Result', 'Result of Half Yearly exam has been delayed.', 1, '2018-12-19 19:02:14'),
(610, 2, 13, 'student', 'Exam Result', 'Result of Half Yearly exam has been delayed.', 1, '2018-12-19 19:02:14'),
(820, 2, 13, 'student', 'Exam Result', 'Result of Half Yearly exam has been delayed.', 1, '2018-12-22 16:05:22'),
(715, 2, 13, 'student', 'Exam Result', 'Result of Half Yearly exam has been announced.', 1, '2018-12-22 14:37:23'),
(613, 2, 10, 'student', 'Exam Result', 'Result of Half Yearly exam has been delayed.', 1, '2018-12-19 19:02:15'),
(614, 2, 11, 'student', 'Exam Result', 'Result of Half Yearly exam has been delayed.', 1, '2018-12-19 19:02:15'),
(615, 2, 13, 'student', 'Exam Result', 'Result of Half Yearly exam has been delayed.', 1, '2018-12-19 19:02:15'),
(819, 2, 11, 'student', 'Exam Result', 'Result of Half Yearly exam has been delayed.', 1, '2018-12-22 16:05:22'),
(714, 2, 11, 'student', 'Exam Result', 'Result of Half Yearly exam has been announced.', 1, '2018-12-22 14:37:23'),
(618, 2, 10, 'student', 'Exam Result', 'Result of Half Yearly exam has been announced.', 1, '2018-12-19 19:02:32'),
(619, 2, 11, 'student', 'Exam Result', 'Result of Half Yearly exam has been announced.', 1, '2018-12-19 19:02:32'),
(620, 2, 13, 'student', 'Exam Result', 'Result of Half Yearly exam has been announced.', 1, '2018-12-19 19:02:32'),
(818, 2, 10, 'student', 'Exam Result', 'Result of Half Yearly exam has been delayed.', 1, '2018-12-22 16:05:22'),
(623, 2, 10, 'student', 'Exam Result', 'Result of Half Yearly exam has been delayed.', 1, '2018-12-19 19:03:09'),
(624, 2, 11, 'student', 'Exam Result', 'Result of Half Yearly exam has been delayed.', 1, '2018-12-19 19:03:09'),
(625, 2, 13, 'student', 'Exam Result', 'Result of Half Yearly exam has been delayed.', 1, '2018-12-19 19:03:09'),
(713, 2, 10, 'student', 'Exam Result', 'Result of Half Yearly exam has been announced.', 1, '2018-12-22 14:37:23'),
(628, 2, 10, 'student', 'Exam Result', 'Result of Half Yearly exam has been announced.', 1, '2018-12-19 19:03:40'),
(629, 2, 11, 'student', 'Exam Result', 'Result of Half Yearly exam has been announced.', 1, '2018-12-19 19:03:40'),
(630, 2, 13, 'student', 'Exam Result', 'Result of Half Yearly exam has been announced.', 1, '2018-12-19 19:03:40'),
(987, 2, 10, 'student', 'Event Added', 'An Event has been created in your school.', 1, '2018-12-24 17:51:26'),
(817, 2, 5, 'student', 'Exam Result', 'Result of Half Yearly exam has been delayed.', 1, '2018-12-22 16:05:22'),
(712, 2, 5, 'student', 'Exam Result', 'Result of Half Yearly exam has been announced.', 1, '2018-12-22 14:37:23'),
(633, 2, 10, 'student', 'Exam Result', 'Result of Half Yearly exam has been delayed.', 1, '2018-12-19 19:04:53'),
(634, 2, 11, 'student', 'Exam Result', 'Result of Half Yearly exam has been delayed.', 1, '2018-12-19 19:04:53'),
(635, 2, 13, 'student', 'Exam Result', 'Result of Half Yearly exam has been delayed.', 1, '2018-12-19 19:04:53'),
(986, 2, 5, 'student', 'Event Added', 'An Event has been created in your school.', 1, '2018-12-24 17:51:26'),
(638, 2, 10, 'student', 'Exam Result', 'Result of Half Yearly exam has been announced.', 1, '2018-12-19 19:15:43'),
(639, 2, 11, 'student', 'Exam Result', 'Result of Half Yearly exam has been announced.', 1, '2018-12-19 19:15:43'),
(640, 2, 13, 'student', 'Exam Result', 'Result of Half Yearly exam has been announced.', 1, '2018-12-19 19:15:43'),
(815, 2, 13, 'student', 'Exam Result', 'Result of Half Yearly exam has been announced.', 1, '2018-12-22 16:01:25'),
(710, 2, 13, 'student', 'Exam Result', 'Result of Half Yearly exam has been delayed.', 1, '2018-12-22 14:37:10'),
(643, 2, 10, 'student', 'Exam Result', 'Result of Half Yearly exam has been delayed.', 1, '2018-12-19 19:15:59'),
(644, 2, 11, 'student', 'Exam Result', 'Result of Half Yearly exam has been delayed.', 1, '2018-12-19 19:15:59'),
(645, 2, 13, 'student', 'Exam Result', 'Result of Half Yearly exam has been delayed.', 1, '2018-12-19 19:15:59'),
(814, 2, 11, 'student', 'Exam Result', 'Result of Half Yearly exam has been announced.', 1, '2018-12-22 16:01:25'),
(709, 2, 11, 'student', 'Exam Result', 'Result of Half Yearly exam has been delayed.', 1, '2018-12-22 14:37:10'),
(648, 2, 10, 'student', 'Exam Result', 'Result of Half Yearly exam has been announced.', 1, '2018-12-19 19:16:18'),
(649, 2, 11, 'student', 'Exam Result', 'Result of Half Yearly exam has been announced.', 1, '2018-12-19 19:16:18'),
(650, 2, 13, 'student', 'Exam Result', 'Result of Half Yearly exam has been announced.', 1, '2018-12-19 19:16:18'),
(708, 2, 10, 'student', 'Exam Result', 'Result of Half Yearly exam has been delayed.', 1, '2018-12-22 14:37:10'),
(653, 2, 10, 'student', 'Exam Result', 'Result of Half Yearly exam has been delayed.', 1, '2018-12-19 19:16:41'),
(654, 2, 11, 'student', 'Exam Result', 'Result of Half Yearly exam has been delayed.', 1, '2018-12-19 19:16:41'),
(655, 2, 13, 'student', 'Exam Result', 'Result of Half Yearly exam has been delayed.', 1, '2018-12-19 19:16:41'),
(813, 2, 10, 'student', 'Exam Result', 'Result of Half Yearly exam has been announced.', 1, '2018-12-22 16:01:25'),
(658, 2, 10, 'student', 'Exam Result', 'Result of Half Yearly exam has been announced.', 1, '2018-12-19 19:16:47'),
(659, 2, 11, 'student', 'Exam Result', 'Result of Half Yearly exam has been announced.', 1, '2018-12-19 19:16:47'),
(660, 2, 13, 'student', 'Exam Result', 'Result of Half Yearly exam has been announced.', 1, '2018-12-19 19:16:47'),
(812, 2, 5, 'student', 'Exam Result', 'Result of Half Yearly exam has been announced.', 1, '2018-12-22 16:01:25'),
(707, 2, 5, 'student', 'Exam Result', 'Result of Half Yearly exam has been delayed.', 1, '2018-12-22 14:37:10'),
(663, 2, 10, 'student', 'Exam Result', 'Result of Half Yearly exam has been delayed.', 1, '2018-12-19 19:17:05'),
(664, 2, 11, 'student', 'Exam Result', 'Result of Half Yearly exam has been delayed.', 1, '2018-12-19 19:17:05'),
(665, 2, 13, 'student', 'Exam Result', 'Result of Half Yearly exam has been delayed.', 1, '2018-12-19 19:17:05'),
(1062, 2, 5, 'student', 'Assignment', 'A new assignment has been posted.', 1, '2018-12-31 12:10:37'),
(1843, 21, 17, 'student', 'Event Added', 'An Event has been created in your school.', 1, '2019-01-21 13:32:11'),
(668, 2, 10, 'student', 'Exam Result', 'Result of Half Yearly exam has been announced.', 1, '2018-12-19 19:17:14'),
(669, 2, 11, 'student', 'Exam Result', 'Result of Half Yearly exam has been announced.', 1, '2018-12-19 19:17:14'),
(670, 2, 13, 'student', 'Exam Result', 'Result of Half Yearly exam has been announced.', 1, '2018-12-19 19:17:14'),
(700, 2, 13, 'student', 'Exam Result', 'Result of Half Yearly exam has been delayed.', 1, '2018-12-19 19:30:27'),
(705, 2, 13, 'student', 'Exam Result', 'Result of Half Yearly exam has been announced.', 1, '2018-12-22 14:36:41'),
(673, 2, 10, 'student', 'Exam Result', 'Result of Half Yearly exam has been delayed.', 1, '2018-12-19 19:18:05'),
(674, 2, 11, 'student', 'Exam Result', 'Result of Half Yearly exam has been delayed.', 1, '2018-12-19 19:18:05'),
(675, 2, 13, 'student', 'Exam Result', 'Result of Half Yearly exam has been delayed.', 1, '2018-12-19 19:18:05'),
(699, 2, 11, 'student', 'Exam Result', 'Result of Half Yearly exam has been delayed.', 1, '2018-12-19 19:30:27'),
(704, 2, 11, 'student', 'Exam Result', 'Result of Half Yearly exam has been announced.', 1, '2018-12-22 14:36:41'),
(678, 2, 10, 'student', 'Exam Result', 'Result of Half Yearly exam has been announced.', 1, '2018-12-19 19:18:17'),
(679, 2, 11, 'student', 'Exam Result', 'Result of Half Yearly exam has been announced.', 1, '2018-12-19 19:18:17'),
(680, 2, 13, 'student', 'Exam Result', 'Result of Half Yearly exam has been announced.', 1, '2018-12-19 19:18:17'),
(698, 2, 10, 'student', 'Exam Result', 'Result of Half Yearly exam has been delayed.', 1, '2018-12-19 19:30:27'),
(683, 2, 10, 'student', 'Exam Result', 'Result of Half Yearly exam has been delayed.', 1, '2018-12-19 19:28:45'),
(684, 2, 11, 'student', 'Exam Result', 'Result of Half Yearly exam has been delayed.', 1, '2018-12-19 19:28:45'),
(685, 2, 13, 'student', 'Exam Result', 'Result of Half Yearly exam has been delayed.', 1, '2018-12-19 19:28:45'),
(703, 2, 10, 'student', 'Exam Result', 'Result of Half Yearly exam has been announced.', 1, '2018-12-22 14:36:41'),
(702, 2, 5, 'student', 'Exam Result', 'Result of Half Yearly exam has been announced.', 1, '2018-12-22 14:36:41'),
(688, 2, 10, 'student', 'Exam Result', 'Result of Half Yearly exam has been delayed.', 1, '2018-12-19 19:29:00'),
(689, 2, 11, 'student', 'Exam Result', 'Result of Half Yearly exam has been delayed.', 1, '2018-12-19 19:29:00'),
(690, 2, 13, 'student', 'Exam Result', 'Result of Half Yearly exam has been delayed.', 1, '2018-12-19 19:29:00'),
(810, 2, 13, 'student', 'Exam Result', 'Result of Half Yearly exam has been delayed.', 1, '2018-12-22 16:01:15'),
(983, 2, 4, 'teacher', 'Event Added', 'An Event has been created in your school.', 1, '2018-12-24 17:50:41'),
(693, 2, 10, 'student', 'Exam Result', 'Result of Half Yearly exam has been announced.', 1, '2018-12-19 19:30:12'),
(694, 2, 11, 'student', 'Exam Result', 'Result of Half Yearly exam has been announced.', 1, '2018-12-19 19:30:12'),
(695, 2, 13, 'student', 'Exam Result', 'Result of Half Yearly exam has been announced.', 1, '2018-12-19 19:30:12'),
(867, 2, 5, 'student', 'Exam Result', 'Result of Half Yearly exam has been delayed.', 1, '2018-12-23 22:18:19'),
(868, 2, 10, 'student', 'Exam Result', 'Result of Half Yearly exam has been delayed.', 1, '2018-12-23 22:18:19'),
(869, 2, 11, 'student', 'Exam Result', 'Result of Half Yearly exam has been delayed.', 1, '2018-12-23 22:18:19'),
(870, 2, 13, 'student', 'Exam Result', 'Result of Half Yearly exam has been delayed.', 1, '2018-12-23 22:18:19'),
(902, 2, 13, 'student', 'Exam Result', 'Result of Half Yearly exam has been delayed.', 1, '2018-12-24 13:17:09'),
(872, 2, 5, 'student', 'Exam Result', 'Result of Half Yearly exam has been announced.', 1, '2018-12-23 22:42:24'),
(873, 2, 10, 'student', 'Exam Result', 'Result of Half Yearly exam has been announced.', 1, '2018-12-23 22:42:24'),
(874, 2, 11, 'student', 'Exam Result', 'Result of Half Yearly exam has been announced.', 1, '2018-12-23 22:42:24'),
(875, 2, 13, 'student', 'Exam Result', 'Result of Half Yearly exam has been announced.', 1, '2018-12-23 22:42:24'),
(877, 2, 5, 'student', 'Exam Result', 'Result of Half Yearly exam has been delayed.', 1, '2018-12-23 22:42:37'),
(878, 2, 10, 'student', 'Exam Result', 'Result of Half Yearly exam has been delayed.', 1, '2018-12-23 22:42:37'),
(879, 2, 11, 'student', 'Exam Result', 'Result of Half Yearly exam has been delayed.', 1, '2018-12-23 22:42:37'),
(880, 2, 13, 'student', 'Exam Result', 'Result of Half Yearly exam has been delayed.', 1, '2018-12-23 22:42:37'),
(982, 2, 2, 'teacher', 'Event Added', 'An Event has been created in your school.', 0, '2018-12-24 17:50:41'),
(904, 2, 5, 'student', 'Exam Result', 'Result of Half Yearly exam has been announced.', 1, '2018-12-24 13:19:35'),
(882, 2, 5, 'student', 'Exam Result', 'Result of Half Yearly exam has been announced.', 1, '2018-12-23 22:42:48'),
(883, 2, 10, 'student', 'Exam Result', 'Result of Half Yearly exam has been announced.', 1, '2018-12-23 22:42:48'),
(884, 2, 11, 'student', 'Exam Result', 'Result of Half Yearly exam has been announced.', 1, '2018-12-23 22:42:48'),
(885, 2, 13, 'student', 'Exam Result', 'Result of Half Yearly exam has been announced.', 1, '2018-12-23 22:42:48'),
(981, 2, 13, 'student', 'Event Added', 'An Event has been created in your school.', 1, '2018-12-24 17:50:41'),
(887, 2, 5, 'student', 'Exam Result', 'Result of Half Yearly exam has been delayed.', 1, '2018-12-23 22:43:22'),
(888, 2, 10, 'student', 'Exam Result', 'Result of Half Yearly exam has been delayed.', 1, '2018-12-23 22:43:22'),
(889, 2, 11, 'student', 'Exam Result', 'Result of Half Yearly exam has been delayed.', 1, '2018-12-23 22:43:22'),
(890, 2, 13, 'student', 'Exam Result', 'Result of Half Yearly exam has been delayed.', 1, '2018-12-23 22:43:22'),
(980, 2, 11, 'student', 'Event Added', 'An Event has been created in your school.', 1, '2018-12-24 17:50:41'),
(892, 2, 5, 'student', 'Exam Result', 'Result of Half Yearly exam has been announced.', 1, '2018-12-23 22:43:34'),
(893, 2, 10, 'student', 'Exam Result', 'Result of Half Yearly exam has been announced.', 1, '2018-12-23 22:43:34'),
(894, 2, 11, 'student', 'Exam Result', 'Result of Half Yearly exam has been announced.', 1, '2018-12-23 22:43:34'),
(895, 2, 13, 'student', 'Exam Result', 'Result of Half Yearly exam has been announced.', 1, '2018-12-23 22:43:34'),
(905, 2, 10, 'student', 'Exam Result', 'Result of Half Yearly exam has been announced.', 1, '2018-12-24 13:19:35'),
(906, 2, 11, 'student', 'Exam Result', 'Result of Half Yearly exam has been announced.', 1, '2018-12-24 13:19:35'),
(907, 2, 13, 'student', 'Exam Result', 'Result of Half Yearly exam has been announced.', 1, '2018-12-24 13:19:35'),
(979, 2, 10, 'student', 'Event Added', 'An Event has been created in your school.', 1, '2018-12-24 17:50:41'),
(909, 2, 5, 'student', 'Exam Result', 'Result of Half Yearly exam has been delayed.', 1, '2018-12-24 13:19:46'),
(910, 2, 10, 'student', 'Exam Result', 'Result of Half Yearly exam has been delayed.', 1, '2018-12-24 13:19:46'),
(911, 2, 11, 'student', 'Exam Result', 'Result of Half Yearly exam has been delayed.', 1, '2018-12-24 13:19:46'),
(912, 2, 13, 'student', 'Exam Result', 'Result of Half Yearly exam has been delayed.', 1, '2018-12-24 13:19:46'),
(978, 2, 5, 'student', 'Event Added', 'An Event has been created in your school.', 1, '2018-12-24 17:50:41'),
(914, 2, 5, 'student', 'Exam Result', 'Result of Half Yearly exam has been announced.', 1, '2018-12-24 13:20:00'),
(915, 2, 10, 'student', 'Exam Result', 'Result of Half Yearly exam has been announced.', 1, '2018-12-24 13:20:00'),
(916, 2, 11, 'student', 'Exam Result', 'Result of Half Yearly exam has been announced.', 1, '2018-12-24 13:20:00'),
(917, 2, 13, 'student', 'Exam Result', 'Result of Half Yearly exam has been announced.', 1, '2018-12-24 13:20:00'),
(1055, 2, 13, 'student', 'Exam Result', 'Result of Half Yearly exam has been delayed.', 1, '2018-12-27 18:44:18'),
(919, 2, 5, 'student', 'Exam Result', 'Result of Half Yearly exam has been delayed.', 1, '2018-12-24 13:20:18'),
(920, 2, 10, 'student', 'Exam Result', 'Result of Half Yearly exam has been delayed.', 1, '2018-12-24 13:20:18'),
(921, 2, 11, 'student', 'Exam Result', 'Result of Half Yearly exam has been delayed.', 1, '2018-12-24 13:20:18'),
(922, 2, 13, 'student', 'Exam Result', 'Result of Half Yearly exam has been delayed.', 1, '2018-12-24 13:20:18'),
(924, 2, 5, 'student', 'Exam Result', 'Result of Half Yearly exam has been announced.', 1, '2018-12-24 13:20:28'),
(925, 2, 10, 'student', 'Exam Result', 'Result of Half Yearly exam has been announced.', 1, '2018-12-24 13:20:28'),
(926, 2, 11, 'student', 'Exam Result', 'Result of Half Yearly exam has been announced.', 1, '2018-12-24 13:20:28'),
(927, 2, 13, 'student', 'Exam Result', 'Result of Half Yearly exam has been announced.', 1, '2018-12-24 13:20:28'),
(975, 2, 4, 'teacher', 'Event Added', 'An Event has been created in your school.', 1, '2018-12-24 17:47:18'),
(929, 2, 5, 'student', 'Exam Result', 'Result of Half Yearly exam has been delayed.', 1, '2018-12-24 13:20:42'),
(930, 2, 10, 'student', 'Exam Result', 'Result of Half Yearly exam has been delayed.', 1, '2018-12-24 13:20:42'),
(931, 2, 11, 'student', 'Exam Result', 'Result of Half Yearly exam has been delayed.', 1, '2018-12-24 13:20:42'),
(932, 2, 13, 'student', 'Exam Result', 'Result of Half Yearly exam has been delayed.', 1, '2018-12-24 13:20:42'),
(974, 2, 2, 'teacher', 'Event Added', 'An Event has been created in your school.', 0, '2018-12-24 17:47:18'),
(934, 2, 5, 'student', 'Exam Result', 'Result of Half Yearly exam has been announced.', 1, '2018-12-24 13:21:07'),
(935, 2, 10, 'student', 'Exam Result', 'Result of Half Yearly exam has been announced.', 1, '2018-12-24 13:21:07'),
(936, 2, 11, 'student', 'Exam Result', 'Result of Half Yearly exam has been announced.', 1, '2018-12-24 13:21:07'),
(937, 2, 13, 'student', 'Exam Result', 'Result of Half Yearly exam has been announced.', 1, '2018-12-24 13:21:07'),
(973, 2, 13, 'student', 'Event Added', 'An Event has been created in your school.', 1, '2018-12-24 17:47:18'),
(939, 2, 5, 'student', 'Exam Result', 'Result of Half Yearly exam has been delayed.', 1, '2018-12-24 13:21:12'),
(940, 2, 10, 'student', 'Exam Result', 'Result of Half Yearly exam has been delayed.', 1, '2018-12-24 13:21:12'),
(941, 2, 11, 'student', 'Exam Result', 'Result of Half Yearly exam has been delayed.', 1, '2018-12-24 13:21:12'),
(942, 2, 13, 'student', 'Exam Result', 'Result of Half Yearly exam has been delayed.', 1, '2018-12-24 13:21:12'),
(972, 2, 11, 'student', 'Event Added', 'An Event has been created in your school.', 1, '2018-12-24 17:47:18'),
(944, 2, 5, 'student', 'Exam Result', 'Result of Half Yearly exam has been announced.', 1, '2018-12-24 13:21:23'),
(945, 2, 10, 'student', 'Exam Result', 'Result of Half Yearly exam has been announced.', 1, '2018-12-24 13:21:23'),
(946, 2, 11, 'student', 'Exam Result', 'Result of Half Yearly exam has been announced.', 1, '2018-12-24 13:21:23'),
(947, 2, 13, 'student', 'Exam Result', 'Result of Half Yearly exam has been announced.', 1, '2018-12-24 13:21:23'),
(971, 2, 10, 'student', 'Event Added', 'An Event has been created in your school.', 1, '2018-12-24 17:47:18'),
(949, 2, 5, 'student', 'Exam Result', 'Result of Half Yearly exam has been delayed.', 1, '2018-12-24 13:21:43'),
(950, 2, 10, 'student', 'Exam Result', 'Result of Half Yearly exam has been delayed.', 1, '2018-12-24 13:21:43'),
(951, 2, 11, 'student', 'Exam Result', 'Result of Half Yearly exam has been delayed.', 1, '2018-12-24 13:21:43'),
(952, 2, 13, 'student', 'Exam Result', 'Result of Half Yearly exam has been delayed.', 1, '2018-12-24 13:21:43'),
(970, 2, 5, 'student', 'Event Added', 'An Event has been created in your school.', 1, '2018-12-24 17:47:18'),
(954, 2, 5, 'student', 'Exam Result', 'Result of Half Yearly exam has been announced.', 1, '2018-12-24 13:21:56'),
(955, 2, 10, 'student', 'Exam Result', 'Result of Half Yearly exam has been announced.', 1, '2018-12-24 13:21:56'),
(956, 2, 11, 'student', 'Exam Result', 'Result of Half Yearly exam has been announced.', 1, '2018-12-24 13:21:56'),
(957, 2, 13, 'student', 'Exam Result', 'Result of Half Yearly exam has been announced.', 1, '2018-12-24 13:21:56'),
(959, 2, 5, 'student', 'Exam Result', 'Result of Half Yearly exam has been delayed.', 1, '2018-12-24 13:22:07'),
(960, 2, 10, 'student', 'Exam Result', 'Result of Half Yearly exam has been delayed.', 1, '2018-12-24 13:22:07'),
(961, 2, 11, 'student', 'Exam Result', 'Result of Half Yearly exam has been delayed.', 1, '2018-12-24 13:22:07'),
(962, 2, 13, 'student', 'Exam Result', 'Result of Half Yearly exam has been delayed.', 1, '2018-12-24 13:22:07'),
(1065, 2, 13, 'student', 'Assignment', 'A new assignment has been posted.', 1, '2018-12-31 12:10:37'),
(964, 2, 5, 'student', 'Exam Result', 'Result of Half Yearly exam has been announced.', 1, '2018-12-24 13:22:20'),
(965, 2, 10, 'student', 'Exam Result', 'Result of Half Yearly exam has been announced.', 1, '2018-12-24 13:22:20'),
(966, 2, 11, 'student', 'Exam Result', 'Result of Half Yearly exam has been announced.', 1, '2018-12-24 13:22:20'),
(967, 2, 13, 'student', 'Exam Result', 'Result of Half Yearly exam has been announced.', 1, '2018-12-24 13:22:20'),
(1020, 2, 10, 'student', 'Assignment', 'A new assignment has been posted.', 1, '2018-12-26 14:50:19'),
(1021, 2, 11, 'student', 'Assignment', 'A new assignment has been posted.', 1, '2018-12-26 14:50:19'),
(1022, 2, 13, 'student', 'Assignment', 'A new assignment has been posted.', 1, '2018-12-26 14:50:19'),
(1054, 2, 11, 'student', 'Exam Result', 'Result of Half Yearly exam has been delayed.', 1, '2018-12-27 18:44:18'),
(1024, 2, 5, 'student', 'Assignment', 'A new assignment has been posted.', 1, '2018-12-26 14:50:40'),
(1025, 2, 10, 'student', 'Assignment', 'A new assignment has been posted.', 1, '2018-12-26 14:50:40'),
(1026, 2, 11, 'student', 'Assignment', 'A new assignment has been posted.', 1, '2018-12-26 14:50:40'),
(1027, 2, 13, 'student', 'Assignment', 'A new assignment has been posted.', 1, '2018-12-26 14:50:40'),
(1053, 2, 10, 'student', 'Exam Result', 'Result of Half Yearly exam has been delayed.', 1, '2018-12-27 18:44:18'),
(1029, 2, 5, 'student', 'Assignment', 'A new assignment has been posted.', 1, '2018-12-26 14:56:48'),
(1030, 2, 10, 'student', 'Assignment', 'A new assignment has been posted.', 1, '2018-12-26 14:56:48'),
(1031, 2, 11, 'student', 'Assignment', 'A new assignment has been posted.', 1, '2018-12-26 14:56:48'),
(1032, 2, 13, 'student', 'Assignment', 'A new assignment has been posted.', 1, '2018-12-26 14:56:48'),
(1034, 2, 5, 'student', 'Assignment', 'A new assignment has been posted.', 1, '2018-12-26 14:57:48'),
(1035, 2, 10, 'student', 'Assignment', 'A new assignment has been posted.', 1, '2018-12-26 14:57:48'),
(1036, 2, 11, 'student', 'Assignment', 'A new assignment has been posted.', 1, '2018-12-26 14:57:48'),
(1037, 2, 13, 'student', 'Assignment', 'A new assignment has been posted.', 1, '2018-12-26 14:57:49'),
(1052, 2, 5, 'student', 'Exam Result', 'Result of Half Yearly exam has been delayed.', 1, '2018-12-27 18:44:18'),
(1040, 2, 5, 'student', 'Event Added', 'An Event has been created in your school.', 1, '2018-12-26 18:13:27'),
(1041, 2, 10, 'student', 'Event Added', 'An Event has been created in your school.', 1, '2018-12-26 18:13:27'),
(1042, 2, 11, 'student', 'Event Added', 'An Event has been created in your school.', 1, '2018-12-26 18:13:27'),
(1043, 2, 13, 'student', 'Event Added', 'An Event has been created in your school.', 1, '2018-12-26 18:13:27'),
(1044, 2, 2, 'teacher', 'Event Added', 'An Event has been created in your school.', 0, '2018-12-26 18:13:27'),
(1045, 2, 4, 'teacher', 'Event Added', 'An Event has been created in your school.', 1, '2018-12-26 18:13:27'),
(1047, 2, 5, 'student', 'Assignment', 'A new assignment has been posted.', 1, '2018-12-26 18:15:38'),
(1048, 2, 10, 'student', 'Assignment', 'A new assignment has been posted.', 1, '2018-12-26 18:15:38'),
(1049, 2, 11, 'student', 'Assignment', 'A new assignment has been posted.', 1, '2018-12-26 18:15:38'),
(1050, 2, 13, 'student', 'Assignment', 'A new assignment has been posted.', 1, '2018-12-26 18:15:38'),
(1069, 21, 19, 'student', 'Circular', 'There is a new circular.', 1, '2019-01-06 16:00:46'),
(1070, 21, 20, 'student', 'Circular', 'There is a new circular.', 1, '2019-01-06 16:00:46'),
(1071, 21, 21, 'student', 'Circular', 'There is a new circular.', 1, '2019-01-06 16:00:46'),
(1072, 21, 22, 'student', 'Circular', 'There is a new circular.', 1, '2019-01-06 16:00:46'),
(1073, 21, 23, 'student', 'Circular', 'There is a new circular.', 1, '2019-01-06 16:00:46'),
(1074, 21, 24, 'student', 'Circular', 'There is a new circular.', 1, '2019-01-06 16:00:46'),
(1075, 21, 25, 'student', 'Circular', 'There is a new circular.', 1, '2019-01-06 16:00:46'),
(1076, 21, 26, 'student', 'Circular', 'There is a new circular.', 1, '2019-01-06 16:00:46'),
(1077, 21, 27, 'student', 'Circular', 'There is a new circular.', 1, '2019-01-06 16:00:46'),
(1078, 21, 28, 'student', 'Circular', 'There is a new circular.', 1, '2019-01-06 16:00:46'),
(1079, 21, 29, 'student', 'Circular', 'There is a new circular.', 1, '2019-01-06 16:00:46'),
(1080, 21, 30, 'student', 'Circular', 'There is a new circular.', 1, '2019-01-06 16:00:46'),
(1081, 21, 31, 'student', 'Circular', 'There is a new circular.', 1, '2019-01-06 16:00:46'),
(1082, 21, 32, 'student', 'Circular', 'There is a new circular.', 1, '2019-01-06 16:00:46'),
(1083, 21, 33, 'student', 'Circular', 'There is a new circular.', 1, '2019-01-06 16:00:46'),
(1084, 21, 34, 'student', 'Circular', 'There is a new circular.', 1, '2019-01-06 16:00:46'),
(1085, 21, 35, 'student', 'Circular', 'There is a new circular.', 1, '2019-01-06 16:00:47'),
(1086, 21, 36, 'student', 'Circular', 'There is a new circular.', 1, '2019-01-06 16:00:47'),
(1087, 21, 37, 'student', 'Circular', 'There is a new circular.', 1, '2019-01-06 16:00:47'),
(1088, 21, 38, 'student', 'Circular', 'There is a new circular.', 1, '2019-01-06 16:00:47'),
(1089, 21, 39, 'student', 'Circular', 'There is a new circular.', 1, '2019-01-06 16:00:47'),
(1090, 21, 40, 'student', 'Circular', 'There is a new circular.', 1, '2019-01-06 16:00:47'),
(1091, 21, 41, 'student', 'Circular', 'There is a new circular.', 1, '2019-01-06 16:00:47'),
(1092, 21, 42, 'student', 'Circular', 'There is a new circular.', 1, '2019-01-06 16:00:47'),
(1093, 21, 43, 'student', 'Circular', 'There is a new circular.', 1, '2019-01-06 16:00:47'),
(1094, 21, 44, 'student', 'Circular', 'There is a new circular.', 1, '2019-01-06 16:00:47'),
(1095, 21, 45, 'student', 'Circular', 'There is a new circular.', 1, '2019-01-06 16:00:47'),
(1096, 21, 46, 'student', 'Circular', 'There is a new circular.', 1, '2019-01-06 16:00:47'),
(1097, 21, 47, 'student', 'Circular', 'There is a new circular.', 1, '2019-01-06 16:00:47'),
(1098, 21, 48, 'student', 'Circular', 'There is a new circular.', 1, '2019-01-06 16:00:47'),
(1099, 21, 49, 'student', 'Circular', 'There is a new circular.', 1, '2019-01-06 16:00:47'),
(1100, 21, 50, 'student', 'Circular', 'There is a new circular.', 1, '2019-01-06 16:00:47'),
(1101, 21, 51, 'student', 'Circular', 'There is a new circular.', 1, '2019-01-06 16:00:47'),
(1102, 21, 52, 'student', 'Circular', 'There is a new circular.', 1, '2019-01-06 16:00:47'),
(1103, 21, 53, 'student', 'Circular', 'There is a new circular.', 1, '2019-01-06 16:00:47'),
(1104, 21, 54, 'student', 'Circular', 'There is a new circular.', 1, '2019-01-06 16:00:47'),
(1105, 21, 55, 'student', 'Circular', 'There is a new circular.', 1, '2019-01-06 16:00:47'),
(1106, 21, 56, 'student', 'Circular', 'There is a new circular.', 1, '2019-01-06 16:00:47'),
(1107, 21, 57, 'student', 'Circular', 'There is a new circular.', 1, '2019-01-06 16:00:47'),
(1108, 21, 58, 'student', 'Circular', 'There is a new circular.', 1, '2019-01-06 16:00:47'),
(1109, 21, 59, 'student', 'Circular', 'There is a new circular.', 1, '2019-01-06 16:00:47'),
(1110, 21, 60, 'student', 'Circular', 'There is a new circular.', 1, '2019-01-06 16:00:47'),
(1111, 21, 61, 'student', 'Circular', 'There is a new circular.', 1, '2019-01-06 16:00:47'),
(1112, 21, 62, 'student', 'Circular', 'There is a new circular.', 1, '2019-01-06 16:00:47'),
(1113, 21, 63, 'student', 'Circular', 'There is a new circular.', 1, '2019-01-06 16:00:47'),
(1114, 21, 64, 'student', 'Circular', 'There is a new circular.', 1, '2019-01-06 16:00:47'),
(1115, 21, 65, 'student', 'Circular', 'There is a new circular.', 1, '2019-01-06 16:00:47'),
(1116, 21, 66, 'student', 'Circular', 'There is a new circular.', 1, '2019-01-06 16:00:47'),
(1117, 21, 67, 'student', 'Circular', 'There is a new circular.', 1, '2019-01-06 16:00:47'),
(1118, 21, 68, 'student', 'Circular', 'There is a new circular.', 1, '2019-01-06 16:00:47'),
(1119, 21, 69, 'student', 'Circular', 'There is a new circular.', 1, '2019-01-06 16:00:47'),
(1120, 21, 70, 'student', 'Circular', 'There is a new circular.', 1, '2019-01-06 16:00:47'),
(1121, 21, 71, 'student', 'Circular', 'There is a new circular.', 1, '2019-01-06 16:00:47'),
(1122, 21, 72, 'student', 'Circular', 'There is a new circular.', 1, '2019-01-06 16:00:47'),
(1123, 21, 73, 'student', 'Circular', 'There is a new circular.', 1, '2019-01-06 16:00:47'),
(1124, 21, 74, 'student', 'Circular', 'There is a new circular.', 1, '2019-01-06 16:00:47'),
(1125, 21, 75, 'student', 'Circular', 'There is a new circular.', 1, '2019-01-06 16:00:47'),
(1126, 21, 76, 'student', 'Circular', 'There is a new circular.', 1, '2019-01-06 16:00:47'),
(1127, 21, 77, 'student', 'Circular', 'There is a new circular.', 1, '2019-01-06 16:00:47'),
(1128, 21, 78, 'student', 'Circular', 'There is a new circular.', 1, '2019-01-06 16:00:47'),
(1129, 21, 79, 'student', 'Circular', 'There is a new circular.', 1, '2019-01-06 16:00:47'),
(1130, 21, 80, 'student', 'Circular', 'There is a new circular.', 1, '2019-01-06 16:00:47'),
(1131, 21, 81, 'student', 'Circular', 'There is a new circular.', 1, '2019-01-06 16:00:47'),
(1132, 21, 82, 'student', 'Circular', 'There is a new circular.', 1, '2019-01-06 16:00:47'),
(1133, 21, 83, 'student', 'Circular', 'There is a new circular.', 1, '2019-01-06 16:00:47'),
(1134, 21, 84, 'student', 'Circular', 'There is a new circular.', 1, '2019-01-06 16:00:47'),
(1135, 21, 85, 'student', 'Circular', 'There is a new circular.', 1, '2019-01-06 16:00:47'),
(1136, 21, 86, 'student', 'Circular', 'There is a new circular.', 1, '2019-01-06 16:00:47'),
(1137, 21, 87, 'student', 'Circular', 'There is a new circular.', 1, '2019-01-06 16:00:47'),
(1138, 21, 88, 'student', 'Circular', 'There is a new circular.', 1, '2019-01-06 16:00:47'),
(1139, 21, 89, 'student', 'Circular', 'There is a new circular.', 1, '2019-01-06 16:00:47'),
(1140, 21, 90, 'student', 'Circular', 'There is a new circular.', 1, '2019-01-06 16:00:47'),
(1141, 21, 91, 'student', 'Circular', 'There is a new circular.', 1, '2019-01-06 16:00:47'),
(1142, 21, 92, 'student', 'Circular', 'There is a new circular.', 1, '2019-01-06 16:00:47'),
(1143, 21, 93, 'student', 'Circular', 'There is a new circular.', 1, '2019-01-06 16:00:47'),
(1144, 21, 94, 'student', 'Circular', 'There is a new circular.', 1, '2019-01-06 16:00:47'),
(1145, 21, 95, 'student', 'Circular', 'There is a new circular.', 1, '2019-01-06 16:00:47'),
(1146, 21, 96, 'student', 'Circular', 'There is a new circular.', 1, '2019-01-06 16:00:47'),
(1147, 21, 97, 'student', 'Circular', 'There is a new circular.', 1, '2019-01-06 16:00:47'),
(1148, 21, 98, 'student', 'Circular', 'There is a new circular.', 1, '2019-01-06 16:00:47'),
(1149, 21, 99, 'student', 'Circular', 'There is a new circular.', 1, '2019-01-06 16:00:47'),
(1150, 21, 100, 'student', 'Circular', 'There is a new circular.', 1, '2019-01-06 16:00:47'),
(1151, 21, 101, 'student', 'Circular', 'There is a new circular.', 1, '2019-01-06 16:00:47'),
(1152, 21, 102, 'student', 'Circular', 'There is a new circular.', 1, '2019-01-06 16:00:47'),
(1153, 21, 103, 'student', 'Circular', 'There is a new circular.', 1, '2019-01-06 16:00:47'),
(1154, 21, 104, 'student', 'Circular', 'There is a new circular.', 1, '2019-01-06 16:00:47'),
(1155, 21, 105, 'student', 'Circular', 'There is a new circular.', 1, '2019-01-06 16:00:47'),
(1156, 21, 106, 'student', 'Circular', 'There is a new circular.', 1, '2019-01-06 16:00:47'),
(1157, 21, 107, 'student', 'Circular', 'There is a new circular.', 1, '2019-01-06 16:00:47'),
(1158, 21, 108, 'student', 'Circular', 'There is a new circular.', 1, '2019-01-06 16:00:47'),
(1159, 21, 109, 'student', 'Circular', 'There is a new circular.', 1, '2019-01-06 16:00:47'),
(1160, 21, 110, 'student', 'Circular', 'There is a new circular.', 1, '2019-01-06 16:00:47'),
(1161, 21, 111, 'student', 'Circular', 'There is a new circular.', 1, '2019-01-06 16:00:47'),
(1162, 21, 112, 'student', 'Circular', 'There is a new circular.', 1, '2019-01-06 16:00:47'),
(1163, 21, 113, 'student', 'Circular', 'There is a new circular.', 1, '2019-01-06 16:00:47'),
(1164, 21, 114, 'student', 'Circular', 'There is a new circular.', 1, '2019-01-06 16:00:47'),
(1165, 21, 115, 'student', 'Circular', 'There is a new circular.', 1, '2019-01-06 16:00:47'),
(1166, 21, 116, 'student', 'Circular', 'There is a new circular.', 1, '2019-01-06 16:00:47'),
(1167, 21, 117, 'student', 'Circular', 'There is a new circular.', 1, '2019-01-06 16:00:47'),
(1168, 21, 118, 'student', 'Circular', 'There is a new circular.', 1, '2019-01-06 16:00:47'),
(1169, 21, 119, 'student', 'Circular', 'There is a new circular.', 1, '2019-01-06 16:00:47'),
(1170, 21, 120, 'student', 'Circular', 'There is a new circular.', 1, '2019-01-06 16:00:47'),
(1171, 21, 121, 'student', 'Circular', 'There is a new circular.', 1, '2019-01-06 16:00:47'),
(1172, 21, 122, 'student', 'Circular', 'There is a new circular.', 1, '2019-01-06 16:00:47'),
(1173, 21, 123, 'student', 'Circular', 'There is a new circular.', 1, '2019-01-06 16:00:47'),
(1174, 21, 124, 'student', 'Circular', 'There is a new circular.', 1, '2019-01-06 16:00:47'),
(1175, 21, 125, 'student', 'Circular', 'There is a new circular.', 1, '2019-01-06 16:00:47'),
(1176, 21, 126, 'student', 'Circular', 'There is a new circular.', 1, '2019-01-06 16:00:47'),
(1177, 21, 127, 'student', 'Circular', 'There is a new circular.', 1, '2019-01-06 16:00:47'),
(1178, 21, 128, 'student', 'Circular', 'There is a new circular.', 1, '2019-01-06 16:00:47'),
(1179, 21, 129, 'student', 'Circular', 'There is a new circular.', 1, '2019-01-06 16:00:47'),
(1180, 21, 130, 'student', 'Circular', 'There is a new circular.', 1, '2019-01-06 16:00:47'),
(1181, 21, 131, 'student', 'Circular', 'There is a new circular.', 1, '2019-01-06 16:00:47'),
(1182, 21, 132, 'student', 'Circular', 'There is a new circular.', 1, '2019-01-06 16:00:47'),
(1183, 21, 133, 'student', 'Circular', 'There is a new circular.', 1, '2019-01-06 16:00:47'),
(1184, 21, 134, 'student', 'Circular', 'There is a new circular.', 1, '2019-01-06 16:00:47'),
(1185, 21, 135, 'student', 'Circular', 'There is a new circular.', 1, '2019-01-06 16:00:47'),
(1186, 21, 136, 'student', 'Circular', 'There is a new circular.', 1, '2019-01-06 16:00:47'),
(1187, 21, 137, 'student', 'Circular', 'There is a new circular.', 1, '2019-01-06 16:00:47'),
(1188, 21, 138, 'student', 'Circular', 'There is a new circular.', 1, '2019-01-06 16:00:47'),
(1189, 21, 139, 'student', 'Circular', 'There is a new circular.', 1, '2019-01-06 16:00:47'),
(1190, 21, 140, 'student', 'Circular', 'There is a new circular.', 1, '2019-01-06 16:00:47'),
(1191, 21, 141, 'student', 'Circular', 'There is a new circular.', 1, '2019-01-06 16:00:47'),
(1192, 21, 142, 'student', 'Circular', 'There is a new circular.', 1, '2019-01-06 16:00:47'),
(1193, 21, 143, 'student', 'Circular', 'There is a new circular.', 1, '2019-01-06 16:00:47'),
(1194, 21, 144, 'student', 'Circular', 'There is a new circular.', 1, '2019-01-06 16:00:47'),
(1195, 21, 145, 'student', 'Circular', 'There is a new circular.', 1, '2019-01-06 16:00:47'),
(1196, 21, 146, 'student', 'Circular', 'There is a new circular.', 1, '2019-01-06 16:00:47'),
(1197, 21, 147, 'student', 'Circular', 'There is a new circular.', 1, '2019-01-06 16:00:47'),
(1198, 21, 148, 'student', 'Circular', 'There is a new circular.', 1, '2019-01-06 16:00:47'),
(1199, 21, 149, 'student', 'Circular', 'There is a new circular.', 1, '2019-01-06 16:00:47'),
(1200, 21, 150, 'student', 'Circular', 'There is a new circular.', 1, '2019-01-06 16:00:47'),
(1201, 21, 151, 'student', 'Circular', 'There is a new circular.', 1, '2019-01-06 16:00:47'),
(1202, 21, 152, 'student', 'Circular', 'There is a new circular.', 1, '2019-01-06 16:00:47'),
(1203, 21, 153, 'student', 'Circular', 'There is a new circular.', 1, '2019-01-06 16:00:47'),
(1204, 21, 154, 'student', 'Circular', 'There is a new circular.', 1, '2019-01-06 16:00:47'),
(1205, 21, 155, 'student', 'Circular', 'There is a new circular.', 1, '2019-01-06 16:00:47'),
(1206, 21, 156, 'student', 'Circular', 'There is a new circular.', 1, '2019-01-06 16:00:47'),
(1207, 21, 157, 'student', 'Circular', 'There is a new circular.', 1, '2019-01-06 16:00:47'),
(1208, 21, 158, 'student', 'Circular', 'There is a new circular.', 1, '2019-01-06 16:00:47'),
(1209, 21, 159, 'student', 'Circular', 'There is a new circular.', 1, '2019-01-06 16:00:47'),
(1210, 21, 160, 'student', 'Circular', 'There is a new circular.', 1, '2019-01-06 16:00:47'),
(1211, 21, 161, 'student', 'Circular', 'There is a new circular.', 1, '2019-01-06 16:00:47'),
(1212, 21, 162, 'student', 'Circular', 'There is a new circular.', 1, '2019-01-06 16:00:47'),
(1213, 21, 163, 'student', 'Circular', 'There is a new circular.', 1, '2019-01-06 16:00:47'),
(1214, 21, 164, 'student', 'Circular', 'There is a new circular.', 1, '2019-01-06 16:00:47'),
(1215, 21, 165, 'student', 'Circular', 'There is a new circular.', 1, '2019-01-06 16:00:47'),
(1216, 21, 166, 'student', 'Circular', 'There is a new circular.', 1, '2019-01-06 16:00:47'),
(1217, 21, 167, 'student', 'Circular', 'There is a new circular.', 1, '2019-01-06 16:00:47'),
(1218, 21, 168, 'student', 'Circular', 'There is a new circular.', 1, '2019-01-06 16:00:47'),
(1219, 21, 169, 'student', 'Circular', 'There is a new circular.', 1, '2019-01-06 16:00:47'),
(1220, 21, 170, 'student', 'Circular', 'There is a new circular.', 1, '2019-01-06 16:00:47'),
(1221, 21, 171, 'student', 'Circular', 'There is a new circular.', 1, '2019-01-06 16:00:47'),
(1222, 21, 172, 'student', 'Circular', 'There is a new circular.', 1, '2019-01-06 16:00:47'),
(1223, 21, 173, 'student', 'Circular', 'There is a new circular.', 1, '2019-01-06 16:00:47'),
(1224, 21, 174, 'student', 'Circular', 'There is a new circular.', 1, '2019-01-06 16:00:47'),
(1225, 21, 175, 'student', 'Circular', 'There is a new circular.', 1, '2019-01-06 16:00:47'),
(1226, 21, 176, 'student', 'Circular', 'There is a new circular.', 1, '2019-01-06 16:00:47'),
(1227, 21, 177, 'student', 'Circular', 'There is a new circular.', 1, '2019-01-06 16:00:47'),
(1228, 21, 178, 'student', 'Circular', 'There is a new circular.', 1, '2019-01-06 16:00:47'),
(1229, 21, 179, 'student', 'Circular', 'There is a new circular.', 1, '2019-01-06 16:00:47'),
(1230, 21, 180, 'student', 'Circular', 'There is a new circular.', 1, '2019-01-06 16:00:47'),
(1231, 21, 181, 'student', 'Circular', 'There is a new circular.', 1, '2019-01-06 16:00:47'),
(1232, 21, 182, 'student', 'Circular', 'There is a new circular.', 1, '2019-01-06 16:00:47'),
(1233, 21, 183, 'student', 'Circular', 'There is a new circular.', 1, '2019-01-06 16:00:47'),
(1234, 21, 184, 'student', 'Circular', 'There is a new circular.', 1, '2019-01-06 16:00:47'),
(1235, 21, 185, 'student', 'Circular', 'There is a new circular.', 1, '2019-01-06 16:00:47'),
(1236, 21, 186, 'student', 'Circular', 'There is a new circular.', 1, '2019-01-06 16:00:47'),
(1237, 21, 187, 'student', 'Circular', 'There is a new circular.', 1, '2019-01-06 16:00:47'),
(1238, 21, 188, 'student', 'Circular', 'There is a new circular.', 1, '2019-01-06 16:00:47'),
(1239, 21, 189, 'student', 'Circular', 'There is a new circular.', 1, '2019-01-06 16:00:47'),
(1240, 21, 190, 'student', 'Circular', 'There is a new circular.', 1, '2019-01-06 16:00:47'),
(1241, 21, 191, 'student', 'Circular', 'There is a new circular.', 1, '2019-01-06 16:00:47'),
(1242, 21, 192, 'student', 'Circular', 'There is a new circular.', 1, '2019-01-06 16:00:47'),
(1243, 21, 193, 'student', 'Circular', 'There is a new circular.', 1, '2019-01-06 16:00:47'),
(1244, 21, 194, 'student', 'Circular', 'There is a new circular.', 1, '2019-01-06 16:00:47'),
(1245, 21, 195, 'student', 'Circular', 'There is a new circular.', 1, '2019-01-06 16:00:47'),
(1246, 21, 196, 'student', 'Circular', 'There is a new circular.', 1, '2019-01-06 16:00:47'),
(1247, 21, 197, 'student', 'Circular', 'There is a new circular.', 1, '2019-01-06 16:00:47'),
(1248, 21, 198, 'student', 'Circular', 'There is a new circular.', 1, '2019-01-06 16:00:47'),
(1249, 21, 199, 'student', 'Circular', 'There is a new circular.', 1, '2019-01-06 16:00:47'),
(1250, 21, 200, 'student', 'Circular', 'There is a new circular.', 1, '2019-01-06 16:00:47'),
(1251, 21, 201, 'student', 'Circular', 'There is a new circular.', 1, '2019-01-06 16:00:47'),
(1252, 21, 202, 'student', 'Circular', 'There is a new circular.', 1, '2019-01-06 16:00:47'),
(1253, 21, 203, 'student', 'Circular', 'There is a new circular.', 1, '2019-01-06 16:00:47'),
(1254, 21, 204, 'student', 'Circular', 'There is a new circular.', 1, '2019-01-06 16:00:47'),
(1255, 21, 205, 'student', 'Circular', 'There is a new circular.', 1, '2019-01-06 16:00:47'),
(1256, 21, 206, 'student', 'Circular', 'There is a new circular.', 1, '2019-01-06 16:00:47'),
(1257, 21, 207, 'student', 'Circular', 'There is a new circular.', 1, '2019-01-06 16:00:47'),
(1258, 21, 208, 'student', 'Circular', 'There is a new circular.', 1, '2019-01-06 16:00:47'),
(1259, 21, 209, 'student', 'Circular', 'There is a new circular.', 1, '2019-01-06 16:00:47'),
(1260, 21, 210, 'student', 'Circular', 'There is a new circular.', 1, '2019-01-06 16:00:47'),
(1261, 21, 211, 'student', 'Circular', 'There is a new circular.', 1, '2019-01-06 16:00:47'),
(1262, 21, 212, 'student', 'Circular', 'There is a new circular.', 1, '2019-01-06 16:00:47'),
(1263, 21, 213, 'student', 'Circular', 'There is a new circular.', 1, '2019-01-06 16:00:47'),
(1264, 21, 214, 'student', 'Circular', 'There is a new circular.', 1, '2019-01-06 16:00:47'),
(1265, 21, 215, 'student', 'Circular', 'There is a new circular.', 1, '2019-01-06 16:00:47'),
(1270, 2, 5, 'student', 'Circular', 'There is a new circular.', 1, '2019-01-06 17:35:08'),
(1271, 2, 10, 'student', 'Circular', 'There is a new circular.', 1, '2019-01-06 17:35:08'),
(1272, 2, 11, 'student', 'Circular', 'There is a new circular.', 1, '2019-01-06 17:35:08'),
(1273, 2, 13, 'student', 'Circular', 'There is a new circular.', 1, '2019-01-06 17:35:08'),
(1275, 2, 5, 'student', 'Circular', 'There is a new circular.', 1, '2019-01-06 17:36:23'),
(1276, 2, 10, 'student', 'Circular', 'There is a new circular.', 1, '2019-01-06 17:36:23'),
(1277, 2, 11, 'student', 'Circular', 'There is a new circular.', 1, '2019-01-06 17:36:23'),
(1278, 2, 13, 'student', 'Circular', 'There is a new circular.', 1, '2019-01-06 17:36:23'),
(2335, 57, 234, 'student', 'Exam Result', 'Result of pt exam exam has been announced.', 1, '2019-02-12 12:14:37'),
(1283, 28, 218, 'student', 'Assignment', 'A new assignment has been posted.', 0, '2019-01-08 01:39:56'),
(1284, 28, 219, 'student', 'Assignment', 'A new assignment has been posted.', 1, '2019-01-08 01:39:56'),
(1290, 30, 0, 'teacher', 'Routine Updated', 'There is a change in routine', 1, '2019-01-08 15:34:14'),
(1286, 28, 218, 'student', 'Event Added', 'An Event has been created in your school.', 0, '2019-01-08 01:43:12'),
(1287, 28, 219, 'student', 'Event Added', 'An Event has been created in your school.', 1, '2019-01-08 01:43:12'),
(1291, 30, 0, 'teacher', 'Routine Updated', 'There is a change in routine', 1, '2019-01-08 15:34:25'),
(1296, 2, 5, 'student', 'Mentor', 'Use mentor for Free', 1, '2019-01-09 16:27:22'),
(2334, 57, 233, 'student', 'Exam Result', 'Result of pt exam exam has been announced.', 1, '2019-02-12 12:14:37'),
(1297, 2, 10, 'student', 'Mentor', 'Use mentor for Free', 1, '2019-01-09 16:27:22'),
(1298, 2, 11, 'student', 'Mentor', 'Use mentor for Free', 1, '2019-01-09 16:27:22'),
(1299, 2, 13, 'student', 'Mentor', 'Use mentor for Free', 1, '2019-01-09 16:27:22'),
(1300, 2, 14, 'student', 'Mentor', 'Use mentor for Free', 1, '2019-01-09 16:27:22'),
(1301, 2, 216, 'student', 'Mentor', 'Use mentor for Free', 1, '2019-01-09 16:27:22'),
(1302, 2, 217, 'student', 'Mentor', 'Use mentor for Free', 1, '2019-01-09 16:27:22'),
(1303, 2, 2, 'teacher', 'Mentor', 'Use mentor for Free', 1, '2019-01-09 16:29:59'),
(1304, 2, 4, 'teacher', 'Mentor', 'Use mentor for Free', 1, '2019-01-09 16:29:59'),
(1305, 2, 6, 'teacher', 'Mentor', 'Use mentor for Free', 1, '2019-01-09 16:29:59'),
(1307, 2, 5, 'student', 'testingh', 'helli', 1, '2019-01-10 11:01:27'),
(1308, 2, 10, 'student', 'testingh', 'helli', 1, '2019-01-10 11:01:27'),
(1309, 2, 11, 'student', 'testingh', 'helli', 1, '2019-01-10 11:01:27'),
(1310, 2, 13, 'student', 'testingh', 'helli', 1, '2019-01-10 11:01:27'),
(1311, 2, 14, 'student', 'testingh', 'helli', 1, '2019-01-10 11:01:27'),
(1312, 2, 216, 'student', 'testingh', 'helli', 1, '2019-01-10 11:01:27'),
(1313, 2, 217, 'student', 'testingh', 'helli', 1, '2019-01-10 11:01:27'),
(2327, 57, 235, 'student', 'Assignment', 'A new assignment has been posted.', 1, '2019-02-11 11:13:46'),
(1315, 2, 5, 'student', 'testing', 'hello', 1, '2019-01-10 11:02:50'),
(1316, 2, 10, 'student', 'testing', 'hello', 1, '2019-01-10 11:02:50'),
(1317, 2, 11, 'student', 'testing', 'hello', 1, '2019-01-10 11:02:50'),
(1318, 2, 13, 'student', 'testing', 'hello', 1, '2019-01-10 11:02:50'),
(1319, 2, 14, 'student', 'testing', 'hello', 1, '2019-01-10 11:02:50'),
(1320, 2, 216, 'student', 'testing', 'hello', 1, '2019-01-10 11:02:50'),
(1321, 2, 217, 'student', 'testing', 'hello', 1, '2019-01-10 11:02:50');
INSERT INTO `notification` (`notificationID`, `schoolID`, `userID`, `role`, `title`, `notification`, `status`, `added_on`) VALUES
(1322, 2, 2, 'teacher', 'rrr', 'cffd', 1, '2019-01-10 11:05:55'),
(1323, 2, 4, 'teacher', 'rrr', 'cffd', 1, '2019-01-10 11:05:55'),
(1324, 2, 6, 'teacher', 'rrr', 'cffd', 1, '2019-01-10 11:05:55'),
(1326, 2, 5, 'student', 'Tesingvsb', 'vzvzbs', 1, '2019-01-10 11:50:22'),
(1327, 2, 10, 'student', 'Tesingvsb', 'vzvzbs', 1, '2019-01-10 11:50:22'),
(1328, 2, 11, 'student', 'Tesingvsb', 'vzvzbs', 1, '2019-01-10 11:50:22'),
(1329, 2, 13, 'student', 'Tesingvsb', 'vzvzbs', 1, '2019-01-10 11:50:22'),
(1330, 2, 14, 'student', 'Tesingvsb', 'vzvzbs', 1, '2019-01-10 11:50:22'),
(1331, 2, 216, 'student', 'Tesingvsb', 'vzvzbs', 1, '2019-01-10 11:50:22'),
(1332, 2, 217, 'student', 'Tesingvsb', 'vzvzbs', 1, '2019-01-10 11:50:22'),
(2326, 57, 234, 'student', 'Assignment', 'A new assignment has been posted.', 1, '2019-02-11 11:13:46'),
(1334, 2, 5, 'student', 'good morning', 'every one', 1, '2019-01-10 12:14:11'),
(1335, 2, 10, 'student', 'good morning', 'every one', 1, '2019-01-10 12:14:11'),
(1336, 2, 11, 'student', 'good morning', 'every one', 1, '2019-01-10 12:14:11'),
(1337, 2, 13, 'student', 'good morning', 'every one', 1, '2019-01-10 12:14:11'),
(1338, 2, 14, 'student', 'good morning', 'every one', 1, '2019-01-10 12:14:11'),
(1339, 2, 216, 'student', 'good morning', 'every one', 1, '2019-01-10 12:14:11'),
(1340, 2, 217, 'student', 'good morning', 'every one', 1, '2019-01-10 12:14:11'),
(1342, 2, 5, 'student', 'hello', 'every one', 1, '2019-01-10 12:14:51'),
(1343, 2, 10, 'student', 'hello', 'every one', 1, '2019-01-10 12:14:51'),
(1344, 2, 11, 'student', 'hello', 'every one', 1, '2019-01-10 12:14:51'),
(1345, 2, 13, 'student', 'hello', 'every one', 1, '2019-01-10 12:14:51'),
(1346, 2, 14, 'student', 'hello', 'every one', 1, '2019-01-10 12:14:51'),
(1347, 2, 216, 'student', 'hello', 'every one', 1, '2019-01-10 12:14:51'),
(1348, 2, 217, 'student', 'hello', 'every one', 1, '2019-01-10 12:14:51'),
(2325, 57, 233, 'student', 'Assignment', 'A new assignment has been posted.', 1, '2019-02-11 11:13:46'),
(1350, 2, 5, 'student', 'every', 'good he', 1, '2019-01-10 12:19:02'),
(1351, 2, 10, 'student', 'every', 'good he', 1, '2019-01-10 12:19:02'),
(1352, 2, 11, 'student', 'every', 'good he', 1, '2019-01-10 12:19:02'),
(1353, 2, 13, 'student', 'every', 'good he', 1, '2019-01-10 12:19:02'),
(1354, 2, 14, 'student', 'every', 'good he', 1, '2019-01-10 12:19:02'),
(1355, 2, 216, 'student', 'every', 'good he', 1, '2019-01-10 12:19:02'),
(1356, 2, 217, 'student', 'every', 'good he', 1, '2019-01-10 12:19:02'),
(1358, 2, 5, 'student', 'fdhsg', 'zvvsbs', 1, '2019-01-10 12:24:23'),
(1359, 2, 10, 'student', 'fdhsg', 'zvvsbs', 1, '2019-01-10 12:24:23'),
(1360, 2, 11, 'student', 'fdhsg', 'zvvsbs', 1, '2019-01-10 12:24:23'),
(1361, 2, 13, 'student', 'fdhsg', 'zvvsbs', 1, '2019-01-10 12:24:23'),
(1362, 2, 14, 'student', 'fdhsg', 'zvvsbs', 1, '2019-01-10 12:24:23'),
(1363, 2, 216, 'student', 'fdhsg', 'zvvsbs', 1, '2019-01-10 12:24:23'),
(1364, 2, 217, 'student', 'fdhsg', 'zvvsbs', 1, '2019-01-10 12:24:23'),
(1366, 2, 5, 'student', 'fsgsgs', 'gGsagg', 1, '2019-01-10 12:31:54'),
(1367, 2, 10, 'student', 'fsgsgs', 'gGsagg', 1, '2019-01-10 12:31:54'),
(1368, 2, 11, 'student', 'fsgsgs', 'gGsagg', 1, '2019-01-10 12:31:54'),
(1369, 2, 13, 'student', 'fsgsgs', 'gGsagg', 1, '2019-01-10 12:31:54'),
(1370, 2, 14, 'student', 'fsgsgs', 'gGsagg', 1, '2019-01-10 12:31:54'),
(1371, 2, 216, 'student', 'fsgsgs', 'gGsagg', 1, '2019-01-10 12:31:54'),
(1372, 2, 217, 'student', 'fsgsgs', 'gGsagg', 1, '2019-01-10 12:31:54'),
(2324, 57, 232, 'student', 'Assignment', 'A new assignment has been posted.', 1, '2019-02-11 11:13:46'),
(1374, 2, 5, 'student', 'Hello ', 'Hi was day and is ', 1, '2019-01-10 12:38:21'),
(1375, 2, 10, 'student', 'Hello ', 'Hi was day and is ', 1, '2019-01-10 12:38:21'),
(1376, 2, 11, 'student', 'Hello ', 'Hi was day and is ', 1, '2019-01-10 12:38:21'),
(1377, 2, 13, 'student', 'Hello ', 'Hi was day and is ', 1, '2019-01-10 12:38:21'),
(1378, 2, 14, 'student', 'Hello ', 'Hi was day and is ', 1, '2019-01-10 12:38:21'),
(1379, 2, 216, 'student', 'Hello ', 'Hi was day and is ', 1, '2019-01-10 12:38:21'),
(1380, 2, 217, 'student', 'Hello ', 'Hi was day and is ', 1, '2019-01-10 12:38:21'),
(1382, 2, 5, 'student', 'zhhzh', 'gzbzb', 1, '2019-01-10 12:38:47'),
(1383, 2, 10, 'student', 'zhhzh', 'gzbzb', 1, '2019-01-10 12:38:47'),
(1384, 2, 11, 'student', 'zhhzh', 'gzbzb', 1, '2019-01-10 12:38:47'),
(1385, 2, 13, 'student', 'zhhzh', 'gzbzb', 1, '2019-01-10 12:38:47'),
(1386, 2, 14, 'student', 'zhhzh', 'gzbzb', 1, '2019-01-10 12:38:47'),
(1387, 2, 216, 'student', 'zhhzh', 'gzbzb', 1, '2019-01-10 12:38:47'),
(1388, 2, 217, 'student', 'zhhzh', 'gzbzb', 1, '2019-01-10 12:38:47'),
(1389, 36, 36, 'school', 'Approval', 'A new request for teacher has been arrived.', 1, '2019-01-14 13:46:03'),
(1390, 36, 36, 'school', 'Approval', 'A new request for teacher has been arrived.', 1, '2019-01-14 13:51:10'),
(1391, 36, 36, 'school', 'Approval', 'A new request for teacher has been arrived.', 1, '2019-01-14 13:55:18'),
(1392, 36, 36, 'school', 'Approval', 'A new request for teacher has been arrived.', 1, '2019-01-14 13:58:11'),
(1393, 36, 11, 'teacher', 'Routine Updated', 'There is a change in routine', 1, '2019-01-14 14:37:33'),
(1394, 36, 10, 'teacher', 'Routine Updated', 'There is a change in routine', 1, '2019-01-14 14:53:08'),
(1395, 36, 9, 'teacher', 'Routine Updated', 'There is a change in routine', 1, '2019-01-14 14:53:23'),
(1396, 36, 12, 'teacher', 'Routine Updated', 'There is a change in routine', 1, '2019-01-14 14:53:36'),
(1397, 36, 36, 'school', 'Approval', 'A new request for student has been arrived.', 1, '2019-01-14 14:59:41'),
(1398, 36, 36, 'school', 'Approval', 'A new request for student has been arrived.', 1, '2019-01-14 15:09:26'),
(1399, 36, 221, 'student', 'holiday', 'happy mkrsnkranti today is holiday', 1, '2019-01-14 15:39:45'),
(1400, 36, 9, 'teacher', 'Circular', 'There is a new circular.', 1, '2019-01-14 16:08:34'),
(1401, 36, 10, 'teacher', 'Circular', 'There is a new circular.', 1, '2019-01-14 16:08:34'),
(1402, 36, 11, 'teacher', 'Circular', 'There is a new circular.', 1, '2019-01-14 16:08:34'),
(1403, 36, 12, 'teacher', 'Circular', 'There is a new circular.', 1, '2019-01-14 16:08:34'),
(1404, 36, 36, 'school', 'Approval', 'A new request for student has been arrived.', 1, '2019-01-14 16:36:45'),
(1405, 31, 31, 'school', 'Approval', 'A new request for teacher has been arrived.', 1, '2019-01-15 12:01:13'),
(1407, 31, 31, 'school', 'Approval', 'A new request for student has been arrived.', 1, '2019-01-15 12:08:59'),
(1410, 41, 41, 'school', 'Event Added', 'An Event has been created in your school', 1, '2019-01-15 13:39:29'),
(1412, 41, 41, 'school', 'Suggestion', 'A new Suggestion has been posted by student (vibhas)', 1, '2019-01-15 13:46:58'),
(1413, 41, 0, 'teacher', 'Routine Updated', 'There is a change in routine', 1, '2019-01-15 13:50:58'),
(1414, 41, 225, 'student', 'Routine Updated', 'There is a change in routine', 1, '2019-01-15 13:50:58'),
(1415, 41, 0, 'teacher', 'Routine Updated', 'There is a change in routine', 1, '2019-01-15 13:51:10'),
(1416, 41, 225, 'student', 'Routine Updated', 'There is a change in routine', 1, '2019-01-15 13:51:10'),
(1417, 28, 7, 'teacher', 'Routine Updated', 'There is a change in routine', 1, '2019-01-16 13:45:44'),
(1418, 28, 218, 'student', 'Routine Updated', 'There is a change in routine', 1, '2019-01-16 13:45:44'),
(1419, 28, 219, 'student', 'Routine Updated', 'There is a change in routine', 1, '2019-01-16 13:45:44'),
(1420, 28, 7, 'teacher', 'Routine Updated', 'There is a change in routine', 1, '2019-01-16 13:48:17'),
(1421, 28, 218, 'student', 'Routine Updated', 'There is a change in routine', 1, '2019-01-16 13:48:17'),
(1422, 28, 219, 'student', 'Routine Updated', 'There is a change in routine', 1, '2019-01-16 13:48:17'),
(2276, 57, 231, 'student', 'Circular', 'There is a new circular.', 1, '2019-02-06 13:50:55'),
(2275, 57, 230, 'student', 'Circular', 'There is a new circular.', 1, '2019-02-06 13:50:55'),
(1430, 21, 16, 'student', 'Event Added', 'An Event has been created in your school.', 1, '2019-01-18 01:20:52'),
(2272, 57, 227, 'student', 'Circular', 'There is a new circular.', 1, '2019-02-06 13:50:55'),
(1842, 21, 16, 'student', 'Event Added', 'An Event has been created in your school.', 1, '2019-01-21 13:32:11'),
(1432, 21, 18, 'student', 'Event Added', 'An Event has been created in your school.', 1, '2019-01-18 01:20:52'),
(1433, 21, 19, 'student', 'Event Added', 'An Event has been created in your school.', 1, '2019-01-18 01:20:52'),
(1434, 21, 20, 'student', 'Event Added', 'An Event has been created in your school.', 1, '2019-01-18 01:20:52'),
(1435, 21, 21, 'student', 'Event Added', 'An Event has been created in your school.', 1, '2019-01-18 01:20:52'),
(1436, 21, 22, 'student', 'Event Added', 'An Event has been created in your school.', 1, '2019-01-18 01:20:52'),
(1437, 21, 23, 'student', 'Event Added', 'An Event has been created in your school.', 1, '2019-01-18 01:20:52'),
(1438, 21, 24, 'student', 'Event Added', 'An Event has been created in your school.', 1, '2019-01-18 01:20:52'),
(1439, 21, 25, 'student', 'Event Added', 'An Event has been created in your school.', 1, '2019-01-18 01:20:52'),
(1440, 21, 26, 'student', 'Event Added', 'An Event has been created in your school.', 1, '2019-01-18 01:20:52'),
(1441, 21, 27, 'student', 'Event Added', 'An Event has been created in your school.', 1, '2019-01-18 01:20:52'),
(1442, 21, 28, 'student', 'Event Added', 'An Event has been created in your school.', 1, '2019-01-18 01:20:52'),
(1443, 21, 29, 'student', 'Event Added', 'An Event has been created in your school.', 1, '2019-01-18 01:20:52'),
(1444, 21, 30, 'student', 'Event Added', 'An Event has been created in your school.', 1, '2019-01-18 01:20:52'),
(1445, 21, 31, 'student', 'Event Added', 'An Event has been created in your school.', 1, '2019-01-18 01:20:52'),
(1446, 21, 32, 'student', 'Event Added', 'An Event has been created in your school.', 1, '2019-01-18 01:20:52'),
(1447, 21, 33, 'student', 'Event Added', 'An Event has been created in your school.', 1, '2019-01-18 01:20:52'),
(1448, 21, 34, 'student', 'Event Added', 'An Event has been created in your school.', 1, '2019-01-18 01:20:52'),
(1449, 21, 35, 'student', 'Event Added', 'An Event has been created in your school.', 1, '2019-01-18 01:20:52'),
(1450, 21, 36, 'student', 'Event Added', 'An Event has been created in your school.', 1, '2019-01-18 01:20:52'),
(1451, 21, 37, 'student', 'Event Added', 'An Event has been created in your school.', 1, '2019-01-18 01:20:52'),
(1452, 21, 38, 'student', 'Event Added', 'An Event has been created in your school.', 1, '2019-01-18 01:20:52'),
(1453, 21, 39, 'student', 'Event Added', 'An Event has been created in your school.', 1, '2019-01-18 01:20:52'),
(1454, 21, 40, 'student', 'Event Added', 'An Event has been created in your school.', 1, '2019-01-18 01:20:52'),
(1455, 21, 41, 'student', 'Event Added', 'An Event has been created in your school.', 1, '2019-01-18 01:20:52'),
(1456, 21, 42, 'student', 'Event Added', 'An Event has been created in your school.', 1, '2019-01-18 01:20:52'),
(1457, 21, 43, 'student', 'Event Added', 'An Event has been created in your school.', 1, '2019-01-18 01:20:52'),
(1458, 21, 44, 'student', 'Event Added', 'An Event has been created in your school.', 1, '2019-01-18 01:20:52'),
(1459, 21, 45, 'student', 'Event Added', 'An Event has been created in your school.', 1, '2019-01-18 01:20:52'),
(1460, 21, 46, 'student', 'Event Added', 'An Event has been created in your school.', 1, '2019-01-18 01:20:52'),
(1461, 21, 47, 'student', 'Event Added', 'An Event has been created in your school.', 1, '2019-01-18 01:20:52'),
(1462, 21, 48, 'student', 'Event Added', 'An Event has been created in your school.', 1, '2019-01-18 01:20:52'),
(1463, 21, 49, 'student', 'Event Added', 'An Event has been created in your school.', 1, '2019-01-18 01:20:52'),
(1464, 21, 50, 'student', 'Event Added', 'An Event has been created in your school.', 1, '2019-01-18 01:20:52'),
(1465, 21, 51, 'student', 'Event Added', 'An Event has been created in your school.', 1, '2019-01-18 01:20:52'),
(1466, 21, 52, 'student', 'Event Added', 'An Event has been created in your school.', 1, '2019-01-18 01:20:52'),
(1467, 21, 53, 'student', 'Event Added', 'An Event has been created in your school.', 1, '2019-01-18 01:20:52'),
(1468, 21, 54, 'student', 'Event Added', 'An Event has been created in your school.', 1, '2019-01-18 01:20:52'),
(1469, 21, 55, 'student', 'Event Added', 'An Event has been created in your school.', 1, '2019-01-18 01:20:52'),
(1470, 21, 56, 'student', 'Event Added', 'An Event has been created in your school.', 1, '2019-01-18 01:20:52'),
(1471, 21, 57, 'student', 'Event Added', 'An Event has been created in your school.', 1, '2019-01-18 01:20:52'),
(1472, 21, 58, 'student', 'Event Added', 'An Event has been created in your school.', 1, '2019-01-18 01:20:52'),
(1473, 21, 59, 'student', 'Event Added', 'An Event has been created in your school.', 1, '2019-01-18 01:20:52'),
(1474, 21, 60, 'student', 'Event Added', 'An Event has been created in your school.', 1, '2019-01-18 01:20:52'),
(1475, 21, 61, 'student', 'Event Added', 'An Event has been created in your school.', 1, '2019-01-18 01:20:52'),
(1476, 21, 62, 'student', 'Event Added', 'An Event has been created in your school.', 1, '2019-01-18 01:20:52'),
(1477, 21, 63, 'student', 'Event Added', 'An Event has been created in your school.', 1, '2019-01-18 01:20:52'),
(1478, 21, 64, 'student', 'Event Added', 'An Event has been created in your school.', 1, '2019-01-18 01:20:52'),
(1479, 21, 65, 'student', 'Event Added', 'An Event has been created in your school.', 1, '2019-01-18 01:20:52'),
(1480, 21, 66, 'student', 'Event Added', 'An Event has been created in your school.', 1, '2019-01-18 01:20:52'),
(1481, 21, 67, 'student', 'Event Added', 'An Event has been created in your school.', 1, '2019-01-18 01:20:52'),
(1482, 21, 68, 'student', 'Event Added', 'An Event has been created in your school.', 1, '2019-01-18 01:20:52'),
(1483, 21, 69, 'student', 'Event Added', 'An Event has been created in your school.', 1, '2019-01-18 01:20:52'),
(1484, 21, 70, 'student', 'Event Added', 'An Event has been created in your school.', 1, '2019-01-18 01:20:52'),
(1485, 21, 71, 'student', 'Event Added', 'An Event has been created in your school.', 1, '2019-01-18 01:20:52'),
(1486, 21, 72, 'student', 'Event Added', 'An Event has been created in your school.', 1, '2019-01-18 01:20:52'),
(1487, 21, 73, 'student', 'Event Added', 'An Event has been created in your school.', 1, '2019-01-18 01:20:52'),
(1488, 21, 74, 'student', 'Event Added', 'An Event has been created in your school.', 1, '2019-01-18 01:20:52'),
(1489, 21, 75, 'student', 'Event Added', 'An Event has been created in your school.', 1, '2019-01-18 01:20:52'),
(1490, 21, 76, 'student', 'Event Added', 'An Event has been created in your school.', 1, '2019-01-18 01:20:52'),
(1491, 21, 77, 'student', 'Event Added', 'An Event has been created in your school.', 1, '2019-01-18 01:20:52'),
(1492, 21, 78, 'student', 'Event Added', 'An Event has been created in your school.', 1, '2019-01-18 01:20:52'),
(1493, 21, 79, 'student', 'Event Added', 'An Event has been created in your school.', 1, '2019-01-18 01:20:52'),
(1494, 21, 80, 'student', 'Event Added', 'An Event has been created in your school.', 1, '2019-01-18 01:20:52'),
(1495, 21, 81, 'student', 'Event Added', 'An Event has been created in your school.', 1, '2019-01-18 01:20:52'),
(1496, 21, 82, 'student', 'Event Added', 'An Event has been created in your school.', 1, '2019-01-18 01:20:52'),
(1497, 21, 83, 'student', 'Event Added', 'An Event has been created in your school.', 1, '2019-01-18 01:20:52'),
(1498, 21, 84, 'student', 'Event Added', 'An Event has been created in your school.', 1, '2019-01-18 01:20:52'),
(1499, 21, 85, 'student', 'Event Added', 'An Event has been created in your school.', 1, '2019-01-18 01:20:52'),
(1500, 21, 86, 'student', 'Event Added', 'An Event has been created in your school.', 1, '2019-01-18 01:20:52'),
(1501, 21, 87, 'student', 'Event Added', 'An Event has been created in your school.', 1, '2019-01-18 01:20:52'),
(1502, 21, 88, 'student', 'Event Added', 'An Event has been created in your school.', 1, '2019-01-18 01:20:52'),
(1503, 21, 89, 'student', 'Event Added', 'An Event has been created in your school.', 1, '2019-01-18 01:20:52'),
(1504, 21, 90, 'student', 'Event Added', 'An Event has been created in your school.', 1, '2019-01-18 01:20:52'),
(1505, 21, 91, 'student', 'Event Added', 'An Event has been created in your school.', 1, '2019-01-18 01:20:52'),
(1506, 21, 92, 'student', 'Event Added', 'An Event has been created in your school.', 1, '2019-01-18 01:20:52'),
(1507, 21, 93, 'student', 'Event Added', 'An Event has been created in your school.', 1, '2019-01-18 01:20:52'),
(1508, 21, 94, 'student', 'Event Added', 'An Event has been created in your school.', 1, '2019-01-18 01:20:52'),
(1509, 21, 95, 'student', 'Event Added', 'An Event has been created in your school.', 1, '2019-01-18 01:20:52'),
(1510, 21, 96, 'student', 'Event Added', 'An Event has been created in your school.', 1, '2019-01-18 01:20:52'),
(1511, 21, 97, 'student', 'Event Added', 'An Event has been created in your school.', 1, '2019-01-18 01:20:52'),
(1512, 21, 98, 'student', 'Event Added', 'An Event has been created in your school.', 1, '2019-01-18 01:20:52'),
(1513, 21, 99, 'student', 'Event Added', 'An Event has been created in your school.', 1, '2019-01-18 01:20:52'),
(1514, 21, 100, 'student', 'Event Added', 'An Event has been created in your school.', 1, '2019-01-18 01:20:52'),
(1515, 21, 101, 'student', 'Event Added', 'An Event has been created in your school.', 1, '2019-01-18 01:20:52'),
(1516, 21, 102, 'student', 'Event Added', 'An Event has been created in your school.', 1, '2019-01-18 01:20:52'),
(1517, 21, 103, 'student', 'Event Added', 'An Event has been created in your school.', 1, '2019-01-18 01:20:52'),
(1518, 21, 104, 'student', 'Event Added', 'An Event has been created in your school.', 1, '2019-01-18 01:20:52'),
(1519, 21, 105, 'student', 'Event Added', 'An Event has been created in your school.', 1, '2019-01-18 01:20:52'),
(1520, 21, 106, 'student', 'Event Added', 'An Event has been created in your school.', 1, '2019-01-18 01:20:52'),
(1521, 21, 107, 'student', 'Event Added', 'An Event has been created in your school.', 1, '2019-01-18 01:20:52'),
(1522, 21, 108, 'student', 'Event Added', 'An Event has been created in your school.', 1, '2019-01-18 01:20:52'),
(1523, 21, 109, 'student', 'Event Added', 'An Event has been created in your school.', 1, '2019-01-18 01:20:52'),
(1524, 21, 110, 'student', 'Event Added', 'An Event has been created in your school.', 1, '2019-01-18 01:20:52'),
(1525, 21, 111, 'student', 'Event Added', 'An Event has been created in your school.', 1, '2019-01-18 01:20:52'),
(1526, 21, 112, 'student', 'Event Added', 'An Event has been created in your school.', 1, '2019-01-18 01:20:52'),
(1527, 21, 113, 'student', 'Event Added', 'An Event has been created in your school.', 1, '2019-01-18 01:20:52'),
(1528, 21, 114, 'student', 'Event Added', 'An Event has been created in your school.', 1, '2019-01-18 01:20:52'),
(1529, 21, 115, 'student', 'Event Added', 'An Event has been created in your school.', 1, '2019-01-18 01:20:52'),
(1530, 21, 116, 'student', 'Event Added', 'An Event has been created in your school.', 1, '2019-01-18 01:20:52'),
(1531, 21, 117, 'student', 'Event Added', 'An Event has been created in your school.', 1, '2019-01-18 01:20:52'),
(1532, 21, 118, 'student', 'Event Added', 'An Event has been created in your school.', 1, '2019-01-18 01:20:52'),
(1533, 21, 119, 'student', 'Event Added', 'An Event has been created in your school.', 1, '2019-01-18 01:20:52'),
(1534, 21, 120, 'student', 'Event Added', 'An Event has been created in your school.', 1, '2019-01-18 01:20:52'),
(1535, 21, 121, 'student', 'Event Added', 'An Event has been created in your school.', 1, '2019-01-18 01:20:52'),
(1536, 21, 122, 'student', 'Event Added', 'An Event has been created in your school.', 1, '2019-01-18 01:20:52'),
(1537, 21, 123, 'student', 'Event Added', 'An Event has been created in your school.', 1, '2019-01-18 01:20:52'),
(1538, 21, 124, 'student', 'Event Added', 'An Event has been created in your school.', 1, '2019-01-18 01:20:52'),
(1539, 21, 125, 'student', 'Event Added', 'An Event has been created in your school.', 1, '2019-01-18 01:20:52'),
(1540, 21, 126, 'student', 'Event Added', 'An Event has been created in your school.', 1, '2019-01-18 01:20:52'),
(1541, 21, 127, 'student', 'Event Added', 'An Event has been created in your school.', 1, '2019-01-18 01:20:52'),
(1542, 21, 128, 'student', 'Event Added', 'An Event has been created in your school.', 1, '2019-01-18 01:20:52'),
(1543, 21, 129, 'student', 'Event Added', 'An Event has been created in your school.', 1, '2019-01-18 01:20:52'),
(1544, 21, 130, 'student', 'Event Added', 'An Event has been created in your school.', 1, '2019-01-18 01:20:52'),
(1545, 21, 131, 'student', 'Event Added', 'An Event has been created in your school.', 1, '2019-01-18 01:20:52'),
(1546, 21, 132, 'student', 'Event Added', 'An Event has been created in your school.', 1, '2019-01-18 01:20:52'),
(1547, 21, 133, 'student', 'Event Added', 'An Event has been created in your school.', 1, '2019-01-18 01:20:52'),
(1548, 21, 134, 'student', 'Event Added', 'An Event has been created in your school.', 1, '2019-01-18 01:20:52'),
(1549, 21, 135, 'student', 'Event Added', 'An Event has been created in your school.', 1, '2019-01-18 01:20:52'),
(1550, 21, 136, 'student', 'Event Added', 'An Event has been created in your school.', 1, '2019-01-18 01:20:52'),
(1551, 21, 137, 'student', 'Event Added', 'An Event has been created in your school.', 1, '2019-01-18 01:20:52'),
(1552, 21, 138, 'student', 'Event Added', 'An Event has been created in your school.', 1, '2019-01-18 01:20:52'),
(1553, 21, 139, 'student', 'Event Added', 'An Event has been created in your school.', 1, '2019-01-18 01:20:52'),
(1554, 21, 140, 'student', 'Event Added', 'An Event has been created in your school.', 1, '2019-01-18 01:20:52'),
(1555, 21, 141, 'student', 'Event Added', 'An Event has been created in your school.', 1, '2019-01-18 01:20:52'),
(1556, 21, 142, 'student', 'Event Added', 'An Event has been created in your school.', 1, '2019-01-18 01:20:52'),
(1557, 21, 143, 'student', 'Event Added', 'An Event has been created in your school.', 1, '2019-01-18 01:20:52'),
(1558, 21, 144, 'student', 'Event Added', 'An Event has been created in your school.', 1, '2019-01-18 01:20:52'),
(1559, 21, 145, 'student', 'Event Added', 'An Event has been created in your school.', 1, '2019-01-18 01:20:52'),
(1560, 21, 146, 'student', 'Event Added', 'An Event has been created in your school.', 1, '2019-01-18 01:20:52'),
(1561, 21, 147, 'student', 'Event Added', 'An Event has been created in your school.', 1, '2019-01-18 01:20:52'),
(1562, 21, 148, 'student', 'Event Added', 'An Event has been created in your school.', 1, '2019-01-18 01:20:52'),
(1563, 21, 149, 'student', 'Event Added', 'An Event has been created in your school.', 1, '2019-01-18 01:20:52'),
(1564, 21, 150, 'student', 'Event Added', 'An Event has been created in your school.', 1, '2019-01-18 01:20:52'),
(1565, 21, 151, 'student', 'Event Added', 'An Event has been created in your school.', 1, '2019-01-18 01:20:52'),
(1566, 21, 152, 'student', 'Event Added', 'An Event has been created in your school.', 1, '2019-01-18 01:20:52'),
(1567, 21, 153, 'student', 'Event Added', 'An Event has been created in your school.', 1, '2019-01-18 01:20:53'),
(1568, 21, 154, 'student', 'Event Added', 'An Event has been created in your school.', 1, '2019-01-18 01:20:53'),
(1569, 21, 155, 'student', 'Event Added', 'An Event has been created in your school.', 1, '2019-01-18 01:20:53'),
(1570, 21, 156, 'student', 'Event Added', 'An Event has been created in your school.', 1, '2019-01-18 01:20:53'),
(1571, 21, 157, 'student', 'Event Added', 'An Event has been created in your school.', 1, '2019-01-18 01:20:53'),
(1572, 21, 158, 'student', 'Event Added', 'An Event has been created in your school.', 1, '2019-01-18 01:20:53'),
(1573, 21, 159, 'student', 'Event Added', 'An Event has been created in your school.', 1, '2019-01-18 01:20:53'),
(1574, 21, 160, 'student', 'Event Added', 'An Event has been created in your school.', 1, '2019-01-18 01:20:53'),
(1575, 21, 161, 'student', 'Event Added', 'An Event has been created in your school.', 1, '2019-01-18 01:20:53'),
(1576, 21, 162, 'student', 'Event Added', 'An Event has been created in your school.', 1, '2019-01-18 01:20:53'),
(1577, 21, 163, 'student', 'Event Added', 'An Event has been created in your school.', 1, '2019-01-18 01:20:53'),
(1578, 21, 164, 'student', 'Event Added', 'An Event has been created in your school.', 1, '2019-01-18 01:20:53'),
(1579, 21, 165, 'student', 'Event Added', 'An Event has been created in your school.', 1, '2019-01-18 01:20:53'),
(1580, 21, 166, 'student', 'Event Added', 'An Event has been created in your school.', 1, '2019-01-18 01:20:53'),
(1581, 21, 167, 'student', 'Event Added', 'An Event has been created in your school.', 1, '2019-01-18 01:20:53'),
(1582, 21, 168, 'student', 'Event Added', 'An Event has been created in your school.', 1, '2019-01-18 01:20:53'),
(1583, 21, 169, 'student', 'Event Added', 'An Event has been created in your school.', 1, '2019-01-18 01:20:53'),
(1584, 21, 170, 'student', 'Event Added', 'An Event has been created in your school.', 1, '2019-01-18 01:20:53'),
(1585, 21, 171, 'student', 'Event Added', 'An Event has been created in your school.', 1, '2019-01-18 01:20:53'),
(1586, 21, 172, 'student', 'Event Added', 'An Event has been created in your school.', 1, '2019-01-18 01:20:53'),
(1587, 21, 173, 'student', 'Event Added', 'An Event has been created in your school.', 1, '2019-01-18 01:20:53'),
(1588, 21, 174, 'student', 'Event Added', 'An Event has been created in your school.', 1, '2019-01-18 01:20:53'),
(1589, 21, 175, 'student', 'Event Added', 'An Event has been created in your school.', 1, '2019-01-18 01:20:53'),
(1590, 21, 176, 'student', 'Event Added', 'An Event has been created in your school.', 1, '2019-01-18 01:20:53'),
(1591, 21, 177, 'student', 'Event Added', 'An Event has been created in your school.', 1, '2019-01-18 01:20:53'),
(1592, 21, 178, 'student', 'Event Added', 'An Event has been created in your school.', 1, '2019-01-18 01:20:53'),
(1593, 21, 179, 'student', 'Event Added', 'An Event has been created in your school.', 1, '2019-01-18 01:20:53'),
(1594, 21, 180, 'student', 'Event Added', 'An Event has been created in your school.', 1, '2019-01-18 01:20:53'),
(1595, 21, 181, 'student', 'Event Added', 'An Event has been created in your school.', 1, '2019-01-18 01:20:53'),
(1596, 21, 182, 'student', 'Event Added', 'An Event has been created in your school.', 1, '2019-01-18 01:20:53'),
(1597, 21, 183, 'student', 'Event Added', 'An Event has been created in your school.', 1, '2019-01-18 01:20:53'),
(1598, 21, 184, 'student', 'Event Added', 'An Event has been created in your school.', 1, '2019-01-18 01:20:53'),
(1599, 21, 185, 'student', 'Event Added', 'An Event has been created in your school.', 1, '2019-01-18 01:20:53'),
(1600, 21, 186, 'student', 'Event Added', 'An Event has been created in your school.', 1, '2019-01-18 01:20:53'),
(1601, 21, 187, 'student', 'Event Added', 'An Event has been created in your school.', 1, '2019-01-18 01:20:53'),
(1602, 21, 188, 'student', 'Event Added', 'An Event has been created in your school.', 1, '2019-01-18 01:20:53'),
(1603, 21, 189, 'student', 'Event Added', 'An Event has been created in your school.', 1, '2019-01-18 01:20:53'),
(1604, 21, 190, 'student', 'Event Added', 'An Event has been created in your school.', 1, '2019-01-18 01:20:53'),
(1605, 21, 191, 'student', 'Event Added', 'An Event has been created in your school.', 1, '2019-01-18 01:20:53'),
(1606, 21, 192, 'student', 'Event Added', 'An Event has been created in your school.', 1, '2019-01-18 01:20:53'),
(1607, 21, 193, 'student', 'Event Added', 'An Event has been created in your school.', 1, '2019-01-18 01:20:53'),
(1608, 21, 194, 'student', 'Event Added', 'An Event has been created in your school.', 1, '2019-01-18 01:20:53'),
(1609, 21, 195, 'student', 'Event Added', 'An Event has been created in your school.', 1, '2019-01-18 01:20:53'),
(1610, 21, 196, 'student', 'Event Added', 'An Event has been created in your school.', 1, '2019-01-18 01:20:53'),
(1611, 21, 197, 'student', 'Event Added', 'An Event has been created in your school.', 1, '2019-01-18 01:20:53'),
(1612, 21, 198, 'student', 'Event Added', 'An Event has been created in your school.', 1, '2019-01-18 01:20:53'),
(1613, 21, 199, 'student', 'Event Added', 'An Event has been created in your school.', 1, '2019-01-18 01:20:53'),
(1614, 21, 200, 'student', 'Event Added', 'An Event has been created in your school.', 1, '2019-01-18 01:20:53'),
(1615, 21, 201, 'student', 'Event Added', 'An Event has been created in your school.', 1, '2019-01-18 01:20:53'),
(1616, 21, 202, 'student', 'Event Added', 'An Event has been created in your school.', 1, '2019-01-18 01:20:53'),
(1617, 21, 203, 'student', 'Event Added', 'An Event has been created in your school.', 1, '2019-01-18 01:20:53'),
(1618, 21, 204, 'student', 'Event Added', 'An Event has been created in your school.', 1, '2019-01-18 01:20:53'),
(1619, 21, 205, 'student', 'Event Added', 'An Event has been created in your school.', 1, '2019-01-18 01:20:53'),
(1620, 21, 206, 'student', 'Event Added', 'An Event has been created in your school.', 1, '2019-01-18 01:20:53'),
(1621, 21, 207, 'student', 'Event Added', 'An Event has been created in your school.', 1, '2019-01-18 01:20:53'),
(1622, 21, 208, 'student', 'Event Added', 'An Event has been created in your school.', 1, '2019-01-18 01:20:53'),
(1623, 21, 209, 'student', 'Event Added', 'An Event has been created in your school.', 1, '2019-01-18 01:20:53'),
(1624, 21, 210, 'student', 'Event Added', 'An Event has been created in your school.', 1, '2019-01-18 01:20:53'),
(1625, 21, 211, 'student', 'Event Added', 'An Event has been created in your school.', 1, '2019-01-18 01:20:53'),
(1626, 21, 212, 'student', 'Event Added', 'An Event has been created in your school.', 1, '2019-01-18 01:20:53'),
(1627, 21, 213, 'student', 'Event Added', 'An Event has been created in your school.', 1, '2019-01-18 01:20:53'),
(1628, 21, 214, 'student', 'Event Added', 'An Event has been created in your school.', 1, '2019-01-18 01:20:53'),
(1629, 21, 215, 'student', 'Event Added', 'An Event has been created in your school.', 1, '2019-01-18 01:20:53'),
(2274, 57, 229, 'student', 'Circular', 'There is a new circular.', 1, '2019-02-06 13:50:55'),
(2273, 57, 228, 'student', 'Circular', 'There is a new circular.', 1, '2019-02-06 13:50:55'),
(1633, 28, 218, 'student', '26 January ', 'come @ 9 am', 0, '2019-01-19 22:23:52'),
(1634, 28, 219, 'student', '26 January ', 'come @ 9 am', 1, '2019-01-19 22:23:52'),
(1635, 28, 218, 'student', 'Circular', 'There is a new circular.', 0, '2019-01-19 22:26:36'),
(1636, 28, 219, 'student', 'Circular', 'There is a new circular.', 1, '2019-01-19 22:26:36'),
(1637, 28, 218, 'student', 'Assignment', 'A new assignment has been posted.', 1, '2019-01-19 22:35:49'),
(1638, 28, 219, 'student', 'Assignment', 'A new assignment has been posted.', 1, '2019-01-19 22:35:49'),
(1639, 28, 218, 'student', 'Assignment', 'A new assignment has been posted.', 1, '2019-01-19 22:36:39'),
(1640, 28, 219, 'student', 'Assignment', 'A new assignment has been posted.', 1, '2019-01-19 22:36:39'),
(1641, 21, 16, 'student', 'School Timing', 'There is a change in school timing', 1, '2019-01-21 13:11:57'),
(1643, 21, 18, 'student', 'School Timing', 'There is a change in school timing', 1, '2019-01-21 13:11:57'),
(1644, 21, 19, 'student', 'School Timing', 'There is a change in school timing', 1, '2019-01-21 13:11:57'),
(1645, 21, 20, 'student', 'School Timing', 'There is a change in school timing', 1, '2019-01-21 13:11:57'),
(1646, 21, 21, 'student', 'School Timing', 'There is a change in school timing', 1, '2019-01-21 13:11:57'),
(1647, 21, 22, 'student', 'School Timing', 'There is a change in school timing', 1, '2019-01-21 13:11:57'),
(1648, 21, 23, 'student', 'School Timing', 'There is a change in school timing', 1, '2019-01-21 13:11:57'),
(1649, 21, 24, 'student', 'School Timing', 'There is a change in school timing', 1, '2019-01-21 13:11:57'),
(1650, 21, 25, 'student', 'School Timing', 'There is a change in school timing', 1, '2019-01-21 13:11:57'),
(1651, 21, 26, 'student', 'School Timing', 'There is a change in school timing', 1, '2019-01-21 13:11:57'),
(1652, 21, 27, 'student', 'School Timing', 'There is a change in school timing', 1, '2019-01-21 13:11:57'),
(1653, 21, 28, 'student', 'School Timing', 'There is a change in school timing', 1, '2019-01-21 13:11:57'),
(1654, 21, 29, 'student', 'School Timing', 'There is a change in school timing', 1, '2019-01-21 13:11:57'),
(1655, 21, 30, 'student', 'School Timing', 'There is a change in school timing', 1, '2019-01-21 13:11:57'),
(1656, 21, 31, 'student', 'School Timing', 'There is a change in school timing', 1, '2019-01-21 13:11:57'),
(1657, 21, 32, 'student', 'School Timing', 'There is a change in school timing', 1, '2019-01-21 13:11:57'),
(1658, 21, 33, 'student', 'School Timing', 'There is a change in school timing', 1, '2019-01-21 13:11:57'),
(1659, 21, 34, 'student', 'School Timing', 'There is a change in school timing', 1, '2019-01-21 13:11:57'),
(1660, 21, 35, 'student', 'School Timing', 'There is a change in school timing', 1, '2019-01-21 13:11:57'),
(1661, 21, 36, 'student', 'School Timing', 'There is a change in school timing', 1, '2019-01-21 13:11:57'),
(1662, 21, 37, 'student', 'School Timing', 'There is a change in school timing', 1, '2019-01-21 13:11:57'),
(1663, 21, 38, 'student', 'School Timing', 'There is a change in school timing', 1, '2019-01-21 13:11:57'),
(1664, 21, 39, 'student', 'School Timing', 'There is a change in school timing', 1, '2019-01-21 13:11:57'),
(1665, 21, 40, 'student', 'School Timing', 'There is a change in school timing', 1, '2019-01-21 13:11:57'),
(1666, 21, 41, 'student', 'School Timing', 'There is a change in school timing', 1, '2019-01-21 13:11:57'),
(1667, 21, 42, 'student', 'School Timing', 'There is a change in school timing', 1, '2019-01-21 13:11:57'),
(1668, 21, 43, 'student', 'School Timing', 'There is a change in school timing', 1, '2019-01-21 13:11:57'),
(1669, 21, 44, 'student', 'School Timing', 'There is a change in school timing', 1, '2019-01-21 13:11:57'),
(1670, 21, 45, 'student', 'School Timing', 'There is a change in school timing', 1, '2019-01-21 13:11:57'),
(1671, 21, 46, 'student', 'School Timing', 'There is a change in school timing', 1, '2019-01-21 13:11:57'),
(1672, 21, 47, 'student', 'School Timing', 'There is a change in school timing', 1, '2019-01-21 13:11:57'),
(1673, 21, 48, 'student', 'School Timing', 'There is a change in school timing', 1, '2019-01-21 13:11:57'),
(1674, 21, 49, 'student', 'School Timing', 'There is a change in school timing', 1, '2019-01-21 13:11:57'),
(1675, 21, 50, 'student', 'School Timing', 'There is a change in school timing', 1, '2019-01-21 13:11:57'),
(1676, 21, 51, 'student', 'School Timing', 'There is a change in school timing', 1, '2019-01-21 13:11:57'),
(1677, 21, 52, 'student', 'School Timing', 'There is a change in school timing', 1, '2019-01-21 13:11:57'),
(1678, 21, 53, 'student', 'School Timing', 'There is a change in school timing', 1, '2019-01-21 13:11:57'),
(1679, 21, 54, 'student', 'School Timing', 'There is a change in school timing', 1, '2019-01-21 13:11:57'),
(1680, 21, 55, 'student', 'School Timing', 'There is a change in school timing', 1, '2019-01-21 13:11:57'),
(1681, 21, 56, 'student', 'School Timing', 'There is a change in school timing', 1, '2019-01-21 13:11:57'),
(1682, 21, 57, 'student', 'School Timing', 'There is a change in school timing', 1, '2019-01-21 13:11:57'),
(1683, 21, 58, 'student', 'School Timing', 'There is a change in school timing', 1, '2019-01-21 13:11:57'),
(1684, 21, 59, 'student', 'School Timing', 'There is a change in school timing', 1, '2019-01-21 13:11:57'),
(1685, 21, 60, 'student', 'School Timing', 'There is a change in school timing', 1, '2019-01-21 13:11:57'),
(1686, 21, 61, 'student', 'School Timing', 'There is a change in school timing', 1, '2019-01-21 13:11:57'),
(1687, 21, 62, 'student', 'School Timing', 'There is a change in school timing', 1, '2019-01-21 13:11:57'),
(1688, 21, 63, 'student', 'School Timing', 'There is a change in school timing', 1, '2019-01-21 13:11:57'),
(1689, 21, 64, 'student', 'School Timing', 'There is a change in school timing', 1, '2019-01-21 13:11:57'),
(1690, 21, 65, 'student', 'School Timing', 'There is a change in school timing', 1, '2019-01-21 13:11:57'),
(1691, 21, 66, 'student', 'School Timing', 'There is a change in school timing', 1, '2019-01-21 13:11:57'),
(1692, 21, 67, 'student', 'School Timing', 'There is a change in school timing', 1, '2019-01-21 13:11:57'),
(1693, 21, 68, 'student', 'School Timing', 'There is a change in school timing', 1, '2019-01-21 13:11:57'),
(1694, 21, 69, 'student', 'School Timing', 'There is a change in school timing', 1, '2019-01-21 13:11:57'),
(1695, 21, 70, 'student', 'School Timing', 'There is a change in school timing', 1, '2019-01-21 13:11:57'),
(1696, 21, 71, 'student', 'School Timing', 'There is a change in school timing', 1, '2019-01-21 13:11:57'),
(1697, 21, 72, 'student', 'School Timing', 'There is a change in school timing', 1, '2019-01-21 13:11:57'),
(1698, 21, 73, 'student', 'School Timing', 'There is a change in school timing', 1, '2019-01-21 13:11:57'),
(1699, 21, 74, 'student', 'School Timing', 'There is a change in school timing', 1, '2019-01-21 13:11:57'),
(1700, 21, 75, 'student', 'School Timing', 'There is a change in school timing', 1, '2019-01-21 13:11:57'),
(1701, 21, 76, 'student', 'School Timing', 'There is a change in school timing', 1, '2019-01-21 13:11:57'),
(1702, 21, 77, 'student', 'School Timing', 'There is a change in school timing', 1, '2019-01-21 13:11:57'),
(1703, 21, 78, 'student', 'School Timing', 'There is a change in school timing', 1, '2019-01-21 13:11:57'),
(1704, 21, 79, 'student', 'School Timing', 'There is a change in school timing', 1, '2019-01-21 13:11:57'),
(1705, 21, 80, 'student', 'School Timing', 'There is a change in school timing', 1, '2019-01-21 13:11:57'),
(1706, 21, 81, 'student', 'School Timing', 'There is a change in school timing', 1, '2019-01-21 13:11:57'),
(1707, 21, 82, 'student', 'School Timing', 'There is a change in school timing', 1, '2019-01-21 13:11:57'),
(1708, 21, 83, 'student', 'School Timing', 'There is a change in school timing', 1, '2019-01-21 13:11:57'),
(1709, 21, 84, 'student', 'School Timing', 'There is a change in school timing', 1, '2019-01-21 13:11:57'),
(1710, 21, 85, 'student', 'School Timing', 'There is a change in school timing', 1, '2019-01-21 13:11:57'),
(1711, 21, 86, 'student', 'School Timing', 'There is a change in school timing', 1, '2019-01-21 13:11:57'),
(1712, 21, 87, 'student', 'School Timing', 'There is a change in school timing', 1, '2019-01-21 13:11:57'),
(1713, 21, 88, 'student', 'School Timing', 'There is a change in school timing', 1, '2019-01-21 13:11:57'),
(1714, 21, 89, 'student', 'School Timing', 'There is a change in school timing', 1, '2019-01-21 13:11:57'),
(1715, 21, 90, 'student', 'School Timing', 'There is a change in school timing', 1, '2019-01-21 13:11:57'),
(1716, 21, 91, 'student', 'School Timing', 'There is a change in school timing', 1, '2019-01-21 13:11:57'),
(1717, 21, 92, 'student', 'School Timing', 'There is a change in school timing', 1, '2019-01-21 13:11:57'),
(1718, 21, 93, 'student', 'School Timing', 'There is a change in school timing', 1, '2019-01-21 13:11:57'),
(1719, 21, 94, 'student', 'School Timing', 'There is a change in school timing', 1, '2019-01-21 13:11:57'),
(1720, 21, 95, 'student', 'School Timing', 'There is a change in school timing', 1, '2019-01-21 13:11:57'),
(1721, 21, 96, 'student', 'School Timing', 'There is a change in school timing', 1, '2019-01-21 13:11:57'),
(1722, 21, 97, 'student', 'School Timing', 'There is a change in school timing', 1, '2019-01-21 13:11:57'),
(1723, 21, 98, 'student', 'School Timing', 'There is a change in school timing', 1, '2019-01-21 13:11:57'),
(1724, 21, 99, 'student', 'School Timing', 'There is a change in school timing', 1, '2019-01-21 13:11:57'),
(1725, 21, 100, 'student', 'School Timing', 'There is a change in school timing', 1, '2019-01-21 13:11:57'),
(1726, 21, 101, 'student', 'School Timing', 'There is a change in school timing', 1, '2019-01-21 13:11:57'),
(1727, 21, 102, 'student', 'School Timing', 'There is a change in school timing', 1, '2019-01-21 13:11:57'),
(1728, 21, 103, 'student', 'School Timing', 'There is a change in school timing', 1, '2019-01-21 13:11:57'),
(1729, 21, 104, 'student', 'School Timing', 'There is a change in school timing', 1, '2019-01-21 13:11:57'),
(1730, 21, 105, 'student', 'School Timing', 'There is a change in school timing', 1, '2019-01-21 13:11:57'),
(1731, 21, 106, 'student', 'School Timing', 'There is a change in school timing', 1, '2019-01-21 13:11:57'),
(1732, 21, 107, 'student', 'School Timing', 'There is a change in school timing', 1, '2019-01-21 13:11:57'),
(1733, 21, 108, 'student', 'School Timing', 'There is a change in school timing', 1, '2019-01-21 13:11:57'),
(1734, 21, 109, 'student', 'School Timing', 'There is a change in school timing', 1, '2019-01-21 13:11:57'),
(1735, 21, 110, 'student', 'School Timing', 'There is a change in school timing', 1, '2019-01-21 13:11:57'),
(1736, 21, 111, 'student', 'School Timing', 'There is a change in school timing', 1, '2019-01-21 13:11:57'),
(1737, 21, 112, 'student', 'School Timing', 'There is a change in school timing', 1, '2019-01-21 13:11:57'),
(1738, 21, 113, 'student', 'School Timing', 'There is a change in school timing', 1, '2019-01-21 13:11:57'),
(1739, 21, 114, 'student', 'School Timing', 'There is a change in school timing', 1, '2019-01-21 13:11:57'),
(1740, 21, 115, 'student', 'School Timing', 'There is a change in school timing', 1, '2019-01-21 13:11:57'),
(1741, 21, 116, 'student', 'School Timing', 'There is a change in school timing', 1, '2019-01-21 13:11:57'),
(1742, 21, 117, 'student', 'School Timing', 'There is a change in school timing', 1, '2019-01-21 13:11:57'),
(1743, 21, 118, 'student', 'School Timing', 'There is a change in school timing', 1, '2019-01-21 13:11:57'),
(1744, 21, 119, 'student', 'School Timing', 'There is a change in school timing', 1, '2019-01-21 13:11:57'),
(1745, 21, 120, 'student', 'School Timing', 'There is a change in school timing', 1, '2019-01-21 13:11:57'),
(1746, 21, 121, 'student', 'School Timing', 'There is a change in school timing', 1, '2019-01-21 13:11:57'),
(1747, 21, 122, 'student', 'School Timing', 'There is a change in school timing', 1, '2019-01-21 13:11:57'),
(1748, 21, 123, 'student', 'School Timing', 'There is a change in school timing', 1, '2019-01-21 13:11:57'),
(1749, 21, 124, 'student', 'School Timing', 'There is a change in school timing', 1, '2019-01-21 13:11:57'),
(1750, 21, 125, 'student', 'School Timing', 'There is a change in school timing', 1, '2019-01-21 13:11:57'),
(1751, 21, 126, 'student', 'School Timing', 'There is a change in school timing', 1, '2019-01-21 13:11:57'),
(1752, 21, 127, 'student', 'School Timing', 'There is a change in school timing', 1, '2019-01-21 13:11:57'),
(1753, 21, 128, 'student', 'School Timing', 'There is a change in school timing', 1, '2019-01-21 13:11:57'),
(1754, 21, 129, 'student', 'School Timing', 'There is a change in school timing', 1, '2019-01-21 13:11:57'),
(1755, 21, 130, 'student', 'School Timing', 'There is a change in school timing', 1, '2019-01-21 13:11:57'),
(1756, 21, 131, 'student', 'School Timing', 'There is a change in school timing', 1, '2019-01-21 13:11:57'),
(1757, 21, 132, 'student', 'School Timing', 'There is a change in school timing', 1, '2019-01-21 13:11:57'),
(1758, 21, 133, 'student', 'School Timing', 'There is a change in school timing', 1, '2019-01-21 13:11:57'),
(1759, 21, 134, 'student', 'School Timing', 'There is a change in school timing', 1, '2019-01-21 13:11:57'),
(1760, 21, 135, 'student', 'School Timing', 'There is a change in school timing', 1, '2019-01-21 13:11:57'),
(1761, 21, 136, 'student', 'School Timing', 'There is a change in school timing', 1, '2019-01-21 13:11:57'),
(1762, 21, 137, 'student', 'School Timing', 'There is a change in school timing', 1, '2019-01-21 13:11:57'),
(1763, 21, 138, 'student', 'School Timing', 'There is a change in school timing', 1, '2019-01-21 13:11:57'),
(1764, 21, 139, 'student', 'School Timing', 'There is a change in school timing', 1, '2019-01-21 13:11:57'),
(1765, 21, 140, 'student', 'School Timing', 'There is a change in school timing', 1, '2019-01-21 13:11:57'),
(1766, 21, 141, 'student', 'School Timing', 'There is a change in school timing', 1, '2019-01-21 13:11:57'),
(1767, 21, 142, 'student', 'School Timing', 'There is a change in school timing', 1, '2019-01-21 13:11:57'),
(1768, 21, 143, 'student', 'School Timing', 'There is a change in school timing', 1, '2019-01-21 13:11:57'),
(1769, 21, 144, 'student', 'School Timing', 'There is a change in school timing', 1, '2019-01-21 13:11:57'),
(1770, 21, 145, 'student', 'School Timing', 'There is a change in school timing', 1, '2019-01-21 13:11:57'),
(1771, 21, 146, 'student', 'School Timing', 'There is a change in school timing', 1, '2019-01-21 13:11:57'),
(1772, 21, 147, 'student', 'School Timing', 'There is a change in school timing', 1, '2019-01-21 13:11:57'),
(1773, 21, 148, 'student', 'School Timing', 'There is a change in school timing', 1, '2019-01-21 13:11:57'),
(1774, 21, 149, 'student', 'School Timing', 'There is a change in school timing', 1, '2019-01-21 13:11:57'),
(1775, 21, 150, 'student', 'School Timing', 'There is a change in school timing', 1, '2019-01-21 13:11:57'),
(1776, 21, 151, 'student', 'School Timing', 'There is a change in school timing', 1, '2019-01-21 13:11:57'),
(1777, 21, 152, 'student', 'School Timing', 'There is a change in school timing', 1, '2019-01-21 13:11:57'),
(1778, 21, 153, 'student', 'School Timing', 'There is a change in school timing', 1, '2019-01-21 13:11:57'),
(1779, 21, 154, 'student', 'School Timing', 'There is a change in school timing', 1, '2019-01-21 13:11:57'),
(1780, 21, 155, 'student', 'School Timing', 'There is a change in school timing', 1, '2019-01-21 13:11:57'),
(1781, 21, 156, 'student', 'School Timing', 'There is a change in school timing', 1, '2019-01-21 13:11:57'),
(1782, 21, 157, 'student', 'School Timing', 'There is a change in school timing', 1, '2019-01-21 13:11:57'),
(1783, 21, 158, 'student', 'School Timing', 'There is a change in school timing', 1, '2019-01-21 13:11:57'),
(1784, 21, 159, 'student', 'School Timing', 'There is a change in school timing', 1, '2019-01-21 13:11:57'),
(1785, 21, 160, 'student', 'School Timing', 'There is a change in school timing', 1, '2019-01-21 13:11:57'),
(1786, 21, 161, 'student', 'School Timing', 'There is a change in school timing', 1, '2019-01-21 13:11:57'),
(1787, 21, 162, 'student', 'School Timing', 'There is a change in school timing', 1, '2019-01-21 13:11:57'),
(1788, 21, 163, 'student', 'School Timing', 'There is a change in school timing', 1, '2019-01-21 13:11:57'),
(1789, 21, 164, 'student', 'School Timing', 'There is a change in school timing', 1, '2019-01-21 13:11:57'),
(1790, 21, 165, 'student', 'School Timing', 'There is a change in school timing', 1, '2019-01-21 13:11:57'),
(1791, 21, 166, 'student', 'School Timing', 'There is a change in school timing', 1, '2019-01-21 13:11:57'),
(1792, 21, 167, 'student', 'School Timing', 'There is a change in school timing', 1, '2019-01-21 13:11:57'),
(1793, 21, 168, 'student', 'School Timing', 'There is a change in school timing', 1, '2019-01-21 13:11:57'),
(1794, 21, 169, 'student', 'School Timing', 'There is a change in school timing', 1, '2019-01-21 13:11:57'),
(1795, 21, 170, 'student', 'School Timing', 'There is a change in school timing', 1, '2019-01-21 13:11:57'),
(1796, 21, 171, 'student', 'School Timing', 'There is a change in school timing', 1, '2019-01-21 13:11:57'),
(1797, 21, 172, 'student', 'School Timing', 'There is a change in school timing', 1, '2019-01-21 13:11:57'),
(1798, 21, 173, 'student', 'School Timing', 'There is a change in school timing', 1, '2019-01-21 13:11:57'),
(1799, 21, 174, 'student', 'School Timing', 'There is a change in school timing', 1, '2019-01-21 13:11:57'),
(1800, 21, 175, 'student', 'School Timing', 'There is a change in school timing', 1, '2019-01-21 13:11:57'),
(1801, 21, 176, 'student', 'School Timing', 'There is a change in school timing', 1, '2019-01-21 13:11:57'),
(1802, 21, 177, 'student', 'School Timing', 'There is a change in school timing', 1, '2019-01-21 13:11:57'),
(1803, 21, 178, 'student', 'School Timing', 'There is a change in school timing', 1, '2019-01-21 13:11:57'),
(1804, 21, 179, 'student', 'School Timing', 'There is a change in school timing', 1, '2019-01-21 13:11:57'),
(1805, 21, 180, 'student', 'School Timing', 'There is a change in school timing', 1, '2019-01-21 13:11:57'),
(1806, 21, 181, 'student', 'School Timing', 'There is a change in school timing', 1, '2019-01-21 13:11:57'),
(1807, 21, 182, 'student', 'School Timing', 'There is a change in school timing', 1, '2019-01-21 13:11:57'),
(1808, 21, 183, 'student', 'School Timing', 'There is a change in school timing', 1, '2019-01-21 13:11:57'),
(1809, 21, 184, 'student', 'School Timing', 'There is a change in school timing', 1, '2019-01-21 13:11:57'),
(1810, 21, 185, 'student', 'School Timing', 'There is a change in school timing', 1, '2019-01-21 13:11:57'),
(1811, 21, 186, 'student', 'School Timing', 'There is a change in school timing', 1, '2019-01-21 13:11:57'),
(1812, 21, 187, 'student', 'School Timing', 'There is a change in school timing', 1, '2019-01-21 13:11:57'),
(1813, 21, 188, 'student', 'School Timing', 'There is a change in school timing', 1, '2019-01-21 13:11:57'),
(1814, 21, 189, 'student', 'School Timing', 'There is a change in school timing', 1, '2019-01-21 13:11:57'),
(1815, 21, 190, 'student', 'School Timing', 'There is a change in school timing', 1, '2019-01-21 13:11:57');
INSERT INTO `notification` (`notificationID`, `schoolID`, `userID`, `role`, `title`, `notification`, `status`, `added_on`) VALUES
(1816, 21, 191, 'student', 'School Timing', 'There is a change in school timing', 1, '2019-01-21 13:11:57'),
(1817, 21, 192, 'student', 'School Timing', 'There is a change in school timing', 1, '2019-01-21 13:11:57'),
(1818, 21, 193, 'student', 'School Timing', 'There is a change in school timing', 1, '2019-01-21 13:11:57'),
(1819, 21, 194, 'student', 'School Timing', 'There is a change in school timing', 1, '2019-01-21 13:11:57'),
(1820, 21, 195, 'student', 'School Timing', 'There is a change in school timing', 1, '2019-01-21 13:11:57'),
(1821, 21, 196, 'student', 'School Timing', 'There is a change in school timing', 1, '2019-01-21 13:11:57'),
(1822, 21, 197, 'student', 'School Timing', 'There is a change in school timing', 1, '2019-01-21 13:11:57'),
(1823, 21, 198, 'student', 'School Timing', 'There is a change in school timing', 1, '2019-01-21 13:11:57'),
(1824, 21, 199, 'student', 'School Timing', 'There is a change in school timing', 1, '2019-01-21 13:11:57'),
(1825, 21, 200, 'student', 'School Timing', 'There is a change in school timing', 1, '2019-01-21 13:11:57'),
(1826, 21, 201, 'student', 'School Timing', 'There is a change in school timing', 1, '2019-01-21 13:11:57'),
(1827, 21, 202, 'student', 'School Timing', 'There is a change in school timing', 1, '2019-01-21 13:11:57'),
(1828, 21, 203, 'student', 'School Timing', 'There is a change in school timing', 1, '2019-01-21 13:11:57'),
(1829, 21, 204, 'student', 'School Timing', 'There is a change in school timing', 1, '2019-01-21 13:11:57'),
(1830, 21, 205, 'student', 'School Timing', 'There is a change in school timing', 1, '2019-01-21 13:11:57'),
(1831, 21, 206, 'student', 'School Timing', 'There is a change in school timing', 1, '2019-01-21 13:11:57'),
(1832, 21, 207, 'student', 'School Timing', 'There is a change in school timing', 1, '2019-01-21 13:11:57'),
(1833, 21, 208, 'student', 'School Timing', 'There is a change in school timing', 1, '2019-01-21 13:11:57'),
(1834, 21, 209, 'student', 'School Timing', 'There is a change in school timing', 1, '2019-01-21 13:11:57'),
(1835, 21, 210, 'student', 'School Timing', 'There is a change in school timing', 1, '2019-01-21 13:11:57'),
(1836, 21, 211, 'student', 'School Timing', 'There is a change in school timing', 1, '2019-01-21 13:11:57'),
(1837, 21, 212, 'student', 'School Timing', 'There is a change in school timing', 1, '2019-01-21 13:11:57'),
(1838, 21, 213, 'student', 'School Timing', 'There is a change in school timing', 1, '2019-01-21 13:11:57'),
(1839, 21, 214, 'student', 'School Timing', 'There is a change in school timing', 1, '2019-01-21 13:11:57'),
(1840, 21, 215, 'student', 'School Timing', 'There is a change in school timing', 1, '2019-01-21 13:11:57'),
(1844, 21, 18, 'student', 'Event Added', 'An Event has been created in your school.', 1, '2019-01-21 13:32:11'),
(1845, 21, 19, 'student', 'Event Added', 'An Event has been created in your school.', 1, '2019-01-21 13:32:11'),
(1846, 21, 20, 'student', 'Event Added', 'An Event has been created in your school.', 1, '2019-01-21 13:32:11'),
(1847, 21, 21, 'student', 'Event Added', 'An Event has been created in your school.', 1, '2019-01-21 13:32:11'),
(1848, 21, 22, 'student', 'Event Added', 'An Event has been created in your school.', 1, '2019-01-21 13:32:11'),
(1849, 21, 23, 'student', 'Event Added', 'An Event has been created in your school.', 1, '2019-01-21 13:32:11'),
(1850, 21, 24, 'student', 'Event Added', 'An Event has been created in your school.', 1, '2019-01-21 13:32:11'),
(1851, 21, 25, 'student', 'Event Added', 'An Event has been created in your school.', 1, '2019-01-21 13:32:11'),
(1852, 21, 26, 'student', 'Event Added', 'An Event has been created in your school.', 1, '2019-01-21 13:32:11'),
(1853, 21, 27, 'student', 'Event Added', 'An Event has been created in your school.', 1, '2019-01-21 13:32:11'),
(1854, 21, 28, 'student', 'Event Added', 'An Event has been created in your school.', 1, '2019-01-21 13:32:11'),
(1855, 21, 29, 'student', 'Event Added', 'An Event has been created in your school.', 1, '2019-01-21 13:32:11'),
(1856, 21, 30, 'student', 'Event Added', 'An Event has been created in your school.', 1, '2019-01-21 13:32:11'),
(1857, 21, 31, 'student', 'Event Added', 'An Event has been created in your school.', 1, '2019-01-21 13:32:11'),
(1858, 21, 32, 'student', 'Event Added', 'An Event has been created in your school.', 1, '2019-01-21 13:32:11'),
(1859, 21, 33, 'student', 'Event Added', 'An Event has been created in your school.', 1, '2019-01-21 13:32:11'),
(1860, 21, 34, 'student', 'Event Added', 'An Event has been created in your school.', 1, '2019-01-21 13:32:11'),
(1861, 21, 35, 'student', 'Event Added', 'An Event has been created in your school.', 1, '2019-01-21 13:32:11'),
(1862, 21, 36, 'student', 'Event Added', 'An Event has been created in your school.', 1, '2019-01-21 13:32:11'),
(1863, 21, 37, 'student', 'Event Added', 'An Event has been created in your school.', 1, '2019-01-21 13:32:11'),
(1864, 21, 38, 'student', 'Event Added', 'An Event has been created in your school.', 1, '2019-01-21 13:32:11'),
(1865, 21, 39, 'student', 'Event Added', 'An Event has been created in your school.', 1, '2019-01-21 13:32:11'),
(1866, 21, 40, 'student', 'Event Added', 'An Event has been created in your school.', 1, '2019-01-21 13:32:11'),
(1867, 21, 41, 'student', 'Event Added', 'An Event has been created in your school.', 1, '2019-01-21 13:32:11'),
(1868, 21, 42, 'student', 'Event Added', 'An Event has been created in your school.', 1, '2019-01-21 13:32:11'),
(1869, 21, 43, 'student', 'Event Added', 'An Event has been created in your school.', 1, '2019-01-21 13:32:11'),
(1870, 21, 44, 'student', 'Event Added', 'An Event has been created in your school.', 1, '2019-01-21 13:32:11'),
(1871, 21, 45, 'student', 'Event Added', 'An Event has been created in your school.', 1, '2019-01-21 13:32:11'),
(1872, 21, 46, 'student', 'Event Added', 'An Event has been created in your school.', 1, '2019-01-21 13:32:11'),
(1873, 21, 47, 'student', 'Event Added', 'An Event has been created in your school.', 1, '2019-01-21 13:32:11'),
(1874, 21, 48, 'student', 'Event Added', 'An Event has been created in your school.', 1, '2019-01-21 13:32:11'),
(1875, 21, 49, 'student', 'Event Added', 'An Event has been created in your school.', 1, '2019-01-21 13:32:11'),
(1876, 21, 50, 'student', 'Event Added', 'An Event has been created in your school.', 1, '2019-01-21 13:32:11'),
(1877, 21, 51, 'student', 'Event Added', 'An Event has been created in your school.', 1, '2019-01-21 13:32:11'),
(1878, 21, 52, 'student', 'Event Added', 'An Event has been created in your school.', 1, '2019-01-21 13:32:11'),
(1879, 21, 53, 'student', 'Event Added', 'An Event has been created in your school.', 1, '2019-01-21 13:32:11'),
(1880, 21, 54, 'student', 'Event Added', 'An Event has been created in your school.', 1, '2019-01-21 13:32:11'),
(1881, 21, 55, 'student', 'Event Added', 'An Event has been created in your school.', 1, '2019-01-21 13:32:11'),
(1882, 21, 56, 'student', 'Event Added', 'An Event has been created in your school.', 1, '2019-01-21 13:32:11'),
(1883, 21, 57, 'student', 'Event Added', 'An Event has been created in your school.', 1, '2019-01-21 13:32:11'),
(1884, 21, 58, 'student', 'Event Added', 'An Event has been created in your school.', 1, '2019-01-21 13:32:11'),
(1885, 21, 59, 'student', 'Event Added', 'An Event has been created in your school.', 1, '2019-01-21 13:32:11'),
(1886, 21, 60, 'student', 'Event Added', 'An Event has been created in your school.', 1, '2019-01-21 13:32:11'),
(1887, 21, 61, 'student', 'Event Added', 'An Event has been created in your school.', 1, '2019-01-21 13:32:11'),
(1888, 21, 62, 'student', 'Event Added', 'An Event has been created in your school.', 1, '2019-01-21 13:32:11'),
(1889, 21, 63, 'student', 'Event Added', 'An Event has been created in your school.', 1, '2019-01-21 13:32:11'),
(1890, 21, 64, 'student', 'Event Added', 'An Event has been created in your school.', 1, '2019-01-21 13:32:11'),
(1891, 21, 65, 'student', 'Event Added', 'An Event has been created in your school.', 1, '2019-01-21 13:32:11'),
(1892, 21, 66, 'student', 'Event Added', 'An Event has been created in your school.', 1, '2019-01-21 13:32:11'),
(1893, 21, 67, 'student', 'Event Added', 'An Event has been created in your school.', 1, '2019-01-21 13:32:11'),
(1894, 21, 68, 'student', 'Event Added', 'An Event has been created in your school.', 1, '2019-01-21 13:32:11'),
(1895, 21, 69, 'student', 'Event Added', 'An Event has been created in your school.', 1, '2019-01-21 13:32:11'),
(1896, 21, 70, 'student', 'Event Added', 'An Event has been created in your school.', 1, '2019-01-21 13:32:11'),
(1897, 21, 71, 'student', 'Event Added', 'An Event has been created in your school.', 1, '2019-01-21 13:32:11'),
(1898, 21, 72, 'student', 'Event Added', 'An Event has been created in your school.', 1, '2019-01-21 13:32:11'),
(1899, 21, 73, 'student', 'Event Added', 'An Event has been created in your school.', 1, '2019-01-21 13:32:11'),
(1900, 21, 74, 'student', 'Event Added', 'An Event has been created in your school.', 1, '2019-01-21 13:32:11'),
(1901, 21, 75, 'student', 'Event Added', 'An Event has been created in your school.', 1, '2019-01-21 13:32:11'),
(1902, 21, 76, 'student', 'Event Added', 'An Event has been created in your school.', 1, '2019-01-21 13:32:11'),
(1903, 21, 77, 'student', 'Event Added', 'An Event has been created in your school.', 1, '2019-01-21 13:32:11'),
(1904, 21, 78, 'student', 'Event Added', 'An Event has been created in your school.', 1, '2019-01-21 13:32:11'),
(1905, 21, 79, 'student', 'Event Added', 'An Event has been created in your school.', 1, '2019-01-21 13:32:11'),
(1906, 21, 80, 'student', 'Event Added', 'An Event has been created in your school.', 1, '2019-01-21 13:32:11'),
(1907, 21, 81, 'student', 'Event Added', 'An Event has been created in your school.', 1, '2019-01-21 13:32:11'),
(1908, 21, 82, 'student', 'Event Added', 'An Event has been created in your school.', 1, '2019-01-21 13:32:11'),
(1909, 21, 83, 'student', 'Event Added', 'An Event has been created in your school.', 1, '2019-01-21 13:32:11'),
(1910, 21, 84, 'student', 'Event Added', 'An Event has been created in your school.', 1, '2019-01-21 13:32:11'),
(1911, 21, 85, 'student', 'Event Added', 'An Event has been created in your school.', 1, '2019-01-21 13:32:11'),
(1912, 21, 86, 'student', 'Event Added', 'An Event has been created in your school.', 1, '2019-01-21 13:32:11'),
(1913, 21, 87, 'student', 'Event Added', 'An Event has been created in your school.', 1, '2019-01-21 13:32:11'),
(1914, 21, 88, 'student', 'Event Added', 'An Event has been created in your school.', 1, '2019-01-21 13:32:11'),
(1915, 21, 89, 'student', 'Event Added', 'An Event has been created in your school.', 1, '2019-01-21 13:32:11'),
(1916, 21, 90, 'student', 'Event Added', 'An Event has been created in your school.', 1, '2019-01-21 13:32:11'),
(1917, 21, 91, 'student', 'Event Added', 'An Event has been created in your school.', 1, '2019-01-21 13:32:11'),
(1918, 21, 92, 'student', 'Event Added', 'An Event has been created in your school.', 1, '2019-01-21 13:32:11'),
(1919, 21, 93, 'student', 'Event Added', 'An Event has been created in your school.', 1, '2019-01-21 13:32:11'),
(1920, 21, 94, 'student', 'Event Added', 'An Event has been created in your school.', 1, '2019-01-21 13:32:11'),
(1921, 21, 95, 'student', 'Event Added', 'An Event has been created in your school.', 1, '2019-01-21 13:32:11'),
(1922, 21, 96, 'student', 'Event Added', 'An Event has been created in your school.', 1, '2019-01-21 13:32:11'),
(1923, 21, 97, 'student', 'Event Added', 'An Event has been created in your school.', 1, '2019-01-21 13:32:11'),
(1924, 21, 98, 'student', 'Event Added', 'An Event has been created in your school.', 1, '2019-01-21 13:32:11'),
(1925, 21, 99, 'student', 'Event Added', 'An Event has been created in your school.', 1, '2019-01-21 13:32:11'),
(1926, 21, 100, 'student', 'Event Added', 'An Event has been created in your school.', 1, '2019-01-21 13:32:11'),
(1927, 21, 101, 'student', 'Event Added', 'An Event has been created in your school.', 1, '2019-01-21 13:32:11'),
(1928, 21, 102, 'student', 'Event Added', 'An Event has been created in your school.', 1, '2019-01-21 13:32:11'),
(1929, 21, 103, 'student', 'Event Added', 'An Event has been created in your school.', 1, '2019-01-21 13:32:11'),
(1930, 21, 104, 'student', 'Event Added', 'An Event has been created in your school.', 1, '2019-01-21 13:32:11'),
(1931, 21, 105, 'student', 'Event Added', 'An Event has been created in your school.', 1, '2019-01-21 13:32:11'),
(1932, 21, 106, 'student', 'Event Added', 'An Event has been created in your school.', 1, '2019-01-21 13:32:11'),
(1933, 21, 107, 'student', 'Event Added', 'An Event has been created in your school.', 1, '2019-01-21 13:32:11'),
(1934, 21, 108, 'student', 'Event Added', 'An Event has been created in your school.', 1, '2019-01-21 13:32:11'),
(1935, 21, 109, 'student', 'Event Added', 'An Event has been created in your school.', 1, '2019-01-21 13:32:11'),
(1936, 21, 110, 'student', 'Event Added', 'An Event has been created in your school.', 1, '2019-01-21 13:32:11'),
(1937, 21, 111, 'student', 'Event Added', 'An Event has been created in your school.', 1, '2019-01-21 13:32:11'),
(1938, 21, 112, 'student', 'Event Added', 'An Event has been created in your school.', 1, '2019-01-21 13:32:11'),
(1939, 21, 113, 'student', 'Event Added', 'An Event has been created in your school.', 1, '2019-01-21 13:32:11'),
(1940, 21, 114, 'student', 'Event Added', 'An Event has been created in your school.', 1, '2019-01-21 13:32:11'),
(1941, 21, 115, 'student', 'Event Added', 'An Event has been created in your school.', 1, '2019-01-21 13:32:11'),
(1942, 21, 116, 'student', 'Event Added', 'An Event has been created in your school.', 1, '2019-01-21 13:32:11'),
(1943, 21, 117, 'student', 'Event Added', 'An Event has been created in your school.', 1, '2019-01-21 13:32:11'),
(1944, 21, 118, 'student', 'Event Added', 'An Event has been created in your school.', 1, '2019-01-21 13:32:11'),
(1945, 21, 119, 'student', 'Event Added', 'An Event has been created in your school.', 1, '2019-01-21 13:32:11'),
(1946, 21, 120, 'student', 'Event Added', 'An Event has been created in your school.', 1, '2019-01-21 13:32:11'),
(1947, 21, 121, 'student', 'Event Added', 'An Event has been created in your school.', 1, '2019-01-21 13:32:11'),
(1948, 21, 122, 'student', 'Event Added', 'An Event has been created in your school.', 1, '2019-01-21 13:32:11'),
(1949, 21, 123, 'student', 'Event Added', 'An Event has been created in your school.', 1, '2019-01-21 13:32:11'),
(1950, 21, 124, 'student', 'Event Added', 'An Event has been created in your school.', 1, '2019-01-21 13:32:11'),
(1951, 21, 125, 'student', 'Event Added', 'An Event has been created in your school.', 1, '2019-01-21 13:32:11'),
(1952, 21, 126, 'student', 'Event Added', 'An Event has been created in your school.', 1, '2019-01-21 13:32:11'),
(1953, 21, 127, 'student', 'Event Added', 'An Event has been created in your school.', 1, '2019-01-21 13:32:11'),
(1954, 21, 128, 'student', 'Event Added', 'An Event has been created in your school.', 1, '2019-01-21 13:32:11'),
(1955, 21, 129, 'student', 'Event Added', 'An Event has been created in your school.', 1, '2019-01-21 13:32:11'),
(1956, 21, 130, 'student', 'Event Added', 'An Event has been created in your school.', 1, '2019-01-21 13:32:11'),
(1957, 21, 131, 'student', 'Event Added', 'An Event has been created in your school.', 1, '2019-01-21 13:32:11'),
(1958, 21, 132, 'student', 'Event Added', 'An Event has been created in your school.', 1, '2019-01-21 13:32:11'),
(1959, 21, 133, 'student', 'Event Added', 'An Event has been created in your school.', 1, '2019-01-21 13:32:11'),
(1960, 21, 134, 'student', 'Event Added', 'An Event has been created in your school.', 1, '2019-01-21 13:32:11'),
(1961, 21, 135, 'student', 'Event Added', 'An Event has been created in your school.', 1, '2019-01-21 13:32:11'),
(1962, 21, 136, 'student', 'Event Added', 'An Event has been created in your school.', 1, '2019-01-21 13:32:11'),
(1963, 21, 137, 'student', 'Event Added', 'An Event has been created in your school.', 1, '2019-01-21 13:32:11'),
(1964, 21, 138, 'student', 'Event Added', 'An Event has been created in your school.', 1, '2019-01-21 13:32:11'),
(1965, 21, 139, 'student', 'Event Added', 'An Event has been created in your school.', 1, '2019-01-21 13:32:11'),
(1966, 21, 140, 'student', 'Event Added', 'An Event has been created in your school.', 1, '2019-01-21 13:32:11'),
(1967, 21, 141, 'student', 'Event Added', 'An Event has been created in your school.', 1, '2019-01-21 13:32:11'),
(1968, 21, 142, 'student', 'Event Added', 'An Event has been created in your school.', 1, '2019-01-21 13:32:11'),
(1969, 21, 143, 'student', 'Event Added', 'An Event has been created in your school.', 1, '2019-01-21 13:32:11'),
(1970, 21, 144, 'student', 'Event Added', 'An Event has been created in your school.', 1, '2019-01-21 13:32:11'),
(1971, 21, 145, 'student', 'Event Added', 'An Event has been created in your school.', 1, '2019-01-21 13:32:11'),
(1972, 21, 146, 'student', 'Event Added', 'An Event has been created in your school.', 1, '2019-01-21 13:32:11'),
(1973, 21, 147, 'student', 'Event Added', 'An Event has been created in your school.', 1, '2019-01-21 13:32:11'),
(1974, 21, 148, 'student', 'Event Added', 'An Event has been created in your school.', 1, '2019-01-21 13:32:11'),
(1975, 21, 149, 'student', 'Event Added', 'An Event has been created in your school.', 1, '2019-01-21 13:32:11'),
(1976, 21, 150, 'student', 'Event Added', 'An Event has been created in your school.', 1, '2019-01-21 13:32:11'),
(1977, 21, 151, 'student', 'Event Added', 'An Event has been created in your school.', 1, '2019-01-21 13:32:11'),
(1978, 21, 152, 'student', 'Event Added', 'An Event has been created in your school.', 1, '2019-01-21 13:32:11'),
(1979, 21, 153, 'student', 'Event Added', 'An Event has been created in your school.', 1, '2019-01-21 13:32:11'),
(1980, 21, 154, 'student', 'Event Added', 'An Event has been created in your school.', 1, '2019-01-21 13:32:11'),
(1981, 21, 155, 'student', 'Event Added', 'An Event has been created in your school.', 1, '2019-01-21 13:32:11'),
(1982, 21, 156, 'student', 'Event Added', 'An Event has been created in your school.', 1, '2019-01-21 13:32:11'),
(1983, 21, 157, 'student', 'Event Added', 'An Event has been created in your school.', 1, '2019-01-21 13:32:11'),
(1984, 21, 158, 'student', 'Event Added', 'An Event has been created in your school.', 1, '2019-01-21 13:32:11'),
(1985, 21, 159, 'student', 'Event Added', 'An Event has been created in your school.', 1, '2019-01-21 13:32:11'),
(1986, 21, 160, 'student', 'Event Added', 'An Event has been created in your school.', 1, '2019-01-21 13:32:11'),
(1987, 21, 161, 'student', 'Event Added', 'An Event has been created in your school.', 1, '2019-01-21 13:32:11'),
(1988, 21, 162, 'student', 'Event Added', 'An Event has been created in your school.', 1, '2019-01-21 13:32:11'),
(1989, 21, 163, 'student', 'Event Added', 'An Event has been created in your school.', 1, '2019-01-21 13:32:11'),
(1990, 21, 164, 'student', 'Event Added', 'An Event has been created in your school.', 1, '2019-01-21 13:32:11'),
(1991, 21, 165, 'student', 'Event Added', 'An Event has been created in your school.', 1, '2019-01-21 13:32:11'),
(1992, 21, 166, 'student', 'Event Added', 'An Event has been created in your school.', 1, '2019-01-21 13:32:11'),
(1993, 21, 167, 'student', 'Event Added', 'An Event has been created in your school.', 1, '2019-01-21 13:32:11'),
(1994, 21, 168, 'student', 'Event Added', 'An Event has been created in your school.', 1, '2019-01-21 13:32:11'),
(1995, 21, 169, 'student', 'Event Added', 'An Event has been created in your school.', 1, '2019-01-21 13:32:11'),
(1996, 21, 170, 'student', 'Event Added', 'An Event has been created in your school.', 1, '2019-01-21 13:32:11'),
(1997, 21, 171, 'student', 'Event Added', 'An Event has been created in your school.', 1, '2019-01-21 13:32:11'),
(1998, 21, 172, 'student', 'Event Added', 'An Event has been created in your school.', 1, '2019-01-21 13:32:11'),
(1999, 21, 173, 'student', 'Event Added', 'An Event has been created in your school.', 1, '2019-01-21 13:32:11'),
(2000, 21, 174, 'student', 'Event Added', 'An Event has been created in your school.', 1, '2019-01-21 13:32:11'),
(2001, 21, 175, 'student', 'Event Added', 'An Event has been created in your school.', 1, '2019-01-21 13:32:11'),
(2002, 21, 176, 'student', 'Event Added', 'An Event has been created in your school.', 1, '2019-01-21 13:32:11'),
(2003, 21, 177, 'student', 'Event Added', 'An Event has been created in your school.', 1, '2019-01-21 13:32:11'),
(2004, 21, 178, 'student', 'Event Added', 'An Event has been created in your school.', 1, '2019-01-21 13:32:11'),
(2005, 21, 179, 'student', 'Event Added', 'An Event has been created in your school.', 1, '2019-01-21 13:32:11'),
(2006, 21, 180, 'student', 'Event Added', 'An Event has been created in your school.', 1, '2019-01-21 13:32:11'),
(2007, 21, 181, 'student', 'Event Added', 'An Event has been created in your school.', 1, '2019-01-21 13:32:11'),
(2008, 21, 182, 'student', 'Event Added', 'An Event has been created in your school.', 1, '2019-01-21 13:32:11'),
(2009, 21, 183, 'student', 'Event Added', 'An Event has been created in your school.', 1, '2019-01-21 13:32:11'),
(2010, 21, 184, 'student', 'Event Added', 'An Event has been created in your school.', 1, '2019-01-21 13:32:11'),
(2011, 21, 185, 'student', 'Event Added', 'An Event has been created in your school.', 1, '2019-01-21 13:32:11'),
(2012, 21, 186, 'student', 'Event Added', 'An Event has been created in your school.', 1, '2019-01-21 13:32:11'),
(2013, 21, 187, 'student', 'Event Added', 'An Event has been created in your school.', 1, '2019-01-21 13:32:11'),
(2014, 21, 188, 'student', 'Event Added', 'An Event has been created in your school.', 1, '2019-01-21 13:32:11'),
(2015, 21, 189, 'student', 'Event Added', 'An Event has been created in your school.', 1, '2019-01-21 13:32:11'),
(2016, 21, 190, 'student', 'Event Added', 'An Event has been created in your school.', 1, '2019-01-21 13:32:11'),
(2017, 21, 191, 'student', 'Event Added', 'An Event has been created in your school.', 1, '2019-01-21 13:32:11'),
(2018, 21, 192, 'student', 'Event Added', 'An Event has been created in your school.', 1, '2019-01-21 13:32:11'),
(2019, 21, 193, 'student', 'Event Added', 'An Event has been created in your school.', 1, '2019-01-21 13:32:11'),
(2020, 21, 194, 'student', 'Event Added', 'An Event has been created in your school.', 1, '2019-01-21 13:32:11'),
(2021, 21, 195, 'student', 'Event Added', 'An Event has been created in your school.', 1, '2019-01-21 13:32:11'),
(2022, 21, 196, 'student', 'Event Added', 'An Event has been created in your school.', 1, '2019-01-21 13:32:11'),
(2023, 21, 197, 'student', 'Event Added', 'An Event has been created in your school.', 1, '2019-01-21 13:32:11'),
(2024, 21, 198, 'student', 'Event Added', 'An Event has been created in your school.', 1, '2019-01-21 13:32:11'),
(2025, 21, 199, 'student', 'Event Added', 'An Event has been created in your school.', 1, '2019-01-21 13:32:11'),
(2026, 21, 200, 'student', 'Event Added', 'An Event has been created in your school.', 1, '2019-01-21 13:32:11'),
(2027, 21, 201, 'student', 'Event Added', 'An Event has been created in your school.', 1, '2019-01-21 13:32:11'),
(2028, 21, 202, 'student', 'Event Added', 'An Event has been created in your school.', 1, '2019-01-21 13:32:11'),
(2029, 21, 203, 'student', 'Event Added', 'An Event has been created in your school.', 1, '2019-01-21 13:32:11'),
(2030, 21, 204, 'student', 'Event Added', 'An Event has been created in your school.', 1, '2019-01-21 13:32:11'),
(2031, 21, 205, 'student', 'Event Added', 'An Event has been created in your school.', 1, '2019-01-21 13:32:11'),
(2032, 21, 206, 'student', 'Event Added', 'An Event has been created in your school.', 1, '2019-01-21 13:32:11'),
(2033, 21, 207, 'student', 'Event Added', 'An Event has been created in your school.', 1, '2019-01-21 13:32:11'),
(2034, 21, 208, 'student', 'Event Added', 'An Event has been created in your school.', 1, '2019-01-21 13:32:11'),
(2035, 21, 209, 'student', 'Event Added', 'An Event has been created in your school.', 1, '2019-01-21 13:32:11'),
(2036, 21, 210, 'student', 'Event Added', 'An Event has been created in your school.', 1, '2019-01-21 13:32:11'),
(2037, 21, 211, 'student', 'Event Added', 'An Event has been created in your school.', 1, '2019-01-21 13:32:11'),
(2038, 21, 212, 'student', 'Event Added', 'An Event has been created in your school.', 1, '2019-01-21 13:32:11'),
(2039, 21, 213, 'student', 'Event Added', 'An Event has been created in your school.', 1, '2019-01-21 13:32:11'),
(2040, 21, 214, 'student', 'Event Added', 'An Event has been created in your school.', 1, '2019-01-21 13:32:11'),
(2041, 21, 215, 'student', 'Event Added', 'An Event has been created in your school.', 1, '2019-01-21 13:32:11'),
(2043, 57, 0, 'teacher', 'Routine Updated', 'There is a change in routine', 1, '2019-01-24 18:12:07'),
(2044, 57, 0, 'teacher', 'Routine Updated', 'There is a change in routine', 1, '2019-01-24 18:12:18'),
(2045, 57, 0, 'teacher', 'Routine Updated', 'There is a change in routine', 1, '2019-01-24 18:12:25'),
(2046, 57, 0, 'teacher', 'Routine Updated', 'There is a change in routine', 1, '2019-01-24 18:12:41'),
(2047, 57, 0, 'teacher', 'Routine Updated', 'There is a change in routine', 1, '2019-01-24 18:12:51'),
(2048, 57, 0, 'teacher', 'Routine Updated', 'There is a change in routine', 1, '2019-01-24 18:12:59'),
(2049, 57, 0, 'teacher', 'Routine Updated', 'There is a change in routine', 1, '2019-01-24 18:14:33'),
(2050, 57, 0, 'teacher', 'Routine Updated', 'There is a change in routine', 1, '2019-01-24 18:14:40'),
(2051, 57, 0, 'teacher', 'Routine Updated', 'There is a change in routine', 1, '2019-01-24 18:14:54'),
(2052, 57, 0, 'teacher', 'Routine Updated', 'There is a change in routine', 1, '2019-01-24 18:18:21'),
(2053, 57, 0, 'teacher', 'Routine Updated', 'There is a change in routine', 1, '2019-01-24 18:18:33'),
(2054, 57, 0, 'teacher', 'Routine Updated', 'There is a change in routine', 1, '2019-01-24 18:18:42'),
(2073, 57, 231, 'student', 'Exam Result', 'Result of quaterly exam has been announced.', 1, '2019-01-25 21:07:20'),
(2072, 57, 228, 'student', 'Exam Result', 'Result of quaterly exam has been announced.', 1, '2019-01-25 21:07:20'),
(2071, 57, 20, 'teacher', 'quaterly exam', 'ready for quaterly exam all my teachers', 1, '2019-01-25 13:06:31'),
(2070, 57, 19, 'teacher', 'quaterly exam', 'ready for quaterly exam all my teachers', 1, '2019-01-25 13:06:31'),
(2069, 57, 18, 'teacher', 'quaterly exam', 'ready for quaterly exam all my teachers', 1, '2019-01-25 13:06:31'),
(2068, 57, 17, 'teacher', 'quaterly exam', 'ready for quaterly exam all my teachers', 1, '2019-01-25 13:06:31'),
(2067, 57, 16, 'teacher', 'quaterly exam', 'ready for quaterly exam all my teachers', 1, '2019-01-25 13:06:31'),
(2066, 57, 15, 'teacher', 'quaterly exam', 'ready for quaterly exam all my teachers', 1, '2019-01-25 13:06:31'),
(2074, 57, 227, 'student', 'Assignment', 'A new assignment has been posted.', 1, '2019-01-25 21:38:42'),
(2075, 57, 15, 'teacher', 'jjj', 'jjklub', 1, '2019-01-26 21:25:28'),
(2076, 57, 16, 'teacher', 'jjj', 'jjklub', 1, '2019-01-26 21:25:28'),
(2077, 57, 17, 'teacher', 'jjj', 'jjklub', 1, '2019-01-26 21:25:28'),
(2078, 57, 18, 'teacher', 'jjj', 'jjklub', 1, '2019-01-26 21:25:28'),
(2079, 57, 19, 'teacher', 'jjj', 'jjklub', 1, '2019-01-26 21:25:28'),
(2080, 57, 20, 'teacher', 'jjj', 'jjklub', 1, '2019-01-26 21:25:28'),
(2081, 57, 16, 'teacher', 'Routine Updated', 'There is a change in routine', 1, '2019-01-28 21:26:55'),
(2082, 57, 227, 'student', 'Routine Updated', 'There is a change in routine', 1, '2019-01-28 21:26:56'),
(2083, 57, 19, 'teacher', 'Routine Updated', 'There is a change in routine', 1, '2019-01-28 21:27:04'),
(2084, 57, 227, 'student', 'Routine Updated', 'There is a change in routine', 1, '2019-01-28 21:27:04'),
(2085, 57, 18, 'teacher', 'Routine Updated', 'There is a change in routine', 1, '2019-01-28 21:28:47'),
(2086, 57, 227, 'student', 'Routine Updated', 'There is a change in routine', 1, '2019-01-28 21:28:47'),
(2087, 57, 18, 'teacher', 'Routine Updated', 'There is a change in routine', 1, '2019-01-28 21:28:47'),
(2088, 57, 227, 'student', 'Routine Updated', 'There is a change in routine', 1, '2019-01-28 21:28:47'),
(2089, 57, 18, 'teacher', 'Routine Updated', 'There is a change in routine', 1, '2019-01-28 21:28:47'),
(2090, 57, 227, 'student', 'Routine Updated', 'There is a change in routine', 1, '2019-01-28 21:28:47'),
(2091, 57, 17, 'teacher', 'Routine Updated', 'There is a change in routine', 1, '2019-01-28 21:41:48'),
(2092, 57, 227, 'student', 'Routine Updated', 'There is a change in routine', 1, '2019-01-28 21:41:48'),
(2093, 57, 20, 'teacher', 'Routine Updated', 'There is a change in routine', 1, '2019-01-28 21:42:02'),
(2094, 57, 227, 'student', 'Routine Updated', 'There is a change in routine', 1, '2019-01-28 21:42:02'),
(2095, 57, 18, 'teacher', 'Routine Updated', 'There is a change in routine', 1, '2019-01-28 21:42:08'),
(2096, 57, 227, 'student', 'Routine Updated', 'There is a change in routine', 1, '2019-01-28 21:42:08'),
(2097, 57, 17, 'teacher', 'Routine Updated', 'There is a change in routine', 1, '2019-01-28 21:42:20'),
(2098, 57, 227, 'student', 'Routine Updated', 'There is a change in routine', 1, '2019-01-28 21:42:21'),
(2099, 57, 0, 'teacher', 'Routine Updated', 'There is a change in routine', 1, '2019-01-28 21:42:28'),
(2100, 57, 227, 'student', 'Routine Updated', 'There is a change in routine', 1, '2019-01-28 21:42:28'),
(2101, 57, 18, 'teacher', 'Routine Updated', 'There is a change in routine', 1, '2019-01-28 21:42:36'),
(2102, 57, 227, 'student', 'Routine Updated', 'There is a change in routine', 1, '2019-01-28 21:42:36'),
(2103, 57, 16, 'teacher', 'Routine Updated', 'There is a change in routine', 1, '2019-01-28 21:42:48'),
(2104, 57, 227, 'student', 'Routine Updated', 'There is a change in routine', 1, '2019-01-28 21:42:48'),
(2105, 57, 17, 'teacher', 'Routine Updated', 'There is a change in routine', 1, '2019-01-28 21:42:58'),
(2106, 57, 227, 'student', 'Routine Updated', 'There is a change in routine', 1, '2019-01-28 21:42:58'),
(2107, 57, 17, 'teacher', 'Routine Updated', 'There is a change in routine', 1, '2019-01-28 21:43:13'),
(2108, 57, 227, 'student', 'Routine Updated', 'There is a change in routine', 0, '2019-01-28 21:43:13'),
(2109, 57, 20, 'teacher', 'Routine Updated', 'There is a change in routine', 1, '2019-01-28 21:43:39'),
(2110, 57, 227, 'student', 'Routine Updated', 'There is a change in routine', 1, '2019-01-28 21:43:39'),
(2111, 57, 20, 'teacher', 'Routine Updated', 'There is a change in routine', 1, '2019-01-28 21:43:39'),
(2112, 57, 227, 'student', 'Routine Updated', 'There is a change in routine', 1, '2019-01-28 21:43:39'),
(2113, 57, 16, 'teacher', 'Routine Updated', 'There is a change in routine', 1, '2019-01-28 21:43:54'),
(2114, 57, 227, 'student', 'Routine Updated', 'There is a change in routine', 1, '2019-01-28 21:43:54'),
(2115, 57, 18, 'teacher', 'Routine Updated', 'There is a change in routine', 1, '2019-01-28 21:45:36'),
(2116, 57, 227, 'student', 'Routine Updated', 'There is a change in routine', 1, '2019-01-28 21:45:37'),
(2117, 57, 19, 'teacher', 'Routine Updated', 'There is a change in routine', 1, '2019-01-28 21:45:48'),
(2118, 57, 227, 'student', 'Routine Updated', 'There is a change in routine', 1, '2019-01-28 21:45:48'),
(2119, 57, 20, 'teacher', 'Routine Updated', 'There is a change in routine', 1, '2019-01-28 21:45:57'),
(2120, 57, 227, 'student', 'Routine Updated', 'There is a change in routine', 1, '2019-01-28 21:45:57'),
(2121, 57, 17, 'teacher', 'Routine Updated', 'There is a change in routine', 1, '2019-01-28 21:46:28'),
(2122, 57, 227, 'student', 'Routine Updated', 'There is a change in routine', 1, '2019-01-28 21:46:28'),
(2123, 57, 19, 'teacher', 'Routine Updated', 'There is a change in routine', 1, '2019-01-28 21:46:35'),
(2124, 57, 227, 'student', 'Routine Updated', 'There is a change in routine', 1, '2019-01-28 21:46:35'),
(2125, 57, 18, 'teacher', 'Routine Updated', 'There is a change in routine', 1, '2019-01-28 21:46:47'),
(2126, 57, 227, 'student', 'Routine Updated', 'There is a change in routine', 1, '2019-01-28 21:46:47'),
(2127, 57, 17, 'teacher', 'Routine Updated', 'There is a change in routine', 1, '2019-01-28 21:46:57'),
(2128, 57, 227, 'student', 'Routine Updated', 'There is a change in routine', 1, '2019-01-28 21:46:57'),
(2129, 57, 20, 'teacher', 'Routine Updated', 'There is a change in routine', 1, '2019-01-28 21:47:08'),
(2130, 57, 227, 'student', 'Routine Updated', 'There is a change in routine', 1, '2019-01-28 21:47:08'),
(2131, 57, 17, 'teacher', 'Routine Updated', 'There is a change in routine', 1, '2019-01-28 21:47:17'),
(2132, 57, 227, 'student', 'Routine Updated', 'There is a change in routine', 1, '2019-01-28 21:47:17'),
(2133, 57, 19, 'teacher', 'Routine Updated', 'There is a change in routine', 1, '2019-01-28 21:47:25'),
(2134, 57, 227, 'student', 'Routine Updated', 'There is a change in routine', 1, '2019-01-28 21:47:26'),
(2135, 57, 16, 'teacher', 'Routine Updated', 'There is a change in routine', 1, '2019-01-28 21:47:40'),
(2136, 57, 227, 'student', 'Routine Updated', 'There is a change in routine', 1, '2019-01-28 21:47:40'),
(2137, 57, 16, 'teacher', 'Routine Updated', 'There is a change in routine', 1, '2019-01-28 21:47:51'),
(2138, 57, 227, 'student', 'Routine Updated', 'There is a change in routine', 1, '2019-01-28 21:47:51'),
(2139, 57, 17, 'teacher', 'Routine Updated', 'There is a change in routine', 1, '2019-01-28 21:48:09'),
(2140, 57, 227, 'student', 'Routine Updated', 'There is a change in routine', 1, '2019-01-28 21:48:09'),
(2141, 57, 18, 'teacher', 'Routine Updated', 'There is a change in routine', 1, '2019-01-28 21:48:26'),
(2142, 57, 227, 'student', 'Routine Updated', 'There is a change in routine', 1, '2019-01-28 21:48:27'),
(2143, 57, 17, 'teacher', 'Routine Updated', 'There is a change in routine', 1, '2019-01-28 21:48:44'),
(2144, 57, 227, 'student', 'Routine Updated', 'There is a change in routine', 1, '2019-01-28 21:48:44'),
(2145, 57, 19, 'teacher', 'Routine Updated', 'There is a change in routine', 1, '2019-01-28 21:48:54'),
(2146, 57, 227, 'student', 'Routine Updated', 'There is a change in routine', 1, '2019-01-28 21:48:54'),
(2147, 57, 20, 'teacher', 'Routine Updated', 'There is a change in routine', 1, '2019-01-28 21:49:05'),
(2148, 57, 227, 'student', 'Routine Updated', 'There is a change in routine', 1, '2019-01-28 21:49:05'),
(2149, 57, 17, 'teacher', 'Routine Updated', 'There is a change in routine', 1, '2019-01-28 21:49:12'),
(2150, 57, 227, 'student', 'Routine Updated', 'There is a change in routine', 1, '2019-01-28 21:49:12'),
(2151, 57, 19, 'teacher', 'Routine Updated', 'There is a change in routine', 1, '2019-01-28 21:49:20'),
(2152, 57, 227, 'student', 'Routine Updated', 'There is a change in routine', 1, '2019-01-28 21:49:20'),
(2153, 57, 19, 'teacher', 'Routine Updated', 'There is a change in routine', 1, '2019-01-28 21:49:33'),
(2154, 57, 227, 'student', 'Routine Updated', 'There is a change in routine', 1, '2019-01-28 21:49:34'),
(2155, 57, 19, 'teacher', 'Routine Updated', 'There is a change in routine', 1, '2019-01-28 21:49:41'),
(2156, 57, 227, 'student', 'Routine Updated', 'There is a change in routine', 1, '2019-01-28 21:49:41'),
(2157, 57, 18, 'teacher', 'Routine Updated', 'There is a change in routine', 1, '2019-01-28 21:49:51'),
(2158, 57, 227, 'student', 'Routine Updated', 'There is a change in routine', 1, '2019-01-28 21:49:51'),
(2159, 57, 17, 'teacher', 'Routine Updated', 'There is a change in routine', 1, '2019-01-28 21:50:02'),
(2160, 57, 227, 'student', 'Routine Updated', 'There is a change in routine', 1, '2019-01-28 21:50:02'),
(2161, 57, 16, 'teacher', 'Routine Updated', 'There is a change in routine', 1, '2019-01-28 21:50:33'),
(2162, 57, 227, 'student', 'Routine Updated', 'There is a change in routine', 1, '2019-01-28 21:50:33'),
(2163, 57, 20, 'teacher', 'Routine Updated', 'There is a change in routine', 1, '2019-01-28 21:50:44'),
(2164, 57, 227, 'student', 'Routine Updated', 'There is a change in routine', 1, '2019-01-28 21:50:44'),
(2165, 57, 16, 'teacher', 'Routine Updated', 'There is a change in routine', 1, '2019-01-28 21:50:52'),
(2166, 57, 227, 'student', 'Routine Updated', 'There is a change in routine', 1, '2019-01-28 21:50:52'),
(2167, 57, 17, 'teacher', 'Routine Updated', 'There is a change in routine', 1, '2019-01-28 21:51:00'),
(2168, 57, 227, 'student', 'Routine Updated', 'There is a change in routine', 1, '2019-01-28 21:51:00'),
(2169, 57, 19, 'teacher', 'Routine Updated', 'There is a change in routine', 1, '2019-01-28 21:51:13'),
(2170, 57, 227, 'student', 'Routine Updated', 'There is a change in routine', 1, '2019-01-28 21:51:13'),
(2171, 57, 16, 'teacher', 'Routine Updated', 'There is a change in routine', 1, '2019-01-28 21:51:28'),
(2172, 57, 227, 'student', 'Routine Updated', 'There is a change in routine', 1, '2019-01-28 21:51:28'),
(2173, 57, 18, 'teacher', 'Routine Updated', 'There is a change in routine', 1, '2019-01-28 21:51:54'),
(2174, 57, 227, 'student', 'Routine Updated', 'There is a change in routine', 1, '2019-01-28 21:51:54'),
(2175, 57, 227, 'student', 'School Timing', 'There is a change in school timing', 1, '2019-01-28 21:53:05'),
(2176, 57, 230, 'student', 'School Timing', 'There is a change in school timing', 1, '2019-01-28 21:53:05'),
(2177, 57, 15, 'teacher', 'meet me in evening', 'all stafs meet me in office at 9 am ', 0, '2019-01-30 14:58:55'),
(2178, 57, 16, 'teacher', 'meet me in evening', 'all stafs meet me in office at 9 am ', 1, '2019-01-30 14:58:55'),
(2179, 57, 17, 'teacher', 'meet me in evening', 'all stafs meet me in office at 9 am ', 1, '2019-01-30 14:58:55'),
(2180, 57, 18, 'teacher', 'meet me in evening', 'all stafs meet me in office at 9 am ', 1, '2019-01-30 14:58:55'),
(2181, 57, 19, 'teacher', 'meet me in evening', 'all stafs meet me in office at 9 am ', 1, '2019-01-30 14:58:55'),
(2182, 57, 20, 'teacher', 'meet me in evening', 'all stafs meet me in office at 9 am ', 1, '2019-01-30 14:58:55'),
(2183, 57, 17, 'teacher', 'Routine Updated', 'There is a change in routine', 1, '2019-01-30 22:41:44'),
(2184, 57, 228, 'student', 'Routine Updated', 'There is a change in routine', 1, '2019-01-30 22:41:44'),
(2185, 57, 16, 'teacher', 'Routine Updated', 'There is a change in routine', 1, '2019-01-30 22:41:52'),
(2186, 57, 228, 'student', 'Routine Updated', 'There is a change in routine', 1, '2019-01-30 22:41:52'),
(2187, 57, 18, 'teacher', 'Routine Updated', 'There is a change in routine', 1, '2019-01-30 22:42:01'),
(2188, 57, 228, 'student', 'Routine Updated', 'There is a change in routine', 1, '2019-01-30 22:42:01'),
(2189, 57, 19, 'teacher', 'Routine Updated', 'There is a change in routine', 1, '2019-01-30 22:42:07'),
(2190, 57, 228, 'student', 'Routine Updated', 'There is a change in routine', 1, '2019-01-30 22:42:07'),
(2191, 57, 20, 'teacher', 'Routine Updated', 'There is a change in routine', 1, '2019-01-30 22:42:15'),
(2192, 57, 228, 'student', 'Routine Updated', 'There is a change in routine', 1, '2019-01-30 22:42:15'),
(2193, 57, 17, 'teacher', 'Routine Updated', 'There is a change in routine', 1, '2019-01-30 22:42:28'),
(2194, 57, 228, 'student', 'Routine Updated', 'There is a change in routine', 1, '2019-01-30 22:42:28'),
(2195, 57, 16, 'teacher', 'Routine Updated', 'There is a change in routine', 1, '2019-01-30 22:42:40'),
(2196, 57, 228, 'student', 'Routine Updated', 'There is a change in routine', 1, '2019-01-30 22:42:40'),
(2197, 57, 18, 'teacher', 'Routine Updated', 'There is a change in routine', 1, '2019-01-30 22:42:51'),
(2198, 57, 228, 'student', 'Routine Updated', 'There is a change in routine', 1, '2019-01-30 22:42:51'),
(2199, 57, 18, 'teacher', 'Routine Updated', 'There is a change in routine', 1, '2019-01-30 22:42:59'),
(2200, 57, 228, 'student', 'Routine Updated', 'There is a change in routine', 1, '2019-01-30 22:42:59'),
(2201, 57, 19, 'teacher', 'Routine Updated', 'There is a change in routine', 1, '2019-01-30 22:43:15'),
(2202, 57, 228, 'student', 'Routine Updated', 'There is a change in routine', 1, '2019-01-30 22:43:15'),
(2203, 57, 20, 'teacher', 'Routine Updated', 'There is a change in routine', 1, '2019-01-30 22:43:26'),
(2204, 57, 228, 'student', 'Routine Updated', 'There is a change in routine', 1, '2019-01-30 22:43:26'),
(2205, 57, 16, 'teacher', 'Routine Updated', 'There is a change in routine', 1, '2019-01-30 22:44:02'),
(2206, 57, 228, 'student', 'Routine Updated', 'There is a change in routine', 1, '2019-01-30 22:44:02'),
(2207, 57, 17, 'teacher', 'Routine Updated', 'There is a change in routine', 1, '2019-01-30 22:44:19'),
(2208, 57, 228, 'student', 'Routine Updated', 'There is a change in routine', 1, '2019-01-30 22:44:19'),
(2209, 57, 18, 'teacher', 'Routine Updated', 'There is a change in routine', 1, '2019-01-30 22:44:36'),
(2210, 57, 228, 'student', 'Routine Updated', 'There is a change in routine', 1, '2019-01-30 22:44:36'),
(2211, 57, 18, 'teacher', 'Routine Updated', 'There is a change in routine', 1, '2019-01-30 22:44:48'),
(2212, 57, 228, 'student', 'Routine Updated', 'There is a change in routine', 1, '2019-01-30 22:44:48'),
(2213, 57, 19, 'teacher', 'Routine Updated', 'There is a change in routine', 1, '2019-01-30 22:45:08'),
(2214, 57, 228, 'student', 'Routine Updated', 'There is a change in routine', 1, '2019-01-30 22:45:08'),
(2215, 57, 18, 'teacher', 'Routine Updated', 'There is a change in routine', 1, '2019-01-30 22:45:26'),
(2216, 57, 228, 'student', 'Routine Updated', 'There is a change in routine', 1, '2019-01-30 22:45:26'),
(2217, 57, 16, 'teacher', 'Routine Updated', 'There is a change in routine', 1, '2019-01-30 22:46:38'),
(2218, 57, 228, 'student', 'Routine Updated', 'There is a change in routine', 1, '2019-01-30 22:46:38'),
(2219, 57, 17, 'teacher', 'Routine Updated', 'There is a change in routine', 1, '2019-01-30 22:46:46'),
(2220, 57, 228, 'student', 'Routine Updated', 'There is a change in routine', 1, '2019-01-30 22:46:46'),
(2221, 57, 18, 'teacher', 'Routine Updated', 'There is a change in routine', 1, '2019-01-30 22:46:54'),
(2222, 57, 228, 'student', 'Routine Updated', 'There is a change in routine', 1, '2019-01-30 22:46:54'),
(2223, 57, 19, 'teacher', 'Routine Updated', 'There is a change in routine', 1, '2019-01-30 22:47:03'),
(2224, 57, 228, 'student', 'Routine Updated', 'There is a change in routine', 1, '2019-01-30 22:47:03'),
(2225, 57, 20, 'teacher', 'Routine Updated', 'There is a change in routine', 1, '2019-01-30 22:47:11'),
(2226, 57, 228, 'student', 'Routine Updated', 'There is a change in routine', 1, '2019-01-30 22:47:11'),
(2227, 57, 17, 'teacher', 'Routine Updated', 'There is a change in routine', 1, '2019-01-30 22:47:17'),
(2228, 57, 228, 'student', 'Routine Updated', 'There is a change in routine', 1, '2019-01-30 22:47:17'),
(2229, 57, 16, 'teacher', 'Routine Updated', 'There is a change in routine', 1, '2019-01-30 22:47:28'),
(2230, 57, 228, 'student', 'Routine Updated', 'There is a change in routine', 1, '2019-01-30 22:47:28'),
(2231, 57, 17, 'teacher', 'Routine Updated', 'There is a change in routine', 1, '2019-01-30 22:47:39'),
(2232, 57, 228, 'student', 'Routine Updated', 'There is a change in routine', 1, '2019-01-30 22:47:39'),
(2233, 57, 18, 'teacher', 'Routine Updated', 'There is a change in routine', 1, '2019-01-30 22:47:53'),
(2234, 57, 228, 'student', 'Routine Updated', 'There is a change in routine', 1, '2019-01-30 22:47:53'),
(2235, 57, 19, 'teacher', 'Routine Updated', 'There is a change in routine', 1, '2019-01-30 22:48:00'),
(2236, 57, 228, 'student', 'Routine Updated', 'There is a change in routine', 1, '2019-01-30 22:48:00'),
(2237, 57, 20, 'teacher', 'Routine Updated', 'There is a change in routine', 1, '2019-01-30 22:48:18'),
(2238, 57, 228, 'student', 'Routine Updated', 'There is a change in routine', 1, '2019-01-30 22:48:18'),
(2239, 57, 17, 'teacher', 'Routine Updated', 'There is a change in routine', 1, '2019-01-30 22:48:36'),
(2240, 57, 228, 'student', 'Routine Updated', 'There is a change in routine', 1, '2019-01-30 22:48:36'),
(2241, 57, 17, 'teacher', 'Routine Updated', 'There is a change in routine', 1, '2019-01-30 22:48:36'),
(2242, 57, 228, 'student', 'Routine Updated', 'There is a change in routine', 1, '2019-01-30 22:48:36'),
(2243, 57, 16, 'teacher', 'Routine Updated', 'There is a change in routine', 1, '2019-01-30 22:48:46'),
(2244, 57, 228, 'student', 'Routine Updated', 'There is a change in routine', 1, '2019-01-30 22:48:46'),
(2245, 57, 17, 'teacher', 'Routine Updated', 'There is a change in routine', 1, '2019-01-30 22:48:55'),
(2246, 57, 228, 'student', 'Routine Updated', 'There is a change in routine', 1, '2019-01-30 22:48:55'),
(2247, 57, 18, 'teacher', 'Routine Updated', 'There is a change in routine', 1, '2019-01-30 22:49:08'),
(2248, 57, 228, 'student', 'Routine Updated', 'There is a change in routine', 1, '2019-01-30 22:49:08'),
(2249, 57, 19, 'teacher', 'Routine Updated', 'There is a change in routine', 1, '2019-01-30 22:49:19'),
(2250, 57, 228, 'student', 'Routine Updated', 'There is a change in routine', 1, '2019-01-30 22:49:19'),
(2251, 57, 20, 'teacher', 'Routine Updated', 'There is a change in routine', 1, '2019-01-30 22:49:28'),
(2252, 57, 228, 'student', 'Routine Updated', 'There is a change in routine', 1, '2019-01-30 22:49:28'),
(2253, 57, 17, 'teacher', 'Routine Updated', 'There is a change in routine', 1, '2019-01-30 22:49:35'),
(2254, 57, 228, 'student', 'Routine Updated', 'There is a change in routine', 1, '2019-01-30 22:49:35'),
(2255, 57, 0, 'teacher', 'Routine Updated', 'There is a change in routine', 1, '2019-01-30 22:49:46'),
(2256, 57, 228, 'student', 'Routine Updated', 'There is a change in routine', 1, '2019-01-30 22:49:46'),
(2323, 57, 227, 'student', 'Assignment', 'A new assignment has been posted.', 1, '2019-02-11 11:13:46'),
(2258, 2, 5, 'student', 'Testing', 'hi', 1, '2019-01-31 17:33:19'),
(2259, 2, 10, 'student', 'Testing', 'hi', 1, '2019-01-31 17:33:19'),
(2260, 2, 11, 'student', 'Testing', 'hi', 1, '2019-01-31 17:33:19'),
(2261, 2, 13, 'student', 'Testing', 'hi', 1, '2019-01-31 17:33:19'),
(2262, 2, 14, 'student', 'Testing', 'hi', 1, '2019-01-31 17:33:19'),
(2263, 2, 216, 'student', 'Testing', 'hi', 1, '2019-01-31 17:33:19'),
(2264, 2, 217, 'student', 'Testing', 'hi', 1, '2019-01-31 17:33:19'),
(2265, 2, 226, 'student', 'Testing', 'hi', 1, '2019-01-31 17:33:19'),
(2266, 28, 7, 'teacher', 'yg', 'ghh\n', 1, '2019-02-04 14:11:49'),
(2267, 57, 57, 'school', 'Approval', 'A new request for student has been arrived.', 0, '2019-02-05 00:25:01'),
(2268, 57, 227, 'student', 'Exam Result', 'Result of half yearly exam has been announced.', 0, '2019-02-05 01:20:12'),
(2269, 57, 232, 'student', 'Exam Result', 'Result of half yearly exam has been announced.', 1, '2019-02-05 01:20:12'),
(2270, 57, 230, 'student', 'Exam Result', 'Result of half yearly exam has been announced.', 1, '2019-02-05 01:20:12'),
(2271, 57, 229, 'student', 'Exam Result', 'Result of quaterly exam has been announced.', 1, '2019-02-05 01:21:06'),
(2277, 57, 232, 'student', 'Circular', 'There is a new circular.', 1, '2019-02-06 13:50:55'),
(2278, 57, 16, 'teacher', 'Circular', 'There is a new circular.', 1, '2019-02-06 13:50:55'),
(2279, 57, 17, 'teacher', 'Circular', 'There is a new circular.', 1, '2019-02-06 13:50:55'),
(2280, 57, 18, 'teacher', 'Circular', 'There is a new circular.', 1, '2019-02-06 13:50:55'),
(2281, 57, 19, 'teacher', 'Circular', 'There is a new circular.', 1, '2019-02-06 13:50:55'),
(2282, 57, 20, 'teacher', 'Circular', 'There is a new circular.', 1, '2019-02-06 13:50:55'),
(2283, 57, 57, 'school', 'Event Added', 'An Event has been created in your school', 0, '2019-02-06 14:03:50'),
(2284, 57, 227, 'student', 'Event Added', 'An Event has been created in your school.', 1, '2019-02-06 14:03:50'),
(2285, 57, 228, 'student', 'Event Added', 'An Event has been created in your school.', 1, '2019-02-06 14:03:50'),
(2286, 57, 229, 'student', 'Event Added', 'An Event has been created in your school.', 1, '2019-02-06 14:03:50'),
(2287, 57, 230, 'student', 'Event Added', 'An Event has been created in your school.', 1, '2019-02-06 14:03:50'),
(2288, 57, 231, 'student', 'Event Added', 'An Event has been created in your school.', 1, '2019-02-06 14:03:50'),
(2289, 57, 232, 'student', 'Event Added', 'An Event has been created in your school.', 1, '2019-02-06 14:03:50'),
(2290, 57, 16, 'teacher', 'Event Added', 'An Event has been created in your school.', 1, '2019-02-06 14:03:50'),
(2291, 57, 17, 'teacher', 'Event Added', 'An Event has been created in your school.', 1, '2019-02-06 14:03:50'),
(2292, 57, 18, 'teacher', 'Event Added', 'An Event has been created in your school.', 1, '2019-02-06 14:03:50'),
(2293, 57, 19, 'teacher', 'Event Added', 'An Event has been created in your school.', 1, '2019-02-06 14:03:50'),
(2294, 57, 20, 'teacher', 'Event Added', 'An Event has been created in your school.', 1, '2019-02-06 14:03:50'),
(2295, 57, 57, 'school', 'Approval', 'A new request for student has been arrived.', 0, '2019-02-06 22:21:43'),
(2296, 57, 57, 'school', 'Approval', 'A new request for student has been arrived.', 0, '2019-02-06 23:18:53'),
(2297, 57, 57, 'school', 'Approval', 'A new request for student has been arrived.', 0, '2019-02-06 23:19:09'),
(2298, 57, 57, 'school', 'Suggestion', 'A new Suggestion has been posted by student (nadeem ansar)', 1, '2019-02-07 01:23:36'),
(2333, 57, 232, 'student', 'Exam Result', 'Result of pt exam exam has been announced.', 1, '2019-02-12 12:14:37'),
(2332, 57, 227, 'student', 'Exam Result', 'Result of pt exam exam has been announced.', 1, '2019-02-12 12:14:37'),
(2336, 57, 235, 'student', 'Exam Result', 'Result of pt exam exam has been announced.', 1, '2019-02-12 12:14:37'),
(2337, 57, 230, 'student', 'Exam Result', 'Result of pt exam exam has been announced.', 1, '2019-02-12 12:14:37'),
(2338, 28, 218, 'student', 'finish homwork', 'very fast....', 1, '2019-02-12 12:59:48'),
(2339, 28, 219, 'student', 'finish homwork', 'very fast....', 1, '2019-02-12 12:59:48'),
(2346, 79, 79, 'school', 'Approval', 'A new request for student has been arrived.', 0, '2019-02-18 15:12:42');
INSERT INTO `notification` (`notificationID`, `schoolID`, `userID`, `role`, `title`, `notification`, `status`, `added_on`) VALUES
(2370, 57, 57, 'school', 'Approval', 'A new request for student has been arrived.', 0, '2019-03-07 00:09:37'),
(2348, 2, 5, 'student', 'Exam Result', 'Result of Half Yearly exam has been delayed.', 1, '2019-02-25 18:37:11'),
(2349, 2, 10, 'student', 'Exam Result', 'Result of Half Yearly exam has been delayed.', 1, '2019-02-25 18:37:11'),
(2350, 2, 11, 'student', 'Exam Result', 'Result of Half Yearly exam has been delayed.', 1, '2019-02-25 18:37:11'),
(2351, 2, 13, 'student', 'Exam Result', 'Result of Half Yearly exam has been delayed.', 1, '2019-02-25 18:37:11'),
(2377, 101, 101, 'school', 'Approval', 'A new request for student has been arrived.', 0, '2019-03-25 13:47:21'),
(2369, 57, 57, 'school', 'Approval', 'A new request for student has been arrived.', 1, '2019-03-06 23:54:01'),
(2353, 2, 5, 'student', 'Exam Result', 'Result of Annual exam has been announced.', 1, '2019-03-03 11:40:01'),
(2354, 2, 10, 'student', 'Exam Result', 'Result of Annual exam has been announced.', 1, '2019-03-03 11:40:01'),
(2355, 2, 11, 'student', 'Exam Result', 'Result of Annual exam has been announced.', 1, '2019-03-03 11:40:01'),
(2356, 2, 13, 'student', 'Exam Result', 'Result of Annual exam has been announced.', 1, '2019-03-03 11:40:01'),
(2368, 57, 57, 'school', 'Approval', 'A new request for student has been arrived.', 0, '2019-03-06 23:33:53'),
(2358, 2, 5, 'student', 'Exam Result', 'Result of Annual exam has been delayed.', 1, '2019-03-03 11:40:29'),
(2359, 2, 10, 'student', 'Exam Result', 'Result of Annual exam has been delayed.', 1, '2019-03-03 11:40:29'),
(2360, 2, 11, 'student', 'Exam Result', 'Result of Annual exam has been delayed.', 1, '2019-03-03 11:40:29'),
(2361, 2, 13, 'student', 'Exam Result', 'Result of Annual exam has been delayed.', 1, '2019-03-03 11:40:29'),
(2367, 57, 57, 'school', 'Approval', 'A new request for student has been arrived.', 1, '2019-03-06 23:30:23'),
(2363, 2, 5, 'student', 'Exam Result', 'Result of Half Yearly exam has been announced.', 1, '2019-03-03 11:41:43'),
(2364, 2, 10, 'student', 'Exam Result', 'Result of Half Yearly exam has been announced.', 1, '2019-03-03 11:41:43'),
(2365, 2, 11, 'student', 'Exam Result', 'Result of Half Yearly exam has been announced.', 1, '2019-03-03 11:41:43'),
(2366, 2, 13, 'student', 'Exam Result', 'Result of Half Yearly exam has been announced.', 1, '2019-03-03 11:41:43'),
(2371, 57, 227, 'student', 'Exam Result', 'Result of quaterly exam has been delayed.', 1, '2019-03-07 00:14:03'),
(2372, 57, 232, 'student', 'Exam Result', 'Result of quaterly exam has been delayed.', 1, '2019-03-07 00:14:03'),
(2373, 57, 233, 'student', 'Exam Result', 'Result of quaterly exam has been delayed.', 1, '2019-03-07 00:14:03'),
(2374, 57, 234, 'student', 'Exam Result', 'Result of quaterly exam has been delayed.', 1, '2019-03-07 00:14:03'),
(2375, 57, 235, 'student', 'Exam Result', 'Result of quaterly exam has been delayed.', 1, '2019-03-07 00:14:03'),
(2376, 57, 230, 'student', 'Exam Result', 'Result of quaterly exam has been delayed.', 1, '2019-03-07 00:14:03'),
(2378, 101, 53, 'teacher', 'Routine Updated', 'There is a change in routine', 1, '2019-03-25 14:14:20'),
(2379, 101, 243, 'student', 'Routine Updated', 'There is a change in routine', 1, '2019-03-25 14:14:20'),
(2380, 1, 1, 'school', 'Approval', 'A new request for student has been arrived.', 0, '2021-10-04 18:37:24'),
(2381, 1, 1, 'school', 'Approval', 'A new request for student has been arrived.', 0, '2021-10-04 20:30:05'),
(2382, 109, 109, 'school', 'Approval', 'A new request for teacher has been arrived.', 1, '2021-10-13 14:36:28'),
(2383, 1, 1, 'student', 'Assignment', 'A new assignment has been posted.', 1, '2021-11-30 12:28:28'),
(2384, 1, 3, 'student', 'Assignment', 'A new assignment has been posted.', 1, '2021-11-30 12:28:28'),
(2385, 1, 244, 'student', 'Assignment', 'A new assignment has been posted.', 1, '2021-11-30 12:28:28'),
(2386, 1, 245, 'student', 'Assignment', 'A new assignment has been posted.', 1, '2021-11-30 12:28:28'),
(2387, 1, 1, 'student', 'Assignment', 'A new assignment has been posted.', 1, '2021-12-03 13:00:23'),
(2388, 1, 3, 'student', 'Assignment', 'A new assignment has been posted.', 1, '2021-12-03 13:00:23'),
(2389, 1, 244, 'student', 'Assignment', 'A new assignment has been posted.', 1, '2021-12-03 13:00:23'),
(2390, 1, 245, 'student', 'Assignment', 'A new assignment has been posted.', 1, '2021-12-03 13:00:23'),
(2391, 111, 111, 'school', 'Approval', 'A new request for teacher has been arrived.', 1, '2021-12-03 20:01:49'),
(2392, 1, 1, 'school', 'Approval', 'A new request for teacher has been arrived.', 1, '2021-12-03 20:05:41'),
(2393, 113, 0, 'teacher', 'Routine Updated', 'There is a change in routine', 1, '2021-12-07 12:30:46'),
(2394, 114, 0, 'teacher', 'Routine Updated', 'There is a change in routine', 1, '2021-12-07 20:28:33'),
(2401, 114, 58, 'teacher', 'Routine Updated', 'There is a change in routine', 1, '2021-12-10 15:25:11'),
(2402, 114, 246, 'student', 'Routine Updated', 'There is a change in routine', 1, '2021-12-10 15:25:11'),
(2403, 114, 247, 'student', 'Routine Updated', 'There is a change in routine', 1, '2021-12-10 15:25:11'),
(2404, 114, 248, 'student', 'Routine Updated', 'There is a change in routine', 1, '2021-12-10 15:25:11'),
(2400, 1, 1, 'school', 'Suggestion', 'A new Suggestion has been posted by teacher (Sakshi)', 1, '2021-12-10 11:48:51'),
(2405, 114, 58, 'teacher', 'Routine Updated', 'There is a change in routine', 1, '2021-12-10 15:25:22'),
(2406, 114, 246, 'student', 'Routine Updated', 'There is a change in routine', 1, '2021-12-10 15:25:23'),
(2407, 114, 247, 'student', 'Routine Updated', 'There is a change in routine', 1, '2021-12-10 15:25:23'),
(2408, 114, 248, 'student', 'Routine Updated', 'There is a change in routine', 1, '2021-12-10 15:25:23'),
(2409, 114, 246, 'student', 'Samatva', 'Tech India', 1, '2021-12-10 15:26:38'),
(2410, 114, 247, 'student', 'Samatva', 'Tech India', 1, '2021-12-10 15:26:38'),
(2411, 114, 248, 'student', 'Samatva', 'Tech India', 1, '2021-12-10 15:26:38'),
(2413, 1, 1, 'school', 'Suggestion', 'A new Suggestion has been posted by teacher (Sakshi)', 1, '2021-12-13 16:27:33'),
(2414, 1, 1, 'school', 'Event Added', 'An Event has been created in your school', 1, '2021-12-13 18:02:28'),
(2415, 1, 1, 'student', 'Event Added', 'An Event has been created in your school.', 1, '2021-12-13 18:02:28'),
(2416, 1, 3, 'student', 'Event Added', 'An Event has been created in your school.', 1, '2021-12-13 18:02:28'),
(2417, 1, 244, 'student', 'Event Added', 'An Event has been created in your school.', 1, '2021-12-13 18:02:28'),
(2418, 1, 245, 'student', 'Event Added', 'An Event has been created in your school.', 1, '2021-12-13 18:02:29'),
(2419, 1, 1, 'teacher', 'Event Added', 'An Event has been created in your school.', 1, '2021-12-13 18:02:29'),
(2420, 1, 57, 'teacher', 'Event Added', 'An Event has been created in your school.', 1, '2021-12-13 18:02:29'),
(2421, 1, 1, 'school', 'Approval', 'A new request for student has been arrived.', 1, '2021-12-14 16:57:59'),
(2422, 1, 1, 'teacher', 'Routine Updated', 'There is a change in routine', 1, '2021-12-14 17:17:25'),
(2423, 1, 2, 'student', 'Routine Updated', 'There is a change in routine', 1, '2021-12-14 17:17:25'),
(2424, 1, 1, 'school', 'Suggestion', 'A new Suggestion has been posted by student (vibhas mishra)', 1, '2021-12-14 17:29:02'),
(2425, 1, 1, 'school', 'Approval', 'A new request for student has been arrived.', 1, '2021-12-14 17:39:37'),
(2426, 1, 1, 'school', 'Approval', 'A new request for student has been arrived.', 1, '2021-12-15 12:58:42'),
(2427, 1, 1, 'school', 'Suggestion', 'A new Suggestion has been posted by student (kamal)', 1, '2021-12-15 13:03:08'),
(2428, 1, 57, 'teacher', 'Routine Updated', 'There is a change in routine', 1, '2021-12-15 14:02:43'),
(2429, 1, 247, 'student', 'Routine Updated', 'There is a change in routine', 1, '2021-12-15 14:02:44'),
(2430, 1, 1, 'teacher', 'Routine Updated', 'There is a change in routine', 1, '2021-12-15 14:02:55'),
(2431, 1, 247, 'student', 'Routine Updated', 'There is a change in routine', 1, '2021-12-15 14:02:56'),
(2432, 1, 1, 'teacher', 'Routine Updated', 'There is a change in routine', 1, '2021-12-15 14:03:02'),
(2433, 1, 247, 'student', 'Routine Updated', 'There is a change in routine', 1, '2021-12-15 14:03:02'),
(2434, 1, 1, 'teacher', 'Routine Updated', 'There is a change in routine', 1, '2021-12-15 14:03:11'),
(2435, 1, 247, 'student', 'Routine Updated', 'There is a change in routine', 1, '2021-12-15 14:03:11'),
(2436, 1, 1, 'teacher', 'Routine Updated', 'There is a change in routine', 1, '2021-12-15 14:03:18'),
(2437, 1, 247, 'student', 'Routine Updated', 'There is a change in routine', 1, '2021-12-15 14:03:19'),
(2438, 1, 1, 'teacher', 'Routine Updated', 'There is a change in routine', 1, '2021-12-15 14:03:27'),
(2439, 1, 247, 'student', 'Routine Updated', 'There is a change in routine', 1, '2021-12-15 14:03:27'),
(2440, 1, 57, 'teacher', 'Routine Updated', 'There is a change in routine', 1, '2021-12-15 14:03:35'),
(2441, 1, 247, 'student', 'Routine Updated', 'There is a change in routine', 1, '2021-12-15 14:03:36'),
(2442, 1, 1, 'teacher', 'Routine Updated', 'There is a change in routine', 1, '2021-12-15 14:03:43'),
(2443, 1, 247, 'student', 'Routine Updated', 'There is a change in routine', 1, '2021-12-15 14:03:43'),
(2444, 1, 1, 'school', 'Event Added', 'An Event has been created in your school', 1, '2021-12-15 14:26:15'),
(2445, 1, 2, 'student', 'Event Added', 'An Event has been created in your school.', 1, '2021-12-15 14:26:15'),
(2446, 1, 247, 'student', 'Event Added', 'An Event has been created in your school.', 1, '2021-12-15 14:26:15'),
(2447, 1, 1, 'teacher', 'Event Added', 'An Event has been created in your school.', 1, '2021-12-15 14:26:16'),
(2448, 1, 57, 'teacher', 'Event Added', 'An Event has been created in your school.', 1, '2021-12-15 14:26:16');

-- --------------------------------------------------------

--
-- Table structure for table `other_roles`
--

CREATE TABLE `other_roles` (
  `roleID` int(11) NOT NULL,
  `schoolID` int(11) NOT NULL,
  `role` varchar(255) NOT NULL,
  `modules` varchar(255) DEFAULT NULL,
  `added_on` datetime DEFAULT NULL,
  `modified_on` datetime DEFAULT NULL
) ENGINE=MyISAM DEFAULT CHARSET=latin1;

--
-- Dumping data for table `other_roles`
--

INSERT INTO `other_roles` (`roleID`, `schoolID`, `role`, `modules`, `added_on`, `modified_on`) VALUES
(1, 54, 'Accountant', '1,2,4,9,11,12,13,14', '2019-01-21 10:41:48', '2019-01-21 10:41:48'),
(2, 2, 'Accountant', '7,12,14,16,25', '2019-02-13 10:48:11', '2019-02-13 10:48:11'),
(4, 114, 'Accountant', '7,23', '2021-12-07 20:53:41', '2021-12-07 20:53:41');

-- --------------------------------------------------------

--
-- Table structure for table `other_staff`
--

CREATE TABLE `other_staff` (
  `staffID` int(11) NOT NULL,
  `schoolID` int(11) NOT NULL,
  `school_code` varchar(255) NOT NULL,
  `name` varchar(255) NOT NULL,
  `address` varchar(255) NOT NULL,
  `email` varchar(255) NOT NULL,
  `phone` varchar(255) NOT NULL,
  `image` varchar(255) DEFAULT NULL,
  `username` varchar(255) NOT NULL,
  `password` varchar(255) NOT NULL,
  `roleID` int(11) NOT NULL,
  `groupID` int(11) DEFAULT NULL,
  `is_active` enum('Y','N') NOT NULL,
  `added_on` datetime NOT NULL
) ENGINE=MyISAM DEFAULT CHARSET=latin1;

--
-- Dumping data for table `other_staff`
--

INSERT INTO `other_staff` (`staffID`, `schoolID`, `school_code`, `name`, `address`, `email`, `phone`, `image`, `username`, `password`, `roleID`, `groupID`, `is_active`, `added_on`) VALUES
(1, 54, 'HSIOSTV', 'Staff', 'Address1', 'staff@staff.com', '1234567890', NULL, 'staff', '96bcc3886898c1b1c79a0d56848ab90d72f9d795f52f2357cd50b7f1f51e61a1f372aa6bf252fa9eb19f0aa18f0ef8f440af743415535d53ea0ec53f8784d5ab', 1, NULL, 'Y', '2019-01-21 10:42:45'),
(2, 114, 'SUI9DBQ', 'Manju  ', 'gangapur \nRudrapur', '9917020644.sp@gmail.com', '8130445943', NULL, 'MANJU02', '45babe8189d9c9652863a564c64b5a29f295f56c4b6823257dc0958d8eeb717bc0a7d9fa7579f09b5c0404a4c9b77136a0876a7476b044d84c3166eba080c122', 4, NULL, 'Y', '2021-12-07 20:57:26');

-- --------------------------------------------------------

--
-- Table structure for table `package`
--

CREATE TABLE `package` (
  `packageID` int(11) NOT NULL,
  `package` varchar(255) NOT NULL,
  `modules` varchar(255) NOT NULL,
  `price` int(11) DEFAULT NULL,
  `image` varchar(255) DEFAULT NULL
) ENGINE=MyISAM DEFAULT CHARSET=latin1;

--
-- Dumping data for table `package`
--

INSERT INTO `package` (`packageID`, `package`, `modules`, `price`, `image`) VALUES
(1, 'Lite Version', '1,2,4,9,11,12,13,14,15,16,17,18', 200, NULL),
(2, 'Standard Version', '1,2,3,4,7,9,10,11,12,13,14,15,16,17,18,19,20,21', 300, NULL),
(3, 'Premium Version', '1,2,3,4,5,6,7,9,10,11,12,13,14,15,16,17,18,19,20,21,22,23,24,25', 400, NULL);

-- --------------------------------------------------------

--
-- Table structure for table `parent`
--

CREATE TABLE `parent` (
  `parentID` int(11) NOT NULL,
  `schoolID` int(11) NOT NULL,
  `school_code` varchar(255) NOT NULL,
  `name` varchar(255) NOT NULL,
  `email` varchar(255) NOT NULL,
  `phone` varchar(255) NOT NULL,
  `image` varchar(255) DEFAULT NULL,
  `address` text NOT NULL,
  `username` varchar(255) NOT NULL,
  `password` varchar(255) NOT NULL,
  `is_active` enum('Y','N','R','D') NOT NULL,
  `added_on` datetime NOT NULL
) ENGINE=MyISAM DEFAULT CHARSET=latin1;

--
-- Dumping data for table `parent`
--

INSERT INTO `parent` (`parentID`, `schoolID`, `school_code`, `name`, `email`, `phone`, `image`, `address`, `username`, `password`, `is_active`, `added_on`) VALUES
(1, 21, 'SUU5FF2', 'Ashok Kumar', 'parent@snsiti.com', '1234567890', '', 'Motihari', 'P17090003', '96bcc3886898c1b1c79a0d56848ab90d72f9d795f52f2357cd50b7f1f51e61a1f372aa6bf252fa9eb19f0aa18f0ef8f440af743415535d53ea0ec53f8784d5ab', 'Y', '2018-12-27 00:00:00'),
(2, 21, 'SUU5FF2', 'Ajay Kumar Singh', 'parent@snsiti.com', '1234567890', '', 'Motihari', 'P17090002', '96bcc3886898c1b1c79a0d56848ab90d72f9d795f52f2357cd50b7f1f51e61a1f372aa6bf252fa9eb19f0aa18f0ef8f440af743415535d53ea0ec53f8784d5ab', 'Y', '2018-12-27 00:00:00'),
(3, 21, 'SUU5FF2', 'Hridyanand Tiwari', 'parent@snsiti.com', '1234567890', '', 'Motihari', 'P17090007', '96bcc3886898c1b1c79a0d56848ab90d72f9d795f52f2357cd50b7f1f51e61a1f372aa6bf252fa9eb19f0aa18f0ef8f440af743415535d53ea0ec53f8784d5ab', 'Y', '2018-12-27 00:00:00'),
(4, 21, 'SUU5FF2', 'Subodh Kumar', 'parent@snsiti.com', '1234567890', '', 'Motihari', 'P17090006', '96bcc3886898c1b1c79a0d56848ab90d72f9d795f52f2357cd50b7f1f51e61a1f372aa6bf252fa9eb19f0aa18f0ef8f440af743415535d53ea0ec53f8784d5ab', 'Y', '2018-12-27 00:00:00'),
(5, 21, 'SUU5FF2', 'Bashir Ahmad', 'parent@snsiti.com', '1234567890', '', 'Motihari', 'P17090005', '96bcc3886898c1b1c79a0d56848ab90d72f9d795f52f2357cd50b7f1f51e61a1f372aa6bf252fa9eb19f0aa18f0ef8f440af743415535d53ea0ec53f8784d5ab', 'Y', '2018-12-27 00:00:00'),
(6, 21, 'SUU5FF2', 'Basudev Sharma', 'parent@snsiti.com', '1234567890', '', 'Motihari', 'P17090008', '96bcc3886898c1b1c79a0d56848ab90d72f9d795f52f2357cd50b7f1f51e61a1f372aa6bf252fa9eb19f0aa18f0ef8f440af743415535d53ea0ec53f8784d5ab', 'Y', '2018-12-27 00:00:00'),
(7, 21, 'SUU5FF2', 'Braj Kishor Prasad', 'parent@snsiti.com', '1234567890', '', 'Motihari', 'P17090011', '96bcc3886898c1b1c79a0d56848ab90d72f9d795f52f2357cd50b7f1f51e61a1f372aa6bf252fa9eb19f0aa18f0ef8f440af743415535d53ea0ec53f8784d5ab', 'Y', '2018-12-27 00:00:00'),
(8, 21, 'SUU5FF2', 'Deepak Prasad Srivastav', 'parent@snsiti.com', '1234567890', '', 'Motihari', 'P17090012', '96bcc3886898c1b1c79a0d56848ab90d72f9d795f52f2357cd50b7f1f51e61a1f372aa6bf252fa9eb19f0aa18f0ef8f440af743415535d53ea0ec53f8784d5ab', 'Y', '2018-12-27 00:00:00'),
(9, 21, 'SUU5FF2', 'Jiwa Nand ', 'parent@snsiti.com', '1234567890', '', 'Motihari', 'P17090013', '96bcc3886898c1b1c79a0d56848ab90d72f9d795f52f2357cd50b7f1f51e61a1f372aa6bf252fa9eb19f0aa18f0ef8f440af743415535d53ea0ec53f8784d5ab', 'Y', '2018-12-27 00:00:00'),
(10, 21, 'SUU5FF2', 'Anil Kumar Pandey', 'parent@snsiti.com', '1234567890', '', 'Motihari', 'P17090001', '96bcc3886898c1b1c79a0d56848ab90d72f9d795f52f2357cd50b7f1f51e61a1f372aa6bf252fa9eb19f0aa18f0ef8f440af743415535d53ea0ec53f8784d5ab', 'Y', '2018-12-27 00:00:00'),
(11, 21, 'SUU5FF2', 'Radha Prasad', 'parent@snsiti.com', '1234567890', '', 'Motihari', 'P17090014', '96bcc3886898c1b1c79a0d56848ab90d72f9d795f52f2357cd50b7f1f51e61a1f372aa6bf252fa9eb19f0aa18f0ef8f440af743415535d53ea0ec53f8784d5ab', 'Y', '2018-12-27 00:00:00'),
(12, 21, 'SUU5FF2', 'Nageshwar Singh', 'parent@snsiti.com', '1234567890', '', 'Motihari', 'P17090015', '96bcc3886898c1b1c79a0d56848ab90d72f9d795f52f2357cd50b7f1f51e61a1f372aa6bf252fa9eb19f0aa18f0ef8f440af743415535d53ea0ec53f8784d5ab', 'Y', '2018-12-27 00:00:00'),
(13, 21, 'SUU5FF2', 'Jitendra Kr Singh', 'parent@snsiti.com', '1234567890', '', 'Motihari', 'P17090016', '96bcc3886898c1b1c79a0d56848ab90d72f9d795f52f2357cd50b7f1f51e61a1f372aa6bf252fa9eb19f0aa18f0ef8f440af743415535d53ea0ec53f8784d5ab', 'Y', '2018-12-27 00:00:00'),
(14, 21, 'SUU5FF2', 'Rajeev Kumar Bharti', 'parent@snsiti.com', '1234567890', '', 'Motihari', 'P17090017', '96bcc3886898c1b1c79a0d56848ab90d72f9d795f52f2357cd50b7f1f51e61a1f372aa6bf252fa9eb19f0aa18f0ef8f440af743415535d53ea0ec53f8784d5ab', 'Y', '2018-12-27 00:00:00'),
(15, 21, 'SUU5FF2', 'Lalbabu Prasad', 'parent@snsiti.com', '1234567890', '', 'Motihari', 'P17090019', '96bcc3886898c1b1c79a0d56848ab90d72f9d795f52f2357cd50b7f1f51e61a1f372aa6bf252fa9eb19f0aa18f0ef8f440af743415535d53ea0ec53f8784d5ab', 'Y', '2018-12-27 00:00:00'),
(16, 21, 'SUU5FF2', 'Lal Bahadur Baitha', 'parent@snsiti.com', '1234567890', '', 'Motihari', 'P17090021', '96bcc3886898c1b1c79a0d56848ab90d72f9d795f52f2357cd50b7f1f51e61a1f372aa6bf252fa9eb19f0aa18f0ef8f440af743415535d53ea0ec53f8784d5ab', 'Y', '2018-12-27 00:00:00'),
(17, 21, 'SUU5FF2', 'Baban Singh', 'parent@snsiti.com', '1234567890', '', 'Motihari', 'P17090020', '96bcc3886898c1b1c79a0d56848ab90d72f9d795f52f2357cd50b7f1f51e61a1f372aa6bf252fa9eb19f0aa18f0ef8f440af743415535d53ea0ec53f8784d5ab', 'Y', '2018-12-27 00:00:00'),
(18, 21, 'SUU5FF2', 'Rajendra Pandey', 'parent@snsiti.com', '1234567890', '', 'Motihari', 'P17090004', '96bcc3886898c1b1c79a0d56848ab90d72f9d795f52f2357cd50b7f1f51e61a1f372aa6bf252fa9eb19f0aa18f0ef8f440af743415535d53ea0ec53f8784d5ab', 'Y', '2018-12-27 00:00:00'),
(19, 21, 'SUU5FF2', 'Binod Bihari Tiwari', 'parent@snsiti.com', '1234567890', '', 'Motihari', 'P17090023', '96bcc3886898c1b1c79a0d56848ab90d72f9d795f52f2357cd50b7f1f51e61a1f372aa6bf252fa9eb19f0aa18f0ef8f440af743415535d53ea0ec53f8784d5ab', 'Y', '2018-12-27 00:00:00'),
(20, 21, 'SUU5FF2', 'Kanhaiya Singh', 'parent@snsiti.com', '1234567890', '', 'Motihari', 'P17090025', '96bcc3886898c1b1c79a0d56848ab90d72f9d795f52f2357cd50b7f1f51e61a1f372aa6bf252fa9eb19f0aa18f0ef8f440af743415535d53ea0ec53f8784d5ab', 'Y', '2018-12-27 00:00:00'),
(21, 21, 'SUU5FF2', 'Shiv Shankar Tiwari', 'parent@snsiti.com', '1234567890', '', 'Motihari', 'P17090024', '96bcc3886898c1b1c79a0d56848ab90d72f9d795f52f2357cd50b7f1f51e61a1f372aa6bf252fa9eb19f0aa18f0ef8f440af743415535d53ea0ec53f8784d5ab', 'Y', '2018-12-27 00:00:00'),
(22, 21, 'SUU5FF2', 'Vasdev Singh', 'parent@snsiti.com', '1234567890', '', 'Motihari', 'P17090027', '96bcc3886898c1b1c79a0d56848ab90d72f9d795f52f2357cd50b7f1f51e61a1f372aa6bf252fa9eb19f0aa18f0ef8f440af743415535d53ea0ec53f8784d5ab', 'Y', '2018-12-27 00:00:00'),
(23, 21, 'SUU5FF2', 'Praveen Kumar Varma', 'parent@snsiti.com', '1234567890', '', 'Motihari', 'P17090010', '96bcc3886898c1b1c79a0d56848ab90d72f9d795f52f2357cd50b7f1f51e61a1f372aa6bf252fa9eb19f0aa18f0ef8f440af743415535d53ea0ec53f8784d5ab', 'Y', '2018-12-27 00:00:00'),
(24, 21, 'SUU5FF2', 'Krishna Baitha', 'parent@snsiti.com', '1234567890', '', 'Motihari', 'P17090029', '96bcc3886898c1b1c79a0d56848ab90d72f9d795f52f2357cd50b7f1f51e61a1f372aa6bf252fa9eb19f0aa18f0ef8f440af743415535d53ea0ec53f8784d5ab', 'Y', '2018-12-27 00:00:00'),
(25, 21, 'SUU5FF2', 'Ram Nath Rai', 'parent@snsiti.com', '1234567890', '', 'Motihari', 'P17090031', '96bcc3886898c1b1c79a0d56848ab90d72f9d795f52f2357cd50b7f1f51e61a1f372aa6bf252fa9eb19f0aa18f0ef8f440af743415535d53ea0ec53f8784d5ab', 'Y', '2018-12-27 00:00:00'),
(26, 21, 'SUU5FF2', 'Lalbabu Prasad Yadav', 'parent@snsiti.com', '1234567890', '', 'Motihari', 'P17090026', '96bcc3886898c1b1c79a0d56848ab90d72f9d795f52f2357cd50b7f1f51e61a1f372aa6bf252fa9eb19f0aa18f0ef8f440af743415535d53ea0ec53f8784d5ab', 'Y', '2018-12-27 00:00:00'),
(27, 21, 'SUU5FF2', 'Shiva Kant Pandey', 'parent@snsiti.com', '1234567890', '', 'Motihari', 'P17090032', '96bcc3886898c1b1c79a0d56848ab90d72f9d795f52f2357cd50b7f1f51e61a1f372aa6bf252fa9eb19f0aa18f0ef8f440af743415535d53ea0ec53f8784d5ab', 'Y', '2018-12-27 00:00:00'),
(28, 21, 'SUU5FF2', 'Nek Mohammad', 'parent@snsiti.com', '1234567890', '', 'Motihari', 'P17090036', '96bcc3886898c1b1c79a0d56848ab90d72f9d795f52f2357cd50b7f1f51e61a1f372aa6bf252fa9eb19f0aa18f0ef8f440af743415535d53ea0ec53f8784d5ab', 'Y', '2018-12-27 00:00:00'),
(29, 21, 'SUU5FF2', 'Rajesh Kumar', 'parent@snsiti.com', '1234567890', '', 'Motihari', 'P17090038', '96bcc3886898c1b1c79a0d56848ab90d72f9d795f52f2357cd50b7f1f51e61a1f372aa6bf252fa9eb19f0aa18f0ef8f440af743415535d53ea0ec53f8784d5ab', 'Y', '2018-12-27 00:00:00'),
(30, 21, 'SUU5FF2', 'Durga Ray', 'parent@snsiti.com', '1234567890', '', 'Motihari', 'P17090037', '96bcc3886898c1b1c79a0d56848ab90d72f9d795f52f2357cd50b7f1f51e61a1f372aa6bf252fa9eb19f0aa18f0ef8f440af743415535d53ea0ec53f8784d5ab', 'Y', '2018-12-27 00:00:00'),
(31, 21, 'SUU5FF2', 'Mankeshwar Ram', 'parent@snsiti.com', '1234567890', '', 'Motihari', 'P17090035', '96bcc3886898c1b1c79a0d56848ab90d72f9d795f52f2357cd50b7f1f51e61a1f372aa6bf252fa9eb19f0aa18f0ef8f440af743415535d53ea0ec53f8784d5ab', 'Y', '2018-12-27 00:00:00'),
(32, 21, 'SUU5FF2', 'Madan Ram', 'parent@snsiti.com', '1234567890', '', 'Motihari', 'P17090034', '96bcc3886898c1b1c79a0d56848ab90d72f9d795f52f2357cd50b7f1f51e61a1f372aa6bf252fa9eb19f0aa18f0ef8f440af743415535d53ea0ec53f8784d5ab', 'Y', '2018-12-27 00:00:00'),
(33, 21, 'SUU5FF2', 'Rakesh Kumar', 'parent@snsiti.com', '1234567890', '', 'Motihari', 'P17090033', '96bcc3886898c1b1c79a0d56848ab90d72f9d795f52f2357cd50b7f1f51e61a1f372aa6bf252fa9eb19f0aa18f0ef8f440af743415535d53ea0ec53f8784d5ab', 'Y', '2018-12-27 00:00:00'),
(34, 21, 'SUU5FF2', 'Ramnath Prasad', 'parent@snsiti.com', '1234567890', '', 'Motihari', 'P17090030', '96bcc3886898c1b1c79a0d56848ab90d72f9d795f52f2357cd50b7f1f51e61a1f372aa6bf252fa9eb19f0aa18f0ef8f440af743415535d53ea0ec53f8784d5ab', 'Y', '2018-12-27 00:00:00'),
(35, 21, 'SUU5FF2', 'Shailendra Kumar', 'parent@snsiti.com', '1234567890', '', 'Motihari', 'P17090044', '96bcc3886898c1b1c79a0d56848ab90d72f9d795f52f2357cd50b7f1f51e61a1f372aa6bf252fa9eb19f0aa18f0ef8f440af743415535d53ea0ec53f8784d5ab', 'Y', '2018-12-27 00:00:00'),
(36, 21, 'SUU5FF2', 'Bhikhari Bhagat', 'parent@snsiti.com', '1234567890', '', 'Motihari', 'P17090042', '96bcc3886898c1b1c79a0d56848ab90d72f9d795f52f2357cd50b7f1f51e61a1f372aa6bf252fa9eb19f0aa18f0ef8f440af743415535d53ea0ec53f8784d5ab', 'Y', '2018-12-27 00:00:00'),
(37, 21, 'SUU5FF2', 'Dwarika Sahani', 'parent@snsiti.com', '1234567890', '', 'Motihari', 'P17090046', '96bcc3886898c1b1c79a0d56848ab90d72f9d795f52f2357cd50b7f1f51e61a1f372aa6bf252fa9eb19f0aa18f0ef8f440af743415535d53ea0ec53f8784d5ab', 'Y', '2018-12-27 00:00:00'),
(38, 21, 'SUU5FF2', 'Chhatri Ram', 'parent@snsiti.com', '1234567890', '', 'Motihari', 'P17090045', '96bcc3886898c1b1c79a0d56848ab90d72f9d795f52f2357cd50b7f1f51e61a1f372aa6bf252fa9eb19f0aa18f0ef8f440af743415535d53ea0ec53f8784d5ab', 'Y', '2018-12-27 00:00:00'),
(39, 21, 'SUU5FF2', 'Santosh Kumar Singh', 'parent@snsiti.com', '1234567890', '', 'Motihari', 'P17090049', '96bcc3886898c1b1c79a0d56848ab90d72f9d795f52f2357cd50b7f1f51e61a1f372aa6bf252fa9eb19f0aa18f0ef8f440af743415535d53ea0ec53f8784d5ab', 'Y', '2018-12-27 00:00:00'),
(40, 21, 'SUU5FF2', 'Shambhu Prasad', 'parent@snsiti.com', '1234567890', '', 'Motihari', 'P17090051', '96bcc3886898c1b1c79a0d56848ab90d72f9d795f52f2357cd50b7f1f51e61a1f372aa6bf252fa9eb19f0aa18f0ef8f440af743415535d53ea0ec53f8784d5ab', 'Y', '2018-12-27 00:00:00'),
(41, 21, 'SUU5FF2', 'Hari Shankar Singh', 'parent@snsiti.com', '1234567890', '', 'Motihari', 'P17090054', '96bcc3886898c1b1c79a0d56848ab90d72f9d795f52f2357cd50b7f1f51e61a1f372aa6bf252fa9eb19f0aa18f0ef8f440af743415535d53ea0ec53f8784d5ab', 'Y', '2018-12-27 00:00:00'),
(42, 21, 'SUU5FF2', 'Ramnaresh Kumar', 'parent@snsiti.com', '1234567890', '', 'Motihari', 'P17090057', '96bcc3886898c1b1c79a0d56848ab90d72f9d795f52f2357cd50b7f1f51e61a1f372aa6bf252fa9eb19f0aa18f0ef8f440af743415535d53ea0ec53f8784d5ab', 'Y', '2018-12-27 00:00:00'),
(43, 21, 'SUU5FF2', 'Kashi Lal Sah', 'parent@snsiti.com', '1234567890', '', 'Motihari', 'P17090053', '96bcc3886898c1b1c79a0d56848ab90d72f9d795f52f2357cd50b7f1f51e61a1f372aa6bf252fa9eb19f0aa18f0ef8f440af743415535d53ea0ec53f8784d5ab', 'Y', '2018-12-27 00:00:00'),
(44, 21, 'SUU5FF2', 'Ravi Shankar Singh', 'parent@snsiti.com', '1234567890', '', 'Motihari', 'P17090055', '96bcc3886898c1b1c79a0d56848ab90d72f9d795f52f2357cd50b7f1f51e61a1f372aa6bf252fa9eb19f0aa18f0ef8f440af743415535d53ea0ec53f8784d5ab', 'Y', '2018-12-27 00:00:00'),
(45, 21, 'SUU5FF2', 'Mahmud Alam', 'parent@snsiti.com', '1234567890', '', 'Motihari', 'P17090052', '96bcc3886898c1b1c79a0d56848ab90d72f9d795f52f2357cd50b7f1f51e61a1f372aa6bf252fa9eb19f0aa18f0ef8f440af743415535d53ea0ec53f8784d5ab', 'Y', '2018-12-27 00:00:00'),
(46, 21, 'SUU5FF2', 'Rakesh Chaudhur', 'parent@snsiti.com', '1234567890', '', 'Motihari', 'P17090061', '96bcc3886898c1b1c79a0d56848ab90d72f9d795f52f2357cd50b7f1f51e61a1f372aa6bf252fa9eb19f0aa18f0ef8f440af743415535d53ea0ec53f8784d5ab', 'Y', '2018-12-27 00:00:00'),
(47, 21, 'SUU5FF2', 'Shailendra Kumar Singh', 'parent@snsiti.com', '1234567890', '', 'Motihari', 'P17090060', '96bcc3886898c1b1c79a0d56848ab90d72f9d795f52f2357cd50b7f1f51e61a1f372aa6bf252fa9eb19f0aa18f0ef8f440af743415535d53ea0ec53f8784d5ab', 'Y', '2018-12-27 00:00:00'),
(48, 21, 'SUU5FF2', 'Vishwanath Bhagat', 'parent@snsiti.com', '1234567890', '', 'Motihari', 'P17090058', '96bcc3886898c1b1c79a0d56848ab90d72f9d795f52f2357cd50b7f1f51e61a1f372aa6bf252fa9eb19f0aa18f0ef8f440af743415535d53ea0ec53f8784d5ab', 'Y', '2018-12-27 00:00:00'),
(49, 21, 'SUU5FF2', 'Nand Kishor Singh', 'parent@snsiti.com', '1234567890', '', 'Motihari', 'P17090062', '96bcc3886898c1b1c79a0d56848ab90d72f9d795f52f2357cd50b7f1f51e61a1f372aa6bf252fa9eb19f0aa18f0ef8f440af743415535d53ea0ec53f8784d5ab', 'Y', '2018-12-27 00:00:00'),
(50, 21, 'SUU5FF2', 'Kanhaiya Kumar', 'parent@snsiti.com', '1234567890', '', 'Motihari', 'P17090064', '96bcc3886898c1b1c79a0d56848ab90d72f9d795f52f2357cd50b7f1f51e61a1f372aa6bf252fa9eb19f0aa18f0ef8f440af743415535d53ea0ec53f8784d5ab', 'Y', '2018-12-27 00:00:00'),
(51, 21, 'SUU5FF2', 'Kanhaiya Kumar', 'parent@snsiti.com', '1234567890', '', 'Motihari', 'P17090065', '96bcc3886898c1b1c79a0d56848ab90d72f9d795f52f2357cd50b7f1f51e61a1f372aa6bf252fa9eb19f0aa18f0ef8f440af743415535d53ea0ec53f8784d5ab', 'Y', '2018-12-27 00:00:00'),
(52, 21, 'SUU5FF2', 'Rambhavan Baitha', 'parent@snsiti.com', '1234567890', '', 'Motihari', 'P17090063', '96bcc3886898c1b1c79a0d56848ab90d72f9d795f52f2357cd50b7f1f51e61a1f372aa6bf252fa9eb19f0aa18f0ef8f440af743415535d53ea0ec53f8784d5ab', 'Y', '2018-12-27 00:00:00'),
(53, 21, 'SUU5FF2', 'Hari Kant Bharti', 'parent@snsiti.com', '1234567890', '', 'Motihari', 'P17090066', '96bcc3886898c1b1c79a0d56848ab90d72f9d795f52f2357cd50b7f1f51e61a1f372aa6bf252fa9eb19f0aa18f0ef8f440af743415535d53ea0ec53f8784d5ab', 'Y', '2018-12-27 00:00:00'),
(54, 21, 'SUU5FF2', 'Awadhesh Kumar', 'parent@snsiti.com', '1234567890', '', 'Motihari', 'P17090067', '96bcc3886898c1b1c79a0d56848ab90d72f9d795f52f2357cd50b7f1f51e61a1f372aa6bf252fa9eb19f0aa18f0ef8f440af743415535d53ea0ec53f8784d5ab', 'Y', '2018-12-27 00:00:00'),
(55, 21, 'SUU5FF2', 'Madan Mohan Prasad', 'parent@snsiti.com', '1234567890', '', 'Motihari', 'P17090069', '96bcc3886898c1b1c79a0d56848ab90d72f9d795f52f2357cd50b7f1f51e61a1f372aa6bf252fa9eb19f0aa18f0ef8f440af743415535d53ea0ec53f8784d5ab', 'Y', '2018-12-27 00:00:00'),
(56, 21, 'SUU5FF2', 'Narayan Prasad', 'parent@snsiti.com', '1234567890', '', 'Motihari', 'P17090071', '96bcc3886898c1b1c79a0d56848ab90d72f9d795f52f2357cd50b7f1f51e61a1f372aa6bf252fa9eb19f0aa18f0ef8f440af743415535d53ea0ec53f8784d5ab', 'Y', '2018-12-27 00:00:00'),
(57, 21, 'SUU5FF2', 'Shatrughna Sah', 'parent@snsiti.com', '1234567890', '', 'Motihari', 'P17090068', '96bcc3886898c1b1c79a0d56848ab90d72f9d795f52f2357cd50b7f1f51e61a1f372aa6bf252fa9eb19f0aa18f0ef8f440af743415535d53ea0ec53f8784d5ab', 'Y', '2018-12-27 00:00:00'),
(58, 21, 'SUU5FF2', 'Shrikant Bharti', 'parent@snsiti.com', '1234567890', '', 'Motihari', 'P17090050', '96bcc3886898c1b1c79a0d56848ab90d72f9d795f52f2357cd50b7f1f51e61a1f372aa6bf252fa9eb19f0aa18f0ef8f440af743415535d53ea0ec53f8784d5ab', 'Y', '2018-12-27 00:00:00'),
(59, 21, 'SUU5FF2', 'Lt.Anand Bihari Varma', 'parent@snsiti.com', '1234567890', '', 'Motihari', 'P17090076', '96bcc3886898c1b1c79a0d56848ab90d72f9d795f52f2357cd50b7f1f51e61a1f372aa6bf252fa9eb19f0aa18f0ef8f440af743415535d53ea0ec53f8784d5ab', 'Y', '2018-12-27 00:00:00'),
(60, 21, 'SUU5FF2', 'Ramdat Pandit', 'parent@snsiti.com', '1234567890', '', 'Motihari', 'P17090078', '96bcc3886898c1b1c79a0d56848ab90d72f9d795f52f2357cd50b7f1f51e61a1f372aa6bf252fa9eb19f0aa18f0ef8f440af743415535d53ea0ec53f8784d5ab', 'Y', '2018-12-27 00:00:00'),
(61, 21, 'SUU5FF2', 'Arun Kumar Singh', 'parent@snsiti.com', '1234567890', '', 'Motihari', 'P17090070', '96bcc3886898c1b1c79a0d56848ab90d72f9d795f52f2357cd50b7f1f51e61a1f372aa6bf252fa9eb19f0aa18f0ef8f440af743415535d53ea0ec53f8784d5ab', 'Y', '2018-12-27 00:00:00'),
(62, 21, 'SUU5FF2', 'Puranwasi Das', 'parent@snsiti.com', '1234567890', '', 'Motihari', 'P17090048', '96bcc3886898c1b1c79a0d56848ab90d72f9d795f52f2357cd50b7f1f51e61a1f372aa6bf252fa9eb19f0aa18f0ef8f440af743415535d53ea0ec53f8784d5ab', 'Y', '2018-12-27 00:00:00'),
(63, 21, 'SUU5FF2', 'Paras Nath Shrivastava', 'parent@snsiti.com', '1234567890', '', 'Motihari', 'P17090047', '96bcc3886898c1b1c79a0d56848ab90d72f9d795f52f2357cd50b7f1f51e61a1f372aa6bf252fa9eb19f0aa18f0ef8f440af743415535d53ea0ec53f8784d5ab', 'Y', '2018-12-27 00:00:00'),
(64, 21, 'SUU5FF2', 'Shankar Pandit', 'parent@snsiti.com', '1234567890', '', 'Motihari', 'P17090073', '96bcc3886898c1b1c79a0d56848ab90d72f9d795f52f2357cd50b7f1f51e61a1f372aa6bf252fa9eb19f0aa18f0ef8f440af743415535d53ea0ec53f8784d5ab', 'Y', '2018-12-27 00:00:00'),
(65, 21, 'SUU5FF2', 'Vishnu Singh', 'parent@snsiti.com', '1234567890', '', 'Motihari', 'P17090079', '96bcc3886898c1b1c79a0d56848ab90d72f9d795f52f2357cd50b7f1f51e61a1f372aa6bf252fa9eb19f0aa18f0ef8f440af743415535d53ea0ec53f8784d5ab', 'Y', '2018-12-27 00:00:00'),
(66, 21, 'SUU5FF2', 'Ram Niwas Saxena', 'parent@snsiti.com', '1234567890', '', 'Motihari', 'P17090081', '96bcc3886898c1b1c79a0d56848ab90d72f9d795f52f2357cd50b7f1f51e61a1f372aa6bf252fa9eb19f0aa18f0ef8f440af743415535d53ea0ec53f8784d5ab', 'Y', '2018-12-27 00:00:00'),
(67, 21, 'SUU5FF2', 'Md Nazim', 'parent@snsiti.com', '1234567890', '', 'Motihari', 'P17090082', '96bcc3886898c1b1c79a0d56848ab90d72f9d795f52f2357cd50b7f1f51e61a1f372aa6bf252fa9eb19f0aa18f0ef8f440af743415535d53ea0ec53f8784d5ab', 'Y', '2018-12-27 00:00:00'),
(68, 21, 'SUU5FF2', 'Daroga Ram', 'parent@snsiti.com', '1234567890', '', 'Motihari', 'P17090084', '96bcc3886898c1b1c79a0d56848ab90d72f9d795f52f2357cd50b7f1f51e61a1f372aa6bf252fa9eb19f0aa18f0ef8f440af743415535d53ea0ec53f8784d5ab', 'Y', '2018-12-27 00:00:00'),
(69, 21, 'SUU5FF2', 'Rama Kant Singh', 'parent@snsiti.com', '1234567890', '', 'Motihari', 'P17090085', '96bcc3886898c1b1c79a0d56848ab90d72f9d795f52f2357cd50b7f1f51e61a1f372aa6bf252fa9eb19f0aa18f0ef8f440af743415535d53ea0ec53f8784d5ab', 'Y', '2018-12-27 00:00:00'),
(70, 21, 'SUU5FF2', 'Ramesh Singh', 'parent@snsiti.com', '1234567890', '', 'Motihari', 'P17090043', '96bcc3886898c1b1c79a0d56848ab90d72f9d795f52f2357cd50b7f1f51e61a1f372aa6bf252fa9eb19f0aa18f0ef8f440af743415535d53ea0ec53f8784d5ab', 'Y', '2018-12-27 00:00:00'),
(71, 21, 'SUU5FF2', 'Shailendra Kumar', 'parent@snsiti.com', '1234567890', '', 'Motihari', 'P17090089', '96bcc3886898c1b1c79a0d56848ab90d72f9d795f52f2357cd50b7f1f51e61a1f372aa6bf252fa9eb19f0aa18f0ef8f440af743415535d53ea0ec53f8784d5ab', 'Y', '2018-12-27 00:00:00'),
(72, 21, 'SUU5FF2', 'Shambhu Ram', 'parent@snsiti.com', '1234567890', '', 'Motihari', 'P17090056', '96bcc3886898c1b1c79a0d56848ab90d72f9d795f52f2357cd50b7f1f51e61a1f372aa6bf252fa9eb19f0aa18f0ef8f440af743415535d53ea0ec53f8784d5ab', 'Y', '2018-12-27 00:00:00'),
(73, 21, 'SUU5FF2', 'Devendra Pandey', 'parent@snsiti.com', '1234567890', '', 'Motihari', 'P17090090', '96bcc3886898c1b1c79a0d56848ab90d72f9d795f52f2357cd50b7f1f51e61a1f372aa6bf252fa9eb19f0aa18f0ef8f440af743415535d53ea0ec53f8784d5ab', 'Y', '2018-12-27 00:00:00'),
(74, 21, 'SUU5FF2', 'Vijay Kumar', 'parent@snsiti.com', '1234567890', '', 'Motihari', 'P17090091', '96bcc3886898c1b1c79a0d56848ab90d72f9d795f52f2357cd50b7f1f51e61a1f372aa6bf252fa9eb19f0aa18f0ef8f440af743415535d53ea0ec53f8784d5ab', 'Y', '2018-12-27 00:00:00'),
(75, 21, 'SUU5FF2', 'Parma Thakur', 'parent@snsiti.com', '1234567890', '', 'Motihari', 'P17090039', '96bcc3886898c1b1c79a0d56848ab90d72f9d795f52f2357cd50b7f1f51e61a1f372aa6bf252fa9eb19f0aa18f0ef8f440af743415535d53ea0ec53f8784d5ab', 'Y', '2018-12-27 00:00:00'),
(76, 21, 'SUU5FF2', 'Shree Pandit', 'parent@snsiti.com', '1234567890', '', 'Motihari', 'P17090092', '96bcc3886898c1b1c79a0d56848ab90d72f9d795f52f2357cd50b7f1f51e61a1f372aa6bf252fa9eb19f0aa18f0ef8f440af743415535d53ea0ec53f8784d5ab', 'Y', '2018-12-27 00:00:00'),
(77, 21, 'SUU5FF2', 'Chhote Lal Patel', 'parent@snsiti.com', '1234567890', '', 'Motihari', 'P17090093', '96bcc3886898c1b1c79a0d56848ab90d72f9d795f52f2357cd50b7f1f51e61a1f372aa6bf252fa9eb19f0aa18f0ef8f440af743415535d53ea0ec53f8784d5ab', 'Y', '2018-12-27 00:00:00'),
(78, 21, 'SUU5FF2', 'Uday Mangal Singh', 'parent@snsiti.com', '1234567890', '', 'Motihari', 'P17090094', '96bcc3886898c1b1c79a0d56848ab90d72f9d795f52f2357cd50b7f1f51e61a1f372aa6bf252fa9eb19f0aa18f0ef8f440af743415535d53ea0ec53f8784d5ab', 'Y', '2018-12-27 00:00:00'),
(79, 21, 'SUU5FF2', 'Iswar Singh', 'parent@snsiti.com', '1234567890', '', 'Motihari', 'P17090096', '96bcc3886898c1b1c79a0d56848ab90d72f9d795f52f2357cd50b7f1f51e61a1f372aa6bf252fa9eb19f0aa18f0ef8f440af743415535d53ea0ec53f8784d5ab', 'Y', '2018-12-27 00:00:00'),
(80, 21, 'SUU5FF2', 'Rama Kant Paswan', 'parent@snsiti.com', '1234567890', '', 'Motihari', 'P17090095', '96bcc3886898c1b1c79a0d56848ab90d72f9d795f52f2357cd50b7f1f51e61a1f372aa6bf252fa9eb19f0aa18f0ef8f440af743415535d53ea0ec53f8784d5ab', 'Y', '2018-12-27 00:00:00'),
(81, 21, 'SUU5FF2', 'Shiv Kewat', 'parent@snsiti.com', '1234567890', '', 'Motihari', 'P17090098', '96bcc3886898c1b1c79a0d56848ab90d72f9d795f52f2357cd50b7f1f51e61a1f372aa6bf252fa9eb19f0aa18f0ef8f440af743415535d53ea0ec53f8784d5ab', 'Y', '2018-12-27 00:00:00'),
(82, 21, 'SUU5FF2', 'Ramdeo Prasad', 'parent@snsiti.com', '1234567890', '', 'Motihari', 'P17090099', '96bcc3886898c1b1c79a0d56848ab90d72f9d795f52f2357cd50b7f1f51e61a1f372aa6bf252fa9eb19f0aa18f0ef8f440af743415535d53ea0ec53f8784d5ab', 'Y', '2018-12-27 00:00:00'),
(83, 21, 'SUU5FF2', 'Aklu Chaudhari', 'parent@snsiti.com', '1234567890', '', 'Motihari', 'P17090088', '96bcc3886898c1b1c79a0d56848ab90d72f9d795f52f2357cd50b7f1f51e61a1f372aa6bf252fa9eb19f0aa18f0ef8f440af743415535d53ea0ec53f8784d5ab', 'Y', '2018-12-27 00:00:00'),
(84, 21, 'SUU5FF2', 'Shiv Shankar Singh', 'parent@snsiti.com', '1234567890', '', 'Motihari', 'P17090102', '96bcc3886898c1b1c79a0d56848ab90d72f9d795f52f2357cd50b7f1f51e61a1f372aa6bf252fa9eb19f0aa18f0ef8f440af743415535d53ea0ec53f8784d5ab', 'Y', '2018-12-27 00:00:00'),
(85, 21, 'SUU5FF2', 'Sakal Deo Prasad', 'parent@snsiti.com', '1234567890', '', 'Motihari', 'P17090101', '96bcc3886898c1b1c79a0d56848ab90d72f9d795f52f2357cd50b7f1f51e61a1f372aa6bf252fa9eb19f0aa18f0ef8f440af743415535d53ea0ec53f8784d5ab', 'Y', '2018-12-27 00:00:00'),
(86, 21, 'SUU5FF2', 'Ramadhar Bhagat', 'parent@snsiti.com', '1234567890', '', 'Motihari', 'P17090103', '96bcc3886898c1b1c79a0d56848ab90d72f9d795f52f2357cd50b7f1f51e61a1f372aa6bf252fa9eb19f0aa18f0ef8f440af743415535d53ea0ec53f8784d5ab', 'Y', '2018-12-27 00:00:00'),
(87, 21, 'SUU5FF2', 'Kanhaiya Singh', 'parent@snsiti.com', '1234567890', '', 'Motihari', 'P17090105', '96bcc3886898c1b1c79a0d56848ab90d72f9d795f52f2357cd50b7f1f51e61a1f372aa6bf252fa9eb19f0aa18f0ef8f440af743415535d53ea0ec53f8784d5ab', 'Y', '2018-12-27 00:00:00'),
(88, 21, 'SUU5FF2', 'Mohan Paswan', 'parent@snsiti.com', '1234567890', '', 'Motihari', 'P17090104', '96bcc3886898c1b1c79a0d56848ab90d72f9d795f52f2357cd50b7f1f51e61a1f372aa6bf252fa9eb19f0aa18f0ef8f440af743415535d53ea0ec53f8784d5ab', 'Y', '2018-12-27 00:00:00'),
(89, 21, 'SUU5FF2', 'Dinanath Ojha', 'parent@snsiti.com', '1234567890', '', 'Motihari', 'P17090107', '96bcc3886898c1b1c79a0d56848ab90d72f9d795f52f2357cd50b7f1f51e61a1f372aa6bf252fa9eb19f0aa18f0ef8f440af743415535d53ea0ec53f8784d5ab', 'Y', '2018-12-27 00:00:00'),
(90, 21, 'SUU5FF2', 'Shambhu Sharan', 'parent@snsiti.com', '1234567890', '', 'Motihari', 'P17090108', '96bcc3886898c1b1c79a0d56848ab90d72f9d795f52f2357cd50b7f1f51e61a1f372aa6bf252fa9eb19f0aa18f0ef8f440af743415535d53ea0ec53f8784d5ab', 'Y', '2018-12-27 00:00:00'),
(91, 21, 'SUU5FF2', 'Rajeshwar Chaubey', 'parent@snsiti.com', '1234567890', '', 'Motihari', 'P17090106', '96bcc3886898c1b1c79a0d56848ab90d72f9d795f52f2357cd50b7f1f51e61a1f372aa6bf252fa9eb19f0aa18f0ef8f440af743415535d53ea0ec53f8784d5ab', 'Y', '2018-12-27 00:00:00'),
(92, 21, 'SUU5FF2', 'Motilal Sah', 'parent@snsiti.com', '1234567890', '', 'Motihari', 'P17090109', '96bcc3886898c1b1c79a0d56848ab90d72f9d795f52f2357cd50b7f1f51e61a1f372aa6bf252fa9eb19f0aa18f0ef8f440af743415535d53ea0ec53f8784d5ab', 'Y', '2018-12-27 00:00:00'),
(93, 21, 'SUU5FF2', 'Banke Lal Gupta', 'parent@snsiti.com', '1234567890', '', 'Motihari', 'P17090097', '96bcc3886898c1b1c79a0d56848ab90d72f9d795f52f2357cd50b7f1f51e61a1f372aa6bf252fa9eb19f0aa18f0ef8f440af743415535d53ea0ec53f8784d5ab', 'Y', '2018-12-27 00:00:00'),
(94, 21, 'SUU5FF2', 'Laxman Prasad Gupta', 'parent@snsiti.com', '1234567890', '', 'Motihari', 'P17090075', '96bcc3886898c1b1c79a0d56848ab90d72f9d795f52f2357cd50b7f1f51e61a1f372aa6bf252fa9eb19f0aa18f0ef8f440af743415535d53ea0ec53f8784d5ab', 'Y', '2018-12-27 00:00:00'),
(95, 21, 'SUU5FF2', 'Sukrit Ram', 'parent@snsiti.com', '1234567890', '', 'Motihari', 'P19070110', '96bcc3886898c1b1c79a0d56848ab90d72f9d795f52f2357cd50b7f1f51e61a1f372aa6bf252fa9eb19f0aa18f0ef8f440af743415535d53ea0ec53f8784d5ab', 'Y', '2018-12-27 00:00:00'),
(96, 21, 'SUU5FF2', 'Shankar Bhagwan Gaur', 'parent@snsiti.com', '1234567890', '', 'Motihari', 'P17090111', '96bcc3886898c1b1c79a0d56848ab90d72f9d795f52f2357cd50b7f1f51e61a1f372aa6bf252fa9eb19f0aa18f0ef8f440af743415535d53ea0ec53f8784d5ab', 'Y', '2018-12-27 00:00:00'),
(97, 21, 'SUU5FF2', 'Madan Mohan Pd, Srivastava', 'parent@snsiti.com', '1234567890', '', 'Motihari', 'P17090112', '96bcc3886898c1b1c79a0d56848ab90d72f9d795f52f2357cd50b7f1f51e61a1f372aa6bf252fa9eb19f0aa18f0ef8f440af743415535d53ea0ec53f8784d5ab', 'Y', '2018-12-27 00:00:00'),
(98, 21, 'SUU5FF2', 'Sanjay Kumar', 'parent@snsiti.com', '1234567890', '', 'Motihari', 'P17090018', '96bcc3886898c1b1c79a0d56848ab90d72f9d795f52f2357cd50b7f1f51e61a1f372aa6bf252fa9eb19f0aa18f0ef8f440af743415535d53ea0ec53f8784d5ab', 'Y', '2018-12-27 00:00:00'),
(99, 21, 'SUU5FF2', 'Vijay Kumar Srivastava', 'parent@snsiti.com', '1234567890', '', 'Motihari', 'P17090028', '96bcc3886898c1b1c79a0d56848ab90d72f9d795f52f2357cd50b7f1f51e61a1f372aa6bf252fa9eb19f0aa18f0ef8f440af743415535d53ea0ec53f8784d5ab', 'Y', '2018-12-27 00:00:00'),
(100, 21, 'SUU5FF2', 'Ajay Kumar Verma', 'parent@snsiti.com', '1234567890', '', 'Motihari', 'P17090040', '96bcc3886898c1b1c79a0d56848ab90d72f9d795f52f2357cd50b7f1f51e61a1f372aa6bf252fa9eb19f0aa18f0ef8f440af743415535d53ea0ec53f8784d5ab', 'Y', '2018-12-27 00:00:00'),
(101, 21, 'SUU5FF2', 'Jagat Thakur', 'parent@snsiti.com', '1234567890', '', 'Motihari', 'P17090059', '96bcc3886898c1b1c79a0d56848ab90d72f9d795f52f2357cd50b7f1f51e61a1f372aa6bf252fa9eb19f0aa18f0ef8f440af743415535d53ea0ec53f8784d5ab', 'Y', '2018-12-27 00:00:00'),
(102, 21, 'SUU5FF2', 'Sonelal Sah', 'parent@snsiti.com', '1234567890', '', 'Motihari', 'P17090080', '96bcc3886898c1b1c79a0d56848ab90d72f9d795f52f2357cd50b7f1f51e61a1f372aa6bf252fa9eb19f0aa18f0ef8f440af743415535d53ea0ec53f8784d5ab', 'Y', '2018-12-27 00:00:00'),
(103, 21, 'SUU5FF2', 'Ravi Bhushan Prasad', 'parent@snsiti.com', '1234567890', '', 'Motihari', 'P17090087', '96bcc3886898c1b1c79a0d56848ab90d72f9d795f52f2357cd50b7f1f51e61a1f372aa6bf252fa9eb19f0aa18f0ef8f440af743415535d53ea0ec53f8784d5ab', 'Y', '2018-12-27 00:00:00'),
(104, 21, 'SUU5FF2', 'Md Salim Quraishi', 'parent@snsiti.com', '1234567890', '', 'Motihari', 'P17090100', '96bcc3886898c1b1c79a0d56848ab90d72f9d795f52f2357cd50b7f1f51e61a1f372aa6bf252fa9eb19f0aa18f0ef8f440af743415535d53ea0ec53f8784d5ab', 'Y', '2018-12-27 00:00:00'),
(105, 21, 'SUU5FF2', 'Md Maksud', 'parent@snsiti.com', '1234567890', '', 'Motihari', 'P17090083', '96bcc3886898c1b1c79a0d56848ab90d72f9d795f52f2357cd50b7f1f51e61a1f372aa6bf252fa9eb19f0aa18f0ef8f440af743415535d53ea0ec53f8784d5ab', 'Y', '2018-12-27 00:00:00'),
(106, 21, 'SUU5FF2', 'Nandkishor Prasad', 'parent@snsiti.com', '1234567890', '', 'Motihari', 'P17090113', '96bcc3886898c1b1c79a0d56848ab90d72f9d795f52f2357cd50b7f1f51e61a1f372aa6bf252fa9eb19f0aa18f0ef8f440af743415535d53ea0ec53f8784d5ab', 'Y', '2018-12-27 00:00:00'),
(107, 21, 'SUU5FF2', 'Ram Vilash Prasad', 'parent@snsiti.com', '1234567890', '', 'Motihari', 'P17090114', '96bcc3886898c1b1c79a0d56848ab90d72f9d795f52f2357cd50b7f1f51e61a1f372aa6bf252fa9eb19f0aa18f0ef8f440af743415535d53ea0ec53f8784d5ab', 'Y', '2018-12-27 00:00:00'),
(108, 21, 'SUU5FF2', 'Gajendra Yadav', 'parent@snsiti.com', '1234567890', '', 'Motihari', 'P17090115', '96bcc3886898c1b1c79a0d56848ab90d72f9d795f52f2357cd50b7f1f51e61a1f372aa6bf252fa9eb19f0aa18f0ef8f440af743415535d53ea0ec53f8784d5ab', 'Y', '2018-12-27 00:00:00'),
(109, 21, 'SUU5FF2', 'Braj Kishor Dwivedy', 'parent@snsiti.com', '1234567890', '', 'Motihari', 'P17090116', '96bcc3886898c1b1c79a0d56848ab90d72f9d795f52f2357cd50b7f1f51e61a1f372aa6bf252fa9eb19f0aa18f0ef8f440af743415535d53ea0ec53f8784d5ab', 'Y', '2018-12-27 00:00:00'),
(110, 21, 'SUU5FF2', 'Upendra Ray', 'parent@snsiti.com', '1234567890', '', 'Motihari', 'P17090117', '96bcc3886898c1b1c79a0d56848ab90d72f9d795f52f2357cd50b7f1f51e61a1f372aa6bf252fa9eb19f0aa18f0ef8f440af743415535d53ea0ec53f8784d5ab', 'Y', '2018-12-27 00:00:00'),
(111, 21, 'SUU5FF2', 'Birendra Kumar Singh', 'parent@snsiti.com', '1234567890', '', 'Motihari', 'P17090118', '96bcc3886898c1b1c79a0d56848ab90d72f9d795f52f2357cd50b7f1f51e61a1f372aa6bf252fa9eb19f0aa18f0ef8f440af743415535d53ea0ec53f8784d5ab', 'Y', '2018-12-27 00:00:00'),
(112, 21, 'SUU5FF2', 'Bigeshwar Mahato', 'parent@snsiti.com', '1234567890', '', 'Motihari', 'P17090119', '96bcc3886898c1b1c79a0d56848ab90d72f9d795f52f2357cd50b7f1f51e61a1f372aa6bf252fa9eb19f0aa18f0ef8f440af743415535d53ea0ec53f8784d5ab', 'Y', '2018-12-27 00:00:00'),
(113, 21, 'SUU5FF2', 'Bhupendra Narayan Singh', 'parent@snsiti.com', '1234567890', '', 'Motihari', 'P17090120', '96bcc3886898c1b1c79a0d56848ab90d72f9d795f52f2357cd50b7f1f51e61a1f372aa6bf252fa9eb19f0aa18f0ef8f440af743415535d53ea0ec53f8784d5ab', 'Y', '2018-12-27 00:00:00'),
(114, 21, 'SUU5FF2', 'Shambhu Prasad Yadav', 'parent@snsiti.com', '1234567890', '', 'Motihari', 'P17090121', '96bcc3886898c1b1c79a0d56848ab90d72f9d795f52f2357cd50b7f1f51e61a1f372aa6bf252fa9eb19f0aa18f0ef8f440af743415535d53ea0ec53f8784d5ab', 'Y', '2018-12-27 00:00:00'),
(115, 21, 'SUU5FF2', 'Jitan Rai', 'parent@snsiti.com', '1234567890', '', 'Motihari', 'P17090122', '96bcc3886898c1b1c79a0d56848ab90d72f9d795f52f2357cd50b7f1f51e61a1f372aa6bf252fa9eb19f0aa18f0ef8f440af743415535d53ea0ec53f8784d5ab', 'Y', '2018-12-27 00:00:00'),
(116, 21, 'SUU5FF2', 'Dwarika Sahani', 'parent@snsiti.com', '1234567890', '', 'Motihari', 'P17090123', '96bcc3886898c1b1c79a0d56848ab90d72f9d795f52f2357cd50b7f1f51e61a1f372aa6bf252fa9eb19f0aa18f0ef8f440af743415535d53ea0ec53f8784d5ab', 'Y', '2018-12-27 00:00:00'),
(117, 21, 'SUU5FF2', 'Shah Alam', 'parent@snsiti.com', '1234567890', '', 'Motihari', 'P17090124', '96bcc3886898c1b1c79a0d56848ab90d72f9d795f52f2357cd50b7f1f51e61a1f372aa6bf252fa9eb19f0aa18f0ef8f440af743415535d53ea0ec53f8784d5ab', 'Y', '2018-12-27 00:00:00'),
(118, 21, 'SUU5FF2', 'Arvind Kuamar', 'parent@snsiti.com', '1234567890', '', 'Motihari', 'P17090125', '96bcc3886898c1b1c79a0d56848ab90d72f9d795f52f2357cd50b7f1f51e61a1f372aa6bf252fa9eb19f0aa18f0ef8f440af743415535d53ea0ec53f8784d5ab', 'Y', '2018-12-27 00:00:00'),
(119, 21, 'SUU5FF2', 'Neeraj Kumar Tripathi', 'parent@snsiti.com', '1234567890', '', 'Motihari', 'P17090126', '96bcc3886898c1b1c79a0d56848ab90d72f9d795f52f2357cd50b7f1f51e61a1f372aa6bf252fa9eb19f0aa18f0ef8f440af743415535d53ea0ec53f8784d5ab', 'Y', '2018-12-27 00:00:00'),
(120, 21, 'SUU5FF2', 'Ramadhar Ram', 'parent@snsiti.com', '1234567890', '', 'Motihari', 'P17090127', '96bcc3886898c1b1c79a0d56848ab90d72f9d795f52f2357cd50b7f1f51e61a1f372aa6bf252fa9eb19f0aa18f0ef8f440af743415535d53ea0ec53f8784d5ab', 'Y', '2018-12-27 00:00:00'),
(121, 21, 'SUU5FF2', 'Md Salamuddin', 'parent@snsiti.com', '1234567890', '', 'Motihari', 'P17090128', '96bcc3886898c1b1c79a0d56848ab90d72f9d795f52f2357cd50b7f1f51e61a1f372aa6bf252fa9eb19f0aa18f0ef8f440af743415535d53ea0ec53f8784d5ab', 'Y', '2018-12-27 00:00:00'),
(122, 21, 'SUU5FF2', 'Arun Kumar', 'parent@snsiti.com', '1234567890', '', 'Motihari', 'P17090129', '96bcc3886898c1b1c79a0d56848ab90d72f9d795f52f2357cd50b7f1f51e61a1f372aa6bf252fa9eb19f0aa18f0ef8f440af743415535d53ea0ec53f8784d5ab', 'Y', '2018-12-27 00:00:00'),
(123, 21, 'SUU5FF2', 'Chandra Mohan Singh', 'parent@snsiti.com', '1234567890', '', 'Motihari', 'P17090130', '96bcc3886898c1b1c79a0d56848ab90d72f9d795f52f2357cd50b7f1f51e61a1f372aa6bf252fa9eb19f0aa18f0ef8f440af743415535d53ea0ec53f8784d5ab', 'Y', '2018-12-27 00:00:00'),
(124, 21, 'SUU5FF2', 'Manoj Kumar Singh', 'parent@snsiti.com', '1234567890', '', 'Motihari', 'P17090131', '96bcc3886898c1b1c79a0d56848ab90d72f9d795f52f2357cd50b7f1f51e61a1f372aa6bf252fa9eb19f0aa18f0ef8f440af743415535d53ea0ec53f8784d5ab', 'Y', '2018-12-27 00:00:00'),
(125, 21, 'SUU5FF2', 'Ramjee Thakur', 'parent@snsiti.com', '1234567890', '', 'Motihari', 'P17090132', '96bcc3886898c1b1c79a0d56848ab90d72f9d795f52f2357cd50b7f1f51e61a1f372aa6bf252fa9eb19f0aa18f0ef8f440af743415535d53ea0ec53f8784d5ab', 'Y', '2018-12-27 00:00:00'),
(126, 21, 'SUU5FF2', 'Baijnath Prasad', 'parent@snsiti.com', '1234567890', '', 'Motihari', 'P17090133', '96bcc3886898c1b1c79a0d56848ab90d72f9d795f52f2357cd50b7f1f51e61a1f372aa6bf252fa9eb19f0aa18f0ef8f440af743415535d53ea0ec53f8784d5ab', 'Y', '2018-12-27 00:00:00'),
(127, 21, 'SUU5FF2', 'Harivansh Sukla', 'parent@snsiti.com', '1234567890', '', 'Motihari', 'P17090134', '96bcc3886898c1b1c79a0d56848ab90d72f9d795f52f2357cd50b7f1f51e61a1f372aa6bf252fa9eb19f0aa18f0ef8f440af743415535d53ea0ec53f8784d5ab', 'Y', '2018-12-27 00:00:00'),
(128, 21, 'SUU5FF2', 'Shivbalak Thakur ', 'parent@snsiti.com', '1234567890', '', 'Motihari', 'P17090135', '96bcc3886898c1b1c79a0d56848ab90d72f9d795f52f2357cd50b7f1f51e61a1f372aa6bf252fa9eb19f0aa18f0ef8f440af743415535d53ea0ec53f8784d5ab', 'Y', '2018-12-27 00:00:00'),
(129, 21, 'SUU5FF2', 'Mohan Lal Sah', 'parent@snsiti.com', '1234567890', '', 'Motihari', 'P17090136', '96bcc3886898c1b1c79a0d56848ab90d72f9d795f52f2357cd50b7f1f51e61a1f372aa6bf252fa9eb19f0aa18f0ef8f440af743415535d53ea0ec53f8784d5ab', 'Y', '2018-12-27 00:00:00'),
(130, 21, 'SUU5FF2', 'Rajendra Patel ', 'parent@snsiti.com', '1234567890', '', 'Motihari', 'P17090137', '96bcc3886898c1b1c79a0d56848ab90d72f9d795f52f2357cd50b7f1f51e61a1f372aa6bf252fa9eb19f0aa18f0ef8f440af743415535d53ea0ec53f8784d5ab', 'Y', '2018-12-27 00:00:00'),
(131, 21, 'SUU5FF2', 'Ramdhyan Baitha', 'parent@snsiti.com', '1234567890', '', 'Motihari', 'P17090138', '96bcc3886898c1b1c79a0d56848ab90d72f9d795f52f2357cd50b7f1f51e61a1f372aa6bf252fa9eb19f0aa18f0ef8f440af743415535d53ea0ec53f8784d5ab', 'Y', '2018-12-27 00:00:00'),
(132, 21, 'SUU5FF2', 'Md Tahir Hussain', 'parent@snsiti.com', '1234567890', '', 'Motihari', 'P17090139', '96bcc3886898c1b1c79a0d56848ab90d72f9d795f52f2357cd50b7f1f51e61a1f372aa6bf252fa9eb19f0aa18f0ef8f440af743415535d53ea0ec53f8784d5ab', 'Y', '2018-12-27 00:00:00'),
(133, 21, 'SUU5FF2', 'Shivnath Ram', 'parent@snsiti.com', '1234567890', '', 'Motihari', 'P17090140', '96bcc3886898c1b1c79a0d56848ab90d72f9d795f52f2357cd50b7f1f51e61a1f372aa6bf252fa9eb19f0aa18f0ef8f440af743415535d53ea0ec53f8784d5ab', 'Y', '2018-12-27 00:00:00'),
(134, 21, 'SUU5FF2', 'Ravindra Nath Tiwari', 'parent@snsiti.com', '1234567890', '', 'Motihari', 'P17090141', '96bcc3886898c1b1c79a0d56848ab90d72f9d795f52f2357cd50b7f1f51e61a1f372aa6bf252fa9eb19f0aa18f0ef8f440af743415535d53ea0ec53f8784d5ab', 'Y', '2018-12-27 00:00:00'),
(135, 21, 'SUU5FF2', 'Sakal Dew Sahani', 'parent@snsiti.com', '1234567890', '', 'Motihari', 'P17090142', '96bcc3886898c1b1c79a0d56848ab90d72f9d795f52f2357cd50b7f1f51e61a1f372aa6bf252fa9eb19f0aa18f0ef8f440af743415535d53ea0ec53f8784d5ab', 'Y', '2018-12-27 00:00:00'),
(136, 21, 'SUU5FF2', 'Harishchandra Yadav', 'parent@snsiti.com', '1234567890', '', 'Motihari', 'P17090143', '96bcc3886898c1b1c79a0d56848ab90d72f9d795f52f2357cd50b7f1f51e61a1f372aa6bf252fa9eb19f0aa18f0ef8f440af743415535d53ea0ec53f8784d5ab', 'Y', '2018-12-27 00:00:00'),
(137, 21, 'SUU5FF2', 'Manindra Kishor Singh', 'parent@snsiti.com', '1234567890', '', 'Motihari', 'P17090144', '96bcc3886898c1b1c79a0d56848ab90d72f9d795f52f2357cd50b7f1f51e61a1f372aa6bf252fa9eb19f0aa18f0ef8f440af743415535d53ea0ec53f8784d5ab', 'Y', '2018-12-27 00:00:00'),
(138, 21, 'SUU5FF2', 'Badri Yadav', 'parent@snsiti.com', '1234567890', '', 'Motihari', 'P17090145', '96bcc3886898c1b1c79a0d56848ab90d72f9d795f52f2357cd50b7f1f51e61a1f372aa6bf252fa9eb19f0aa18f0ef8f440af743415535d53ea0ec53f8784d5ab', 'Y', '2018-12-27 00:00:00'),
(139, 21, 'SUU5FF2', 'Rameshwar Singh', 'parent@snsiti.com', '1234567890', '', 'Motihari', 'P17090146', '96bcc3886898c1b1c79a0d56848ab90d72f9d795f52f2357cd50b7f1f51e61a1f372aa6bf252fa9eb19f0aa18f0ef8f440af743415535d53ea0ec53f8784d5ab', 'Y', '2018-12-27 00:00:00'),
(140, 21, 'SUU5FF2', 'Sachidanand Satyarthi', 'parent@snsiti.com', '1234567890', '', 'Motihari', 'P17090147', '96bcc3886898c1b1c79a0d56848ab90d72f9d795f52f2357cd50b7f1f51e61a1f372aa6bf252fa9eb19f0aa18f0ef8f440af743415535d53ea0ec53f8784d5ab', 'Y', '2018-12-27 00:00:00'),
(141, 21, 'SUU5FF2', 'Haidar Ali', 'parent@snsiti.com', '1234567890', '', 'Motihari', 'P17090148', '96bcc3886898c1b1c79a0d56848ab90d72f9d795f52f2357cd50b7f1f51e61a1f372aa6bf252fa9eb19f0aa18f0ef8f440af743415535d53ea0ec53f8784d5ab', 'Y', '2018-12-27 00:00:00'),
(142, 21, 'SUU5FF2', 'Nagendra Pandey', 'parent@snsiti.com', '1234567890', '', 'Motihari', 'P17090149', '96bcc3886898c1b1c79a0d56848ab90d72f9d795f52f2357cd50b7f1f51e61a1f372aa6bf252fa9eb19f0aa18f0ef8f440af743415535d53ea0ec53f8784d5ab', 'Y', '2018-12-27 00:00:00'),
(143, 21, 'SUU5FF2', 'Ajay Kumar', 'parent@snsiti.com', '1234567890', '', 'Motihari', 'P17090215', '96bcc3886898c1b1c79a0d56848ab90d72f9d795f52f2357cd50b7f1f51e61a1f372aa6bf252fa9eb19f0aa18f0ef8f440af743415535d53ea0ec53f8784d5ab', 'Y', '2018-12-27 00:00:00'),
(144, 21, 'SUU5FF2', 'Kamal Dev Giri', 'parent@snsiti.com', '1234567890', '', 'Motihari', 'P17090151', '96bcc3886898c1b1c79a0d56848ab90d72f9d795f52f2357cd50b7f1f51e61a1f372aa6bf252fa9eb19f0aa18f0ef8f440af743415535d53ea0ec53f8784d5ab', 'Y', '2018-12-27 00:00:00'),
(145, 21, 'SUU5FF2', 'Radheshyam Prasad', 'parent@snsiti.com', '1234567890', '', 'Motihari', 'P17090152', '96bcc3886898c1b1c79a0d56848ab90d72f9d795f52f2357cd50b7f1f51e61a1f372aa6bf252fa9eb19f0aa18f0ef8f440af743415535d53ea0ec53f8784d5ab', 'Y', '2018-12-27 00:00:00'),
(146, 21, 'SUU5FF2', 'Ram Prawesh Sah', 'parent@snsiti.com', '1234567890', '', 'Motihari', 'P17090153', '96bcc3886898c1b1c79a0d56848ab90d72f9d795f52f2357cd50b7f1f51e61a1f372aa6bf252fa9eb19f0aa18f0ef8f440af743415535d53ea0ec53f8784d5ab', 'Y', '2018-12-27 00:00:00'),
(147, 21, 'SUU5FF2', 'Ramesh Das', 'parent@snsiti.com', '1234567890', '', 'Motihari', 'P17090155', '96bcc3886898c1b1c79a0d56848ab90d72f9d795f52f2357cd50b7f1f51e61a1f372aa6bf252fa9eb19f0aa18f0ef8f440af743415535d53ea0ec53f8784d5ab', 'Y', '2018-12-27 00:00:00'),
(148, 21, 'SUU5FF2', 'Bunnilal Paswan', 'parent@snsiti.com', '1234567890', '', 'Motihari', 'P17090156', '96bcc3886898c1b1c79a0d56848ab90d72f9d795f52f2357cd50b7f1f51e61a1f372aa6bf252fa9eb19f0aa18f0ef8f440af743415535d53ea0ec53f8784d5ab', 'Y', '2018-12-27 00:00:00'),
(149, 21, 'SUU5FF2', 'Sri Raj Kumar', 'parent@snsiti.com', '1234567890', '', 'Motihari', 'P17090157', '96bcc3886898c1b1c79a0d56848ab90d72f9d795f52f2357cd50b7f1f51e61a1f372aa6bf252fa9eb19f0aa18f0ef8f440af743415535d53ea0ec53f8784d5ab', 'Y', '2018-12-27 00:00:00'),
(150, 21, 'SUU5FF2', 'Upendra Singh', 'parent@snsiti.com', '1234567890', '', 'Motihari', 'P17090158', '96bcc3886898c1b1c79a0d56848ab90d72f9d795f52f2357cd50b7f1f51e61a1f372aa6bf252fa9eb19f0aa18f0ef8f440af743415535d53ea0ec53f8784d5ab', 'Y', '2018-12-27 00:00:00'),
(151, 21, 'SUU5FF2', 'Shahid Akthar', 'parent@snsiti.com', '1234567890', '', 'Motihari', 'P17090159', '96bcc3886898c1b1c79a0d56848ab90d72f9d795f52f2357cd50b7f1f51e61a1f372aa6bf252fa9eb19f0aa18f0ef8f440af743415535d53ea0ec53f8784d5ab', 'Y', '2018-12-27 00:00:00'),
(152, 21, 'SUU5FF2', 'Mukhtar Prasad', 'parent@snsiti.com', '1234567890', '', 'Motihari', 'P17090160', '96bcc3886898c1b1c79a0d56848ab90d72f9d795f52f2357cd50b7f1f51e61a1f372aa6bf252fa9eb19f0aa18f0ef8f440af743415535d53ea0ec53f8784d5ab', 'Y', '2018-12-27 00:00:00'),
(153, 21, 'SUU5FF2', 'Suryadev Kunar', 'parent@snsiti.com', '1234567890', '', 'Motihari', 'P17090161', '96bcc3886898c1b1c79a0d56848ab90d72f9d795f52f2357cd50b7f1f51e61a1f372aa6bf252fa9eb19f0aa18f0ef8f440af743415535d53ea0ec53f8784d5ab', 'Y', '2018-12-27 00:00:00'),
(154, 21, 'SUU5FF2', 'Yogendra Pathak', 'parent@snsiti.com', '1234567890', '', 'Motihari', 'P17090162', '96bcc3886898c1b1c79a0d56848ab90d72f9d795f52f2357cd50b7f1f51e61a1f372aa6bf252fa9eb19f0aa18f0ef8f440af743415535d53ea0ec53f8784d5ab', 'Y', '2018-12-27 00:00:00'),
(155, 21, 'SUU5FF2', 'Vinod Kumar Singh', 'parent@snsiti.com', '1234567890', '', 'Motihari', 'P17090163', '96bcc3886898c1b1c79a0d56848ab90d72f9d795f52f2357cd50b7f1f51e61a1f372aa6bf252fa9eb19f0aa18f0ef8f440af743415535d53ea0ec53f8784d5ab', 'Y', '2018-12-27 00:00:00'),
(156, 21, 'SUU5FF2', 'Brajmohan Giri', 'parent@snsiti.com', '1234567890', '', 'Motihari', 'P17090164', '96bcc3886898c1b1c79a0d56848ab90d72f9d795f52f2357cd50b7f1f51e61a1f372aa6bf252fa9eb19f0aa18f0ef8f440af743415535d53ea0ec53f8784d5ab', 'Y', '2018-12-27 00:00:00'),
(157, 21, 'SUU5FF2', 'Harendra Pandey', 'parent@snsiti.com', '1234567890', '', 'Motihari', 'P17090165', '96bcc3886898c1b1c79a0d56848ab90d72f9d795f52f2357cd50b7f1f51e61a1f372aa6bf252fa9eb19f0aa18f0ef8f440af743415535d53ea0ec53f8784d5ab', 'Y', '2018-12-27 00:00:00'),
(158, 21, 'SUU5FF2', 'Nandlal Thakur', 'parent@snsiti.com', '1234567890', '', 'Motihari', 'P17090166', '96bcc3886898c1b1c79a0d56848ab90d72f9d795f52f2357cd50b7f1f51e61a1f372aa6bf252fa9eb19f0aa18f0ef8f440af743415535d53ea0ec53f8784d5ab', 'Y', '2018-12-27 00:00:00'),
(159, 21, 'SUU5FF2', 'Chandrashekhar Sharma', 'parent@snsiti.com', '1234567890', '', 'Motihari', 'P17090214', '96bcc3886898c1b1c79a0d56848ab90d72f9d795f52f2357cd50b7f1f51e61a1f372aa6bf252fa9eb19f0aa18f0ef8f440af743415535d53ea0ec53f8784d5ab', 'Y', '2018-12-27 00:00:00'),
(160, 21, 'SUU5FF2', 'Krishna Prasad', 'parent@snsiti.com', '1234567890', '', 'Motihari', 'P17090168', '96bcc3886898c1b1c79a0d56848ab90d72f9d795f52f2357cd50b7f1f51e61a1f372aa6bf252fa9eb19f0aa18f0ef8f440af743415535d53ea0ec53f8784d5ab', 'Y', '2018-12-27 00:00:00'),
(161, 21, 'SUU5FF2', 'Deenanath Pandey', 'parent@snsiti.com', '1234567890', '', 'Motihari', 'P17090169', '96bcc3886898c1b1c79a0d56848ab90d72f9d795f52f2357cd50b7f1f51e61a1f372aa6bf252fa9eb19f0aa18f0ef8f440af743415535d53ea0ec53f8784d5ab', 'Y', '2018-12-27 00:00:00'),
(162, 21, 'SUU5FF2', 'Arun Kumar Chaubey', 'parent@snsiti.com', '1234567890', '', 'Motihari', 'P17090170', '96bcc3886898c1b1c79a0d56848ab90d72f9d795f52f2357cd50b7f1f51e61a1f372aa6bf252fa9eb19f0aa18f0ef8f440af743415535d53ea0ec53f8784d5ab', 'Y', '2018-12-27 00:00:00'),
(163, 21, 'SUU5FF2', 'Rajendra Prasad Yadav', 'parent@snsiti.com', '1234567890', '', 'Motihari', 'P17090171', '96bcc3886898c1b1c79a0d56848ab90d72f9d795f52f2357cd50b7f1f51e61a1f372aa6bf252fa9eb19f0aa18f0ef8f440af743415535d53ea0ec53f8784d5ab', 'Y', '2018-12-27 00:00:00'),
(164, 21, 'SUU5FF2', 'Ram Narayan Singh', 'parent@snsiti.com', '1234567890', '', 'Motihari', 'P17090173', '96bcc3886898c1b1c79a0d56848ab90d72f9d795f52f2357cd50b7f1f51e61a1f372aa6bf252fa9eb19f0aa18f0ef8f440af743415535d53ea0ec53f8784d5ab', 'Y', '2018-12-27 00:00:00'),
(165, 21, 'SUU5FF2', 'Kamal Prasad Kushwaha', 'parent@snsiti.com', '1234567890', '', 'Motihari', 'P17090175', '96bcc3886898c1b1c79a0d56848ab90d72f9d795f52f2357cd50b7f1f51e61a1f372aa6bf252fa9eb19f0aa18f0ef8f440af743415535d53ea0ec53f8784d5ab', 'Y', '2018-12-27 00:00:00'),
(166, 21, 'SUU5FF2', 'Jhulan Prasad', 'parent@snsiti.com', '1234567890', '', 'Motihari', 'P17090176', '96bcc3886898c1b1c79a0d56848ab90d72f9d795f52f2357cd50b7f1f51e61a1f372aa6bf252fa9eb19f0aa18f0ef8f440af743415535d53ea0ec53f8784d5ab', 'Y', '2018-12-27 00:00:00'),
(167, 21, 'SUU5FF2', 'Motilal Sah', 'parent@snsiti.com', '1234567890', '', 'Motihari', 'P17090174', '96bcc3886898c1b1c79a0d56848ab90d72f9d795f52f2357cd50b7f1f51e61a1f372aa6bf252fa9eb19f0aa18f0ef8f440af743415535d53ea0ec53f8784d5ab', 'Y', '2018-12-27 00:00:00'),
(168, 21, 'SUU5FF2', 'Sipahi Yadav', 'parent@snsiti.com', '1234567890', '', 'Motihari', 'P17090177', '96bcc3886898c1b1c79a0d56848ab90d72f9d795f52f2357cd50b7f1f51e61a1f372aa6bf252fa9eb19f0aa18f0ef8f440af743415535d53ea0ec53f8784d5ab', 'Y', '2018-12-27 00:00:00'),
(169, 21, 'SUU5FF2', 'Sudheer Singh', 'parent@snsiti.com', '1234567890', '', 'Motihari', 'P17090178', '96bcc3886898c1b1c79a0d56848ab90d72f9d795f52f2357cd50b7f1f51e61a1f372aa6bf252fa9eb19f0aa18f0ef8f440af743415535d53ea0ec53f8784d5ab', 'Y', '2018-12-27 00:00:00'),
(170, 21, 'SUU5FF2', 'Ravindra Nath Tiwari', 'parent@snsiti.com', '1234567890', '', 'Motihari', 'P17090179', '96bcc3886898c1b1c79a0d56848ab90d72f9d795f52f2357cd50b7f1f51e61a1f372aa6bf252fa9eb19f0aa18f0ef8f440af743415535d53ea0ec53f8784d5ab', 'Y', '2018-12-27 00:00:00'),
(171, 21, 'SUU5FF2', 'Ram Barai Thakur', 'parent@snsiti.com', '1234567890', '', 'Motihari', 'P17090172', '96bcc3886898c1b1c79a0d56848ab90d72f9d795f52f2357cd50b7f1f51e61a1f372aa6bf252fa9eb19f0aa18f0ef8f440af743415535d53ea0ec53f8784d5ab', 'Y', '2018-12-27 00:00:00'),
(172, 21, 'SUU5FF2', 'Ramekbal Singh', 'parent@snsiti.com', '1234567890', '', 'Motihari', 'P17090180', '96bcc3886898c1b1c79a0d56848ab90d72f9d795f52f2357cd50b7f1f51e61a1f372aa6bf252fa9eb19f0aa18f0ef8f440af743415535d53ea0ec53f8784d5ab', 'Y', '2018-12-27 00:00:00'),
(173, 21, 'SUU5FF2', 'Sanjay Kumar Singh', 'parent@snsiti.com', '1234567890', '', 'Motihari', 'P17090181', '96bcc3886898c1b1c79a0d56848ab90d72f9d795f52f2357cd50b7f1f51e61a1f372aa6bf252fa9eb19f0aa18f0ef8f440af743415535d53ea0ec53f8784d5ab', 'Y', '2018-12-27 00:00:00'),
(174, 21, 'SUU5FF2', 'Rajesh Tiwari', 'parent@snsiti.com', '1234567890', '', 'Motihari', 'P17090183', '96bcc3886898c1b1c79a0d56848ab90d72f9d795f52f2357cd50b7f1f51e61a1f372aa6bf252fa9eb19f0aa18f0ef8f440af743415535d53ea0ec53f8784d5ab', 'Y', '2018-12-27 00:00:00'),
(175, 21, 'SUU5FF2', 'Shyam Sundar Gupta', 'parent@snsiti.com', '1234567890', '', 'Motihari', 'P17090184', '96bcc3886898c1b1c79a0d56848ab90d72f9d795f52f2357cd50b7f1f51e61a1f372aa6bf252fa9eb19f0aa18f0ef8f440af743415535d53ea0ec53f8784d5ab', 'Y', '2018-12-27 00:00:00'),
(176, 21, 'SUU5FF2', 'Vijay Kumar', 'parent@snsiti.com', '1234567890', '', 'Motihari', 'P17090185', '96bcc3886898c1b1c79a0d56848ab90d72f9d795f52f2357cd50b7f1f51e61a1f372aa6bf252fa9eb19f0aa18f0ef8f440af743415535d53ea0ec53f8784d5ab', 'Y', '2018-12-27 00:00:00'),
(177, 21, 'SUU5FF2', 'Anil Kumar Mishra', 'parent@snsiti.com', '1234567890', '', 'Motihari', 'P17090186', '96bcc3886898c1b1c79a0d56848ab90d72f9d795f52f2357cd50b7f1f51e61a1f372aa6bf252fa9eb19f0aa18f0ef8f440af743415535d53ea0ec53f8784d5ab', 'Y', '2018-12-27 00:00:00'),
(178, 21, 'SUU5FF2', 'Daroga Prasad Yadav', 'parent@snsiti.com', '1234567890', '', 'Motihari', 'P17090187', '96bcc3886898c1b1c79a0d56848ab90d72f9d795f52f2357cd50b7f1f51e61a1f372aa6bf252fa9eb19f0aa18f0ef8f440af743415535d53ea0ec53f8784d5ab', 'Y', '2018-12-27 00:00:00'),
(179, 21, 'SUU5FF2', 'Brijkishore Dwivedy', 'parent@snsiti.com', '1234567890', '', 'Motihari', 'P17090188', '96bcc3886898c1b1c79a0d56848ab90d72f9d795f52f2357cd50b7f1f51e61a1f372aa6bf252fa9eb19f0aa18f0ef8f440af743415535d53ea0ec53f8784d5ab', 'Y', '2018-12-27 00:00:00'),
(180, 21, 'SUU5FF2', 'Chandra Mohan Singh', 'parent@snsiti.com', '1234567890', '', 'Motihari', 'P17090189', '96bcc3886898c1b1c79a0d56848ab90d72f9d795f52f2357cd50b7f1f51e61a1f372aa6bf252fa9eb19f0aa18f0ef8f440af743415535d53ea0ec53f8784d5ab', 'Y', '2018-12-27 00:00:00'),
(181, 21, 'SUU5FF2', 'Nawal Kishor Prasad', 'parent@snsiti.com', '1234567890', '', 'Motihari', 'P17090190', '96bcc3886898c1b1c79a0d56848ab90d72f9d795f52f2357cd50b7f1f51e61a1f372aa6bf252fa9eb19f0aa18f0ef8f440af743415535d53ea0ec53f8784d5ab', 'Y', '2018-12-27 00:00:00'),
(182, 21, 'SUU5FF2', 'Awadhesh Kumar Dubey', 'parent@snsiti.com', '1234567890', '', 'Motihari', 'P17090191', '96bcc3886898c1b1c79a0d56848ab90d72f9d795f52f2357cd50b7f1f51e61a1f372aa6bf252fa9eb19f0aa18f0ef8f440af743415535d53ea0ec53f8784d5ab', 'Y', '2018-12-27 00:00:00'),
(183, 21, 'SUU5FF2', 'Ramjee Prasad', 'parent@snsiti.com', '1234567890', '', 'Motihari', 'P17090192', '96bcc3886898c1b1c79a0d56848ab90d72f9d795f52f2357cd50b7f1f51e61a1f372aa6bf252fa9eb19f0aa18f0ef8f440af743415535d53ea0ec53f8784d5ab', 'Y', '2018-12-27 00:00:00'),
(184, 21, 'SUU5FF2', 'Gireesh Kumar Tiwari', 'parent@snsiti.com', '1234567890', '', 'Motihari', 'P17090197', '96bcc3886898c1b1c79a0d56848ab90d72f9d795f52f2357cd50b7f1f51e61a1f372aa6bf252fa9eb19f0aa18f0ef8f440af743415535d53ea0ec53f8784d5ab', 'Y', '2018-12-27 00:00:00'),
(185, 21, 'SUU5FF2', 'Navin Kumar Shivastava', 'parent@snsiti.com', '1234567890', '', 'Motihari', 'P17090193', '96bcc3886898c1b1c79a0d56848ab90d72f9d795f52f2357cd50b7f1f51e61a1f372aa6bf252fa9eb19f0aa18f0ef8f440af743415535d53ea0ec53f8784d5ab', 'Y', '2018-12-27 00:00:00'),
(186, 21, 'SUU5FF2', 'Ram Dayal Singh', 'parent@snsiti.com', '1234567890', '', 'Motihari', 'P17090196', '96bcc3886898c1b1c79a0d56848ab90d72f9d795f52f2357cd50b7f1f51e61a1f372aa6bf252fa9eb19f0aa18f0ef8f440af743415535d53ea0ec53f8784d5ab', 'Y', '2018-12-27 00:00:00'),
(187, 21, 'SUU5FF2', 'Arvind Sharma', 'parent@snsiti.com', '1234567890', '', 'Motihari', 'P17090200', '96bcc3886898c1b1c79a0d56848ab90d72f9d795f52f2357cd50b7f1f51e61a1f372aa6bf252fa9eb19f0aa18f0ef8f440af743415535d53ea0ec53f8784d5ab', 'Y', '2018-12-27 00:00:00'),
(188, 21, 'SUU5FF2', 'Indu Bhushan Singh', 'parent@snsiti.com', '1234567890', '', 'Motihari', 'P17090198', '96bcc3886898c1b1c79a0d56848ab90d72f9d795f52f2357cd50b7f1f51e61a1f372aa6bf252fa9eb19f0aa18f0ef8f440af743415535d53ea0ec53f8784d5ab', 'Y', '2018-12-27 00:00:00'),
(189, 21, 'SUU5FF2', 'Ashok Kumar Hajra', 'parent@snsiti.com', '1234567890', '', 'Motihari', 'P17090201', '96bcc3886898c1b1c79a0d56848ab90d72f9d795f52f2357cd50b7f1f51e61a1f372aa6bf252fa9eb19f0aa18f0ef8f440af743415535d53ea0ec53f8784d5ab', 'Y', '2018-12-27 00:00:00');
INSERT INTO `parent` (`parentID`, `schoolID`, `school_code`, `name`, `email`, `phone`, `image`, `address`, `username`, `password`, `is_active`, `added_on`) VALUES
(190, 21, 'SUU5FF2', 'Rameshwar Sah', 'parent@snsiti.com', '1234567890', '', 'Motihari', 'P17090202', '96bcc3886898c1b1c79a0d56848ab90d72f9d795f52f2357cd50b7f1f51e61a1f372aa6bf252fa9eb19f0aa18f0ef8f440af743415535d53ea0ec53f8784d5ab', 'Y', '2018-12-27 00:00:00'),
(191, 21, 'SUU5FF2', 'Shyam Sundar Baitha', 'parent@snsiti.com', '1234567890', '', 'Motihari', 'P17090195', '96bcc3886898c1b1c79a0d56848ab90d72f9d795f52f2357cd50b7f1f51e61a1f372aa6bf252fa9eb19f0aa18f0ef8f440af743415535d53ea0ec53f8784d5ab', 'Y', '2018-12-27 00:00:00'),
(192, 21, 'SUU5FF2', 'Lt.Ramesh Mishra', 'parent@snsiti.com', '1234567890', '', 'Motihari', 'P17090203', '96bcc3886898c1b1c79a0d56848ab90d72f9d795f52f2357cd50b7f1f51e61a1f372aa6bf252fa9eb19f0aa18f0ef8f440af743415535d53ea0ec53f8784d5ab', 'Y', '2018-12-27 00:00:00'),
(193, 21, 'SUU5FF2', 'Harendra Singh', 'parent@snsiti.com', '1234567890', '', 'Motihari', 'P17090204', '96bcc3886898c1b1c79a0d56848ab90d72f9d795f52f2357cd50b7f1f51e61a1f372aa6bf252fa9eb19f0aa18f0ef8f440af743415535d53ea0ec53f8784d5ab', 'Y', '2018-12-27 00:00:00'),
(194, 21, 'SUU5FF2', 'Lt.Anjani Prasad Shrivastava', 'parent@snsiti.com', '1234567890', '', 'Motihari', 'P17090206', '96bcc3886898c1b1c79a0d56848ab90d72f9d795f52f2357cd50b7f1f51e61a1f372aa6bf252fa9eb19f0aa18f0ef8f440af743415535d53ea0ec53f8784d5ab', 'Y', '2018-12-27 00:00:00'),
(195, 21, 'SUU5FF2', 'Chandrika Prasad Singh', 'parent@snsiti.com', '1234567890', '', 'Motihari', 'P17090208', '96bcc3886898c1b1c79a0d56848ab90d72f9d795f52f2357cd50b7f1f51e61a1f372aa6bf252fa9eb19f0aa18f0ef8f440af743415535d53ea0ec53f8784d5ab', 'Y', '2018-12-27 00:00:00'),
(196, 21, 'SUU5FF2', 'Niwas Tiwari', 'parent@snsiti.com', '1234567890', '', 'Motihari', 'P17090213', '96bcc3886898c1b1c79a0d56848ab90d72f9d795f52f2357cd50b7f1f51e61a1f372aa6bf252fa9eb19f0aa18f0ef8f440af743415535d53ea0ec53f8784d5ab', 'Y', '2018-12-27 00:00:00'),
(197, 21, 'SUU5FF2', 'Shri Narayan Singh', 'parent@snsiti.com', '1234567890', '', 'Motihari', 'P17090210', '96bcc3886898c1b1c79a0d56848ab90d72f9d795f52f2357cd50b7f1f51e61a1f372aa6bf252fa9eb19f0aa18f0ef8f440af743415535d53ea0ec53f8784d5ab', 'Y', '2018-12-27 00:00:00'),
(198, 21, 'SUU5FF2', 'Rajesh Kumar', 'parent@snsiti.com', '1234567890', '', 'Motihari', 'P17090211', '96bcc3886898c1b1c79a0d56848ab90d72f9d795f52f2357cd50b7f1f51e61a1f372aa6bf252fa9eb19f0aa18f0ef8f440af743415535d53ea0ec53f8784d5ab', 'Y', '2018-12-27 00:00:00'),
(199, 21, 'SUU5FF2', 'Shri Vinay Kumar Chubey', 'parent@snsiti.com', '1234567890', '', 'Motihari', 'P17090207', '96bcc3886898c1b1c79a0d56848ab90d72f9d795f52f2357cd50b7f1f51e61a1f372aa6bf252fa9eb19f0aa18f0ef8f440af743415535d53ea0ec53f8784d5ab', 'Y', '2018-12-27 00:00:00'),
(200, 21, 'SUU5FF2', 'Ratan Lal Sharma', 'parent@snsiti.com', '1234567890', '', 'Motihari', 'P17090212', '96bcc3886898c1b1c79a0d56848ab90d72f9d795f52f2357cd50b7f1f51e61a1f372aa6bf252fa9eb19f0aa18f0ef8f440af743415535d53ea0ec53f8784d5ab', 'Y', '2018-12-27 00:00:00'),
(201, 28, 'AK3Y3K0', 'Rakesh Ranjan', 'rakesh@gmail.com', '7543015219', NULL, 'Patna , Patna , Bihar, 800001', 'RAML7ZG', '96bcc3886898c1b1c79a0d56848ab90d72f9d795f52f2357cd50b7f1f51e61a1f372aa6bf252fa9eb19f0aa18f0ef8f440af743415535d53ea0ec53f8784d5ab', 'Y', '2019-01-08 08:43:26'),
(202, 2, 'ARHN86O', 'Parent1', 'parent@gmail.com', '9350943816', NULL, 'hshshdh, hsshsh, hshzhhs, 979798', 'PAWFXOL', 'aaf956a9e183479db749bfed49a7200e7a70f820e420edcd85c487fa7f596805e1bae72263d95ddc9f008d7695dc0a838ca4c5f70c2695b203c2d77d7fe5d292', 'Y', '2019-01-15 12:07:34'),
(203, 2, 'ARHN86O', 'parent2', 'parent@gmail.com', '9350943816', NULL, 'aggsgs, gsgshs, syysys, 54545', 'PAQT0U6', 'aaf956a9e183479db749bfed49a7200e7a70f820e420edcd85c487fa7f596805e1bae72263d95ddc9f008d7695dc0a838ca4c5f70c2695b203c2d77d7fe5d292', 'Y', '2019-01-16 15:15:42'),
(204, 2, 'ARHN86O', 'Parent1', 'parent@gmail.com', '9350943816', '', 'hshshdh, hsshsh, hshzhhs, 979798', 'PAWFXOL', 'aaf956a9e183479db749bfed49a7200e7a70f820e420edcd85c487fa7f596805e1bae72263d95ddc9f008d7695dc0a838ca4c5f70c2695b203c2d77d7fe5d292', 'Y', '2019-01-15 12:07:34'),
(205, 2, 'ARHN86O', 'Parent2', 'parent@parent.com', '7809012352', NULL, 'Manas Vihar Colony, Sarvodaya Nagar, Lucknow, Uttar Pradesh, 226016', 'PAAGNFC', 'aaf956a9e183479db749bfed49a7200e7a70f820e420edcd85c487fa7f596805e1bae72263d95ddc9f008d7695dc0a838ca4c5f70c2695b203c2d77d7fe5d292', 'Y', '2019-01-16 16:02:48'),
(206, 57, 'ARHFJL2', 'rajat pathak', 'rajat@gmail.com', '7903003123', NULL, 'balia, , , ', 'RAFWYBE', '013a6148593cd993b38aa6f8538439292fba4d9d03d54ea1d560b756f5d0c9fb59b6bd05ba46c6a41467b40a032dc6640706bd84b7c772c316d2caaaa3200bb0', 'Y', '2019-01-30 15:07:52'),
(207, 57, 'ARHFJL2', 'mahboob alam', 'mahboobalam1235a@gmail.com', '7903003123', NULL, 'gopalpur, , , ', 'MABZ7UP', '013a6148593cd993b38aa6f8538439292fba4d9d03d54ea1d560b756f5d0c9fb59b6bd05ba46c6a41467b40a032dc6640706bd84b7c772c316d2caaaa3200bb0', 'Y', '2019-01-30 15:12:04'),
(208, 57, 'ARHFJL2', 'shashi mahto', 'shashimahto@gmail.com', '7903003123', NULL, 'gopalganj, , , ', 'SHYUDFM', '013a6148593cd993b38aa6f8538439292fba4d9d03d54ea1d560b756f5d0c9fb59b6bd05ba46c6a41467b40a032dc6640706bd84b7c772c316d2caaaa3200bb0', 'Y', '2019-01-31 00:16:26'),
(209, 57, 'ARHFJL2', 'mahadeo prasad', 'mahadeo23@gmail.com', '7903003123', NULL, 'gopalganj, , , ', 'MAEW67P', '013a6148593cd993b38aa6f8538439292fba4d9d03d54ea1d560b756f5d0c9fb59b6bd05ba46c6a41467b40a032dc6640706bd84b7c772c316d2caaaa3200bb0', 'Y', '2019-02-05 00:40:30'),
(210, 57, 'ARHFJL2', 'mahadeo prasad', 'mahadeo23@gmail.com', '7903003123', NULL, 'gopalganj, , , ', 'MAYWY2F', '013a6148593cd993b38aa6f8538439292fba4d9d03d54ea1d560b756f5d0c9fb59b6bd05ba46c6a41467b40a032dc6640706bd84b7c772c316d2caaaa3200bb0', 'Y', '2019-02-05 00:40:51'),
(211, 57, 'ARHFJL2', 'mahadeo prasad', 'mahadeo23@gmail.com', '7903003123', NULL, 'gopalganj, , , ', 'MANQHNH', '013a6148593cd993b38aa6f8538439292fba4d9d03d54ea1d560b756f5d0c9fb59b6bd05ba46c6a41467b40a032dc6640706bd84b7c772c316d2caaaa3200bb0', 'Y', '2019-02-05 00:41:28'),
(212, 1, 'HAK9KF8', 'test arvind', 'arvind9227@gmail.com', '7011036618', NULL, 'test, test, test, 201206', 'TEKSMDC', '96bcc3886898c1b1c79a0d56848ab90d72f9d795f52f2357cd50b7f1f51e61a1f372aa6bf252fa9eb19f0aa18f0ef8f440af743415535d53ea0ec53f8784d5ab', 'Y', '2021-11-26 15:55:49');

-- --------------------------------------------------------

--
-- Table structure for table `poll`
--

CREATE TABLE `poll` (
  `pollID` int(11) NOT NULL,
  `schoolID` int(11) NOT NULL,
  `question` varchar(255) NOT NULL,
  `ques_type` enum('open','option','voting','scale') NOT NULL,
  `options` varchar(255) DEFAULT NULL,
  `start_date` date NOT NULL,
  `end_date` date NOT NULL,
  `teacher_allow` varchar(40) DEFAULT NULL,
  `student_allow` varchar(40) DEFAULT NULL,
  `class_allow` varchar(100) DEFAULT NULL,
  `status` enum('Y','N') NOT NULL,
  `added_on` datetime NOT NULL
) ENGINE=MyISAM DEFAULT CHARSET=latin1;

--
-- Dumping data for table `poll`
--

INSERT INTO `poll` (`pollID`, `schoolID`, `question`, `ques_type`, `options`, `start_date`, `end_date`, `teacher_allow`, `student_allow`, `class_allow`, `status`, `added_on`) VALUES
(1, 1, 'Will BJP win 2019 election ?', 'scale', NULL, '2019-02-01', '2019-02-28', NULL, NULL, NULL, 'Y', '2019-02-11 00:00:00'),
(2, 1, 'Who will be Prime Minister of India in 2019 election ?', 'voting', NULL, '2019-02-01', '2019-02-28', NULL, NULL, NULL, 'Y', '2019-02-11 00:00:00'),
(3, 1, 'Who will be Prime Minister of India in 2019 election ?', 'open', NULL, '2019-02-01', '2019-02-28', NULL, NULL, NULL, 'Y', '2019-02-11 00:00:00'),
(4, 1, 'Who will be Prime Minister of India in 2019 election ?', 'option', NULL, '2019-02-01', '2019-02-28', NULL, NULL, NULL, 'Y', '2019-02-11 00:00:00'),
(5, 2, 'Who will be student of the year ?', 'open', NULL, '2019-02-01', '2019-03-06', 'Y', 'Y', '6,7,8,10', 'Y', '2019-02-12 02:48:00'),
(6, 2, 'Who will be former Prime Minister ?', 'option', NULL, '2019-02-01', '2019-02-28', 'Y', 'Y', '6,7,8,10', 'Y', '2019-02-13 10:44:43'),
(7, 57, 'when was UNO organised ?', 'open', NULL, '2019-03-01', '2019-05-01', 'Y', NULL, '45', 'Y', '2019-03-07 12:25:36'),
(8, 114, 'How is the design of this application ?', 'scale', NULL, '2021-12-08', '2021-12-09', 'Y', 'Y', NULL, 'Y', '2021-12-08 03:46:01');

-- --------------------------------------------------------

--
-- Table structure for table `pollanswer`
--

CREATE TABLE `pollanswer` (
  `pollansID` int(11) NOT NULL,
  `pollID` int(11) NOT NULL,
  `usertype` varchar(200) NOT NULL,
  `userID` int(11) NOT NULL,
  `answer` varchar(255) DEFAULT NULL,
  `vote` varchar(11) DEFAULT NULL,
  `added_on` datetime NOT NULL
) ENGINE=MyISAM DEFAULT CHARSET=latin1;

--
-- Dumping data for table `pollanswer`
--

INSERT INTO `pollanswer` (`pollansID`, `pollID`, `usertype`, `userID`, `answer`, `vote`, `added_on`) VALUES
(1, 1, 'school', 1, 'Yes', NULL, '2019-02-11 11:22:18'),
(2, 4, 'school', 2, 'Narendra Modi', NULL, '2019-02-12 16:11:45'),
(3, 3, 'school', 2, 'yes', NULL, '2019-02-12 16:11:51'),
(4, 2, 'school', 2, 'Y', 'Y', '2019-02-12 16:11:55'),
(5, 6, 'student', 2, 'Arvind Kejriwal', NULL, '2019-02-22 17:42:05');

-- --------------------------------------------------------

--
-- Table structure for table `poll_options`
--

CREATE TABLE `poll_options` (
  `optionsID` int(11) NOT NULL,
  `pollID` int(100) NOT NULL,
  `option1` varchar(255) DEFAULT NULL,
  `option2` varchar(255) DEFAULT NULL,
  `option3` varchar(255) DEFAULT NULL,
  `option4` varchar(255) DEFAULT NULL,
  `scale1` varchar(100) DEFAULT NULL,
  `scale2` varchar(100) DEFAULT NULL,
  `added_on` datetime NOT NULL
) ENGINE=MyISAM DEFAULT CHARSET=latin1;

--
-- Dumping data for table `poll_options`
--

INSERT INTO `poll_options` (`optionsID`, `pollID`, `option1`, `option2`, `option3`, `option4`, `scale1`, `scale2`, `added_on`) VALUES
(1, 1, NULL, NULL, NULL, NULL, 'Yes', 'NO', '2019-02-11 00:00:00'),
(2, 4, 'Narendra Modi', 'Rahul Gandhi', 'Arvind Kejariwal', 'Akhilesh Yadav', NULL, NULL, '2019-02-11 00:00:00'),
(3, 6, 'Narendra Modi', 'Arvind Kejriwal', 'Rahul Gandhi', 'Akhilesh Yadav', NULL, NULL, '2019-02-13 10:45:02');

-- --------------------------------------------------------

--
-- Table structure for table `quiz_bank`
--

CREATE TABLE `quiz_bank` (
  `Que_ID` int(11) NOT NULL,
  `Question` text NOT NULL,
  `quiz_level` int(11) NOT NULL,
  `OptionA` text NOT NULL,
  `OptionB` text NOT NULL,
  `OptionC` text NOT NULL,
  `OptionD` text NOT NULL,
  `RightAns` text NOT NULL,
  `marks` int(11) NOT NULL DEFAULT '1',
  `explanation` longtext
) ENGINE=InnoDB DEFAULT CHARSET=latin1;

--
-- Dumping data for table `quiz_bank`
--

INSERT INTO `quiz_bank` (`Que_ID`, `Question`, `quiz_level`, `OptionA`, `OptionB`, `OptionC`, `OptionD`, `RightAns`, `marks`, `explanation`) VALUES
(3, 'Who was Fastest shorthand writerssssswwwwww', 2, 'Dr. G. D. Bist 1', 'J.R.D. Tata 1', 'J.M. Tagore 155', 'Khudada Khan 1', 'B', 1, 'Speed of train relative to man = (60 + 6) km/hr = 66 km/hr.\n\n   =		66 x	5	m/sec\n18\n   =		55	m/sec.\n3\n Time taken to pass the man =		110 x	3	sec = 6 sec.\n55'),
(4, 'In which year First human heart transplant operation conducted by Dr. Christian Bernard on Louis Washkansky, was conducted?', 1, '1967', '1968', '1958', '1922', 'A', 1, 'Speed of train relative to man = (60 + 6) km/hr = 66 km/hr.\n\n   =		66 x	5	m/sec\n18\n   =		55	m/sec.\n3\n Time taken to pass the man =		110 x	3	sec = 6 sec.\n55'),
(5, ' World Red Cross and Red Crescent Day is celebrated in?', 1, 'May-08', 'May-18', 'Jun-08', 'Jun-18', 'A', 1, NULL),
(6, 'The ozone layer restricts to  which radiation?', 1, 'Visible light', 'Infrared radiation', 'X-rays and gamma rays', 'Ultraviolet radiation', 'D', 1, NULL),
(7, 'Filaria is spread by which insect?', 1, 'Bacteria', 'Mosquito', 'Protozoa', 'Virus', 'B', 1, NULL),
(8, 'Durand Cup is related with which game?', 1, 'Cricket', 'Football', 'Volleyball', 'Hockey', 'B', 1, NULL),
(9, 'Who is first Muslim president of India?', 1, 'Dr. Zakir Hussain ', 'Dr.Abdul Kalam', 'Rajendra Prasad', 'Pratibha Patil', 'A', 1, NULL),
(10, 'which machine is used to measure earthquakes?', 2, 'Earthquakes', 'Rainfall', 'Ocean depth', 'Sound intensity', 'C', 1, NULL),
(11, 'In 1958, hockey was introduced in the Asian Games in?', 1, ' Tokyo', 'Jakarta', 'Bangkok', 'Paris', 'A', 1, NULL),
(12, 'Himalaya Mountaineering Institute is at which place?', 1, 'Darjeeling', 'Dehradun', 'Marmago', 'Dispur', 'A', 1, NULL),
(13, 'how many  number of red blood cells are  in a normal human body?', 1, '15 trillion', '25 trillion', '20 trillion', '30 trillion', 'D', 1, NULL),
(14, 'India participated in Olympics Hockey in which year?', 1, '1918', '1938', '1928', '1948', 'C', 1, NULL),
(15, 'how many teeth of normal adult dog?', 1, '42', '36', '32', '30', 'A', 1, NULL),
(16, 'How many  red blood cells does the bone marrow produce every second?', 1, '10 million', '11 million', '20 million', '15 million', 'A', 1, NULL),
(17, ' How many times Brazil  has  won the World Cup Football Championship?', 1, '1', '2', '3', '5', 'D', 1, NULL),
(18, 'IDA stands for.?', 2, 'Indian Development Agency', 'International Development Agency', 'Industrial Development Analyses', 'Indian Development Agent.', 'A', 1, NULL),
(19, 'How many players are there on each side in the game of Basketball?', 2, '8', '7', '5', '4', 'C', 1, NULL),
(20, 'How many yards apart  two sets of wickets in cricket?', 2, '18 yards apart', '20 yards apart', '22 yards apart', '24 yards apart', 'C', 1, NULL),
(21, 'Hundred year war was fought between which two countries?', 2, 'Greek and Persian forces', 'France and England', 'Civil war in England', 'America and France', 'B', 1, NULL),
(22, 'Hygrometer is used to measure.?', 2, 'relative humidity', 'purity of milk', 'specific gravity of liquid', 'purity of Oil', 'A', 1, NULL),
(23, 'In which year, India became a member of the United Nations .', 2, '1945', '1947', '1960', '1959', 'A', 1, NULL),
(24, 'India played its first cricket Test Match in which year?', 2, '1932', '1952', '1942', '1962', 'A', 1, NULL),
(25, 'How many Dynes are there in 1 gram weigh?', 2, '981', '900', '375', '971', 'A', 1, NULL),
(26, 'Kiran Bedi received Magsaysay Award for government service in which year?', 2, '1992', '1993', '1994', '1995', 'C', 1, NULL),
(27, 'Who was invented Logarithm tables?', 2, 'John Napier', 'John Doe', 'John Harrison', 'John Douglas', 'A', 1, NULL),
(28, 'Jules Rimet trophy is associated with which game?', 2, 'Basketball', 'Football', 'Hockey', 'Golf', 'B', 1, NULL),
(29, 'Joule is the unit of ?', 2, 'temperature', 'pressure', 'energy', 'heat', 'C', 1, NULL),
(30, 'Kathakali, Mohiniatam and Ottamthullal are the famous dances of which state of india?', 2, 'Kerala', 'Karnataka', 'Orissa', 'Tamil Nadu', 'A', 1, NULL),
(31, 'Jaspal Rana is associated with which game?', 2, 'Swimming', 'Archery', 'Shooting', 'Weightlifting', 'C', 1, NULL),
(32, 'Lala Lajpat Rai is also known as.?', 2, 'Iron man', 'Punjab Kesari', 'Kesari Lion', 'King Kesari', 'B', 1, NULL),
(33, 'What is Grand Central Terminal, Park Avenue in New York?', 1, 'largest railway station', 'highest railway station', 'longest railway station', 'None of the above', 'A', 1, NULL),
(34, 'FFC stands for ?', 1, 'Foreign Finance Corporation', 'Film Finance Corporation', 'Federation of Football Council', 'None of the above', 'B', 1, NULL),
(35, 'Who was Fastest shorthand writer?', 1, 'Dr. G. D. Bist', 'J.R.D. Tata', 'J.M. Tagore', 'Khudada Khan', 'A', 1, NULL),
(36, 'In which year First human heart transplant operation conducted by Dr. Christian Bernard on Louis Washkansky, was conducted?', 1, '1967', '1968', '1958', '1922', 'A', 1, NULL),
(37, ' World Red Cross and Red Crescent Day is celebrated in?', 1, 'May-08', 'May-18', 'Jun-08', 'Jun-18', 'A', 1, NULL),
(38, 'The ozone layer restricts to  which radiation?', 1, 'Visible light', 'Infrared radiation', 'X-rays and gamma rays', 'Ultraviolet radiation', 'D', 1, NULL),
(39, 'Filaria is spread by which insect?', 1, 'Bacteria', 'Mosquito', 'Protozoa', 'Virus', 'B', 1, NULL),
(40, 'Durand Cup is related with which game?', 1, 'Cricket', 'Football', 'Volleyball', 'Hockey', 'B', 1, NULL),
(41, 'Who is first Muslim president of India?', 1, 'Dr. Zakir Hussain ', 'Dr.Abdul Kalam', 'Rajendra Prasad', 'Pratibha Patil', 'A', 1, NULL),
(42, 'which machine is used to measure earthquakes?', 1, 'Earthquakes', 'Rainfall', 'Ocean depth', 'Sound intensity', 'C', 1, NULL),
(43, 'In 1958, hockey was introduced in the Asian Games in?', 1, ' Tokyo', 'Jakarta', 'Bangkok', 'Paris', 'A', 1, NULL),
(44, 'Himalaya Mountaineering Institute is at which place?', 1, 'Darjeeling', 'Dehradun', 'Marmago', 'Dispur', 'A', 1, NULL),
(45, 'how many  number of red blood cells are  in a normal human body?', 1, '15 trillion', '25 trillion', '20 trillion', '30 trillion', 'D', 1, NULL),
(46, 'India participated in Olympics Hockey in which year?', 1, '1918', '1938', '1928', '1948', 'C', 1, NULL),
(47, 'how many teeth of normal adult dog?', 1, '42', '36', '32', '30', 'A', 1, NULL),
(48, 'How many  red blood cells does the bone marrow produce every second?', 1, '10 million', '11 million', '20 million', '15 million', 'A', 1, NULL),
(49, ' How many times Brazil  has  won the World Cup Football Championship?', 2, '1', '2', '3', '5', 'D', 1, NULL),
(50, 'IDA stands for.?', 2, 'Indian Development Agency', 'International Development Agency', 'Industrial Development Analyses', 'Indian Development Agent.', 'A', 1, NULL),
(51, 'How many players are there on each side in the game of Basketball?', 2, '8', '7', '5', '4', 'C', 1, NULL),
(52, 'How many yards apart  two sets of wickets in cricket?', 2, '18 yards apart', '20 yards apart', '22 yards apart', '24 yards apart', 'C', 1, NULL),
(53, 'Hundred year war was fought between which two countries?', 2, 'Greek and Persian forces', 'France and England', 'Civil war in England', 'America and France', 'B', 1, NULL),
(54, 'Hygrometer is used to measure.?', 2, 'relative humidity', 'purity of milk', 'specific gravity of liquid', 'purity of Oil', 'A', 1, NULL),
(55, 'In which year, India became a member of the United Nations .', 2, '1945', '1947', '1960', '1959', 'A', 1, NULL),
(56, 'India played its first cricket Test Match in which year?', 2, '1932', '1952', '1942', '1962', 'A', 1, NULL),
(57, 'How many Dynes are there in 1 gram weigh?', 2, '981', '900', '375', '971', 'A', 1, NULL),
(58, 'Kiran Bedi received Magsaysay Award for government service in which year?', 2, '1992', '1993', '1994', '1995', 'C', 1, NULL),
(59, 'Who was invented Logarithm tables?', 2, 'John Napier', 'John Doe', 'John Harrison', 'John Douglas', 'A', 1, NULL),
(60, 'Jules Rimet trophy is associated with which game?', 2, 'Basketball', 'Football', 'Hockey', 'Golf', 'B', 1, NULL),
(61, 'Joule is the unit of ?', 2, 'temperature', 'pressure', 'energy', 'heat', 'C', 1, NULL),
(62, 'Kathakali, Mohiniatam and Ottamthullal are the famous dances of which state of india?', 2, 'Kerala', 'Karnataka', 'Orissa', 'Tamil Nadu', 'A', 1, NULL),
(63, 'Jaspal Rana is associated with which game?', 2, 'Swimming', 'Archery', 'Shooting', 'Weightlifting', 'C', 1, NULL),
(64, 'Lala Lajpat Rai is also known as.?', 2, 'Iron man', 'Punjab Kesari', 'Kesari Lion', 'King Kesari', 'B', 1, NULL),
(65, 'test ...?', 1, 'da', 'dad', 'dasd', 'dsd', 'B', 1, NULL),
(66, 'Lord Buddha born was born in which BC ...?', 2, '560 BC', '570 BC', '586 BC', '750 BC', 'A', 1, NULL),
(67, 'Which game is the associated sport of Bombay Gold Cup?', 2, 'Hockey', 'Football', 'Basketball', 'Cricket', 'A', 1, NULL),
(68, 'Which Prizeis the highest literary award of the world?', 2, 'Booker Prize', 'Pulitzer Prize', 'Magsaysay Award', 'Nobel Prize', 'A', 1, NULL),
(69, 'The Battle of Plassey was fought in which year ...?', 2, '1748', '1757', '1782', '1764', 'B', 1, NULL),
(70, 'Tripitakas\' are sacred books of which religion?', 2, 'Jains', 'Hindus', 'Buddhists', 'Sikhism', 'C', 1, NULL),
(71, 'Which king was belongs the Lion capitol at Sarnath ...?', 2, 'Ashoka', 'Chandragupta', 'Harsha', 'Kanishka', 'A', 1, NULL),
(72, 'Mars planet is also known as?', 2, 'Red Planet', 'Blue Planet', 'Bright planet', 'Strips Planet', 'A', 1, NULL),
(73, 'Which planet is famous for the beautiful rings that surround it?', 2, 'Venus', 'Jupiter', 'Saturn', 'Mercury', 'C', 1, NULL),
(74, 'Which is the smallest planet in the Solar System?', 2, 'Venus', 'Jupiter', 'Saturn', 'Mercury', 'D', 1, NULL),
(75, 'Which is the largest planet in the Solar System?', 2, 'Venus', 'Jupiter', 'Saturn', 'Mercury', 'B', 1, NULL),
(76, 'Which planet in the solar system is farthest from the Sun?', 3, 'Neptune', 'Jupiter', 'Saturn', 'Mercury', 'A', 1, NULL),
(78, 'ewwer', 1, 'wer', 'wer', 'wer', 'wer', 'B', 1, NULL),
(79, 'ssss', 2, 'ss', 'ss', 'ss', 'ss', 'D', 1, NULL),
(80, 'sdsdrrrrrrrrrrrrrrrr', 1, 'dasda', 'asdasd', 'sdasd', 'asdasd', 'B', 1, NULL),
(81, 'What is the name of Indian Prime Minister ?', 3, 'Man Mohan Singh', 'Sonia Gandhi', 'Narendra Modi', 'Rahul Gandhi', 'C', 1, 'Prime Minister of India is Narendra Modi'),
(82, 'Alfred buys an old scooter for Rs. 4700 and spends Rs. 800 on its repairs. If he sells the scooter for Rs. 5800, his gain percent is:', 3, '4(4/7) %', '5(5/11) %', '10 %', '12 %', 'B', 1, 'Cost Price (C.P.) = Rs. (4700 + 800) = Rs. 5500.\r\n\r\nSelling Price (S.P.) = Rs. 5800.\r\n\r\nGain = (S.P.) - (C.P.) = Rs.(5800 - 5500) = Rs. 300.\r\n\r\nGain % = (300 X 100)/5500  %  = 5( 5/11) %');

-- --------------------------------------------------------

--
-- Table structure for table `quiz_feedback`
--

CREATE TABLE `quiz_feedback` (
  `feedbackID` int(11) NOT NULL,
  `studentID` int(11) NOT NULL,
  `quesID` int(11) NOT NULL,
  `feedback` longtext NOT NULL,
  `added_on` datetime NOT NULL
) ENGINE=MyISAM DEFAULT CHARSET=latin1;

--
-- Dumping data for table `quiz_feedback`
--

INSERT INTO `quiz_feedback` (`feedbackID`, `studentID`, `quesID`, `feedback`, `added_on`) VALUES
(1, 1, 1, 'ok', '2019-02-21 12:16:14'),
(2, 1, 1, 'ok', '2019-02-21 12:16:21'),
(3, 2, 76, 'hhhh', '2019-02-22 13:58:11');

-- --------------------------------------------------------

--
-- Table structure for table `quiz_level`
--

CREATE TABLE `quiz_level` (
  `Level_id` int(11) NOT NULL,
  `classid` int(11) NOT NULL,
  `subjectid` int(11) NOT NULL,
  `Level_name` varchar(500) NOT NULL
) ENGINE=InnoDB DEFAULT CHARSET=latin1;

--
-- Dumping data for table `quiz_level`
--

INSERT INTO `quiz_level` (`Level_id`, `classid`, `subjectid`, `Level_name`) VALUES
(1, 7, 1, 'Paper Set 1'),
(2, 7, 2, 'Topic set 1'),
(3, 1, 1, 'Science'),
(4, 4, 1, 'life cycle'),
(5, 4, 2, 'gk');

-- --------------------------------------------------------

--
-- Table structure for table `route`
--

CREATE TABLE `route` (
  `routeID` int(11) NOT NULL,
  `schoolID` int(11) NOT NULL,
  `route` varchar(255) NOT NULL,
  `description` varchar(255) NOT NULL,
  `price` varchar(255) DEFAULT NULL,
  `lastpoint_latlong` varchar(200) NOT NULL,
  `school_latlong` varchar(200) NOT NULL,
  `added_on` datetime NOT NULL
) ENGINE=MyISAM DEFAULT CHARSET=latin1;

--
-- Dumping data for table `route`
--

INSERT INTO `route` (`routeID`, `schoolID`, `route`, `description`, `price`, `lastpoint_latlong`, `school_latlong`, `added_on`) VALUES
(1, 2, 'A', 'Golf Course to ACE City', '500', '28.560798,77.452191', '28.5794171,77.3187469', '2019-01-17 10:54:38'),
(2, 2, 'B', 'TEST', NULL, '28.560798,77.452191', '28.5794171,77.3187469', '0000-00-00 00:00:00'),
(3, 57, 'shyam cinema road, gopalganj', 'er', NULL, '27,40', '19,80', '0000-00-00 00:00:00'),
(4, 114, 'ROUTE 6', 'GHDH R RGSER', '1000', '27.84915498,31.58558855', '28.9763871,79.4201933', '0000-00-00 00:00:00');

-- --------------------------------------------------------

--
-- Table structure for table `routine`
--

CREATE TABLE `routine` (
  `routineID` int(11) NOT NULL,
  `schoolID` int(11) NOT NULL,
  `classID` int(11) NOT NULL,
  `sectionID` int(11) NOT NULL,
  `day` enum('MONDAY','TUESDAY','WEDNESDAY','THURSDAY','FRIDAY','SATURDAY','SUNDAY') NOT NULL,
  `lecture` int(11) NOT NULL,
  `subjectID` int(11) DEFAULT NULL,
  `teacherID` int(11) DEFAULT NULL,
  `added_on` datetime NOT NULL,
  `modified_on` datetime DEFAULT NULL
) ENGINE=MyISAM DEFAULT CHARSET=latin1;

--
-- Dumping data for table `routine`
--

INSERT INTO `routine` (`routineID`, `schoolID`, `classID`, `sectionID`, `day`, `lecture`, `subjectID`, `teacherID`, `added_on`, `modified_on`) VALUES
(1, 5, 9, 15, 'TUESDAY', 8, 1, 3, '2018-11-20 13:51:17', '2018-11-20 13:59:58'),
(2, 1, 1, 1, 'MONDAY', 1, 2, 1, '2018-12-04 11:38:07', '2018-12-17 17:43:40'),
(3, 1, 1, 1, 'MONDAY', 2, 2, 1, '2018-12-04 11:38:20', '2018-12-04 11:38:20'),
(4, 1, 1, 1, 'TUESDAY', 2, 2, 1, '2018-12-04 11:38:31', '2018-12-04 11:38:31'),
(5, 1, 1, 1, 'TUESDAY', 1, 2, 1, '2018-12-04 11:38:43', '2018-12-17 17:44:18'),
(6, 2, 6, 12, 'MONDAY', 1, 3, 2, '2018-12-07 16:52:32', '2018-12-07 17:50:05'),
(7, 2, 6, 12, 'TUESDAY', 2, 4, 4, '2018-12-07 17:01:22', '2018-12-07 17:50:54'),
(8, 2, 6, 12, 'TUESDAY', 3, 3, 2, '2018-12-07 17:01:31', '2018-12-07 17:50:35'),
(9, 2, 6, 12, 'MONDAY', 2, 4, 4, '2018-12-07 17:50:16', '2018-12-07 17:50:16'),
(10, 2, 6, 12, 'MONDAY', 3, 5, 2, '2018-12-07 17:50:27', '2018-12-07 17:50:27'),
(11, 2, 6, 12, 'TUESDAY', 1, 3, 2, '2018-12-07 17:50:43', '2018-12-07 17:50:43'),
(12, 2, 6, 12, 'TUESDAY', 4, 4, 4, '2018-12-07 17:51:05', '2018-12-07 17:51:05'),
(13, 2, 6, 12, 'FRIDAY', 7, 5, 4, '2018-12-07 17:51:15', '2018-12-07 17:51:15'),
(14, 1, 1, 1, 'MONDAY', 3, 2, 1, '2018-12-17 17:43:51', '2018-12-17 17:46:06'),
(15, 1, 1, 1, 'TUESDAY', 6, 2, 1, '2018-12-17 17:45:12', '2018-12-17 17:45:22'),
(16, 1, 1, 1, 'MONDAY', 4, 2, 1, '2018-12-17 17:45:52', '2018-12-17 17:45:52'),
(17, 30, 22, 31, 'MONDAY', 1, 8, 0, '2019-01-08 15:34:14', '2019-01-08 15:34:25'),
(18, 36, 33, 34, 'MONDAY', 1, 10, 10, '2019-01-14 14:37:33', '2019-01-14 14:53:08'),
(19, 36, 33, 34, 'MONDAY', 2, 12, 9, '2019-01-14 14:53:23', '2019-01-14 14:53:23'),
(20, 36, 33, 34, 'MONDAY', 3, 11, 12, '2019-01-14 14:53:36', '2019-01-14 14:53:36'),
(21, 41, 38, 46, 'MONDAY', 1, 30, 0, '2019-01-15 13:50:58', '2019-01-15 13:51:10'),
(22, 28, 17, 26, 'MONDAY', 1, 7, 7, '2019-01-16 13:45:44', '2019-01-16 13:45:44'),
(23, 28, 17, 26, 'MONDAY', 2, 31, 7, '2019-01-16 13:48:17', '2019-01-16 13:48:17'),
(24, 57, 45, 55, 'MONDAY', 1, 33, 16, '2019-01-24 18:12:07', '2019-01-28 21:26:55'),
(25, 57, 45, 55, 'MONDAY', 2, 34, 19, '2019-01-24 18:12:18', '2019-01-28 21:27:04'),
(26, 57, 45, 55, 'MONDAY', 3, 35, 18, '2019-01-24 18:12:25', '2019-01-28 21:28:47'),
(27, 57, 45, 55, 'MONDAY', 5, 33, 17, '2019-01-24 18:12:41', '2019-01-28 21:41:48'),
(28, 57, 45, 55, 'MONDAY', 6, 36, 20, '2019-01-24 18:12:51', '2019-01-28 21:42:02'),
(29, 57, 45, 55, 'MONDAY', 7, 35, 18, '2019-01-24 18:12:59', '2019-01-28 21:42:08'),
(30, 57, 46, 57, 'MONDAY', 1, 42, 17, '2019-01-24 18:14:33', '2019-01-30 22:41:44'),
(31, 57, 46, 57, 'MONDAY', 2, 43, 16, '2019-01-24 18:14:40', '2019-01-30 22:41:52'),
(32, 57, 46, 57, 'MONDAY', 3, 44, 18, '2019-01-24 18:14:54', '2019-01-30 22:42:01'),
(33, 57, 46, 57, 'MONDAY', 5, 45, 19, '2019-01-24 18:18:21', '2019-01-30 22:42:07'),
(34, 57, 46, 57, 'MONDAY', 6, 46, 20, '2019-01-24 18:18:33', '2019-01-30 22:42:15'),
(35, 57, 46, 57, 'MONDAY', 7, 43, 0, '2019-01-24 18:18:42', '2019-01-24 18:18:42'),
(36, 57, 45, 55, 'TUESDAY', 1, 33, 17, '2019-01-28 21:42:20', '2019-01-28 21:42:20'),
(37, 57, 45, 55, 'TUESDAY', 2, 33, 18, '2019-01-28 21:42:28', '2019-01-28 21:42:36'),
(38, 57, 45, 55, 'TUESDAY', 3, 34, 16, '2019-01-28 21:42:48', '2019-01-28 21:42:48'),
(39, 57, 45, 55, 'TUESDAY', 5, 35, 17, '2019-01-28 21:42:58', '2019-01-28 21:42:58'),
(40, 57, 45, 55, 'TUESDAY', 6, 35, 17, '2019-01-28 21:43:13', '2019-01-28 21:43:13'),
(41, 57, 45, 55, 'TUESDAY', 7, 52, 20, '2019-01-28 21:43:39', '2019-01-28 21:43:39'),
(42, 57, 45, 55, 'WEDNESDAY', 1, 36, 16, '2019-01-28 21:43:54', '2019-01-28 21:43:54'),
(43, 57, 45, 55, 'WEDNESDAY', 2, 53, 18, '2019-01-28 21:45:36', '2019-01-28 21:45:36'),
(44, 57, 45, 55, 'WEDNESDAY', 3, 33, 19, '2019-01-28 21:45:48', '2019-01-28 21:45:48'),
(45, 57, 45, 55, 'WEDNESDAY', 5, 34, 20, '2019-01-28 21:45:57', '2019-01-28 21:45:57'),
(46, 57, 45, 55, 'WEDNESDAY', 6, 34, 17, '2019-01-28 21:46:28', '2019-01-28 21:46:28'),
(47, 57, 45, 55, 'WEDNESDAY', 7, 36, 19, '2019-01-28 21:46:35', '2019-01-28 21:46:35'),
(48, 57, 45, 55, 'THURSDAY', 1, 36, 18, '2019-01-28 21:46:47', '2019-01-28 21:46:47'),
(49, 57, 45, 55, 'THURSDAY', 2, 33, 17, '2019-01-28 21:46:57', '2019-01-28 21:46:57'),
(50, 57, 45, 55, 'THURSDAY', 3, 35, 20, '2019-01-28 21:47:08', '2019-01-28 21:47:08'),
(51, 57, 45, 55, 'THURSDAY', 5, 34, 17, '2019-01-28 21:47:17', '2019-01-28 21:47:17'),
(52, 57, 45, 55, 'THURSDAY', 6, 34, 19, '2019-01-28 21:47:25', '2019-01-28 21:47:25'),
(53, 57, 45, 55, 'THURSDAY', 7, 36, 16, '2019-01-28 21:47:40', '2019-01-28 21:47:40'),
(54, 57, 45, 55, 'FRIDAY', 1, 33, 16, '2019-01-28 21:47:51', '2019-01-28 21:47:51'),
(55, 57, 45, 55, 'FRIDAY', 2, 34, 17, '2019-01-28 21:48:09', '2019-01-28 21:48:09'),
(56, 57, 45, 55, 'FRIDAY', 3, 35, 18, '2019-01-28 21:48:26', '2019-01-28 21:48:26'),
(57, 57, 45, 55, 'FRIDAY', 5, 36, 17, '2019-01-28 21:48:44', '2019-01-28 21:48:44'),
(58, 57, 45, 55, 'FRIDAY', 6, 52, 19, '2019-01-28 21:48:54', '2019-01-28 21:48:54'),
(59, 57, 45, 55, 'FRIDAY', 7, 53, 20, '2019-01-28 21:49:05', '2019-01-28 21:49:05'),
(60, 57, 45, 55, 'SATURDAY', 1, 34, 17, '2019-01-28 21:49:12', '2019-01-28 21:49:12'),
(61, 57, 45, 55, 'SATURDAY', 2, 33, 19, '2019-01-28 21:49:20', '2019-01-28 21:49:20'),
(62, 57, 45, 55, 'SATURDAY', 3, 53, 19, '2019-01-28 21:49:33', '2019-01-28 21:49:41'),
(63, 57, 45, 55, 'SATURDAY', 5, 35, 18, '2019-01-28 21:49:51', '2019-01-28 21:49:51'),
(64, 57, 45, 55, 'SATURDAY', 6, 52, 17, '2019-01-28 21:50:02', '2019-01-28 21:50:02'),
(65, 57, 45, 55, 'SATURDAY', 7, 36, 16, '2019-01-28 21:50:33', '2019-01-28 21:50:33'),
(66, 57, 45, 55, 'SUNDAY', 1, 36, 20, '2019-01-28 21:50:44', '2019-01-28 21:50:44'),
(67, 57, 45, 55, 'SUNDAY', 2, 33, 16, '2019-01-28 21:50:52', '2019-01-28 21:50:52'),
(68, 57, 45, 55, 'SUNDAY', 3, 34, 17, '2019-01-28 21:51:00', '2019-01-28 21:51:00'),
(69, 57, 45, 55, 'SUNDAY', 5, 35, 19, '2019-01-28 21:51:13', '2019-01-28 21:51:13'),
(70, 57, 45, 55, 'SUNDAY', 6, 52, 16, '2019-01-28 21:51:28', '2019-01-28 21:51:28'),
(71, 57, 45, 55, 'SUNDAY', 7, 53, 18, '2019-01-28 21:51:54', '2019-01-28 21:51:54'),
(72, 57, 46, 57, 'TUESDAY', 1, 42, 17, '2019-01-30 22:42:28', '2019-01-30 22:42:28'),
(73, 57, 46, 57, 'TUESDAY', 2, 43, 16, '2019-01-30 22:42:40', '2019-01-30 22:42:40'),
(74, 57, 46, 57, 'TUESDAY', 3, 44, 18, '2019-01-30 22:42:51', '2019-01-30 22:42:51'),
(75, 57, 46, 57, 'TUESDAY', 5, 44, 18, '2019-01-30 22:42:59', '2019-01-30 22:42:59'),
(76, 57, 46, 57, 'TUESDAY', 6, 45, 19, '2019-01-30 22:43:15', '2019-01-30 22:43:15'),
(77, 57, 46, 57, 'TUESDAY', 7, 46, 20, '2019-01-30 22:43:26', '2019-01-30 22:43:26'),
(78, 57, 46, 57, 'WEDNESDAY', 1, 42, 16, '2019-01-30 22:44:02', '2019-01-30 22:44:02'),
(79, 57, 46, 57, 'WEDNESDAY', 2, 43, 17, '2019-01-30 22:44:19', '2019-01-30 22:44:19'),
(80, 57, 46, 57, 'WEDNESDAY', 3, 45, 18, '2019-01-30 22:44:36', '2019-01-30 22:44:36'),
(81, 57, 46, 57, 'WEDNESDAY', 5, 44, 18, '2019-01-30 22:44:48', '2019-01-30 22:44:48'),
(82, 57, 46, 57, 'WEDNESDAY', 6, 46, 19, '2019-01-30 22:45:08', '2019-01-30 22:45:08'),
(83, 57, 46, 57, 'WEDNESDAY', 7, 46, 18, '2019-01-30 22:45:26', '2019-01-30 22:45:26'),
(84, 57, 46, 57, 'THURSDAY', 1, 42, 16, '2019-01-30 22:46:37', '2019-01-30 22:46:37'),
(85, 57, 46, 57, 'THURSDAY', 2, 43, 17, '2019-01-30 22:46:46', '2019-01-30 22:46:46'),
(86, 57, 46, 57, 'THURSDAY', 3, 44, 18, '2019-01-30 22:46:54', '2019-01-30 22:46:54'),
(87, 57, 46, 57, 'THURSDAY', 5, 45, 19, '2019-01-30 22:47:03', '2019-01-30 22:47:03'),
(88, 57, 46, 57, 'THURSDAY', 6, 46, 20, '2019-01-30 22:47:11', '2019-01-30 22:47:11'),
(89, 57, 46, 57, 'THURSDAY', 7, 44, 17, '2019-01-30 22:47:17', '2019-01-30 22:47:17'),
(90, 57, 46, 57, 'FRIDAY', 1, 42, 16, '2019-01-30 22:47:27', '2019-01-30 22:47:27'),
(91, 57, 46, 57, 'FRIDAY', 2, 43, 17, '2019-01-30 22:47:39', '2019-01-30 22:47:39'),
(92, 57, 46, 57, 'FRIDAY', 3, 44, 18, '2019-01-30 22:47:53', '2019-01-30 22:47:53'),
(93, 57, 46, 57, 'FRIDAY', 5, 45, 19, '2019-01-30 22:48:00', '2019-01-30 22:48:00'),
(94, 57, 46, 57, 'FRIDAY', 6, 46, 20, '2019-01-30 22:48:18', '2019-01-30 22:48:18'),
(95, 57, 46, 57, 'FRIDAY', 7, 43, 17, '2019-01-30 22:48:36', '2019-01-30 22:48:36'),
(96, 57, 46, 57, 'SATURDAY', 1, 42, 16, '2019-01-30 22:48:46', '2019-01-30 22:48:46'),
(97, 57, 46, 57, 'SATURDAY', 2, 43, 17, '2019-01-30 22:48:55', '2019-01-30 22:48:55'),
(98, 57, 46, 57, 'SATURDAY', 3, 44, 18, '2019-01-30 22:49:08', '2019-01-30 22:49:08'),
(99, 57, 46, 57, 'SATURDAY', 5, 45, 19, '2019-01-30 22:49:19', '2019-01-30 22:49:19'),
(100, 57, 46, 57, 'SATURDAY', 6, 46, 20, '2019-01-30 22:49:28', '2019-01-30 22:49:28'),
(101, 57, 46, 57, 'SATURDAY', 7, 45, 17, '2019-01-30 22:49:35', '2019-01-30 22:49:35'),
(102, 57, 46, 57, 'SUNDAY', 1, 0, 0, '2019-01-30 22:49:46', '2019-01-30 22:49:46'),
(103, 101, 66, 71, 'MONDAY', 1, 55, 53, '2019-03-25 14:14:19', '2019-03-25 14:14:19'),
(104, 113, 98, 109, 'MONDAY', 1, 56, 0, '2021-12-07 12:30:46', '2021-12-07 12:30:46'),
(105, 114, 99, 110, 'MONDAY', 1, 57, 0, '2021-12-07 20:28:33', '2021-12-07 20:28:33'),
(106, 114, 99, 110, 'MONDAY', 2, 60, 58, '2021-12-10 15:25:11', '2021-12-10 15:25:11'),
(107, 114, 99, 110, 'MONDAY', 3, 61, 58, '2021-12-10 15:25:22', '2021-12-10 15:25:22'),
(108, 1, 1, 1, 'THURSDAY', 7, 2, 1, '2021-12-14 17:17:25', '2021-12-14 17:17:25'),
(109, 1, 4, 8, 'MONDAY', 1, 62, 57, '2021-12-15 14:02:43', '2021-12-15 14:02:43'),
(110, 1, 4, 8, 'TUESDAY', 2, 63, 1, '2021-12-15 14:02:55', '2021-12-15 14:02:55'),
(111, 1, 4, 8, 'MONDAY', 3, 62, 1, '2021-12-15 14:03:02', '2021-12-15 14:03:02'),
(112, 1, 4, 8, 'MONDAY', 2, 64, 1, '2021-12-15 14:03:11', '2021-12-15 14:03:11'),
(113, 1, 4, 8, 'MONDAY', 4, 62, 1, '2021-12-15 14:03:18', '2021-12-15 14:03:18'),
(114, 1, 4, 8, 'MONDAY', 6, 64, 1, '2021-12-15 14:03:27', '2021-12-15 14:03:27'),
(115, 1, 4, 8, 'MONDAY', 7, 62, 57, '2021-12-15 14:03:35', '2021-12-15 14:03:35'),
(116, 1, 4, 8, 'MONDAY', 8, 63, 1, '2021-12-15 14:03:43', '2021-12-15 14:03:43');

-- --------------------------------------------------------

--
-- Table structure for table `school_academic`
--

CREATE TABLE `school_academic` (
  `academicID` int(11) NOT NULL,
  `schoolID` int(11) NOT NULL,
  `school_code` varchar(255) NOT NULL,
  `session_start` varchar(255) NOT NULL,
  `session_end` varchar(255) NOT NULL,
  `is_active` enum('Y','N') NOT NULL,
  `added_on` datetime NOT NULL
) ENGINE=MyISAM DEFAULT CHARSET=latin1;

-- --------------------------------------------------------

--
-- Table structure for table `school_config`
--

CREATE TABLE `school_config` (
  `configID` int(11) NOT NULL,
  `schoolID` int(11) NOT NULL,
  `school_name` varchar(255) DEFAULT NULL,
  `school_prefix` varchar(255) DEFAULT NULL,
  `logo` varchar(255) DEFAULT NULL,
  `default_attendance` enum('subject','daywise') DEFAULT 'daywise',
  `default_academic_year` varchar(255) DEFAULT NULL,
  `principal_name` varchar(255) DEFAULT NULL,
  `email` varchar(255) DEFAULT NULL,
  `phone` varchar(255) DEFAULT NULL,
  `per_day_fine` varchar(255) DEFAULT NULL,
  `per_student_subscription_amount` varchar(255) NOT NULL,
  `fees_fine_amt` varchar(255) DEFAULT NULL,
  `fees_fine_config` enum('month','day') DEFAULT NULL,
  `last_modified_on` datetime DEFAULT NULL
) ENGINE=MyISAM DEFAULT CHARSET=latin1;

--
-- Dumping data for table `school_config`
--

INSERT INTO `school_config` (`configID`, `schoolID`, `school_name`, `school_prefix`, `logo`, `default_attendance`, `default_academic_year`, `principal_name`, `email`, `phone`, `per_day_fine`, `per_student_subscription_amount`, `fees_fine_amt`, `fees_fine_config`, `last_modified_on`) VALUES
(1, 1, 'H.A.L School', 'HAL', 'logo16380970021.png', 'daywise', '2018-2019', 'Samiksha Aggarwal', 'samiksha.cool@halsaa.in', '9818396512', '10', '200', '100', 'month', '2018-11-16 23:44:26'),
(2, 2, 'Tekniko  School', 'TEK', 'logo15464205382.png', 'daywise', '2018-2019', 'Tekniko Principal', 'info@teknikoglobal.com', '1234567890', '10', '400', '10', 'day', '2018-11-17 12:08:13'),
(3, 4, 'tsgsg', 'vgsg', NULL, 'daywise', '2018-2019', 'fagsgs', 'aa@gmail.com', '9635698563', '10', '1', '10', 'month', '2018-11-17 12:55:07'),
(4, 5, 'iti', 'iti1', NULL, 'daywise', '2018-2019', 'xyz', 'xyz', '123456', '10', '1', '30', 'month', '2018-11-20 13:40:27'),
(5, 0, 'SCNLTDV', '123456', NULL, 'subject', '2018-19', 'fhjdjfj', 'fbgjngkjdhgjdngkl', 'ios', '10', '1', '10', 'month', '2018-12-12 17:38:23'),
(6, 6, 'School 1', 'SCH', NULL, 'subject', '2018-19', 'Principal 1', 'principal@principal.com', '1234567890', '10', '1', '10', 'month', '2019-01-05 12:03:09'),
(7, 7, 'MEMORIAL', 'M S', NULL, 'daywise', '2018-2019', 'R.S.LAK', 'msmpsmotihari@gmail.com', '8789273828', '10', '1', '100', 'day', '2018-12-17 13:23:44'),
(8, 8, 'rps public school', 'rps', NULL, 'daywise', '2018-2019', 'D k singh', 'vibhas1326@gmail.com', '9905225636', '10', '1', '10', 'day', '2018-12-23 14:42:54'),
(9, 9, 'ideal college', 'ideal ', NULL, 'daywise', '2018-2019', 'murari kaushal', 'mackkaushal@gmail.com', '7379591974', '10', '1', '50000', 'day', '2018-12-24 10:21:43'),
(10, 10, 'school', 'sc2', NULL, 'daywise', '2018-2019', 'xyz', 'xyz@gmail.com', '9635632658', '10', '1', '10', 'month', '2018-12-24 10:27:12'),
(11, 11, 'school', 'school2', NULL, 'daywise', '2018-2019', 'asdf', 'asdf@gmail.com', '9874563256', '10', '1', '10', 'day', '2018-12-24 10:33:41'),
(12, 12, 'Test School', 'TEST', NULL, 'daywise', '2018-2019', 'principal', 'principal@test.com', '1234567890', '10', '1', '10', 'day', '2018-12-24 10:40:32'),
(13, 15, 'school4', 'school4', NULL, 'daywise', '2018-2019', 'asdf', 'asdf@gmail.com', '9863256865', '10', '1', '10', 'day', '2018-12-24 11:20:59'),
(14, 13, ' svzv', 'fsgsg', NULL, 'daywise', '2018-2019', ' s zv', 'asf@gmail.com', '9356845325', '10', '1', '10', 'day', '2018-12-24 11:49:09'),
(15, 16, 'SCHOOO', 'SHOOL5', NULL, 'daywise', '2018-2019', 'xyx', 'xyz@gmail.com', '8546325698', '10', '1', '10', 'day', '2018-12-27 10:01:42'),
(16, 17, 'dps', 'dps', NULL, 'daywise', '2018-2019', 'ggg', 'ggg@g.c', '9638527412', '10', '1', '10', 'day', '2018-12-27 11:11:51'),
(17, 18, 'vzvzv', 'fsfsg', NULL, 'daywise', '2018-2019', 'zvvzv', 'addada@gmail.com', '8458758845', '10', '1', '10', 'day', '2018-12-27 11:17:44'),
(18, 19, 'ffffffgf', 'mmmmmm', NULL, 'daywise', '2018-2019', 'dddffff', 'zsf@gmail.com', '9886578348', '10', '1', '10', 'day', '2018-12-27 11:23:16'),
(19, 20, 'vzbbz', 'gsgsg', NULL, 'daywise', '2018-2019', 'vVG', 'vVVG@gmail.com', '8784949948', '10', '1', '10', 'day', '2018-12-27 11:25:24'),
(20, 21, 'S.N.S. Teachers Training College', 'SNS', NULL, 'daywise', '2018-2019', 'Suman Dwivedi', 'suman.dwivedi@yahoo.com', '9801425555', '10', '1', '0', 'day', '2018-12-27 11:28:26'),
(21, 22, 'cfgg', ' vvgf', NULL, 'daywise', '2018-2019', 'cv c', 'ssd@gmail.com', '9872981805', '10', '1', '10', 'day', '2018-12-27 11:28:54'),
(22, 23, 'csvgz', 'csgsg', NULL, 'daywise', '2018-2019', 'hsgshs', 'adafa@gmail.com', '8454646464', '10', '1', '10', 'day', '2018-12-27 11:40:17'),
(23, 24, 'asffa', 'asdd', NULL, 'daywise', '2018-2019', 'affafa', 'asdd@gmail.com', '9354658745', '10', '1', '10', 'day', '2018-12-27 11:53:19'),
(24, 25, 'cavav', 'sfafa', NULL, 'daywise', '2018-2019', 'avvH', 'dafaf@gmail.com', '9356452865', '10', '1', '10', 'day', '2019-01-05 22:15:16'),
(25, 26, 'gshsh', 'bshsh', NULL, 'daywise', '2018-2019', 'gzhsh', 'gagsg@gmail.com', '9358454646', '10', '1', '10', 'day', '2019-01-05 22:39:35'),
(26, 27, 'dps Patna', 'dps', NULL, 'subject', '2018-2019', 'Mishra', 'vibhas1326@gmail.com ', '9431016052', '10', '1', '50', 'month', '2019-01-05 23:31:17'),
(27, 28, 'dav patna', 'DAV', 'logo154694736428.png', 'daywise', '2018-2019', 'ak sinha', 'aksinha@gmail.com', '7543015219', '10', '400', '50', 'month', '2019-01-06 15:24:49'),
(28, 30, 'dav siwan', 'dav', NULL, 'daywise', '2018-2019', 'arif', 'arif@gmail.com ', '7903003123', '10', '1', '50', 'month', '2019-01-08 15:17:18'),
(29, 31, 'H.A.L SR SCHOOL', 'HA', NULL, 'subject', '2018-2019', 'Aryabhatt', 'arya@halsaa.in', '9818396512', '10', '1', '500', 'day', '2019-01-12 19:57:00'),
(30, 32, 'fcvg', 'ccc', NULL, 'daywise', '2018-2019', 'fggg', 'fdd@gmail.com', '9350943816', '10', '1', '10', 'day', '2019-01-12 20:14:36'),
(31, 34, 'hellens public', 'school', NULL, 'daywise', '2020-2021', 'A.k.verma', 'akverma@gmail.com', '7762043802', '10', '1', '20', 'day', '2019-01-14 11:26:12'),
(32, 35, 'Dolphins public', 'school', NULL, 'daywise', '2018-2019', 'V.k.verma', 'vk@gmail.com', '7733930397', '10', '1', '10', 'day', '2019-01-14 11:56:00'),
(33, 36, 'shantiniketan', 'shantiniketan', NULL, 'daywise', '2018-2019', 'shanti', 'shantiniketan123@gmail.com', '7903003123', '10', '1', '10', 'day', '2019-01-14 12:32:34'),
(34, 37, 'czvzvz', 'vzbzvvzvvz', NULL, 'daywise', '2018-2019', 'zcvzv', 'fagsg@gmail.com', '9678484048', '10', '1', '10', 'day', '2019-01-14 16:39:01'),
(35, 38, 'vgzgzg', 'gzhzh', NULL, 'daywise', '2018-2019', 'vzhzbz', 'gsgsg@gmail.com', '9764645994', '10', '1', '10', 'day', '2019-01-14 16:44:48'),
(36, 39, 'gsgsv', 'gshdg', NULL, 'daywise', '2018-2019', 'gsgzv', 'fsgag@gmail.com', '9794848448', '10', '1', '10', 'day', '2019-01-14 16:51:49'),
(37, 40, 'gzvzvvz', 'gsgsg', NULL, 'daywise', '2018-2019', 'bzgzh', 'gsgz@gmail.com', '9497848558', '10', '1', '10', 'day', '2019-01-14 17:16:34'),
(38, 41, 'St andrews', 'St aps', NULL, 'daywise', '2018-2019', 'josef', 'gg@gmail.com', '9311620027', '10', '1', '30', 'month', '2019-01-15 12:57:13'),
(39, 42, 'vVzvV', 'gzgG', NULL, 'daywise', '2018-2019', 'vVV', 'vGsg@gmail.com', '9767679497', '10', '1', '10', 'day', '2019-01-15 13:33:51'),
(40, 43, 'czvzvz', 'vzbbzb', NULL, 'daywise', '2018-2019', 'vzbzbz', 'vzgzv@gmail.com', '9794974997', '10', '1', '10', 'day', '2019-01-15 13:40:45'),
(41, 44, 'vVbzb', 'ghzhz', NULL, 'daywise', '2018-2019', 'hHzbzzb', 'zggsg@gmail.com', '9797979797', '10', '1', '10', 'day', '2019-01-15 13:48:50'),
(42, 45, 'vsvzsb', 'gsgzhhz', NULL, 'daywise', '2018-2019', 'gzhzg', 'gzgzhzh', '646764', '10', '1', '10', 'day', '2019-01-15 13:50:50'),
(43, 46, 'vzvzvz', 'gzgzg', NULL, 'daywise', '2018-2019', 'gsvsv', 'gsgsg@gmail.com', '9764649797', '10', '1', '10', 'day', '2019-01-15 14:26:49'),
(44, 47, 'vzgzgz', 'gsgsg', NULL, 'daywise', '2018-2019', 'shzhhz', 'vzgsgs', '757676', '10', '1', '10', 'day', '2019-01-15 14:29:27'),
(45, 48, 'vsvzvvz', 'syhzhs', NULL, 'daywise', '2018-2019', 'zvbzbz', 'vzvsg@,gmail.com', '9768484879', '10', '200', '10', 'day', '2019-01-16 14:47:01'),
(46, 49, 'gzgsgsg', 'gsgshs', NULL, 'daywise', '2018-2019', 'gsvsgs', 'sggs@gmail.com', '7964545484', '10', '1', '10', 'day', '2019-01-16 14:57:13'),
(47, 50, 'School', 'SCH', NULL, 'daywise', '2018-2019', 'principal', 'principal@principal.com', '1234567890', '10', '1', '100', 'month', '2019-01-16 16:38:21'),
(48, 51, 'c bj', 'chh', NULL, 'daywise', '2018-2019', 'cvhj', 'cghj@bjj.ghj', '1234567890', '10', '1', '10', 'month', '2019-01-16 17:56:08'),
(49, 52, 'zggzgz', 'gshsh', NULL, 'daywise', '2018-2019', 'gsgshsh', 'gsgs@gnail.com', '8797979497', '10', '400', '10', 'day', '2019-01-16 18:15:09'),
(50, 53, 'gbsbz', 'hshdh', NULL, 'daywise', '2018-2019', 'yshsh', 'vsgs@gmail.com', '9764646565', '10', '1', '10', 'day', '2019-01-18 18:38:09'),
(51, 54, 'vxbzhz', 'vsbxh', NULL, 'daywise', '2018-2019', 'yshxhz', 'gzgzg@gmail.com', '9358846940', '10', '200', '10', 'day', '2019-01-18 18:52:27'),
(52, 55, NULL, NULL, NULL, 'daywise', NULL, NULL, NULL, NULL, NULL, '200', NULL, NULL, NULL),
(53, 57, 'donbosco high school', 'donbosco', NULL, 'daywise', '2018-2019', 'aalam', 'alamg751@gmail.com', '7903003123', '10', '400', '10', 'day', '2019-01-24 16:32:21'),
(54, 72, 'jajjawk', 'moonlight', NULL, 'daywise', '2018-2019', 'jJjak', 'hzjakkaa', '6784846643', '10', '1', '30', 'day', '2019-02-07 00:03:16'),
(55, 75, 'jjihG', 'uuhh', NULL, 'daywise', '2018-2019', 'hji', 'ghj@jjjv.cim', '966688', '10', '1', '69', 'day', '2019-02-07 00:47:11'),
(56, 78, 'Legacy', 'The', NULL, 'daywise', '2019-2020', 'Richa Puri', 'thelegacypreschool@gmail.com ', '9650403744', '10', '200', '15', 'day', '2019-02-18 03:16:25'),
(57, 79, 'DAV', '.', NULL, 'daywise', '2018-2019', 'test', 'test@gmail.com', '7520370612', '10', '200', '20', 'month', '2019-02-18 15:04:41'),
(58, 80, NULL, NULL, 'logo155082649480.png', 'daywise', NULL, NULL, NULL, NULL, NULL, '200', NULL, NULL, NULL),
(59, 81, NULL, NULL, NULL, 'daywise', NULL, NULL, NULL, NULL, NULL, '200', NULL, NULL, NULL),
(60, 83, 'vsvV', 'vavav', NULL, 'daywise', '2018-2019', 'vzvV', 'vsvav@,gmail.com', '9350943816', '10', '200', '10', 'day', '2019-02-22 15:22:00'),
(61, 84, 'akgec', 'aj', NULL, 'subject', '2018-2019', 'ajay', 'p@g.com', '9905225636', '10', '200', '20', 'day', '2019-02-22 15:28:49'),
(62, 85, 'gshsh', 'bshsh', NULL, 'daywise', '2018-2019', 'gsgshs', 'avgsg@gmail.com', '9350943816', '10', '200', '10', 'day', '2019-02-23 12:09:10'),
(63, 86, 'Carmel', 'st.', NULL, 'daywise', '2018-2019', 'test', 'anishashrivastava20@gmail.com', '7733930397', '10', '200', '10', 'day', '2019-02-27 12:40:22'),
(64, 87, 'Columbus international school', 'Columbus', NULL, 'subject', '2018-2019', 'Satyendra kumar', 'satyendra.opt@gmail.com', '9311620027', '10', '400', '20', 'day', '2019-03-02 16:55:30'),
(65, 89, 'gzgzg', 'vzvzgz', NULL, 'daywise', '2018-2019', 'gzzvvz', 'agsggs@gmail.com', '9350945878', '10', '200', '10', 'day', '2019-03-04 10:36:01'),
(66, 90, 'gzgszg', 'gzshz', NULL, 'daywise', '2018-2019', 'gshsh', 'fsgs@gmail.com', '9797979898', '10', '200', '10', 'day', '2019-03-04 11:49:23'),
(67, 91, 'vsvsv', 'vshsh', NULL, 'daywise', '2018-2019', 'vzvs', 'afgsf@gmIl.com', '9764948484', '10', '200', '10', 'day', '2019-03-04 12:41:03'),
(68, 92, 'fff', 'gggg', NULL, 'daywise', '2018-2019', 'dfff', 'fff@gmail.com', '5555', '10', '200', '10', 'day', '2019-03-04 12:52:47'),
(69, 95, 'dkfjbj', 'sarswati', NULL, 'daywise', '2018-2019', 'sncnv', 'as jcjvvjjcx', '9839129671', '10', '200', '200', 'month', '2019-03-13 12:30:02'),
(70, 96, 'ideal public school', 'IPS', NULL, 'daywise', '2018-2019', 'pawan', 'jaanyjaan1408@gmail.com', '9873983163', '10', '200', '100', 'month', '2019-03-13 13:45:24'),
(71, 97, 'vvfd', 'tvvv', NULL, 'daywise', '2018-2019', 'cvvg', 'cff@gmail.com', '9389729868', '10', '200', '10', 'day', '2019-03-15 11:18:47'),
(72, 98, 'MDD SUN FLOWER HS PUBLIC SCHOOL', 'mdd', NULL, 'daywise', '2018-2019', 'sunil yadav', 'vibhas1326@gmail.com', '9311620027', '10', '400', '10', 'day', '2019-03-16 12:33:49'),
(73, 100, 'City Convent school ', 'cms', NULL, 'daywise', '2019-2020', 'Rajesh Verma', 'rajverma.3185@gmail.com', '9999502259', '10', '300', '100', 'month', '2019-03-21 22:09:55'),
(74, 101, 'Ideal Public Scholl', 'IPS', NULL, 'daywise', '2018-2019', 'Manita Bai', 'ipskosli@outlook.com', '9549161530', '10', '400', '100', 'day', '2019-03-25 13:39:05'),
(75, 102, 'dav', 'da', NULL, 'daywise', '2018-2019', 'nikhil kumar', 'myselfnikhilkr@gmail.com', '7834913016', '10', '200', '50', 'day', '2019-03-25 16:52:20'),
(76, 103, 'hj', 'gg', NULL, 'daywise', '2019-2020', 'vvv', 'admin@teknikoglobal.com', '8956235623', '10', '400', '10', 'day', '2019-03-25 18:38:42'),
(77, 104, 'vsvsv', 'hshs', NULL, 'daywise', '2018-2019', 'vsvsv', 'afsggs@gmaik.com', '9350943816', '10', '200', '10', 'day', '2019-03-25 19:39:52'),
(78, 105, 'sms school', 'sms', NULL, 'daywise', '2018-2019', 'vibhas mishra', 'vibhas1326@gmail.com', '9311620027', '10', '200', '10', 'day', '2019-12-07 20:31:47'),
(79, 106, 'DAV school ', 'dav', NULL, 'daywise', '2018-2019', 'vibhas new', 'teknikoglobal@gmail.com', '7321961084', '10', '200', '10', 'day', '2020-08-13 12:36:11'),
(80, 107, 'new achhool', 'achiol', NULL, 'daywise', '2018-2019', 'p name', 'email1@gmail.com', '8976784946', '10', '200', '1999', 'day', '2021-10-04 16:58:07'),
(81, 108, 'Arvind', 'mera school', NULL, 'subject', '2018-2019', 'Rohit Kumar', 'rohit@gmail.com', '9350943816', '10', '400', '500', 'day', '2021-10-13 09:09:05'),
(82, 109, 'fdss', 'asdf', NULL, 'subject', '2021-2022', 'arrr', 'arr@gmail.com', '9999999999', '10', '400', '100', 'month', '2021-10-13 14:15:20'),
(83, 110, 'test', 'test', NULL, 'daywise', '2018-2019', 'test', 'sharmapush1995@gmail.com ', '7011036618', '10', '200', '0', 'day', '2021-11-22 16:07:48'),
(84, 111, 'jeee', 'jpa', NULL, 'daywise', '2020-2021', 'arvind', 'arvind9227@gmail.com', '9350943816', '10', '400', '100', 'day', '2021-12-03 19:22:23'),
(85, 112, 'Tekniko school ', 'Tek', NULL, 'daywise', '2018-2019', 'Arvind singh', 'teknikoglobal@gmail.com', '7321961084', '10', '200', '10', 'day', '2021-12-06 21:46:24'),
(86, 113, 'Nainital', 'nainital001', NULL, 'daywise', '2021-2022', 'Arvind Singh', 'arvind9227@gmail.com', '9350943816', '10', '400', '100', 'day', '2021-12-07 11:54:46'),
(87, 114, 'Samatva Tech India', 'STI', NULL, 'daywise', '2021-2022', 'Sudhanshu ', 'patwal.sudhanshu98@gmail.com', '9639631381', '10', '400', '100', 'day', '2021-12-07 20:21:39'),
(88, 115, 'Krishna public school', 'kps', NULL, 'daywise', '2022-2023', 'rajat', 'devesh49@gmail.com', '9997453333', '10', '400', '10', 'day', '2021-12-10 11:19:37');

-- --------------------------------------------------------

--
-- Table structure for table `school_contacts`
--

CREATE TABLE `school_contacts` (
  `contactID` int(11) NOT NULL,
  `schoolID` int(11) NOT NULL,
  `name` varchar(255) NOT NULL,
  `designation` varchar(255) NOT NULL,
  `phone` varchar(255) NOT NULL,
  `email` varchar(255) DEFAULT NULL,
  `is_active` enum('Y','N') NOT NULL DEFAULT 'Y',
  `added_on` datetime NOT NULL
) ENGINE=InnoDB DEFAULT CHARSET=latin1;

--
-- Dumping data for table `school_contacts`
--

INSERT INTO `school_contacts` (`contactID`, `schoolID`, `name`, `designation`, `phone`, `email`, `is_active`, `added_on`) VALUES
(1, 2, 'Principal1', 'Principal', '1234567890', NULL, 'Y', '2018-12-12 19:55:50'),
(2, 2, 'Vice Principal - 1', 'Vice Principal', '123', NULL, 'Y', '2018-12-12 19:57:48'),
(3, 5, 'Suman Kumar', 'Director', '1234567890', NULL, 'Y', '2018-12-14 11:24:26'),
(4, 1, 'Principal1', 'Principal', '1234567890', NULL, 'Y', '2018-12-17 15:27:45'),
(5, 21, 'Suman Kumar', 'Director', '9801425555', NULL, 'Y', '2019-01-04 13:47:20'),
(6, 36, 'SANKAR G', 'teacher', '12244', NULL, 'Y', '2019-01-14 13:26:07'),
(7, 36, 'SHEKAR G', 'teacher', '5656', NULL, 'Y', '2019-01-14 13:26:28'),
(8, 36, 'vikash', 'student', '5567', NULL, 'Y', '2019-01-14 13:26:42'),
(9, 36, 'parabhu', 'student', '34546', NULL, 'Y', '2019-01-14 14:40:20'),
(10, 36, 'patil', 'teacher', '787847547', NULL, 'Y', '2019-01-14 14:40:46'),
(11, 28, 'A. K Sinha', 'Principal', '5765445330', NULL, 'Y', '2019-01-16 13:46:49'),
(12, 57, 'Imran Hashami', 'teacher', '7903003123', NULL, 'Y', '2019-01-30 22:31:44'),
(13, 57, 'raghuvir singh', 'servant', '7903003123', NULL, 'Y', '2019-01-30 22:34:39'),
(14, 57, 'bahadur singh ', 'bus driver', '7903003123', NULL, 'Y', '2019-01-30 22:35:32'),
(15, 57, 'Imran Hashami', 'student', '7903003123', NULL, 'Y', '2019-02-01 23:19:22'),
(16, 87, 'Sunil', 'Staff', '1234567890', NULL, 'Y', '2019-03-02 18:04:44'),
(17, 113, 'Vibhas', 'Teacher', '9311620027', '', 'Y', '2021-12-07 12:25:28'),
(18, 1, 'Anisha ', 'HOD', '1234567890', 'test@gmail.com', 'Y', '2021-12-15 14:16:12');

-- --------------------------------------------------------

--
-- Table structure for table `school_registration`
--

CREATE TABLE `school_registration` (
  `schoolID` int(11) NOT NULL,
  `school_code` varchar(255) NOT NULL,
  `name` varchar(255) NOT NULL,
  `email` varchar(255) NOT NULL,
  `phone` varchar(255) NOT NULL,
  `image` varchar(255) DEFAULT NULL,
  `address` text NOT NULL,
  `username` varchar(255) NOT NULL,
  `password` varchar(255) NOT NULL,
  `subscription_status` enum('Y','N') NOT NULL,
  `is_active` enum('Y','N') NOT NULL,
  `is_config_setup` enum('Y','N') NOT NULL,
  `is_approved` enum('Y','N') NOT NULL,
  `added_on` datetime NOT NULL,
  `modified_on` datetime DEFAULT NULL
) ENGINE=MyISAM DEFAULT CHARSET=latin1;

--
-- Dumping data for table `school_registration`
--

INSERT INTO `school_registration` (`schoolID`, `school_code`, `name`, `email`, `phone`, `image`, `address`, `username`, `password`, `subscription_status`, `is_active`, `is_config_setup`, `is_approved`, `added_on`, `modified_on`) VALUES
(1, 'HAK9KF8', 'HAL', 'halsaa@gmail.com', '9818396512', 'school1545040325.jpg', 'H.A.L Colony , Faizabad Road,, Lucknow, Uttar Pradesh, 226010', 'school1', '96bcc3886898c1b1c79a0d56848ab90d72f9d795f52f2357cd50b7f1f51e61a1f372aa6bf252fa9eb19f0aa18f0ef8f440af743415535d53ea0ec53f8784d5ab', 'Y', 'Y', 'Y', 'Y', '2018-11-16 23:41:50', '2018-12-17 15:22:05'),
(2, 'ARHN86O', 'Arvind School ', 'school1234@gmail.com', '9356875235', 'school1551351849.jpg', 'delhi , delhi , delhi , 201110', 'tekniko', 'aaf956a9e183479db749bfed49a7200e7a70f820e420edcd85c487fa7f596805e1bae72263d95ddc9f008d7695dc0a838ca4c5f70c2695b203c2d77d7fe5d292', 'Y', 'Y', 'Y', 'Y', '2018-11-17 12:07:07', '2019-02-28 16:34:09'),
(3, 'GSIU4JP', 'gshdh', 'gsgsgs@gmail.com', '9949865328', NULL, 'asdff, adsdd, fsfsgs, 965385', 'GSIU4JP', 'aaf956a9e183479db749bfed49a7200e7a70f820e420edcd85c487fa7f596805e1bae72263d95ddc9f008d7695dc0a838ca4c5f70c2695b203c2d77d7fe5d292', 'N', 'Y', 'N', 'Y', '2018-11-17 12:44:07', '2018-11-17 12:44:07'),
(4, 'FSR7GNP', 'fsgsg', 'school1234@gmail.com', '9458485588', NULL, 'asdff, fafsgs, fagsgsf, 365888', 'FSR7GNP', 'aaf956a9e183479db749bfed49a7200e7a70f820e420edcd85c487fa7f596805e1bae72263d95ddc9f008d7695dc0a838ca4c5f70c2695b203c2d77d7fe5d292', 'Y', 'Y', 'Y', 'Y', '2018-11-17 12:54:39', '2018-11-17 12:54:39'),
(5, 'IT8L9ON', 'iti', 'vibhas1326@gmail.com', '9311620027', NULL, 'Patna , Patna, bihar, 800013', 'IT8L9ON', '96bcc3886898c1b1c79a0d56848ab90d72f9d795f52f2357cd50b7f1f51e61a1f372aa6bf252fa9eb19f0aa18f0ef8f440af743415535d53ea0ec53f8784d5ab', 'Y', 'Y', 'Y', 'Y', '2018-11-20 13:38:00', '2018-11-20 13:38:00'),
(6, 'SCNLTDV', 'School', 'school@school.com', '1234567890', NULL, 'Full Address', 'SCNLTDV', '96bcc3886898c1b1c79a0d56848ab90d72f9d795f52f2357cd50b7f1f51e61a1f372aa6bf252fa9eb19f0aa18f0ef8f440af743415535d53ea0ec53f8784d5ab', 'Y', 'Y', 'Y', 'Y', '2018-12-12 16:27:11', '2018-12-12 16:27:11'),
(7, 'M SYEOW', 'M S MEMORIAL PUBLIC SCHOOL', 'msmpsmotihari@gmail.com', '8789273828', NULL, 'Balganga , Motihari, Bihar, 845437', 'M SYEOW', 'bd741d9884130d869cd78b610126540d090d0f38c20fbb79a1ef94c4f701b9e83eaf52f774d24ee4e275180e90c81ce56ca00c0a7bce26943b6765398744e1a9', 'Y', 'Y', 'Y', 'Y', '2018-12-17 13:22:12', '2018-12-17 13:22:12'),
(8, 'RPXHQR1', 'rps', 'rps@gmail.com', '9311620027', NULL, 'patna, patna, Bihar, 800001', 'RPXHQR1', '96bcc3886898c1b1c79a0d56848ab90d72f9d795f52f2357cd50b7f1f51e61a1f372aa6bf252fa9eb19f0aa18f0ef8f440af743415535d53ea0ec53f8784d5ab', 'Y', 'Y', 'Y', 'Y', '2018-12-23 14:40:35', '2018-12-23 14:40:35'),
(9, 'IDVGPJZ', 'ideal college', 'mackkaushal@gmail.com', '7379591974', NULL, 'C30, Ghaziabad, Uttar Pradesh, 201015', 'IDVGPJZ', 'bf3e13e1a2d0b140d5bb7128abfbb4544f23c4099f9d750853cc23343fb61572cb11d24eaf2400f8c839546e1597307688d4360ba87bbe356f44e0a6e3959dd4', 'Y', 'Y', 'Y', 'Y', '2018-12-24 10:20:02', '2018-12-24 10:20:02'),
(10, 'SCZUZBC', 'school1', 'school@gmail.com', '9568745325', NULL, 'noida, delhi, delhi, 102102', 'SCZUZBC', 'aaf956a9e183479db749bfed49a7200e7a70f820e420edcd85c487fa7f596805e1bae72263d95ddc9f008d7695dc0a838ca4c5f70c2695b203c2d77d7fe5d292', 'Y', 'Y', 'Y', 'Y', '2018-12-24 10:26:16', '2018-12-24 10:26:16'),
(11, 'SCE1IMB', 'schoil2', 'school2@gmIl.com', '8796325698', NULL, 'Delhi, Delhi, Delhi, 102398', 'SCE1IMB', 'aaf956a9e183479db749bfed49a7200e7a70f820e420edcd85c487fa7f596805e1bae72263d95ddc9f008d7695dc0a838ca4c5f70c2695b203c2d77d7fe5d292', 'Y', 'Y', 'Y', 'Y', '2018-12-24 10:32:00', '2018-12-24 10:32:00'),
(12, 'SC2CIW9', 'school test', 'test@test.com', '1234567890', NULL, 'Manas Vihar Colony, Sarvodaya Nagar, Lucknow, Uttar Pradesh, 226016', 'SC2CIW9', 'aaf956a9e183479db749bfed49a7200e7a70f820e420edcd85c487fa7f596805e1bae72263d95ddc9f008d7695dc0a838ca4c5f70c2695b203c2d77d7fe5d292', 'Y', 'Y', 'Y', 'Y', '2018-12-24 10:39:14', '2018-12-24 10:39:14'),
(13, 'SCEDPUJ', 'school3', 'sc3@gmail.com', '8963256874', NULL, 'asdf, sdFa, fssas, 254875', 'SCEDPUJ', 'aaf956a9e183479db749bfed49a7200e7a70f820e420edcd85c487fa7f596805e1bae72263d95ddc9f008d7695dc0a838ca4c5f70c2695b203c2d77d7fe5d292', 'Y', 'Y', 'Y', 'Y', '2018-12-24 10:42:12', '2018-12-24 10:42:12'),
(14, 'SC1Q11G', 'school3', 'sc3@gmail.com', '8963256874', NULL, 'asdf, sdFa, fssas, 254875', 'SC1Q11G', 'aaf956a9e183479db749bfed49a7200e7a70f820e420edcd85c487fa7f596805e1bae72263d95ddc9f008d7695dc0a838ca4c5f70c2695b203c2d77d7fe5d292', 'N', 'Y', 'N', 'Y', '2018-12-24 11:12:39', '2018-12-24 11:12:39'),
(15, 'SCTHS8M', 'school4', 'school4@gmsil.com', '8632569856', NULL, 'delhi, delhi, delhi, 420986', 'SCTHS8M', 'aaf956a9e183479db749bfed49a7200e7a70f820e420edcd85c487fa7f596805e1bae72263d95ddc9f008d7695dc0a838ca4c5f70c2695b203c2d77d7fe5d292', 'Y', 'Y', 'Y', 'Y', '2018-12-24 11:20:16', '2018-12-24 11:20:16'),
(16, 'SC1OI7R', 'school5', 'school5@gmail.com', '9658965235', NULL, 'Delhi , delhi, delhi, 865325', 'SC1OI7R', 'aaf956a9e183479db749bfed49a7200e7a70f820e420edcd85c487fa7f596805e1bae72263d95ddc9f008d7695dc0a838ca4c5f70c2695b203c2d77d7fe5d292', 'Y', 'Y', 'Y', 'Y', '2018-12-27 10:00:27', '2018-12-27 10:00:27'),
(17, 'DPFTTD9', 'dps', 'dps@gmail.com', '9638528523', NULL, 'ffff, delhi, delhi, 110092', 'DPFTTD9', '96bcc3886898c1b1c79a0d56848ab90d72f9d795f52f2357cd50b7f1f51e61a1f372aa6bf252fa9eb19f0aa18f0ef8f440af743415535d53ea0ec53f8784d5ab', 'N', 'Y', 'Y', 'Y', '2018-12-27 10:54:38', '2018-12-27 10:54:38'),
(18, 'DPV75FR', 'dps', 'dps@gmail.com', '9638528523', NULL, 'ffff, delhi, delhi, 110092', 'DPV75FR', '96bcc3886898c1b1c79a0d56848ab90d72f9d795f52f2357cd50b7f1f51e61a1f372aa6bf252fa9eb19f0aa18f0ef8f440af743415535d53ea0ec53f8784d5ab', 'N', 'Y', 'Y', 'Y', '2018-12-27 11:17:10', '2018-12-27 11:17:10'),
(19, 'DPOI1OD', 'dps', 'dps@gmail.com', '9638528523', NULL, 'ffff, delhi, delhi, 110092', 'DPOI1OD', '96bcc3886898c1b1c79a0d56848ab90d72f9d795f52f2357cd50b7f1f51e61a1f372aa6bf252fa9eb19f0aa18f0ef8f440af743415535d53ea0ec53f8784d5ab', 'N', 'Y', 'Y', 'Y', '2018-12-27 11:20:19', '2018-12-27 11:20:19'),
(20, 'GSEXE5J', 'gsgsg', 'adfa@gmail.com', '9358762548', NULL, 'gzvz, vzvzv, vzvzbz, 887594', 'GSEXE5J', 'aaf956a9e183479db749bfed49a7200e7a70f820e420edcd85c487fa7f596805e1bae72263d95ddc9f008d7695dc0a838ca4c5f70c2695b203c2d77d7fe5d292', 'N', 'Y', 'Y', 'Y', '2018-12-27 11:25:02', '2018-12-27 11:25:02'),
(21, 'SUU5FF2', 'Suman Kumar', 'suman.dwivedi@yahoo.com', '9801425555', NULL, 'Motihari', 'M090002', '376ce6c7ab7f40735ff475e6d9f7bdc8580f72dcc464bfdb235940c3f20e4811824164b04caf7ce88347265a07541ceb59b0d1141678bc0ba6a6c9278e0bac67', 'Y', 'Y', 'Y', 'Y', '2018-12-27 11:25:17', '2018-12-27 11:25:17'),
(22, 'FGFEWVN', 'fgg', 'xdfg@gmail.com', '9865848858', NULL, 'cfgghh, cfgh, vc b, 885598', 'FGFEWVN', 'aaf956a9e183479db749bfed49a7200e7a70f820e420edcd85c487fa7f596805e1bae72263d95ddc9f008d7695dc0a838ca4c5f70c2695b203c2d77d7fe5d292', 'N', 'Y', 'Y', 'Y', '2018-12-27 11:28:27', '2018-12-27 11:28:27'),
(23, 'GZ6MV7A', 'gzhshs', 'dafa@gmsil.com', '9856548959', NULL, 'sggsgs, gsgssh, gsgzhz, 979797', 'GZ6MV7A', 'aaf956a9e183479db749bfed49a7200e7a70f820e420edcd85c487fa7f596805e1bae72263d95ddc9f008d7695dc0a838ca4c5f70c2695b203c2d77d7fe5d292', 'Y', 'Y', 'Y', 'Y', '2018-12-27 11:39:56', '2018-12-27 11:39:56'),
(24, 'DP75JJD', 'dps', 'dps@gmail.com', '9854635897', NULL, 'delhi, delhi, delhi, 110011', 'DP75JJD', 'aaf956a9e183479db749bfed49a7200e7a70f820e420edcd85c487fa7f596805e1bae72263d95ddc9f008d7695dc0a838ca4c5f70c2695b203c2d77d7fe5d292', 'Y', 'Y', 'Y', 'Y', '2018-12-27 11:50:57', '2018-12-27 11:50:57'),
(25, 'FSWLOZA', 'fsgzgz', 'cafsg@gmail.com', '9818235537', NULL, 'gsgssg, gsgsg, gsgsg, 546434', 'FSWLOZA', 'aaf956a9e183479db749bfed49a7200e7a70f820e420edcd85c487fa7f596805e1bae72263d95ddc9f008d7695dc0a838ca4c5f70c2695b203c2d77d7fe5d292', 'Y', 'Y', 'Y', 'Y', '2019-01-05 22:13:57', '2019-01-05 22:13:57'),
(26, 'GS2GFN8', 'gsgshs', 'fagsg@gmail.com', '9818235537', NULL, 'vsvsg, vsvsbs, hshsh, 849467', 'GS2GFN8', 'aaf956a9e183479db749bfed49a7200e7a70f820e420edcd85c487fa7f596805e1bae72263d95ddc9f008d7695dc0a838ca4c5f70c2695b203c2d77d7fe5d292', 'Y', 'Y', 'Y', 'Y', '2019-01-05 22:39:11', '2019-01-05 22:39:11'),
(27, 'VIPXWZY', 'vibhas', 'vibhas1326@gmail.com', '9311620027', NULL, 'boring road , Patna, bihar, 800013', 'VIPXWZY', '96bcc3886898c1b1c79a0d56848ab90d72f9d795f52f2357cd50b7f1f51e61a1f372aa6bf252fa9eb19f0aa18f0ef8f440af743415535d53ea0ec53f8784d5ab', 'Y', 'Y', 'Y', 'Y', '2019-01-05 23:29:38', '2019-01-05 23:29:38'),
(28, 'AK3Y3K0', 'ak sinha', 'aksinha@gmail.com', '7543015219', NULL, 'patna, patna, bihar, 800001', 'AK3Y3K0', '96bcc3886898c1b1c79a0d56848ab90d72f9d795f52f2357cd50b7f1f51e61a1f372aa6bf252fa9eb19f0aa18f0ef8f440af743415535d53ea0ec53f8784d5ab', 'Y', 'Y', 'Y', 'Y', '2019-01-06 15:22:12', '2019-01-06 15:22:12'),
(29, 'BZ5Y49V', 'bzhzb', 'gGzg@gmail.com', '9818235537', NULL, 'sgsgs, zcvz, vzvzb, 979485', 'BZ5Y49V', 'aaf956a9e183479db749bfed49a7200e7a70f820e420edcd85c487fa7f596805e1bae72263d95ddc9f008d7695dc0a838ca4c5f70c2695b203c2d77d7fe5d292', 'N', 'Y', 'N', 'Y', '2019-01-06 16:21:15', '2019-01-06 16:21:15'),
(30, 'ARROK6P', 'arif', 'arif@gmail.com', '7903003123', NULL, 'siwan, siwan, bihar, 841428', 'ARROK6P', '96bcc3886898c1b1c79a0d56848ab90d72f9d795f52f2357cd50b7f1f51e61a1f372aa6bf252fa9eb19f0aa18f0ef8f440af743415535d53ea0ec53f8784d5ab', 'Y', 'Y', 'Y', 'Y', '2019-01-08 15:15:28', '2019-01-08 15:15:28'),
(31, 'SUXQRWY', 'Sunil Thakur ', 'thakur5sunil@gmail.com', '9818396512', NULL, 'A-63, Lucknow, Uttar Pradesh , 226010', 'SUXQRWY', 'ad08860be6b2380c6f67ea30333fbb6c4309c89a8cc62ac53a1585fda34b667aa190c272362823b57cdcb4fe2d6b3f8aedf940627a59c50edcce8ee1f5f484ba', 'Y', 'Y', 'Y', 'Y', '2019-01-12 19:54:25', '2019-01-12 19:54:25'),
(32, 'VVDY30R', 'vvvv', 'asd@gmail.com', '9350943816', NULL, 'sdff, ffgg, ffgh, 858865', 'VVDY30R', 'aaf956a9e183479db749bfed49a7200e7a70f820e420edcd85c487fa7f596805e1bae72263d95ddc9f008d7695dc0a838ca4c5f70c2695b203c2d77d7fe5d292', 'N', 'Y', 'Y', 'Y', '2019-01-12 20:11:19', '2019-01-12 20:11:19'),
(33, 'VVL31PP', 'vvvv', 'asd@gmail.com', '9350943816', NULL, 'sdff, ffgg, ffgh, 935884', 'VVL31PP', 'aaf956a9e183479db749bfed49a7200e7a70f820e420edcd85c487fa7f596805e1bae72263d95ddc9f008d7695dc0a838ca4c5f70c2695b203c2d77d7fe5d292', 'N', 'Y', 'N', 'Y', '2019-01-12 20:18:55', '2019-01-12 20:18:55'),
(34, 'ANJ7NYT', 'Anisha', 'anishashrivastava20@gmail.com', '7733930397', NULL, 'patna, patna, bihar, 800020', 'ANJ7NYT', '96bcc3886898c1b1c79a0d56848ab90d72f9d795f52f2357cd50b7f1f51e61a1f372aa6bf252fa9eb19f0aa18f0ef8f440af743415535d53ea0ec53f8784d5ab', 'Y', 'Y', 'Y', 'Y', '2019-01-14 11:22:40', '2019-01-14 11:22:40'),
(35, 'ANZO6Q0', 'anisha1', 'anishashrivastava20@gmail.com', '7733930397', NULL, 'patna, Patna, Bihar, 800020', 'ANZO6Q0', '96bcc3886898c1b1c79a0d56848ab90d72f9d795f52f2357cd50b7f1f51e61a1f372aa6bf252fa9eb19f0aa18f0ef8f440af743415535d53ea0ec53f8784d5ab', 'Y', 'Y', 'Y', 'Y', '2019-01-14 11:52:29', '2019-01-14 11:52:29'),
(36, 'ARBMHFJ', 'arif', 'arifalamg19981@gmail.com', '7903003123', NULL, 'jila parisad siwan, siwan, bihar, 841428', 'ARBMHFJ', '203ea2bf8cc465c633c3eb4a557c66170e93531c5c3e4b875083c792361e643f8325aadb57501a5a9f65f2c9049bfd1be0ced245ec7ec1088f4e1427887ca140', 'Y', 'Y', 'Y', 'Y', '2019-01-14 12:28:46', '2019-01-14 12:28:46'),
(37, 'VZF8QTU', 'vzvvsh', 'czgsf@gmaik.com', '9818235537', NULL, 'vzhsh, vzvzv, zhhshs, 494644', 'VZF8QTU', 'aaf956a9e183479db749bfed49a7200e7a70f820e420edcd85c487fa7f596805e1bae72263d95ddc9f008d7695dc0a838ca4c5f70c2695b203c2d77d7fe5d292', 'N', 'Y', 'Y', 'Y', '2019-01-14 16:38:11', '2019-01-14 16:38:11'),
(38, 'GGLY52F', 'ggshsg', 'gsgzg@gmail.com', '9818235537', NULL, 'gzhzhz, gzzgz, gzgzgz, 976797', 'GGLY52F', 'aaf956a9e183479db749bfed49a7200e7a70f820e420edcd85c487fa7f596805e1bae72263d95ddc9f008d7695dc0a838ca4c5f70c2695b203c2d77d7fe5d292', 'N', 'Y', 'Y', 'Y', '2019-01-14 16:44:20', '2019-01-14 16:44:20'),
(39, 'GSNRTQ8', 'gshdg', 'fsgsg@gmail.com', '9818235537', NULL, 'gsgzgs, gsgsgs, ysgzg, 575764', 'GSNRTQ8', 'aaf956a9e183479db749bfed49a7200e7a70f820e420edcd85c487fa7f596805e1bae72263d95ddc9f008d7695dc0a838ca4c5f70c2695b203c2d77d7fe5d292', 'N', 'Y', 'Y', 'Y', '2019-01-14 16:51:04', '2019-01-14 16:51:04'),
(40, 'FS00DZM', 'fsgsgs', 'fsgsg@gmail.com', '9818235537', NULL, 'vzvzvz, sggzgz, gsgzg, 575757', 'FS00DZM', 'aaf956a9e183479db749bfed49a7200e7a70f820e420edcd85c487fa7f596805e1bae72263d95ddc9f008d7695dc0a838ca4c5f70c2695b203c2d77d7fe5d292', 'N', 'Y', 'Y', 'Y', '2019-01-14 17:16:13', '2019-01-14 17:16:13'),
(41, 'VI9VYQH', 'vinay', 'vinaygkp180@gmail.com', '9311620027', NULL, 'gkp, gorakhpur , up, 273001', 'VI9VYQH', '96bcc3886898c1b1c79a0d56848ab90d72f9d795f52f2357cd50b7f1f51e61a1f372aa6bf252fa9eb19f0aa18f0ef8f440af743415535d53ea0ec53f8784d5ab', 'Y', 'Y', 'Y', 'Y', '2019-01-15 12:54:50', '2019-01-15 12:54:50'),
(42, 'SC3BIY2', 'school1', 'school1@gmail.com', '9350943816', NULL, 'hzgzhz, agagg, gzzhz, 978757', 'SC3BIY2', 'aaf956a9e183479db749bfed49a7200e7a70f820e420edcd85c487fa7f596805e1bae72263d95ddc9f008d7695dc0a838ca4c5f70c2695b203c2d77d7fe5d292', 'N', 'Y', 'Y', 'Y', '2019-01-15 13:33:26', '2019-01-15 13:33:26'),
(43, 'SCPG3CQ', 'schook2', 'fssg@gmail.com', '9350943816', NULL, 'vzbshzh, vzvzbzb, hzgshzh, 456797', 'SCPG3CQ', 'aaf956a9e183479db749bfed49a7200e7a70f820e420edcd85c487fa7f596805e1bae72263d95ddc9f008d7695dc0a838ca4c5f70c2695b203c2d77d7fe5d292', 'N', 'Y', 'Y', 'Y', '2019-01-15 13:40:21', '2019-01-15 13:40:21'),
(44, 'SCEFAMX', 'school3', 'sgGzg@gmail.com', '9350943816', NULL, 'hzhzh, gzhzh, hHzhz, 766767', 'SCEFAMX', 'aaf956a9e183479db749bfed49a7200e7a70f820e420edcd85c487fa7f596805e1bae72263d95ddc9f008d7695dc0a838ca4c5f70c2695b203c2d77d7fe5d292', 'N', 'Y', 'Y', 'Y', '2019-01-15 13:48:28', '2019-01-15 13:48:28'),
(45, 'GS5US3Z', 'gshshs', 'fsgshsh@gmail.com', '9350943816', NULL, 'dvvsbsbzb, gzvssbhz, zghshshz, 876464', 'GS5US3Z', 'aaf956a9e183479db749bfed49a7200e7a70f820e420edcd85c487fa7f596805e1bae72263d95ddc9f008d7695dc0a838ca4c5f70c2695b203c2d77d7fe5d292', 'N', 'Y', 'Y', 'Y', '2019-01-15 13:50:33', '2019-01-15 13:50:33'),
(46, 'SCHMAJG', 'schiol4', 'schiol@gmail.com', '9350943816', NULL, 'gsgshs, gsgsh, gzgsgzg, 967849', 'SCHMAJG', 'aaf956a9e183479db749bfed49a7200e7a70f820e420edcd85c487fa7f596805e1bae72263d95ddc9f008d7695dc0a838ca4c5f70c2695b203c2d77d7fe5d292', 'N', 'Y', 'Y', 'Y', '2019-01-15 14:26:27', '2019-01-15 14:26:27'),
(47, 'GSP5YJA', 'gsgshz', 'gzgsg@gmail.com', '9350943816', NULL, 'svhshz, gsgsgs, sggzgzg, 675454', 'GSP5YJA', 'aaf956a9e183479db749bfed49a7200e7a70f820e420edcd85c487fa7f596805e1bae72263d95ddc9f008d7695dc0a838ca4c5f70c2695b203c2d77d7fe5d292', 'N', 'Y', 'Y', 'Y', '2019-01-15 14:29:12', '2019-01-15 14:29:12'),
(48, 'SC6K7M1', 'school5', 'sffag@gmail.com', '9350943816', NULL, 'good svgs, good he, good with e, 766467', 'SC6K7M1', 'aaf956a9e183479db749bfed49a7200e7a70f820e420edcd85c487fa7f596805e1bae72263d95ddc9f008d7695dc0a838ca4c5f70c2695b203c2d77d7fe5d292', 'N', 'Y', 'Y', 'Y', '2019-01-16 14:46:39', '2019-01-16 14:46:39'),
(49, 'SC9N2IS', 'school6', 'fsggs@gmail.com', '9350943816', NULL, 'sgghsh, gsgsgs, syysys, 346464', 'SC9N2IS', 'aaf956a9e183479db749bfed49a7200e7a70f820e420edcd85c487fa7f596805e1bae72263d95ddc9f008d7695dc0a838ca4c5f70c2695b203c2d77d7fe5d292', 'N', 'Y', 'Y', 'Y', '2019-01-16 14:56:51', '2019-01-16 14:56:51'),
(50, 'SCO2DYR', 'School2', 'school@school.com', '7809012352', NULL, 'Manas Vihar Colony, Sarvodaya Nagar, Lucknow, Uttar Pradesh, 226016', 'SCO2DYR', 'aaf956a9e183479db749bfed49a7200e7a70f820e420edcd85c487fa7f596805e1bae72263d95ddc9f008d7695dc0a838ca4c5f70c2695b203c2d77d7fe5d292', 'Y', 'Y', 'Y', 'Y', '2019-01-16 16:36:46', '2019-01-16 16:36:46'),
(51, 'SCOLEK3', 'School', 'svvhh@fgh.vvh', '7809012352', NULL, 'afgh, fghj, vghj, 889999', 'SCOLEK3', 'aaf956a9e183479db749bfed49a7200e7a70f820e420edcd85c487fa7f596805e1bae72263d95ddc9f008d7695dc0a838ca4c5f70c2695b203c2d77d7fe5d292', 'Y', 'Y', 'Y', 'Y', '2019-01-16 17:55:34', '2019-01-16 17:55:34'),
(52, 'BS7RPXP', 'bshsh', 'gsgsg@gmail.vom', '9350943816', NULL, 'vshxhd, gsbsh, vsgsgz, 458484', 'BS7RPXP', 'aaf956a9e183479db749bfed49a7200e7a70f820e420edcd85c487fa7f596805e1bae72263d95ddc9f008d7695dc0a838ca4c5f70c2695b203c2d77d7fe5d292', 'N', 'Y', 'Y', 'Y', '2019-01-16 18:14:45', '2019-01-16 18:14:45'),
(53, 'HSH1TGX', 'hsbzzh', 'gzbzb@gmail.com', '9350943816', NULL, 'sgshshhshsh, bsbsb, hzbxh, 649768', 'HSH1TGX', 'aaf956a9e183479db749bfed49a7200e7a70f820e420edcd85c487fa7f596805e1bae72263d95ddc9f008d7695dc0a838ca4c5f70c2695b203c2d77d7fe5d292', 'N', 'Y', 'Y', 'Y', '2019-01-18 18:37:45', '2019-01-18 18:37:45'),
(54, 'HSIOSTV', 'hshshs', 'gzhs@gmail.com', '9350943816', NULL, 'vsvd, gsgsh, gshsh, 549495', 'HSIOSTV', 'aaf956a9e183479db749bfed49a7200e7a70f820e420edcd85c487fa7f596805e1bae72263d95ddc9f008d7695dc0a838ca4c5f70c2695b203c2d77d7fe5d292', 'N', 'Y', 'Y', 'N', '2019-01-18 18:52:04', '2019-01-18 18:52:04'),
(55, 'GSP9N7F', 'gshshsh', 'bzbzbz@gmail.com', '9350943816', NULL, '1234, gshshshs, vsbzbzb, 979797', 'GSP9N7F', 'aaf956a9e183479db749bfed49a7200e7a70f820e420edcd85c487fa7f596805e1bae72263d95ddc9f008d7695dc0a838ca4c5f70c2695b203c2d77d7fe5d292', 'N', 'Y', 'N', 'Y', '2019-01-21 13:57:15', '2019-01-21 13:57:15'),
(56, 'ARWFE3X', 'arif', 'arifalamg19981@gmail.com', '7903003123', NULL, 'cinema road , gopalganj, bihar, 841428', 'ARWFE3X', '32627305d44f327239ab864c97364d96fa42ac788af2339d1b1a91a57b2227a36dcff8c0b2d51f52a3433e048da206c04d775e01743ba0da763eb59966c8de08', 'N', 'Y', 'N', 'Y', '2019-01-24 16:21:54', '2019-01-24 16:21:54'),
(57, 'ARHFJL2', 'arif', 'arifalamg19981@gmail.com', '7903003123', NULL, 'cinema road , gopalganj, bihar, 841428', 'ARHFJL2', '32627305d44f327239ab864c97364d96fa42ac788af2339d1b1a91a57b2227a36dcff8c0b2d51f52a3433e048da206c04d775e01743ba0da763eb59966c8de08', 'N', 'Y', 'Y', 'Y', '2019-01-24 16:22:54', '2019-01-24 16:22:54'),
(58, 'RA6TKLL', 'ravindra kumar', 'ravindra123@gmail.com', '7903003123', NULL, 'gopalganj, , , ', 'RA6TKLL', '013a6148593cd993b38aa6f8538439292fba4d9d03d54ea1d560b756f5d0c9fb59b6bd05ba46c6a41467b40a032dc6640706bd84b7c772c316d2caaaa3200bb0', 'N', 'Y', 'N', 'Y', '2019-02-06 15:36:28', '2019-02-06 15:36:28'),
(59, 'RABO1UN', 'ravindra kumar', 'ravindra123@gmail.com', '7903003123', NULL, 'gopalganj, , , ', 'RABO1UN', '013a6148593cd993b38aa6f8538439292fba4d9d03d54ea1d560b756f5d0c9fb59b6bd05ba46c6a41467b40a032dc6640706bd84b7c772c316d2caaaa3200bb0', 'N', 'Y', 'N', 'Y', '2019-02-06 15:36:53', '2019-02-06 15:36:53'),
(60, 'RABR0KN', 'ravindra kumar', 'ravindra123@gmail.com', '7903003123', NULL, 'gopalganj, , , ', 'RABR0KN', '013a6148593cd993b38aa6f8538439292fba4d9d03d54ea1d560b756f5d0c9fb59b6bd05ba46c6a41467b40a032dc6640706bd84b7c772c316d2caaaa3200bb0', 'N', 'Y', 'N', 'Y', '2019-02-06 15:37:38', '2019-02-06 15:37:38'),
(61, 'RA0EHS4', 'ravindra kumar', 'ravindra123@gmail.com', '7903003123', NULL, 'gopalganj, , , ', 'RA0EHS4', '013a6148593cd993b38aa6f8538439292fba4d9d03d54ea1d560b756f5d0c9fb59b6bd05ba46c6a41467b40a032dc6640706bd84b7c772c316d2caaaa3200bb0', 'N', 'Y', 'N', 'Y', '2019-02-06 15:39:16', '2019-02-06 15:39:16'),
(62, 'RAC5VS0', 'ravindra kumar', 'ravindra123@gmail.com', '7903003123', NULL, 'gopalganj, , , ', 'RAC5VS0', '013a6148593cd993b38aa6f8538439292fba4d9d03d54ea1d560b756f5d0c9fb59b6bd05ba46c6a41467b40a032dc6640706bd84b7c772c316d2caaaa3200bb0', 'N', 'Y', 'N', 'Y', '2019-02-06 15:40:04', '2019-02-06 15:40:04'),
(63, 'RA7K56K', 'ravindra kumar', 'ravindra123@gmail.com', '7903003123', NULL, 'gopalganj, , , ', 'RA7K56K', '013a6148593cd993b38aa6f8538439292fba4d9d03d54ea1d560b756f5d0c9fb59b6bd05ba46c6a41467b40a032dc6640706bd84b7c772c316d2caaaa3200bb0', 'N', 'Y', 'N', 'Y', '2019-02-06 15:40:09', '2019-02-06 15:40:09'),
(64, 'GO4UJSH', 'govinda gupta', 'govindagupta@gmail.com', '7903003123', NULL, 'gopalganj, , , ', 'GO4UJSH', '013a6148593cd993b38aa6f8538439292fba4d9d03d54ea1d560b756f5d0c9fb59b6bd05ba46c6a41467b40a032dc6640706bd84b7c772c316d2caaaa3200bb0', 'N', 'Y', 'N', 'Y', '2019-02-06 15:53:03', '2019-02-06 15:53:03'),
(65, 'GOLDJRX', 'govinda gupta', 'govindagupta@gmail.com', '7903003123', NULL, 'gopalganj, , , ', 'GOLDJRX', '013a6148593cd993b38aa6f8538439292fba4d9d03d54ea1d560b756f5d0c9fb59b6bd05ba46c6a41467b40a032dc6640706bd84b7c772c316d2caaaa3200bb0', 'N', 'Y', 'N', 'Y', '2019-02-06 16:06:40', '2019-02-06 16:06:40'),
(66, 'GOJHGQK', 'govinda gupta', 'govindagupta@gmail.com', '7903003123', NULL, 'gopalganj, , , ', 'GOJHGQK', '013a6148593cd993b38aa6f8538439292fba4d9d03d54ea1d560b756f5d0c9fb59b6bd05ba46c6a41467b40a032dc6640706bd84b7c772c316d2caaaa3200bb0', 'N', 'Y', 'N', 'Y', '2019-02-06 16:07:25', '2019-02-06 16:07:25'),
(67, 'GOV4WVI', 'govinda gupta', 'govindagupta@gmail.com', '7903003123', NULL, 'gopalganj, , , ', 'GOV4WVI', '013a6148593cd993b38aa6f8538439292fba4d9d03d54ea1d560b756f5d0c9fb59b6bd05ba46c6a41467b40a032dc6640706bd84b7c772c316d2caaaa3200bb0', 'N', 'Y', 'N', 'Y', '2019-02-06 16:37:23', '2019-02-06 16:37:23'),
(68, 'NA1T8EF', 'nadeem ansari', 'nadeemansari@gmail.com', '7903003123', NULL, 'gopalganj, , , ', 'NA1T8EF', '013a6148593cd993b38aa6f8538439292fba4d9d03d54ea1d560b756f5d0c9fb59b6bd05ba46c6a41467b40a032dc6640706bd84b7c772c316d2caaaa3200bb0', 'N', 'Y', 'N', 'Y', '2019-02-06 22:14:46', '2019-02-06 22:14:46'),
(69, 'NAO2K6X', 'nadeem ansari', 'nadeemansari@gmail.com', '7903003123', NULL, 'gopalganj, , , ', 'NAO2K6X', '013a6148593cd993b38aa6f8538439292fba4d9d03d54ea1d560b756f5d0c9fb59b6bd05ba46c6a41467b40a032dc6640706bd84b7c772c316d2caaaa3200bb0', 'N', 'Y', 'N', 'Y', '2019-02-06 22:15:50', '2019-02-06 22:15:50'),
(70, 'NAJBM3H', 'nadeem ansari', 'nadeemansari@gmail.com', '7903003123', NULL, 'gopalganj, gopalganj, bihar, 841428', 'NAJBM3H', '013a6148593cd993b38aa6f8538439292fba4d9d03d54ea1d560b756f5d0c9fb59b6bd05ba46c6a41467b40a032dc6640706bd84b7c772c316d2caaaa3200bb0', 'N', 'Y', 'N', 'Y', '2019-02-06 22:17:14', '2019-02-06 22:17:14'),
(71, 'NA1NIKH', 'nadeem ansari', 'nadeem@gmail.com', '7903003123', NULL, 'gopalganj, , , ', 'NA1NIKH', '013a6148593cd993b38aa6f8538439292fba4d9d03d54ea1d560b756f5d0c9fb59b6bd05ba46c6a41467b40a032dc6640706bd84b7c772c316d2caaaa3200bb0', 'N', 'Y', 'N', 'Y', '2019-02-06 23:49:26', '2019-02-06 23:49:26'),
(72, 'NAIQMWN', 'nadeem ansari', 'nadeem@gmail.com', '6299569392', NULL, 'gopalganj, , , ', 'NAIQMWN', '013a6148593cd993b38aa6f8538439292fba4d9d03d54ea1d560b756f5d0c9fb59b6bd05ba46c6a41467b40a032dc6640706bd84b7c772c316d2caaaa3200bb0', 'N', 'Y', 'Y', 'Y', '2019-02-06 23:54:40', '2019-02-06 23:54:40'),
(73, 'JUCIEVL', 'julfekar ahmad', 'julfekarahm@gmail.com', '6299569392', NULL, 'gopalganj, , , ', 'JUCIEVL', '4711ab14d1b0bc40f8ddd38d3a45e90e567d8a1f5e21b69392bf838d0bf7efa5f563ecfbebe96ac48d3e0a4a9e0247fd97846bf09a2d1300ec48b6527341d9a4', 'N', 'Y', 'N', 'Y', '2019-02-07 00:44:43', '2019-02-07 00:44:43'),
(74, 'JUH20YQ', 'julfekar ahmad', 'julfekarahm@gmail.com', '6299569392', NULL, 'gopalganj, , , ', 'JUH20YQ', '4711ab14d1b0bc40f8ddd38d3a45e90e567d8a1f5e21b69392bf838d0bf7efa5f563ecfbebe96ac48d3e0a4a9e0247fd97846bf09a2d1300ec48b6527341d9a4', 'N', 'Y', 'N', 'Y', '2019-02-07 00:44:58', '2019-02-07 00:44:58'),
(75, 'JU07U6A', 'julfekar ahmad', 'julfekarahm@gmail.com', '6299569392', NULL, 'gopalganj, , , ', 'JU07U6A', '4711ab14d1b0bc40f8ddd38d3a45e90e567d8a1f5e21b69392bf838d0bf7efa5f563ecfbebe96ac48d3e0a4a9e0247fd97846bf09a2d1300ec48b6527341d9a4', 'N', 'Y', 'Y', 'Y', '2019-02-07 00:45:25', '2019-02-07 00:45:25'),
(76, 'SH09LUZ', 'shashi kumar', 'sashikumar@gmail.com', '7903003123', NULL, 'gopalganj, , , ', 'SH09LUZ', '013a6148593cd993b38aa6f8538439292fba4d9d03d54ea1d560b756f5d0c9fb59b6bd05ba46c6a41467b40a032dc6640706bd84b7c772c316d2caaaa3200bb0', 'N', 'Y', 'N', 'Y', '2019-02-12 08:55:33', '2019-02-12 08:55:33'),
(77, 'AM80LMA', 'Amit Singh', 'amitsinghnrc@gmail.com', '6201250154', NULL, 'gopalganj, , , ', 'AM80LMA', '013a6148593cd993b38aa6f8538439292fba4d9d03d54ea1d560b756f5d0c9fb59b6bd05ba46c6a41467b40a032dc6640706bd84b7c772c316d2caaaa3200bb0', 'N', 'Y', 'N', 'Y', '2019-02-13 14:07:52', '2019-02-13 14:07:52'),
(78, 'RI003ZS', 'Richa', 'thelegacypreschool@gmail.com', '9958612340', NULL, '1401, sector 15 part 2, gurugram, haryana, 122001', 'RI003ZS', '80429336cc7c9970e2e5b97d11e0bd97abd19d67b6012f772e7b0f7613c1e664f20ba4108ee31682544b3a1dd75f9de4855a265a657957d72eb7c2146a325b5e', 'N', 'Y', 'Y', 'Y', '2019-02-18 03:14:14', '2019-02-18 03:14:14'),
(79, 'AD782LD', 'admin01', 'uno@gmail.com', '9129833345', NULL, 'patna, patna, bihar, 800013', 'AD782LD', '73ea42018f1af61173a9d937a5ee64975b03aa125d2e98b9aac6de9d6b5273333e0e580c074df0546a8fdf30b52a1b5e4b357d3328ecabd35c8ba1eeda287b2c', 'N', 'Y', 'Y', 'Y', '2019-02-18 15:01:54', '2019-02-18 15:01:54'),
(80, 'AMMYH7P', 'amit', 'amit@teknikoglobal.com', '9311620027', NULL, 'noida, noida, up, 201306', 'AMIT', '96bcc3886898c1b1c79a0d56848ab90d72f9d795f52f2357cd50b7f1f51e61a1f372aa6bf252fa9eb19f0aa18f0ef8f440af743415535d53ea0ec53f8784d5ab', 'N', 'Y', 'N', 'Y', '2019-02-22 14:28:56', '2019-02-22 14:28:56'),
(81, 'NIOMISE', 'nikhil', 'nikhil@teknikoglobal.com', '9311620027', NULL, 'noida, noida, up, 201301', 'NIOMISE', '96bcc3886898c1b1c79a0d56848ab90d72f9d795f52f2357cd50b7f1f51e61a1f372aa6bf252fa9eb19f0aa18f0ef8f440af743415535d53ea0ec53f8784d5ab', 'N', 'Y', 'N', 'Y', '2019-02-22 14:46:57', '2019-02-22 14:46:57'),
(82, 'GG2L2L1', 'gggg', 'ffsgs@gmail.com', '9350943816', NULL, 'qwerr, fsfsgs, sgsggs, 123456', 'GG2L2L1', '96bcc3886898c1b1c79a0d56848ab90d72f9d795f52f2357cd50b7f1f51e61a1f372aa6bf252fa9eb19f0aa18f0ef8f440af743415535d53ea0ec53f8784d5ab', 'N', 'Y', 'N', 'Y', '2019-02-22 14:55:11', '2019-02-22 14:55:11'),
(83, 'GZ47ZP5', 'gzvzv', 'fsgav@gmail.com', '9350943816', NULL, 'bshsh, sghshs, gzhsh, 545454', 'GZ47ZP5', 'aaf956a9e183479db749bfed49a7200e7a70f820e420edcd85c487fa7f596805e1bae72263d95ddc9f008d7695dc0a838ca4c5f70c2695b203c2d77d7fe5d292', 'N', 'Y', 'Y', 'Y', '2019-02-22 15:15:50', '2019-02-22 15:15:50'),
(84, 'AJH8SYX', 'ajay', 'ajay@g.com', '9311620027', NULL, 'noida, noida, up, 201301', 'ajay', '96bcc3886898c1b1c79a0d56848ab90d72f9d795f52f2357cd50b7f1f51e61a1f372aa6bf252fa9eb19f0aa18f0ef8f440af743415535d53ea0ec53f8784d5ab', 'N', 'Y', 'Y', 'Y', '2019-02-22 15:26:46', '2019-02-22 15:26:46'),
(85, 'BZ2ERVB', 'bzbzbz', 'affafa@gmail.com', '9350943816', NULL, 'dafag, aggshs, hshsh, 549494', 'BZ2ERVB', 'aaf956a9e183479db749bfed49a7200e7a70f820e420edcd85c487fa7f596805e1bae72263d95ddc9f008d7695dc0a838ca4c5f70c2695b203c2d77d7fe5d292', 'N', 'Y', 'Y', 'Y', '2019-02-23 12:08:48', '2019-02-23 12:08:48'),
(86, 'ADV3B7F', 'admin', 'anishashrivastava20@gmail.com', '7733930397', NULL, 'patna, patna, Bihar, 800002', 'ADV3B7F', '96bcc3886898c1b1c79a0d56848ab90d72f9d795f52f2357cd50b7f1f51e61a1f372aa6bf252fa9eb19f0aa18f0ef8f440af743415535d53ea0ec53f8784d5ab', 'N', 'Y', 'Y', 'Y', '2019-02-27 12:39:02', '2019-02-27 12:39:02'),
(87, 'SAXNNUC', 'Satyendra', 'satyendra.opt@gmail.com', '9311620027', NULL, 'Lucknow, Lucknow, Utter pradesh, 226010', 'lucknow', '013a6148593cd993b38aa6f8538439292fba4d9d03d54ea1d560b756f5d0c9fb59b6bd05ba46c6a41467b40a032dc6640706bd84b7c772c316d2caaaa3200bb0', 'N', 'Y', 'Y', 'Y', '2019-03-02 16:41:41', '2019-03-02 16:41:41'),
(88, 'GSVX2QN', 'gsgs', 'gzgzhz@gmail.ckm', '9350943816', NULL, 'sghshs, csvsghs, sghzhz, 676466', 'GSVX2QN', 'aaf956a9e183479db749bfed49a7200e7a70f820e420edcd85c487fa7f596805e1bae72263d95ddc9f008d7695dc0a838ca4c5f70c2695b203c2d77d7fe5d292', 'N', 'Y', 'N', 'Y', '2019-03-04 10:27:42', '2019-03-04 10:27:42'),
(89, 'GSQA8NC', 'gsgs', 'gzgzhz@gmail.ckm', '9350943816', NULL, 'sghshs, csvsghs, sghzhz, 676466', 'GSQA8NC', 'aaf956a9e183479db749bfed49a7200e7a70f820e420edcd85c487fa7f596805e1bae72263d95ddc9f008d7695dc0a838ca4c5f70c2695b203c2d77d7fe5d292', 'N', 'Y', 'Y', 'Y', '2019-03-04 10:35:23', '2019-03-04 10:35:23'),
(90, 'GZQC5Y5', 'gzgzh', 'gzga@gmail.com', '9350943816', NULL, 'gzhxhxhx, gzhsh, gsgsh, 646776', 'GZQC5Y5', 'aaf956a9e183479db749bfed49a7200e7a70f820e420edcd85c487fa7f596805e1bae72263d95ddc9f008d7695dc0a838ca4c5f70c2695b203c2d77d7fe5d292', 'N', 'Y', 'Y', 'Y', '2019-03-04 11:48:45', '2019-03-04 11:48:45'),
(91, 'VZPYMEG', 'vzvzvz', 'faafga@gmail.com', '9350943816', NULL, 'bzbzh, vzvsv, vzhzh, 548879', 'VZPYMEG', 'aaf956a9e183479db749bfed49a7200e7a70f820e420edcd85c487fa7f596805e1bae72263d95ddc9f008d7695dc0a838ca4c5f70c2695b203c2d77d7fe5d292', 'N', 'Y', 'Y', 'Y', '2019-03-04 12:40:41', '2019-03-04 12:40:41'),
(92, 'FFKXAT4', 'ffgg', 'ddf@gmail.com', '9350943816', NULL, 'cfgg, ccgg, fggg, 55555', 'FFKXAT4', 'aaf956a9e183479db749bfed49a7200e7a70f820e420edcd85c487fa7f596805e1bae72263d95ddc9f008d7695dc0a838ca4c5f70c2695b203c2d77d7fe5d292', 'N', 'Y', 'Y', 'Y', '2019-03-04 12:52:19', '2019-03-04 12:52:19'),
(93, 'GZ39PST', 'gzhzh', 'vzzv@gmail.com', '9350943816', NULL, 'hshzh, gzhshsh, gsgshshs, 646464', 'GZ39PST', 'aaf956a9e183479db749bfed49a7200e7a70f820e420edcd85c487fa7f596805e1bae72263d95ddc9f008d7695dc0a838ca4c5f70c2695b203c2d77d7fe5d292', 'N', 'Y', 'N', 'Y', '2019-03-04 14:25:16', '2019-03-04 14:25:16'),
(94, 'BSPIQYA', 'bshsh', 'vsvvs@gmail.cim', '9350943816', NULL, 'gsgsg, gshshs, hshshs, 646464', 'BSPIQYA', 'aaf956a9e183479db749bfed49a7200e7a70f820e420edcd85c487fa7f596805e1bae72263d95ddc9f008d7695dc0a838ca4c5f70c2695b203c2d77d7fe5d292', 'N', 'Y', 'N', 'Y', '2019-03-04 17:31:47', '2019-03-04 17:31:47'),
(95, 'GYNN40Q', 'Gyaneshwar', '', '9889019378', NULL, 'deoria, deoria, up, 274201', 'GYNN40Q', '39961be7150ff73e1c6dfa489c821e60829d22dc0894e3bebc9b89655e5a645564a49cf534997ff469f065ebf21cc777b4a7c54e604a28325bb0a507501b92d3', 'N', 'Y', 'Y', 'Y', '2019-03-13 12:28:59', '2019-03-13 12:28:59'),
(96, 'PAF2CAB', 'pawan', 'jaanyjaan1408@gmail.com', '9873983163', NULL, 'vpo shyamnagar kosli rewari, rewari, haryans, 123302', 'PAF2CAB', 'd719dca3ef78050371fa8629e05ca2c33ccd29582aecd41156ac12d9c11d880a3daaa060e2f5c03746db6da2a224b2dfd16b3eb6c810f86d4a8f2ff4dc0ea61a', 'N', 'Y', 'Y', 'Y', '2019-03-13 13:35:13', '2019-03-13 13:35:13'),
(97, 'GSH8950', 'gshsbs', 'gagsg@gmaul.com', '9350943816', NULL, 'hzhzhz, ysgsg, gsvsg, 864249', 'GSH8950', 'aaf956a9e183479db749bfed49a7200e7a70f820e420edcd85c487fa7f596805e1bae72263d95ddc9f008d7695dc0a838ca4c5f70c2695b203c2d77d7fe5d292', 'N', 'Y', 'Y', 'Y', '2019-03-15 11:18:19', '2019-03-15 11:18:19'),
(98, 'SUQ2CDF', 'sunil', 'sunilyadav3011@gmail.com', '9311620027', NULL, 'Varanasi, Varanasi, Uttar Pradesh, 201301', 'sunil111', '96bcc3886898c1b1c79a0d56848ab90d72f9d795f52f2357cd50b7f1f51e61a1f372aa6bf252fa9eb19f0aa18f0ef8f440af743415535d53ea0ec53f8784d5ab', 'N', 'Y', 'Y', 'Y', '2019-03-16 12:31:04', '2019-03-16 12:31:04'),
(99, 'C LD7CM', 'c hj jjff', 'cbh@gmail.com', '9311620027', NULL, 'ft gh, f gh, f gh h, 808808', 'C LD7CM', '96bcc3886898c1b1c79a0d56848ab90d72f9d795f52f2357cd50b7f1f51e61a1f372aa6bf252fa9eb19f0aa18f0ef8f440af743415535d53ea0ec53f8784d5ab', 'N', 'Y', 'N', 'Y', '2019-03-18 11:59:48', '2019-03-18 11:59:48'),
(100, 'RA38HQT', 'Rajesh Verma', 'rajverma.3185@gmail.com', '9999502259', NULL, 'Plot no 18, Lucknow , Uttar Pradesh, 226013', 'RA38HQT', 'b922503761354f9cfa6700e3e628be5643b8bd039c2f08ee78e5884b5c64ced6d243a0a969d3a30cd4c238c804caa7b53a2fde4c15cddb5686daeae04d2ff33e', 'N', 'Y', 'Y', 'Y', '2019-03-21 22:06:59', '2019-03-21 22:06:59'),
(101, 'PAVIVQ3', 'Pawan', 'ipskosli@outlook.com', '9549161530', NULL, 'Shyam Nagar kosli , Kosli, Haryana, 123302', 'PAVIVQ3', '96bcc3886898c1b1c79a0d56848ab90d72f9d795f52f2357cd50b7f1f51e61a1f372aa6bf252fa9eb19f0aa18f0ef8f440af743415535d53ea0ec53f8784d5ab', 'N', 'Y', 'Y', 'Y', '2019-03-25 13:36:16', '2019-03-25 13:36:16'),
(102, 'NI3IX7L', 'nikhil', 'myselfnikhilkr@gmail.com', '7834913016', NULL, 'g-49/50, noida, uttar Pradesh, 201301', 'NI3IX7L', 'aaf956a9e183479db749bfed49a7200e7a70f820e420edcd85c487fa7f596805e1bae72263d95ddc9f008d7695dc0a838ca4c5f70c2695b203c2d77d7fe5d292', 'N', 'Y', 'Y', 'Y', '2019-03-25 15:34:09', '2019-03-25 15:34:09'),
(103, 'VIB3EUD', 'vibhas mishra', 'admin@teknikoglobal.com', '9311620027', NULL, 'ggg, Patna, gg, 201301', 'VIB3EUD', '013a6148593cd993b38aa6f8538439292fba4d9d03d54ea1d560b756f5d0c9fb59b6bd05ba46c6a41467b40a032dc6640706bd84b7c772c316d2caaaa3200bb0', 'N', 'Y', 'Y', 'Y', '2019-03-25 18:37:41', '2019-03-25 18:37:41'),
(104, 'HSJCH2P', 'hshs', 'hsbsb@gmail.com', '9350943816', NULL, 'hzhshs, shhsh, gsvsb, 946499', 'HSJCH2P', 'aaf956a9e183479db749bfed49a7200e7a70f820e420edcd85c487fa7f596805e1bae72263d95ddc9f008d7695dc0a838ca4c5f70c2695b203c2d77d7fe5d292', 'N', 'Y', 'Y', 'Y', '2019-03-25 19:39:30', '2019-03-25 19:39:30'),
(105, 'VI9F996', 'vibhas mishra', 'vibhas1326@gmail.com', '9311620027', NULL, 'G-49/50, Noida, Uttar Pradesh, 201301', 'VI9F996', '96bcc3886898c1b1c79a0d56848ab90d72f9d795f52f2357cd50b7f1f51e61a1f372aa6bf252fa9eb19f0aa18f0ef8f440af743415535d53ea0ec53f8784d5ab', 'N', 'Y', 'Y', 'Y', '2019-12-07 20:30:57', '2019-12-07 20:30:57'),
(106, 'VIIMNKO', 'vibhas mishra', 'vibhas1326@gmail.com', '9311620027', NULL, '50, Noida, Uttar Pradesh, 201301', 'VIIMNKO', '96bcc3886898c1b1c79a0d56848ab90d72f9d795f52f2357cd50b7f1f51e61a1f372aa6bf252fa9eb19f0aa18f0ef8f440af743415535d53ea0ec53f8784d5ab', 'N', 'Y', 'Y', 'Y', '2020-08-13 12:35:14', '2020-08-13 12:35:14'),
(107, 'AD68ZFT', 'admin', 'email@gmail.com', '7017004492', NULL, 'noida, noida, up, 201301', 'AD68ZFT', '96bcc3886898c1b1c79a0d56848ab90d72f9d795f52f2357cd50b7f1f51e61a1f372aa6bf252fa9eb19f0aa18f0ef8f440af743415535d53ea0ec53f8784d5ab', 'N', 'Y', 'Y', 'Y', '2021-10-04 16:57:31', '2021-10-04 16:57:31'),
(108, 'AR2V72L', 'Arvind Singh', 'arvind9227@gmail.com', '9350943816', NULL, 'B-130, noida, utter pradesh, 201301', 'AR2V72L', '96bcc3886898c1b1c79a0d56848ab90d72f9d795f52f2357cd50b7f1f51e61a1f372aa6bf252fa9eb19f0aa18f0ef8f440af743415535d53ea0ec53f8784d5ab', 'N', 'Y', 'Y', 'Y', '2021-10-13 09:08:05', '2021-10-13 09:08:05'),
(109, 'GI0ZOZC', 'GIl', 'gil@gmail.com', '9639631381', NULL, 'noida, noida, utter pradesh, 110022', 'GI0ZOZC', '96bcc3886898c1b1c79a0d56848ab90d72f9d795f52f2357cd50b7f1f51e61a1f372aa6bf252fa9eb19f0aa18f0ef8f440af743415535d53ea0ec53f8784d5ab', 'N', 'Y', 'Y', 'Y', '2021-10-13 14:13:32', '2021-10-13 14:13:32'),
(110, 'PUURZ6C', 'pushpendra', 'sharmapush1995@gmail.com', '7011036618', NULL, 'noida, Noida , uttar pradesh, 201301', 'PUURZ6C', '45babe8189d9c9652863a564c64b5a29f295f56c4b6823257dc0958d8eeb717bc0a7d9fa7579f09b5c0404a4c9b77136a0876a7476b044d84c3166eba080c122', 'N', 'Y', 'Y', 'Y', '2021-11-22 16:07:09', '2021-11-22 16:07:09'),
(111, 'SC30Y74', 'school 1', 'school1@gmail.com', '9350943816', NULL, 'noida, noida, utter pradesh, 201301', 'SC30Y74', '96bcc3886898c1b1c79a0d56848ab90d72f9d795f52f2357cd50b7f1f51e61a1f372aa6bf252fa9eb19f0aa18f0ef8f440af743415535d53ea0ec53f8784d5ab', 'N', 'Y', 'Y', 'Y', '2021-12-03 19:18:47', '2021-12-03 19:18:47'),
(112, 'TEUKEDS', 'Tekniko Global', 'vibhas@teknikoglobal.com', '9311620027', NULL, 'Noida , Noida, UP, 201301', 'TEUKEDS', '96bcc3886898c1b1c79a0d56848ab90d72f9d795f52f2357cd50b7f1f51e61a1f372aa6bf252fa9eb19f0aa18f0ef8f440af743415535d53ea0ec53f8784d5ab', 'N', 'Y', 'Y', 'Y', '2021-12-06 21:45:35', '2021-12-06 21:45:35'),
(113, 'NAJ0PDJ', 'Naital1', 'arvind9227@gmail.com', '9350943816', NULL, 'Nainital, nainital, uttrakhand, 201301', 'NAJ0PDJ', '96bcc3886898c1b1c79a0d56848ab90d72f9d795f52f2357cd50b7f1f51e61a1f372aa6bf252fa9eb19f0aa18f0ef8f440af743415535d53ea0ec53f8784d5ab', 'N', 'Y', 'Y', 'Y', '2021-12-07 11:53:49', '2021-12-07 11:53:49'),
(114, 'SUI9DBQ', 'Sudhanshu ', 'patwal.sudhanshu98@gmail.com', '9639631381', NULL, 'K M Bridge Park, Rudrapur, Uttrakhand, 263153', 'SUI9DBQ', '6e53dbc16f70f8e8f09383c50c37a2cf0d5de9900dd9ea248abe443ff98e7766e1abaa22849ee1b88e72726ce5324c557ed1a8d489f3638c6972b16685307d37', 'N', 'Y', 'Y', 'Y', '2021-12-07 20:20:17', '2021-12-07 20:20:17'),
(115, 'DEJE98E', 'devesh', 'devesh49@gmail.com', '9997453333', NULL, 'Bihari pur bareilly , bareilly, up, 243003', 'DEJE98E', '96bcc3886898c1b1c79a0d56848ab90d72f9d795f52f2357cd50b7f1f51e61a1f372aa6bf252fa9eb19f0aa18f0ef8f440af743415535d53ea0ec53f8784d5ab', 'N', 'Y', 'Y', 'Y', '2021-12-10 11:18:27', '2021-12-10 11:18:27');

-- --------------------------------------------------------

--
-- Table structure for table `school_subscription_history`
--

CREATE TABLE `school_subscription_history` (
  `historyID` int(11) NOT NULL,
  `schoolID` int(11) NOT NULL,
  `school_code` varchar(255) NOT NULL,
  `modules` varchar(255) NOT NULL,
  `amount` varchar(255) NOT NULL,
  `is_paid` enum('Y','N') NOT NULL,
  `start_date` date NOT NULL,
  `end_date` date NOT NULL,
  `grace_day` int(11) NOT NULL,
  `is_active` varchar(10) NOT NULL DEFAULT 'Y',
  `added_on` datetime NOT NULL
) ENGINE=MyISAM DEFAULT CHARSET=latin1;

--
-- Dumping data for table `school_subscription_history`
--

INSERT INTO `school_subscription_history` (`historyID`, `schoolID`, `school_code`, `modules`, `amount`, `is_paid`, `start_date`, `end_date`, `grace_day`, `is_active`, `added_on`) VALUES
(1, 1, 'HAK9KF8', '1,2,3,4,5,6,7,8,9,10,11,12,13,14,15,16,17,18', '2097', 'Y', '2018-11-16', '2019-11-16', 0, 'Y', '2018-11-16 23:44:54'),
(2, 2, 'ARHN86O', '1,2,3,4,5,6,7,8,9,10,11,12,13,14,15,16,17,18', '2097', 'Y', '2018-11-17', '2019-11-17', 0, 'Y', '2018-11-17 12:09:16'),
(3, 4, 'FSR7GNP', '1,2,3,4,5,6,7,8,9,10,11,12,13,14,15,16,17,18', '2097', 'Y', '2018-11-17', '2019-11-17', 0, 'Y', '2018-11-17 12:55:15'),
(4, 5, 'IT8L9ON', '1,2,3,4,5,9,10,11,12,13,14,15,16,17,18', '0', 'Y', '2018-11-20', '2019-11-20', 0, 'Y', '2018-11-20 13:42:07'),
(5, 6, '', '1,2,3,4,5,6,7,8,9,10,11,12,13,14,15,16,17', '2000', 'Y', '2018-12-12', '2019-12-12', 0, 'Y', '2018-12-12 18:16:55'),
(6, 7, 'M SYEOW', '1,2,3,4,5,6,7,8,9,10,11,12,13,14,15,16,17,18', '2097', 'Y', '2018-12-17', '2019-12-17', 0, 'Y', '2018-12-17 13:23:59'),
(7, 8, 'RPXHQR1', '1,2,3,4,5,6,7,8,9,10,11,12,13,14,15,16,17,18', '2097', 'Y', '2018-12-23', '2019-12-23', 0, 'Y', '2018-12-23 14:43:43'),
(8, 9, 'IDVGPJZ', '1,2,3,4,5,6,7,8,9,10,11,12,13,14,15,16,17,18', '2097', 'Y', '2018-12-24', '2019-12-24', 0, 'Y', '2018-12-24 10:21:49'),
(9, 10, 'SCZUZBC', '1,2,3,4,5,6,7,8,9,10,11,12,13,14,15,16,17,18', '2097', 'Y', '2018-12-24', '2019-12-24', 0, 'Y', '2018-12-24 10:28:10'),
(10, 11, 'SCE1IMB', '1,2,3,4,5,6,7,8,9,10,11,12,13,14,15,16,17,18', '2097', 'Y', '2018-12-24', '2019-12-24', 0, 'Y', '2018-12-24 10:36:19'),
(11, 12, 'SC2CIW9', '1,2,3,4,5,6,7,8,9,10,11,12,13,14,15,16,17,18', '2097', 'Y', '2018-12-24', '2019-12-24', 0, 'Y', '2018-12-24 10:40:39'),
(12, 15, 'SCEDPUJ', '1,2,3,4,5,6,7,8,9,10,11,12,13,14,15,16,17,18', '2097', 'Y', '2018-12-24', '2019-12-24', 0, 'Y', '2018-12-24 11:21:02'),
(13, 13, 'SCEDPUJ', '1,2,3,4,5,6,7,8,9,10,11,12,13,14,15,16,17,18', '2097', 'Y', '2018-12-24', '2019-12-24', 0, 'Y', '2018-12-24 11:49:12'),
(14, 16, 'ARHN86O', '1,2,3,4,5,6,7,8,9,10,11,12,13,14,15,16,17,18', '2097', 'Y', '2018-12-27', '2019-12-27', 0, 'Y', '2018-12-27 10:02:09'),
(15, 6, '', '1,2,3,4,5,6,7,8,9,10,11,12,13,14,15,16,17', '2000', 'Y', '2018-12-27', '2019-12-27', 0, 'Y', '2018-12-27 11:10:35'),
(16, 21, 'SC2CIW9', '1,2,3,4,5,9,10,11,12,13,14,15,16,17,18', '0', 'Y', '2018-12-27', '2019-12-27', 0, 'Y', '2018-12-27 11:28:51'),
(17, 23, 'GZ6MV7A', '1,2,3,4,5,6,7,8,9,10,11,12,13,14,15,16,17,18', '2097', 'Y', '2018-12-27', '2019-12-27', 0, 'Y', '2018-12-27 11:40:20'),
(18, 24, 'DP75JJD', '1,2,3,4,5,6,7,8,9,10,11,12,13,14,15,16,17,18', '2097', 'Y', '2018-12-27', '2019-12-27', 0, 'Y', '2018-12-27 11:53:23'),
(19, 25, 'FSWLOZA', '1,2,3,4,5,7,8,9,10,11,12,13,14,15,16,17,18', '1298', 'Y', '2019-01-05', '2020-01-05', 0, 'Y', '2019-01-05 22:15:43'),
(20, 26, 'GS2GFN8', '1,2,3,4,5,6,7,8,9,10,11,12,13,14,15,16,17,18', '2097', 'Y', '2019-01-05', '2020-01-05', 0, 'Y', '2019-01-05 22:39:38'),
(21, 27, 'VIPXWZY', '1,2,3,4,5,6,7,8,9,10,11,12,13,14,15,16,17,18', '2097', 'Y', '2019-01-05', '2020-01-05', 0, 'Y', '2019-01-05 23:31:31'),
(22, 28, 'AK3Y3K0', '1,2,3,4,5,6,7,8,9,10,11,12,13,14,15,16,17,18', '2097', 'Y', '2019-01-06', '2020-01-06', 0, 'Y', '2019-01-06 15:25:07'),
(23, 30, 'ARROK6P', '1,2,3,4,5,6,7,8,9,10,11,12,13,14,15,16,17,18', '2097', 'Y', '2019-01-08', '2020-01-08', 0, 'Y', '2019-01-08 15:17:55'),
(24, 31, 'SUXQRWY', '1,2,3,4,5,6,7,8,9,10,11,12,13,14,15,16,17,18', '2097', 'Y', '2019-01-12', '2020-01-12', 0, 'Y', '2019-01-12 19:57:53'),
(25, 34, 'ANJ7NYT', '1,2,3,4,5,6,7,8,9,10,11,12,13,14,15,16,17,18', '2097', 'Y', '2019-01-14', '2020-01-14', 0, 'Y', '2019-01-14 11:26:17'),
(26, 35, 'ANZO6Q0', '1,2,3,4,5,6,7,8,9,10,11,12,13,14,15,16,17,18', '2097', 'Y', '2019-01-14', '2020-01-14', 0, 'Y', '2019-01-14 11:56:03'),
(27, 36, 'ARBMHFJ', '1,2,3,4,5,6,7,8,9,10,11,12,13,14,15,16,17,18', '2097', 'Y', '2019-01-14', '2020-01-14', 0, 'Y', '2019-01-14 12:33:20'),
(28, 41, 'VI9VYQH', '1,2,3,4,5,6,7,8,9,10,11,12,13,14,15,16,17,18', '2097', 'Y', '2019-01-14', '2020-01-14', 0, 'Y', '2019-01-14 12:33:20'),
(29, 46, 'SCHMAJG', '1,2,3,4,5,9,10,11,12,13,14,15,16,17,18', '0.0', 'Y', '2019-01-15', '2020-01-15', 0, 'Y', '2019-01-15 14:26:56'),
(30, 47, 'GSP5YJA', '1,2,3,4,5,9,10,11,12,13,14,15,16,17,18', '0.0', 'Y', '2019-01-15', '2020-01-15', 0, 'Y', '2019-01-15 14:29:57'),
(31, 48, 'SC6K7M1', '1,2,4,9,11,12,13,14,15,16,17,18', '0.0', 'Y', '2019-01-16', '2020-01-16', 0, 'Y', '2019-01-16 14:52:22'),
(32, 50, 'SCO2DYR', '1,2,3,4,5,6,7,8,9,10,11,12,13,14,15,16,17,18,19,20,21,22,23,24,25', '2097', 'Y', '2019-01-16', '2020-01-16', 0, 'Y', '2019-01-16 16:38:31'),
(33, 51, 'SCOLEK3', '1,2,3,4,5,6,7,8,9,10,11,12,13,14,15,16,17,18,19,20,21,22,23,24,25', '2097', 'Y', '2019-01-16', '2020-01-16', 0, 'Y', '2019-01-16 17:56:36'),
(34, 52, 'BS7RPXP', '1,2,3,4,5,6,7,9,10,11,12,13,14,15,16,17,18,19,20,21,22,23,24,25', '0.0', 'Y', '2019-01-16', '2020-01-16', 0, 'Y', '2019-01-16 18:15:28'),
(35, 54, 'HSIOSTV', '1,2,4,9,11,12,13,14,15,16,17,18', '0.0', 'Y', '2019-01-19', '2020-01-19', 0, 'Y', '2019-01-19 13:28:59'),
(36, 28, 'AK3Y3K0', '1,2,3,4,5,6,7,9,10,11,12,13,14,15,16,17,18,19,20,21,22,23,24,25', '0.0', 'Y', '2019-01-19', '2020-01-19', 0, 'Y', '2019-01-19 22:20:26'),
(37, 2, 'ARHN86O', '1,2,3,4,5,6,7,9,10,11,12,13,14,15,16,17,18,19,20,21,22,23,24,25', '0.0', 'Y', '2019-01-21', '2020-01-21', 0, 'Y', '2019-01-21 13:44:01'),
(38, 55, 'GSP9N7F', '1,2,4,9,11,12,13,14,15,16,17,18', '0.0', 'Y', '2019-01-21', '2020-01-21', 0, 'Y', '2019-01-21 13:58:36'),
(39, 57, 'ARHFJL2', '1,2,3,4,5,6,7,9,10,11,12,13,14,15,16,17,18,19,20,21,22,23,24,25', '0.0', 'Y', '2019-01-24', '2020-01-24', 0, 'Y', '2019-01-24 16:33:51'),
(40, 72, 'NAIQMWN', '1,2,3,4,5,6,7,9,10,11,12,13,14,15,16,17,18,19,20,21,22,23,24,25', '0.0', 'Y', '2019-02-07', '2020-02-07', 0, 'Y', '2019-02-07 00:02:19'),
(41, 72, 'NAIQMWN', '1,2,3,4,5,6,7,9,10,11,12,13,14,15,16,17,18,19,20,21,22,23,24,25', '0.0', 'Y', '2019-02-07', '2020-02-07', 0, 'Y', '2019-02-07 00:02:21'),
(42, 72, 'NAIQMWN', '1,2,3,4,5,6,7,9,10,11,12,13,14,15,16,17,18,19,20,21,22,23,24,25', '0.0', 'Y', '2019-02-07', '2020-02-07', 0, 'Y', '2019-02-07 00:02:22'),
(43, 72, 'NAIQMWN', '1,2,3,4,5,6,7,9,10,11,12,13,14,15,16,17,18,19,20,21,22,23,24,25', '0.0', 'Y', '2019-02-07', '2020-02-07', 0, 'Y', '2019-02-07 00:02:22'),
(44, 72, 'NAIQMWN', '1,2,3,4,5,6,7,9,10,11,12,13,14,15,16,17,18,19,20,21,22,23,24,25', '0.0', 'Y', '2019-02-07', '2020-02-07', 0, 'Y', '2019-02-07 00:02:23'),
(45, 72, 'NAIQMWN', '1,2,3,4,5,6,7,9,10,11,12,13,14,15,16,17,18,19,20,21,22,23,24,25', '0.0', 'Y', '2019-02-07', '2020-02-07', 0, 'Y', '2019-02-07 00:02:25'),
(46, 72, 'NAIQMWN', '1,2,3,4,5,6,7,9,10,11,12,13,14,15,16,17,18,19,20,21,22,23,24,25', '0.0', 'Y', '2019-02-07', '2020-02-07', 0, 'Y', '2019-02-07 00:02:26'),
(47, 72, 'NAIQMWN', '1,2,3,4,5,6,7,9,10,11,12,13,14,15,16,17,18,19,20,21,22,23,24,25', '0.0', 'Y', '2019-02-07', '2020-02-07', 0, 'Y', '2019-02-07 00:02:26'),
(48, 72, 'NAIQMWN', '1,2,3,4,5,6,7,9,10,11,12,13,14,15,16,17,18,19,20,21,22,23,24,25', '0.0', 'Y', '2019-02-07', '2020-02-07', 0, 'Y', '2019-02-07 00:02:26'),
(49, 72, 'NAIQMWN', '1,2,3,4,5,6,7,9,10,11,12,13,14,15,16,17,18,19,20,21,22,23,24,25', '0.0', 'Y', '2019-02-07', '2020-02-07', 0, 'Y', '2019-02-07 00:02:26'),
(50, 72, 'NAIQMWN', '1,2,3,4,5,6,7,9,10,11,12,13,14,15,16,17,18,19,20,21,22,23,24,25', '0.0', 'Y', '2019-02-07', '2020-02-07', 0, 'Y', '2019-02-07 00:02:31'),
(51, 72, 'NAIQMWN', '1,2,3,4,5,6,7,9,10,11,12,13,14,15,16,17,18,19,20,21,22,23,24,25', '0.0', 'Y', '2019-02-07', '2020-02-07', 0, 'Y', '2019-02-07 00:02:32'),
(52, 72, 'NAIQMWN', '1,2,3,4,5,6,7,9,10,11,12,13,14,15,16,17,18,19,20,21,22,23,24,25', '0.0', 'Y', '2019-02-07', '2020-02-07', 0, 'Y', '2019-02-07 00:02:32'),
(53, 72, 'NAIQMWN', '1,2,3,4,5,6,7,9,10,11,12,13,14,15,16,17,18,19,20,21,22,23,24,25', '0.0', 'Y', '2019-02-07', '2020-02-07', 0, 'Y', '2019-02-07 00:02:32'),
(54, 72, 'NAIQMWN', '1,2,3,4,5,6,7,9,10,11,12,13,14,15,16,17,18,19,20,21,22,23,24,25', '0.0', 'Y', '2019-02-07', '2020-02-07', 0, 'Y', '2019-02-07 00:02:33'),
(55, 72, 'NAIQMWN', '1,2,3,4,5,6,7,9,10,11,12,13,14,15,16,17,18,19,20,21,22,23,24,25', '0.0', 'Y', '2019-02-07', '2020-02-07', 0, 'Y', '2019-02-07 00:02:33'),
(56, 72, 'NAIQMWN', '1,2,3,4,5,6,7,9,10,11,12,13,14,15,16,17,18,19,20,21,22,23,24,25', '0.0', 'Y', '2019-02-07', '2020-02-07', 0, 'Y', '2019-02-07 00:02:33'),
(57, 72, 'NAIQMWN', '1,2,3,4,5,6,7,9,10,11,12,13,14,15,16,17,18,19,20,21,22,23,24,25', '0.0', 'Y', '2019-02-07', '2020-02-07', 0, 'Y', '2019-02-07 00:02:33'),
(58, 72, 'NAIQMWN', '1,2,3,4,5,6,7,9,10,11,12,13,14,15,16,17,18,19,20,21,22,23,24,25', '0.0', 'Y', '2019-02-07', '2020-02-07', 0, 'Y', '2019-02-07 00:02:33'),
(59, 72, 'NAIQMWN', '1,2,3,4,5,6,7,9,10,11,12,13,14,15,16,17,18,19,20,21,22,23,24,25', '0.0', 'Y', '2019-02-07', '2020-02-07', 0, 'Y', '2019-02-07 00:02:33'),
(60, 72, 'NAIQMWN', '1,2,3,4,5,6,7,9,10,11,12,13,14,15,16,17,18,19,20,21,22,23,24,25', '0.0', 'Y', '2019-02-07', '2020-02-07', 0, 'Y', '2019-02-07 00:02:33'),
(61, 72, 'NAIQMWN', '1,2,3,4,5,6,7,9,10,11,12,13,14,15,16,17,18,19,20,21,22,23,24,25', '0.0', 'Y', '2019-02-07', '2020-02-07', 0, 'Y', '2019-02-07 00:02:50'),
(62, 72, 'NAIQMWN', '1,2,3,4,5,6,7,9,10,11,12,13,14,15,16,17,18,19,20,21,22,23,24,25', '0.0', 'Y', '2019-02-07', '2020-02-07', 0, 'Y', '2019-02-07 00:02:51'),
(63, 72, 'NAIQMWN', '1,2,3,4,5,6,7,9,10,11,12,13,14,15,16,17,18,19,20,21,22,23,24,25', '0.0', 'Y', '2019-02-07', '2020-02-07', 0, 'Y', '2019-02-07 00:02:52'),
(64, 72, 'NAIQMWN', '1,2,3,4,5,6,7,9,10,11,12,13,14,15,16,17,18,19,20,21,22,23,24,25', '0.0', 'Y', '2019-02-07', '2020-02-07', 0, 'Y', '2019-02-07 00:02:52'),
(65, 72, 'NAIQMWN', '1,2,3,4,5,6,7,9,10,11,12,13,14,15,16,17,18,19,20,21,22,23,24,25', '0.0', 'Y', '2019-02-07', '2020-02-07', 0, 'Y', '2019-02-07 00:02:52'),
(66, 72, 'NAIQMWN', '1,2,3,4,5,6,7,9,10,11,12,13,14,15,16,17,18,19,20,21,22,23,24,25', '0.0', 'Y', '2019-02-07', '2020-02-07', 0, 'Y', '2019-02-07 00:02:52'),
(67, 72, 'NAIQMWN', '1,2,3,4,5,6,7,9,10,11,12,13,14,15,16,17,18,19,20,21,22,23,24,25', '0.0', 'Y', '2019-02-07', '2020-02-07', 0, 'Y', '2019-02-07 00:02:53'),
(68, 72, 'NAIQMWN', '1,2,3,4,5,6,7,9,10,11,12,13,14,15,16,17,18,19,20,21,22,23,24,25', '0.0', 'Y', '2019-02-07', '2020-02-07', 0, 'Y', '2019-02-07 00:02:53'),
(69, 72, 'NAIQMWN', '1,2,3,4,5,6,7,9,10,11,12,13,14,15,16,17,18,19,20,21,22,23,24,25', '0.0', 'Y', '2019-02-07', '2020-02-07', 0, 'Y', '2019-02-07 00:02:53'),
(70, 72, 'NAIQMWN', '1,2,3,4,5,6,7,9,10,11,12,13,14,15,16,17,18,19,20,21,22,23,24,25', '0.0', 'Y', '2019-02-07', '2020-02-07', 0, 'Y', '2019-02-07 00:02:53'),
(71, 72, 'NAIQMWN', '1,2,3,4,5,6,7,9,10,11,12,13,14,15,16,17,18,19,20,21,22,23,24,25', '0.0', 'Y', '2019-02-07', '2020-02-07', 0, 'Y', '2019-02-07 00:02:54'),
(72, 72, 'NAIQMWN', '1,2,3,4,5,6,7,9,10,11,12,13,14,15,16,17,18,19,20,21,22,23,24,25', '0.0', 'Y', '2019-02-07', '2020-02-07', 0, 'Y', '2019-02-07 00:02:54'),
(73, 72, 'NAIQMWN', '1,2,3,4,5,6,7,9,10,11,12,13,14,15,16,17,18,19,20,21,22,23,24,25', '0.0', 'Y', '2019-02-07', '2020-02-07', 0, 'Y', '2019-02-07 00:02:54'),
(74, 72, 'NAIQMWN', '1,2,3,4,5,6,7,9,10,11,12,13,14,15,16,17,18,19,20,21,22,23,24,25', '0.0', 'Y', '2019-02-07', '2020-02-07', 0, 'Y', '2019-02-07 00:02:54'),
(75, 72, 'NAIQMWN', '1,2,3,4,5,6,7,9,10,11,12,13,14,15,16,17,18,19,20,21,22,23,24,25', '0.0', 'Y', '2019-02-07', '2020-02-07', 0, 'Y', '2019-02-07 00:02:54'),
(76, 72, 'NAIQMWN', '1,2,3,4,5,6,7,9,10,11,12,13,14,15,16,17,18,19,20,21,22,23,24,25', '0.0', 'Y', '2019-02-07', '2020-02-07', 0, 'Y', '2019-02-07 00:02:56'),
(77, 72, 'NAIQMWN', '1,2,3,4,5,6,7,9,10,11,12,13,14,15,16,17,18,19,20,21,22,23,24,25', '0.0', 'Y', '2019-02-07', '2020-02-07', 0, 'Y', '2019-02-07 00:02:57'),
(78, 72, 'NAIQMWN', '1,2,3,4,5,6,7,9,10,11,12,13,14,15,16,17,18,19,20,21,22,23,24,25', '0.0', 'Y', '2019-02-07', '2020-02-07', 0, 'Y', '2019-02-07 00:02:57'),
(79, 72, 'NAIQMWN', '1,2,4,9,11,12,13,14,15,16,17,18', '0.0', 'Y', '2019-02-07', '2020-02-07', 0, 'Y', '2019-02-07 00:02:59'),
(80, 72, 'NAIQMWN', '1,2,4,9,11,12,13,14,15,16,17,18', '0.0', 'Y', '2019-02-07', '2020-02-07', 0, 'Y', '2019-02-07 00:02:59'),
(81, 72, 'NAIQMWN', '1,2,4,9,11,12,13,14,15,16,17,18', '0.0', 'Y', '2019-02-07', '2020-02-07', 0, 'Y', '2019-02-07 00:03:00'),
(82, 72, 'NAIQMWN', '1,2,4,9,11,12,13,14,15,16,17,18', '0.0', 'Y', '2019-02-07', '2020-02-07', 0, 'Y', '2019-02-07 00:03:00'),
(83, 72, 'NAIQMWN', '1,2,4,9,11,12,13,14,15,16,17,18', '0.0', 'Y', '2019-02-07', '2020-02-07', 0, 'Y', '2019-02-07 00:03:00'),
(84, 72, 'NAIQMWN', '1,2,4,9,11,12,13,14,15,16,17,18', '0.0', 'Y', '2019-02-07', '2020-02-07', 0, 'Y', '2019-02-07 00:03:25'),
(85, 72, 'NAIQMWN', '1,2,4,9,11,12,13,14,15,16,17,18', '0.0', 'Y', '2019-02-07', '2020-02-07', 0, 'Y', '2019-02-07 00:03:26'),
(86, 72, 'NAIQMWN', '1,2,4,9,11,12,13,14,15,16,17,18', '0.0', 'Y', '2019-02-07', '2020-02-07', 0, 'Y', '2019-02-07 00:03:26'),
(87, 72, 'NAIQMWN', '1,2,4,9,11,12,13,14,15,16,17,18', '0.0', 'Y', '2019-02-07', '2020-02-07', 0, 'Y', '2019-02-07 00:03:27'),
(88, 72, 'NAIQMWN', '1,2,3,4,5,6,7,9,10,11,12,13,14,15,16,17,18,19,20,21,22,23,24,25', '0.0', 'Y', '2019-02-07', '2020-02-07', 0, 'Y', '2019-02-07 00:05:40'),
(89, 72, 'NAIQMWN', '1,2,4,9,11,12,13,14,15,16,17,18', '0.0', 'Y', '2019-02-07', '2020-02-07', 0, 'Y', '2019-02-07 00:06:02'),
(90, 72, 'NAIQMWN', '1,2,4,9,11,12,13,14,15,16,17,18', '0.0', 'Y', '2019-02-07', '2020-02-07', 0, 'Y', '2019-02-07 00:06:02'),
(91, 72, 'NAIQMWN', '1,2,4,9,11,12,13,14,15,16,17,18', '0.0', 'Y', '2019-02-07', '2020-02-07', 0, 'Y', '2019-02-07 00:06:03'),
(92, 72, 'NAIQMWN', '1,2,4,9,11,12,13,14,15,16,17,18', '0.0', 'Y', '2019-02-07', '2020-02-07', 0, 'Y', '2019-02-07 00:06:03'),
(93, 72, 'NAIQMWN', '1,2,4,9,11,12,13,14,15,16,17,18', '0.0', 'Y', '2019-02-07', '2020-02-07', 0, 'Y', '2019-02-07 00:06:03'),
(94, 72, 'NAIQMWN', '1,2,4,9,11,12,13,14,15,16,17,18', '0.0', 'Y', '2019-02-07', '2020-02-07', 0, 'Y', '2019-02-07 00:06:03'),
(95, 72, 'NAIQMWN', '1,2,4,9,11,12,13,14,15,16,17,18', '0.0', 'Y', '2019-02-07', '2020-02-07', 0, 'Y', '2019-02-07 00:06:03'),
(96, 72, 'NAIQMWN', '1,2,4,9,11,12,13,14,15,16,17,18', '0.0', 'Y', '2019-02-07', '2020-02-07', 0, 'Y', '2019-02-07 00:06:03'),
(97, 72, 'NAIQMWN', '1,2,4,9,11,12,13,14,15,16,17,18', '0.0', 'Y', '2019-02-07', '2020-02-07', 0, 'Y', '2019-02-07 00:06:03'),
(98, 72, 'NAIQMWN', '1,2,4,9,11,12,13,14,15,16,17,18', '0.0', 'Y', '2019-02-07', '2020-02-07', 0, 'Y', '2019-02-07 00:06:05'),
(99, 72, 'NAIQMWN', '1,2,4,9,11,12,13,14,15,16,17,18', '0.0', 'Y', '2019-02-07', '2020-02-07', 0, 'Y', '2019-02-07 00:06:05'),
(100, 72, 'NAIQMWN', '1,2,4,9,11,12,13,14,15,16,17,18', '0.0', 'Y', '2019-02-07', '2020-02-07', 0, 'Y', '2019-02-07 00:06:06'),
(101, 72, 'NAIQMWN', '1,2,4,9,11,12,13,14,15,16,17,18', '0.0', 'Y', '2019-02-07', '2020-02-07', 0, 'Y', '2019-02-07 00:06:06'),
(102, 72, 'NAIQMWN', '1,2,4,9,11,12,13,14,15,16,17,18', '0.0', 'Y', '2019-02-07', '2020-02-07', 0, 'Y', '2019-02-07 00:06:06'),
(103, 72, 'NAIQMWN', '1,2,4,9,11,12,13,14,15,16,17,18', '0.0', 'Y', '2019-02-07', '2020-02-07', 0, 'Y', '2019-02-07 00:06:07'),
(104, 72, 'NAIQMWN', '1,2,4,9,11,12,13,14,15,16,17,18', '0.0', 'Y', '2019-02-07', '2020-02-07', 0, 'Y', '2019-02-07 00:06:07'),
(105, 72, 'NAIQMWN', '1,2,4,9,11,12,13,14,15,16,17,18', '0.0', 'Y', '2019-02-07', '2020-02-07', 0, 'Y', '2019-02-07 00:06:07'),
(106, 72, 'NAIQMWN', '1,2,3,4,5,6,7,9,10,11,12,13,14,15,16,17,18,19,20,21,22,23,24,25', '0.0', 'Y', '2019-02-07', '2020-02-07', 0, 'Y', '2019-02-07 00:22:14'),
(107, 72, 'NAIQMWN', '1,2,3,4,5,6,7,9,10,11,12,13,14,15,16,17,18,19,20,21,22,23,24,25', '0.0', 'Y', '2019-02-07', '2020-02-07', 0, 'Y', '2019-02-07 00:22:14'),
(108, 72, 'NAIQMWN', '1,2,3,4,5,6,7,9,10,11,12,13,14,15,16,17,18,19,20,21,22,23,24,25', '0.0', 'Y', '2019-02-07', '2020-02-07', 0, 'Y', '2019-02-07 00:22:15'),
(109, 72, 'NAIQMWN', '1,2,3,4,5,6,7,9,10,11,12,13,14,15,16,17,18,19,20,21,22,23,24,25', '0.0', 'Y', '2019-02-07', '2020-02-07', 0, 'Y', '2019-02-07 00:22:15'),
(110, 72, 'NAIQMWN', '1,2,3,4,5,6,7,9,10,11,12,13,14,15,16,17,18,19,20,21,22,23,24,25', '0.0', 'Y', '2019-02-07', '2020-02-07', 0, 'Y', '2019-02-07 00:22:15'),
(111, 72, 'NAIQMWN', '1,2,3,4,5,6,7,9,10,11,12,13,14,15,16,17,18,19,20,21,22,23,24,25', '0.0', 'Y', '2019-02-07', '2020-02-07', 0, 'Y', '2019-02-07 00:22:15'),
(112, 72, 'NAIQMWN', '1,2,3,4,5,6,7,9,10,11,12,13,14,15,16,17,18,19,20,21,22,23,24,25', '0.0', 'Y', '2019-02-07', '2020-02-07', 0, 'Y', '2019-02-07 00:22:15'),
(113, 72, 'NAIQMWN', '1,2,3,4,5,6,7,9,10,11,12,13,14,15,16,17,18,19,20,21,22,23,24,25', '0.0', 'Y', '2019-02-07', '2020-02-07', 0, 'Y', '2019-02-07 00:22:15'),
(114, 72, 'NAIQMWN', '1,2,3,4,5,6,7,9,10,11,12,13,14,15,16,17,18,19,20,21,22,23,24,25', '0.0', 'Y', '2019-02-07', '2020-02-07', 0, 'Y', '2019-02-07 00:22:15'),
(115, 72, 'NAIQMWN', '1,2,3,4,5,6,7,9,10,11,12,13,14,15,16,17,18,19,20,21,22,23,24,25', '0.0', 'Y', '2019-02-07', '2020-02-07', 0, 'Y', '2019-02-07 00:22:16'),
(116, 72, 'NAIQMWN', '1,2,3,4,5,6,7,9,10,11,12,13,14,15,16,17,18,19,20,21,22,23,24,25', '0.0', 'Y', '2019-02-07', '2020-02-07', 0, 'Y', '2019-02-07 00:22:16'),
(117, 72, 'NAIQMWN', '1,2,3,4,5,6,7,9,10,11,12,13,14,15,16,17,18,19,20,21,22,23,24,25', '0.0', 'Y', '2019-02-07', '2020-02-07', 0, 'Y', '2019-02-07 00:22:16'),
(118, 72, 'NAIQMWN', '1,2,3,4,5,6,7,9,10,11,12,13,14,15,16,17,18,19,20,21,22,23,24,25', '0.0', 'Y', '2019-02-07', '2020-02-07', 0, 'Y', '2019-02-07 00:22:17'),
(119, 72, 'NAIQMWN', '1,2,3,4,5,6,7,9,10,11,12,13,14,15,16,17,18,19,20,21,22,23,24,25', '0.0', 'Y', '2019-02-07', '2020-02-07', 0, 'Y', '2019-02-07 00:22:17'),
(120, 72, 'NAIQMWN', '1,2,3,4,5,6,7,9,10,11,12,13,14,15,16,17,18,19,20,21,22,23,24,25', '0.0', 'Y', '2019-02-07', '2020-02-07', 0, 'Y', '2019-02-07 00:22:18'),
(121, 72, 'NAIQMWN', '1,2,3,4,5,6,7,9,10,11,12,13,14,15,16,17,18,19,20,21,22,23,24,25', '0.0', 'Y', '2019-02-07', '2020-02-07', 0, 'Y', '2019-02-07 00:22:18'),
(122, 72, 'NAIQMWN', '1,2,3,4,5,6,7,9,10,11,12,13,14,15,16,17,18,19,20,21,22,23,24,25', '0.0', 'Y', '2019-02-07', '2020-02-07', 0, 'Y', '2019-02-07 00:22:18'),
(123, 72, 'NAIQMWN', '1,2,3,4,5,6,7,9,10,11,12,13,14,15,16,17,18,19,20,21,22,23,24,25', '0.0', 'Y', '2019-02-07', '2020-02-07', 0, 'Y', '2019-02-07 00:22:18'),
(124, 72, 'NAIQMWN', '1,2,3,4,5,6,7,9,10,11,12,13,14,15,16,17,18,19,20,21,22,23,24,25', '0.0', 'Y', '2019-02-07', '2020-02-07', 0, 'Y', '2019-02-07 00:22:18'),
(125, 72, 'NAIQMWN', '1,2,3,4,5,6,7,9,10,11,12,13,14,15,16,17,18,19,20,21,22,23,24,25', '0.0', 'Y', '2019-02-07', '2020-02-07', 0, 'Y', '2019-02-07 00:22:18'),
(126, 72, 'NAIQMWN', '1,2,3,4,5,6,7,9,10,11,12,13,14,15,16,17,18,19,20,21,22,23,24,25', '0.0', 'Y', '2019-02-07', '2020-02-07', 0, 'Y', '2019-02-07 00:22:18'),
(127, 72, 'NAIQMWN', '1,2,3,4,5,6,7,9,10,11,12,13,14,15,16,17,18,19,20,21,22,23,24,25', '0.0', 'Y', '2019-02-07', '2020-02-07', 0, 'Y', '2019-02-07 00:22:21'),
(128, 72, 'NAIQMWN', '1,2,3,4,5,6,7,9,10,11,12,13,14,15,16,17,18,19,20,21,22,23,24,25', '0.0', 'Y', '2019-02-07', '2020-02-07', 0, 'Y', '2019-02-07 00:22:21'),
(129, 72, 'NAIQMWN', '1,2,3,4,5,6,7,9,10,11,12,13,14,15,16,17,18,19,20,21,22,23,24,25', '0.0', 'Y', '2019-02-07', '2020-02-07', 0, 'Y', '2019-02-07 00:22:21'),
(130, 72, 'NAIQMWN', '1,2,3,4,5,6,7,9,10,11,12,13,14,15,16,17,18,19,20,21,22,23,24,25', '0.0', 'Y', '2019-02-07', '2020-02-07', 0, 'Y', '2019-02-07 00:22:21'),
(131, 72, 'NAIQMWN', '1,2,3,4,5,6,7,9,10,11,12,13,14,15,16,17,18,19,20,21,22,23,24,25', '0.0', 'Y', '2019-02-07', '2020-02-07', 0, 'Y', '2019-02-07 00:22:22'),
(132, 75, 'JU07U6A', '1,2,4,9,11,12,13,14,15,16,17,18', '0.0', 'Y', '2019-02-07', '2020-02-07', 0, 'Y', '2019-02-07 00:47:38'),
(133, 75, 'JU07U6A', '1,2,4,9,11,12,13,14,15,16,17,18', '0.0', 'Y', '2019-02-07', '2020-02-07', 0, 'Y', '2019-02-07 00:47:40'),
(134, 75, 'JU07U6A', '1,2,4,9,11,12,13,14,15,16,17,18', '0.0', 'Y', '2019-02-07', '2020-02-07', 0, 'Y', '2019-02-07 00:47:40'),
(135, 75, 'JU07U6A', '1,2,4,9,11,12,13,14,15,16,17,18', '0.0', 'Y', '2019-02-07', '2020-02-07', 0, 'Y', '2019-02-07 00:47:40'),
(136, 75, 'JU07U6A', '1,2,3,4,5,6,7,9,10,11,12,13,14,15,16,17,18,19,20,21,22,23,24,25', '0.0', 'Y', '2019-02-07', '2020-02-07', 0, 'Y', '2019-02-07 00:48:04'),
(137, 75, 'JU07U6A', '1,2,3,4,5,6,7,9,10,11,12,13,14,15,16,17,18,19,20,21,22,23,24,25', '0.0', 'Y', '2019-02-07', '2020-02-07', 0, 'Y', '2019-02-07 00:48:04'),
(138, 75, 'JU07U6A', '1,2,3,4,5,6,7,9,10,11,12,13,14,15,16,17,18,19,20,21,22,23,24,25', '0.0', 'Y', '2019-02-07', '2020-02-07', 0, 'Y', '2019-02-07 00:48:05'),
(139, 75, 'JU07U6A', '1,2,3,4,5,6,7,9,10,11,12,13,14,15,16,17,18,19,20,21,22,23,24,25', '0.0', 'Y', '2019-02-07', '2020-02-07', 0, 'Y', '2019-02-07 00:48:05'),
(140, 75, 'JU07U6A', '1,2,3,4,5,6,7,9,10,11,12,13,14,15,16,17,18,19,20,21,22,23,24,25', '0.0', 'Y', '2019-02-07', '2020-02-07', 0, 'Y', '2019-02-07 00:48:05'),
(141, 78, 'RI003ZS', '1,2,4,9,11,12,13,14,15,16,17,18', '0.0', 'Y', '2019-02-18', '2020-02-18', 0, 'Y', '2019-02-18 03:17:54'),
(142, 79, 'AD782LD', '1,2,4,9,11,12,13,14,15,16,17,18', '0.0', 'Y', '2019-02-18', '2020-02-18', 0, 'Y', '2019-02-18 15:05:06'),
(143, 80, 'AMMYH7P', '1,2,3,4,5,6,7,9,10,11,12,13,14,15,16,17,18,19,20,21,22,23,24,25', '0.0', 'Y', '2019-02-22', '2020-02-22', 0, 'Y', '2019-02-22 14:31:36'),
(144, 80, 'AMMYH7P', '1,2,4,9,11,12,13,14,15,16,17,18', '0.0', 'Y', '2019-02-22', '2020-02-22', 0, 'Y', '2019-02-22 14:41:55'),
(145, 81, 'NIOMISE', '1,2,4,9,11,12,13,14,15,16,17,18', '0.0', 'Y', '2019-02-22', '2020-02-22', 0, 'Y', '2019-02-22 15:00:33'),
(146, 83, 'GZ47ZP5', '1,2,4,9,11,12,13,14,15,16,17,18', '0.0', 'Y', '2019-02-22', '2020-02-22', 0, 'Y', '2019-02-22 15:22:15'),
(147, 84, 'AJH8SYX', '1,2,3,4,5,6,7,9,10,11,12,13,14,15,16,17,18,19,20,21,22,23,24,25', '0.0', 'Y', '2019-02-22', '2020-02-22', 0, 'Y', '2019-02-22 16:04:32'),
(148, 84, 'AJH8SYX', '1,2,4,9,11,12,13,14,15,16,17,18', '0.0', 'Y', '2019-02-22', '2020-02-22', 0, 'Y', '2019-02-22 16:05:15'),
(149, 84, 'AJH8SYX', '1,2,4,9,11,12,13,14,15,16,17,18', '0.0', 'Y', '2019-02-22', '2020-02-22', 0, 'Y', '2019-02-22 16:08:11'),
(150, 85, 'BZ2ERVB', '1,2,4,9,11,12,13,14,15,16,17,18', '0.0', 'Y', '2019-02-23', '2020-02-23', 0, 'Y', '2019-02-23 12:12:52'),
(151, 86, 'ADV3B7F', '1,2,4,9,11,12,13,14,15,16,17,18', '0.0', 'Y', '2019-02-27', '2020-02-27', 0, 'Y', '2019-02-27 12:40:36'),
(152, 87, 'SAXNNUC', '1,2,3,4,5,6,7,9,10,11,12,13,14,15,16,17,18,19,20,21,22,23,24,25', '0.0', 'Y', '2019-03-02', '2020-03-02', 0, 'Y', '2019-03-02 17:00:39'),
(153, 89, 'GSQA8NC', '1,2,4,9,11,12,13,14,15,16,17,18', '0.0', 'Y', '2019-03-04', '2020-03-04', 0, 'Y', '2019-03-04 11:09:43'),
(154, 90, 'GZQC5Y5', '1,2,4,9,11,12,13,14,15,16,17,18', '0.0', 'Y', '2019-03-04', '2020-03-04', 0, 'Y', '2019-03-04 11:49:47'),
(155, 91, 'VZPYMEG', '1,2,4,9,11,12,13,14,15,16,17,18', '0.0', 'Y', '2019-03-04', '2020-03-04', 0, 'Y', '2019-03-04 12:41:08'),
(156, 92, 'FFKXAT4', '1,2,4,9,11,12,13,14,15,16,17,18', '0.0', 'Y', '2019-03-04', '2020-03-04', 0, 'Y', '2019-03-04 12:52:54'),
(157, 95, 'GYNN40Q', '1,2,4,9,11,12,13,14,15,16,17,18', '0.0', 'Y', '2019-03-13', '2020-03-13', 0, 'Y', '2019-03-13 12:30:42'),
(158, 95, 'GYNN40Q', '1,2,4,9,11,12,13,14,15,16,17,18', '0.0', 'Y', '2019-03-13', '2020-03-13', 0, 'Y', '2019-03-13 12:30:43'),
(159, 96, 'PAF2CAB', '1,2,4,9,11,12,13,14,15,16,17,18', '0.0', 'Y', '2019-03-13', '2020-03-13', 0, 'Y', '2019-03-13 13:48:49'),
(160, 97, 'GSH8950', '1,2,4,9,11,12,13,14,15,16,17,18', '0.0', 'Y', '2019-03-15', '2020-03-15', 0, 'Y', '2019-03-15 11:19:04'),
(161, 98, 'SUQ2CDF', '1,2,3,4,5,6,7,9,10,11,12,13,14,15,16,17,18,19,20,21,22,23,24,25', '0.0', 'Y', '2019-03-16', '2020-03-16', 0, 'Y', '2019-03-16 12:34:37'),
(162, 98, 'SUQ2CDF', '1,2,3,4,5,6,7,9,10,11,12,13,14,15,16,17,18,19,20,21,22,23,24,25', '0.0', 'Y', '2019-03-16', '2020-03-16', 0, 'Y', '2019-03-16 12:34:39'),
(163, 98, 'SUQ2CDF', '1,2,3,4,5,6,7,9,10,11,12,13,14,15,16,17,18,19,20,21,22,23,24,25', '0.0', 'Y', '2019-03-16', '2020-03-16', 0, 'Y', '2019-03-16 12:34:45'),
(164, 101, 'PAVIVQ3', '1,2,3,4,5,6,7,9,10,11,12,13,14,15,16,17,18,19,20,21,22,23,24,25', '0.0', 'Y', '2019-03-25', '2020-03-25', 0, 'Y', '2019-03-25 13:39:44'),
(165, 101, 'PAVIVQ3', '1,2,3,4,5,6,7,9,10,11,12,13,14,15,16,17,18,19,20,21,22,23,24,25', '0.0', 'Y', '2019-03-25', '2020-03-25', 0, 'Y', '2019-03-25 13:39:44'),
(166, 101, 'PAVIVQ3', '1,2,3,4,5,6,7,9,10,11,12,13,14,15,16,17,18,19,20,21,22,23,24,25', '0.0', 'Y', '2019-03-25', '2020-03-25', 0, 'Y', '2019-03-25 13:39:44'),
(167, 101, 'PAVIVQ3', '1,2,3,4,5,6,7,9,10,11,12,13,14,15,16,17,18,19,20,21,22,23,24,25', '0.0', 'Y', '2019-03-25', '2020-03-25', 0, 'Y', '2019-03-25 13:39:44'),
(168, 102, 'NI3IX7L', '1,2,4,9,11,12,13,14,15,16,17,18', '0.0', 'Y', '2019-03-25', '2020-03-25', 0, 'Y', '2019-03-25 15:36:46'),
(169, 102, 'NI3IX7L', '1,2,4,9,11,12,13,14,15,16,17,18', '0.0', 'Y', '2019-03-25', '2020-03-25', 0, 'Y', '2019-03-25 15:36:48'),
(170, 102, 'NI3IX7L', '1,2,4,9,11,12,13,14,15,16,17,18', '0.0', 'Y', '2019-03-25', '2020-03-25', 0, 'Y', '2019-03-25 16:52:39'),
(171, 102, 'NI3IX7L', '1,2,4,9,11,12,13,14,15,16,17,18', '0.0', 'Y', '2019-03-25', '2020-03-25', 0, 'Y', '2019-03-25 16:52:42'),
(172, 102, 'NI3IX7L', '1,2,4,9,11,12,13,14,15,16,17,18', '0.0', 'Y', '2019-03-25', '2020-03-25', 0, 'Y', '2019-03-25 16:52:42'),
(173, 102, 'NI3IX7L', '1,2,4,9,11,12,13,14,15,16,17,18', '0.0', 'Y', '2019-03-25', '2020-03-25', 0, 'Y', '2019-03-25 16:52:43'),
(174, 103, 'VIB3EUD', '1,2,3,4,5,6,7,9,10,11,12,13,14,15,16,17,18,19,20,21,22,23,24,25', '0.0', 'Y', '2019-03-25', '2020-03-25', 0, 'Y', '2019-03-25 18:39:00'),
(175, 104, 'HSJCH2P', '1,2,4,9,11,12,13,14,15,16,17,18', '0.0', 'Y', '2019-03-25', '2020-03-25', 0, 'Y', '2019-03-25 19:39:59'),
(176, 100, 'RA38HQT', '1,2,3,4,7,9,10,11,12,13,14,15,16,17,18,19,20,21', '0.0', 'Y', '2019-03-29', '2020-03-29', 0, 'Y', '2019-03-29 21:13:50'),
(177, 105, 'VI9F996', '1,2,4,9,11,12,13,14,15,16,17,18', '0.0', 'Y', '2019-12-07', '2020-12-07', 0, 'Y', '2019-12-07 20:32:05'),
(178, 106, 'VIIMNKO', '1,2,4,9,11,12,13,14,15,16,17,18', '0.0', 'Y', '2020-08-13', '2021-08-13', 0, 'Y', '2020-08-13 12:36:30'),
(179, 107, 'AD68ZFT', '1,2,4,9,11,12,13,14,15,16,17,18', '0.0', 'Y', '2021-10-04', '2022-10-04', 0, 'Y', '2021-10-04 16:58:14'),
(180, 1, 'HAK9KF8', '1,2,4,9,11,12,13,14,15,16,17,18', '0.0', 'Y', '2021-10-04', '2022-10-04', 0, 'Y', '2021-10-04 18:43:23'),
(181, 108, 'AR2V72L', '1,2,3,4,5,6,7,9,10,11,12,13,14,15,16,17,18,19,20,21,22,23,24,25', '0.0', 'Y', '2021-10-13', '2022-10-13', 0, 'Y', '2021-10-13 09:09:49'),
(182, 109, 'GI0ZOZC', '1,2,3,4,5,6,7,9,10,11,12,13,14,15,16,17,18,19,20,21,22,23,24,25', '0.0', 'Y', '2021-10-13', '2022-10-13', 0, 'Y', '2021-10-13 14:19:38'),
(183, 110, 'PUURZ6C', '1,2,4,9,11,12,13,14,15,16,17,18', '0.0', 'Y', '2021-11-22', '2022-11-22', 0, 'Y', '2021-11-22 16:07:59'),
(184, 111, 'SC30Y74', '1,2,3,4,5,6,7,9,10,11,12,13,14,15,16,17,18,19,20,21,22,23,24,25', '0.0', 'Y', '2021-12-03', '2022-12-03', 0, 'Y', '2021-12-03 19:22:53'),
(185, 1, 'HAK9KF8', '1,2,4,9,11,12,13,14,15,16,17,18', '0.0', 'Y', '2021-12-03', '2022-12-03', 0, 'Y', '2021-12-03 19:58:50'),
(186, 112, 'TEUKEDS', '1,2,4,9,11,12,13,14,15,16,17,18', '0.0', 'Y', '2021-12-06', '2022-12-06', 0, 'Y', '2021-12-06 21:46:37'),
(187, 113, 'NAJ0PDJ', '1,2,3,4,5,6,7,9,10,11,12,13,14,15,16,17,18,19,20,21,22,23,24,25', '0.0', 'Y', '2021-12-07', '2022-12-07', 0, 'Y', '2021-12-07 11:58:25'),
(188, 114, 'SUI9DBQ', '1,2,3,4,5,6,7,9,10,11,12,13,14,15,16,17,18,19,20,21,22,23,24,25', '0.0', 'Y', '2021-12-07', '2022-12-07', 0, 'Y', '2021-12-07 20:22:25'),
(189, 115, 'DEJE98E', '1,2,3,4,5,6,7,9,10,11,12,13,14,15,16,17,18,19,20,21,22,23,24,25', '0.0', 'Y', '2021-12-10', '2022-12-10', 0, 'Y', '2021-12-10 11:24:55');

-- --------------------------------------------------------

--
-- Table structure for table `section`
--

CREATE TABLE `section` (
  `sectionID` int(11) NOT NULL,
  `schoolID` int(11) NOT NULL,
  `classID` int(11) NOT NULL,
  `section` varchar(255) NOT NULL,
  `class_teacherID` int(11) NOT NULL,
  `is_active` enum('Y','N') NOT NULL,
  `added_on` datetime NOT NULL
) ENGINE=MyISAM DEFAULT CHARSET=latin1;

--
-- Dumping data for table `section`
--

INSERT INTO `section` (`sectionID`, `schoolID`, `classID`, `section`, `class_teacherID`, `is_active`, `added_on`) VALUES
(1, 1, 1, 'A', 0, 'Y', '2018-11-16 23:53:15'),
(2, 1, 1, 'B', 0, 'Y', '2018-11-16 23:53:27'),
(3, 1, 2, 'A', 0, 'Y', '2018-11-16 23:53:50'),
(4, 1, 2, 'B', 0, 'Y', '2018-11-16 23:54:01'),
(5, 1, 3, 'A', 0, 'Y', '2018-11-16 23:54:11'),
(6, 1, 3, 'B', 0, 'Y', '2018-11-16 23:54:21'),
(7, 1, 4, 'A', 0, 'Y', '2018-11-16 23:54:40'),
(8, 1, 4, 'B', 0, 'Y', '2018-11-16 23:54:54'),
(9, 1, 5, 'A', 0, 'Y', '2018-11-16 23:55:07'),
(10, 1, 5, 'B', 0, 'Y', '2018-11-16 23:55:17'),
(11, 1, 5, 'C', 0, 'Y', '2018-11-16 23:55:52'),
(12, 2, 6, 'A', 0, 'Y', '2018-11-17 12:16:09'),
(13, 2, 7, 'A', 0, 'Y', '2018-11-17 12:16:21'),
(14, 2, 8, 'A', 0, 'Y', '2018-11-17 12:16:33'),
(15, 5, 9, 'A', 3, 'Y', '2018-11-20 13:48:06'),
(16, 6, 11, 'A', 0, 'Y', '2018-12-12 17:46:25'),
(17, 6, 11, 'B', 0, 'Y', '2018-12-12 17:46:35'),
(18, 6, 12, 'A', 0, 'Y', '2018-12-12 17:46:50'),
(19, 6, 12, 'B', 0, 'Y', '2018-12-12 17:47:00'),
(20, 21, 15, 'A', 0, 'Y', '2018-12-27 11:33:53'),
(21, 21, 15, 'B', 0, 'Y', '2018-12-27 11:34:02'),
(22, 21, 15, 'C', 0, 'Y', '2018-12-27 11:34:11'),
(23, 21, 15, 'D', 0, 'Y', '2018-12-27 11:34:21'),
(24, 21, 16, 'A', 0, 'Y', '2018-12-27 11:34:49'),
(25, 21, 16, 'B', 0, 'Y', '2018-12-27 11:34:58'),
(26, 28, 17, 'A', 0, 'Y', '2019-01-06 15:27:11'),
(27, 28, 18, 'A', 0, 'Y', '2019-01-06 15:27:26'),
(28, 28, 17, 'B', 0, 'Y', '2019-01-06 15:27:35'),
(29, 26, 19, 'A', 0, 'Y', '2019-01-07 11:07:44'),
(30, 26, 20, 'A', 0, 'Y', '2019-01-07 11:07:54'),
(31, 30, 22, 'A', 0, 'Y', '2019-01-08 15:22:13'),
(32, 34, 28, '5A', 0, 'Y', '2019-01-14 11:29:19'),
(33, 35, 29, '8A', 0, 'Y', '2019-01-14 11:58:11'),
(34, 36, 33, 'A', 0, 'Y', '2019-01-14 12:46:13'),
(35, 36, 33, 'B', 0, 'Y', '2019-01-14 12:46:29'),
(36, 36, 34, 'A', 0, 'Y', '2019-01-14 12:46:36'),
(37, 36, 34, 'B', 0, 'Y', '2019-01-14 12:46:45'),
(38, 36, 35, 'A', 0, 'Y', '2019-01-14 12:46:54'),
(39, 36, 35, 'B', 0, 'Y', '2019-01-14 12:47:09'),
(40, 36, 36, 'A', 0, 'Y', '2019-01-14 12:47:21'),
(41, 36, 36, 'B', 0, 'Y', '2019-01-14 12:47:35'),
(42, 36, 37, 'A', 0, 'Y', '2019-01-14 12:47:46'),
(43, 36, 37, 'B', 0, 'Y', '2019-01-14 12:47:57'),
(44, 31, 23, 'A', 0, 'Y', '2019-01-15 11:12:10'),
(45, 31, 24, 'A', 0, 'Y', '2019-01-15 11:12:20'),
(46, 41, 38, 'A', 0, 'Y', '2019-01-15 13:09:10'),
(47, 42, 39, 'A', 0, 'Y', '2019-01-15 13:37:53'),
(48, 50, 40, 'A', 0, 'Y', '2019-01-16 16:45:46'),
(49, 50, 40, 'B', 0, 'Y', '2019-01-16 16:47:42'),
(50, 51, 41, 'A', 0, 'Y', '2019-01-17 10:39:49'),
(51, 51, 41, 'B', 0, 'Y', '2019-01-17 10:39:58'),
(52, 51, 42, 'A', 0, 'Y', '2019-01-17 10:40:06'),
(53, 51, 42, 'B', 0, 'Y', '2019-01-17 10:40:14'),
(54, 54, 44, 'A', 0, 'Y', '2019-01-21 14:24:29'),
(55, 57, 45, 'A', 0, 'Y', '2019-01-24 17:16:11'),
(56, 57, 45, 'B', 0, 'Y', '2019-01-24 17:16:42'),
(57, 57, 46, 'A', 0, 'Y', '2019-01-24 17:17:00'),
(58, 57, 46, 'B', 0, 'Y', '2019-01-24 17:18:35'),
(59, 57, 47, 'A', 0, 'Y', '2019-01-24 17:18:47'),
(60, 57, 47, 'B', 0, 'Y', '2019-01-24 17:19:01'),
(61, 57, 48, 'A', 16, 'Y', '2019-02-04 22:45:10'),
(62, 79, 54, '11A', 0, 'Y', '2019-02-18 15:06:54'),
(63, 80, 55, 'A1', 0, 'Y', '2019-02-22 14:39:02'),
(64, 84, 56, 'A1', 0, 'Y', '2019-02-22 15:46:53'),
(65, 87, 57, 'A', 0, 'Y', '2019-03-02 17:28:57'),
(66, 2, 59, 'B', 0, 'Y', '2019-03-15 12:45:31'),
(67, 2, 59, 'A', 0, 'Y', '2019-03-15 12:48:27'),
(68, 2, 59, 'C', 0, 'Y', '2019-03-15 13:48:46'),
(69, 98, 60, 'A', 0, 'Y', '2019-03-16 12:42:52'),
(70, 2, 0, 'a', 0, 'Y', '2019-03-16 15:58:20'),
(71, 101, 66, 'A', 0, 'Y', '2019-03-25 13:41:33'),
(72, 2, 67, 'g', 0, 'Y', '2019-03-25 15:56:00'),
(73, 2, 6, 'a', 0, 'Y', '2019-03-25 16:38:31'),
(74, 2, 70, 'a', 0, 'Y', '2019-03-25 16:58:44'),
(75, 2, 71, 'd', 0, 'Y', '2019-03-25 16:59:33'),
(76, 2, 71, 'f', 0, 'Y', '2019-03-25 16:59:48'),
(77, 102, 72, 'a', 0, 'Y', '2019-03-25 17:05:36'),
(78, 103, 73, 'A', 0, 'Y', '2019-03-25 18:39:46'),
(79, 104, 75, 'A', 0, 'Y', '2019-03-26 11:09:46'),
(80, 104, 75, 'B', 0, 'Y', '2019-03-26 11:10:06'),
(81, 104, 76, 'A', 0, 'Y', '2019-03-26 11:10:14'),
(82, 104, 76, 'B', 0, 'Y', '2019-03-26 11:10:20'),
(83, 104, 77, 'A', 0, 'Y', '2019-03-26 11:10:40'),
(84, 104, 77, 'B', 0, 'Y', '2019-03-26 11:10:46'),
(85, 104, 77, 'C', 0, 'Y', '2019-03-26 11:10:54'),
(86, 104, 78, 'A', 0, 'Y', '2019-03-26 11:41:08'),
(87, 104, 75, 'C', 0, 'Y', '2019-03-26 11:51:48'),
(88, 104, 80, 'A', 0, 'Y', '2019-03-26 12:33:12'),
(89, 104, 79, 'A', 0, 'Y', '2019-03-26 12:36:07'),
(90, 2, 6, 'C', 0, 'Y', '2019-03-26 14:09:08'),
(91, 2, 7, 's', 0, 'Y', '2019-03-27 18:10:35'),
(92, 2, 6, 'z', 0, 'Y', '2019-03-27 18:17:57'),
(93, 2, 6, 'd', 0, 'Y', '2019-03-27 18:23:14'),
(94, 100, 87, 'A', 0, 'Y', '2019-03-29 21:15:17'),
(95, 100, 87, 'B', 0, 'Y', '2019-03-29 21:15:47'),
(96, 100, 87, 'C', 0, 'Y', '2019-03-29 21:16:03'),
(97, 100, 88, 'A', 0, 'Y', '2019-03-29 21:16:21'),
(98, 100, 88, 'B', 0, 'Y', '2019-03-29 21:16:31'),
(99, 100, 88, 'C', 0, 'Y', '2019-03-29 21:16:44'),
(100, 106, 0, 'A', 0, 'Y', '2020-08-13 12:37:40'),
(101, 107, 91, 'A', 0, 'Y', '2021-10-04 16:58:59'),
(102, 108, 92, 'A', 0, 'Y', '2021-10-13 09:10:43'),
(103, 108, 92, 'B', 0, 'Y', '2021-10-13 09:10:47'),
(104, 108, 92, 'A', 0, 'Y', '2021-10-13 09:23:26'),
(105, 109, 93, 'A', 0, 'Y', '2021-10-13 14:21:24'),
(106, 109, 93, 'B', 0, 'Y', '2021-10-13 14:21:28'),
(107, 111, 95, '1', 0, 'Y', '2021-12-03 19:21:09'),
(108, 112, 97, 'A', 0, 'Y', '2021-12-06 21:47:03'),
(109, 113, 98, 'A', 0, 'Y', '2021-12-07 11:59:18'),
(110, 114, 99, 'A', 0, 'Y', '2021-12-07 20:23:13'),
(111, 115, 100, 'A', 0, 'Y', '2021-12-10 11:25:59'),
(112, 115, 100, 'B', 0, 'Y', '2021-12-10 11:26:01'),
(113, 115, 101, 'A', 0, 'Y', '2021-12-10 11:26:09'),
(114, 115, 102, 'A', 0, 'Y', '2021-12-10 11:26:14'),
(115, 1, 4, 'secton B', 57, 'Y', '2021-12-15 14:20:50');

-- --------------------------------------------------------

--
-- Table structure for table `slots`
--

CREATE TABLE `slots` (
  `slotID` int(11) NOT NULL,
  `schoolID` int(11) NOT NULL,
  `b_slot_duration` varchar(255) NOT NULL,
  `b_start_time` varchar(100) NOT NULL,
  `b_end_time` varchar(100) NOT NULL,
  `a_slot_duration` varchar(255) NOT NULL,
  `a_start_time` varchar(100) NOT NULL,
  `a_end_time` varchar(100) NOT NULL,
  `classID` int(11) NOT NULL,
  `is_active` enum('Y','N') NOT NULL,
  `added_on` datetime NOT NULL
) ENGINE=MyISAM DEFAULT CHARSET=latin1;

--
-- Dumping data for table `slots`
--

INSERT INTO `slots` (`slotID`, `schoolID`, `b_slot_duration`, `b_start_time`, `b_end_time`, `a_slot_duration`, `a_start_time`, `a_end_time`, `classID`, `is_active`, `added_on`) VALUES
(1, 5, '45', '08:00', '10:15', '40', '10:45', '13:25', 9, 'Y', '2018-11-20 13:50:27'),
(2, 1, '40', '08:30', '11:10', '35', '11:40', '13:25', 3, 'Y', '2018-12-17 17:30:17'),
(3, 1, '40', '08:30', '11:10', '35', '11:40', '13:25', 1, 'Y', '2018-12-04 11:34:36'),
(4, 1, '40', '08:30', '11:10', '35', '11:40', '13:25', 3, 'Y', '2018-12-04 11:34:36'),
(5, 1, '40', '08:30', '11:10', '35', '11:40', '13:25', 4, 'Y', '2018-12-04 11:34:36'),
(6, 1, '40', '08:30', '11:10', '35', '11:40', '13:25', 5, 'Y', '2018-12-04 11:34:36'),
(7, 2, '30', '09:00', '11:00', '30', '11:30', '13:00', 6, 'Y', '2018-12-07 16:51:45'),
(8, 2, '30', '09:00', '11:00', '30', '11:30', '13:00', 7, 'Y', '2018-12-07 16:51:45'),
(9, 2, '30', '09:00', '11:00', '30', '11:30', '13:00', 8, 'Y', '2018-12-07 16:51:45'),
(10, 30, '40', '08:00', '10:00', '30', '10:30', '11:30', 22, 'Y', '2019-01-08 15:33:28'),
(11, 36, '30', '10:00', '11:30', '30', '12:00', '13:30', 33, 'Y', '2019-01-14 13:24:25'),
(12, 36, '30', '10:00', '11:30', '30', '12:00', '13:30', 34, 'Y', '2019-01-14 13:24:25'),
(13, 41, '40', '10:00', '12:40', '30', '13:10', '14:40', 38, 'Y', '2019-01-15 13:50:02'),
(14, 28, '30', '00:10', '01:40', '30', '02:10', '03:40', 17, 'Y', '2019-01-16 13:44:43'),
(15, 21, '45', '10:00', '12:15', '45', '12:45', '15:00', 15, 'Y', '2019-01-21 13:11:57'),
(16, 21, '45', '10:00', '12:15', '45', '12:45', '15:00', 16, 'Y', '2019-01-21 13:12:09'),
(17, 57, '45', '09:00', '11:15', '30', '12:00', '13:30', 45, 'Y', '2019-01-28 21:53:05'),
(18, 57, '30', '09:00', '10:30', '30', '11:00', '12:30', 46, 'Y', '2019-01-24 18:10:33'),
(19, 101, '40', '10:00', '12:40', '40', '13:00', '15:40', 66, 'Y', '2019-03-25 14:12:57'),
(20, 113, '30', '09:30', '11:30', '30', '12:00', '14:00', 98, 'Y', '2021-12-07 12:28:57'),
(21, 114, '45', '09:30', '12:30', '40', '12:55', '15:35', 99, 'Y', '2021-12-07 20:27:36'),
(22, 115, '45', '09:30', '12:30', '40', '12:55', '14:55', 100, 'Y', '2021-12-10 11:33:26'),
(23, 115, '45', '09:30', '12:30', '40', '12:55', '14:55', 101, 'Y', '2021-12-10 11:33:26'),
(24, 115, '45', '12:00', '15:00', '40', '15:25', '17:25', 102, 'Y', '2021-12-10 11:33:57');

-- --------------------------------------------------------

--
-- Table structure for table `state`
--

CREATE TABLE `state` (
  `stateID` int(11) NOT NULL,
  `name` varchar(255) NOT NULL,
  `added_on` datetime NOT NULL
) ENGINE=MyISAM DEFAULT CHARSET=latin1;

--
-- Dumping data for table `state`
--

INSERT INTO `state` (`stateID`, `name`, `added_on`) VALUES
(1, 'ANDAMAN AND NICOBAR ISLANDS', '2018-11-29 16:24:00'),
(2, 'ANDHRA PRADESH', '2018-11-29 16:24:00'),
(3, 'ARUNACHAL PRADESH', '2018-11-29 16:24:00'),
(4, 'ASSAM', '2018-11-29 16:24:00'),
(5, 'BIHAR', '2018-11-29 16:24:00'),
(6, 'CHANDIGARH', '2018-11-29 16:24:00'),
(7, 'CHHATTISGARH', '2018-11-29 16:24:00'),
(8, 'DADRA AND NAGAR HAVELI', '2018-11-29 16:24:00'),
(9, 'DAMAN AND DIU', '2018-11-29 16:24:00'),
(10, 'DELHI', '2018-11-29 16:24:00'),
(11, 'GOA', '2018-11-29 16:24:00'),
(12, 'GUJARAT', '2018-11-29 16:24:00'),
(13, 'HARYANA', '2018-11-29 16:24:00'),
(14, 'HIMACHAL PRADESH', '2018-11-29 16:24:00'),
(15, 'JAMMU AND KASHMIR', '2018-11-29 16:24:00'),
(16, 'JHARKHAND', '2018-11-29 16:24:00'),
(17, 'KARNATAKA', '2018-11-29 16:24:00'),
(18, 'KERALA', '2018-11-29 16:24:00'),
(19, 'LAKSHADWEEP', '2018-11-29 16:24:00'),
(20, 'MADHYA PRADESH', '2018-11-29 16:24:00'),
(21, 'MAHARASHTRA', '2018-11-29 16:24:00'),
(22, 'MANIPUR', '2018-11-29 16:24:00'),
(23, 'MEGHALAYA', '2018-11-29 16:24:00'),
(24, 'MIZORAM', '2018-11-29 16:24:00'),
(25, 'NAGALAND', '2018-11-29 16:24:00'),
(26, 'ODISHA', '2018-11-29 16:24:00'),
(27, 'PUDUCHERRY', '2018-11-29 16:24:00'),
(28, 'PUNJAB', '2018-11-29 16:24:00'),
(29, 'RAJASTHAN', '2018-11-29 16:24:00'),
(30, 'SIKKIM', '2018-11-29 16:24:00'),
(31, 'TAMIL NADU', '2018-11-29 16:24:00'),
(32, 'TELANGANA', '2018-11-29 16:24:00'),
(33, 'TRIPURA', '2018-11-29 16:24:00'),
(34, 'UTTARAKHAND', '2018-11-29 16:24:00'),
(35, 'UTTAR PRADESH', '2018-11-29 16:24:00'),
(36, 'WEST BENGAL', '2018-11-29 16:24:00');

-- --------------------------------------------------------

--
-- Table structure for table `student`
--

CREATE TABLE `student` (
  `studentID` int(11) NOT NULL,
  `schoolID` int(11) NOT NULL,
  `school_studentID` varchar(255) DEFAULT NULL,
  `registeredby` enum('app','bulk') DEFAULT NULL,
  `school_code` varchar(255) NOT NULL,
  `name` varchar(255) NOT NULL,
  `email` varchar(255) DEFAULT '',
  `phone` varchar(255) NOT NULL,
  `image` varchar(255) DEFAULT NULL,
  `address` text NOT NULL,
  `username` varchar(255) NOT NULL,
  `password` varchar(255) NOT NULL,
  `parentID` int(11) NOT NULL,
  `is_par_approved` enum('Y','N') DEFAULT NULL,
  `academicID` int(11) NOT NULL,
  `classID` int(11) NOT NULL,
  `sectionID` int(11) NOT NULL,
  `roll_no` varchar(255) NOT NULL,
  `batchID` int(11) DEFAULT NULL,
  `routeID` int(11) DEFAULT NULL,
  `price` varchar(255) DEFAULT NULL,
  `subscription_status` enum('Y','N') NOT NULL,
  `start_date` date DEFAULT NULL,
  `end_date` date DEFAULT NULL,
  `groupID` int(11) DEFAULT NULL,
  `concessionID` int(11) DEFAULT NULL,
  `dob` date DEFAULT NULL,
  `is_active` enum('Y','N','R','D') NOT NULL,
  `added_on` datetime NOT NULL
) ENGINE=MyISAM DEFAULT CHARSET=latin1;

--
-- Dumping data for table `student`
--

INSERT INTO `student` (`studentID`, `schoolID`, `school_studentID`, `registeredby`, `school_code`, `name`, `email`, `phone`, `image`, `address`, `username`, `password`, `parentID`, `is_par_approved`, `academicID`, `classID`, `sectionID`, `roll_no`, `batchID`, `routeID`, `price`, `subscription_status`, `start_date`, `end_date`, `groupID`, `concessionID`, `dob`, `is_active`, `added_on`) VALUES
(1, 1, NULL, 'app', 'HAK9KF8', 'test', 'test@gmail.com', '7011036618', NULL, 'up, up, up, 201301', 'TEFM0IA', '013a6148593cd993b38aa6f8538439292fba4d9d03d54ea1d560b756f5d0c9fb59b6bd05ba46c6a41467b40a032dc6640706bd84b7c772c316d2caaaa3200bb0', 0, NULL, 0, 1, 1, '1', 0, NULL, NULL, 'N', NULL, NULL, NULL, 0, '2019-12-14', 'N', '2021-12-14 16:57:59'),
(2, 1, NULL, 'app', 'HAK9KF8', 'vibhas mishra', 'vibhas1326@gmail.com', '9310025022', NULL, 'gjhg, fjvv, ruhc, 201301', 'vibhas1', '96bcc3886898c1b1c79a0d56848ab90d72f9d795f52f2357cd50b7f1f51e61a1f372aa6bf252fa9eb19f0aa18f0ef8f440af743415535d53ea0ec53f8784d5ab', 0, NULL, 0, 1, 1, '6', 0, NULL, NULL, 'Y', NULL, NULL, NULL, 0, '2007-10-04', 'Y', '2021-10-04 20:30:05'),
(246, 1, NULL, 'app', 'HAK9KF8', 'testanisha', 'testdoc@gmail.com', '7733930397', NULL, 'guguv, vychuv, ughvhvu, 201301', 'TEFRAPV', 'aaf956a9e183479db749bfed49a7200e7a70f820e420edcd85c487fa7f596805e1bae72263d95ddc9f008d7695dc0a838ca4c5f70c2695b203c2d77d7fe5d292', 0, NULL, 0, 3, 6, '1', 0, NULL, NULL, 'Y', NULL, NULL, NULL, 0, '1970-01-01', 'N', '2021-12-14 17:39:37'),
(247, 1, NULL, 'app', 'HAK9KF8', 'kamal', 'kamal@gmail.com', '9654121192', NULL, 'noida, noida, up, 201301', 'KAUBZTY', '013a6148593cd993b38aa6f8538439292fba4d9d03d54ea1d560b756f5d0c9fb59b6bd05ba46c6a41467b40a032dc6640706bd84b7c772c316d2caaaa3200bb0', 0, NULL, 0, 4, 8, '1', 0, NULL, NULL, 'Y', NULL, NULL, NULL, 0, '1970-01-01', 'Y', '2021-12-15 12:58:42');

-- --------------------------------------------------------

--
-- Table structure for table `studentgroup`
--

CREATE TABLE `studentgroup` (
  `studentgroupID` int(11) NOT NULL,
  `schoolID` int(11) NOT NULL,
  `groupname` varchar(255) NOT NULL
) ENGINE=MyISAM DEFAULT CHARSET=latin1;

-- --------------------------------------------------------

--
-- Table structure for table `student_attendance`
--

CREATE TABLE `student_attendance` (
  `attendanceID` int(200) UNSIGNED NOT NULL,
  `schoolID` int(11) NOT NULL,
  `academicID` int(11) NOT NULL,
  `studentID` int(11) NOT NULL,
  `classesID` int(11) NOT NULL,
  `sectionID` int(11) NOT NULL,
  `subjectID` int(11) NOT NULL,
  `userID` int(11) NOT NULL,
  `usertype` varchar(20) NOT NULL,
  `monthyear` varchar(10) NOT NULL,
  `a1` varchar(3) DEFAULT NULL,
  `a2` varchar(3) DEFAULT NULL,
  `a3` varchar(3) DEFAULT NULL,
  `a4` varchar(3) DEFAULT NULL,
  `a5` varchar(3) DEFAULT NULL,
  `a6` varchar(3) DEFAULT NULL,
  `a7` varchar(3) DEFAULT NULL,
  `a8` varchar(3) DEFAULT NULL,
  `a9` varchar(3) DEFAULT NULL,
  `a10` varchar(3) DEFAULT NULL,
  `a11` varchar(3) DEFAULT NULL,
  `a12` varchar(3) DEFAULT NULL,
  `a13` varchar(3) DEFAULT NULL,
  `a14` varchar(3) DEFAULT NULL,
  `a15` varchar(3) DEFAULT NULL,
  `a16` varchar(3) DEFAULT NULL,
  `a17` varchar(3) DEFAULT NULL,
  `a18` varchar(3) DEFAULT NULL,
  `a19` varchar(3) DEFAULT NULL,
  `a20` varchar(3) DEFAULT NULL,
  `a21` varchar(3) DEFAULT NULL,
  `a22` varchar(3) DEFAULT NULL,
  `a23` varchar(3) DEFAULT NULL,
  `a24` varchar(3) DEFAULT NULL,
  `a25` varchar(3) DEFAULT NULL,
  `a26` varchar(3) DEFAULT NULL,
  `a27` varchar(3) DEFAULT NULL,
  `a28` varchar(3) DEFAULT NULL,
  `a29` varchar(3) DEFAULT NULL,
  `a30` varchar(3) DEFAULT NULL,
  `a31` varchar(3) DEFAULT NULL
) ENGINE=InnoDB DEFAULT CHARSET=utf8;

--
-- Dumping data for table `student_attendance`
--

INSERT INTO `student_attendance` (`attendanceID`, `schoolID`, `academicID`, `studentID`, `classesID`, `sectionID`, `subjectID`, `userID`, `usertype`, `monthyear`, `a1`, `a2`, `a3`, `a4`, `a5`, `a6`, `a7`, `a8`, `a9`, `a10`, `a11`, `a12`, `a13`, `a14`, `a15`, `a16`, `a17`, `a18`, `a19`, `a20`, `a21`, `a22`, `a23`, `a24`, `a25`, `a26`, `a27`, `a28`, `a29`, `a30`, `a31`) VALUES
(1, 1, 1, 0, 1, 1, 0, 1, 'school', '11-2018', NULL, NULL, NULL, NULL, NULL, NULL, NULL, NULL, NULL, NULL, NULL, NULL, NULL, NULL, NULL, NULL, NULL, NULL, NULL, NULL, NULL, NULL, NULL, NULL, NULL, NULL, NULL, NULL, NULL, NULL, NULL),
(2, 1, 1, 1, 1, 1, 0, 1, 'school', '11-2018', NULL, NULL, NULL, NULL, NULL, NULL, NULL, NULL, NULL, NULL, NULL, NULL, NULL, NULL, NULL, NULL, 'A', NULL, NULL, NULL, NULL, NULL, NULL, NULL, NULL, NULL, NULL, NULL, NULL, NULL, NULL),
(3, 2, 1, 2, 6, 12, 0, 2, 'teacher', '11-2018', NULL, NULL, NULL, NULL, NULL, NULL, NULL, NULL, NULL, NULL, NULL, NULL, NULL, NULL, NULL, NULL, 'P', NULL, NULL, NULL, NULL, NULL, NULL, NULL, NULL, NULL, NULL, NULL, NULL, NULL, NULL),
(4, 5, 1, 4, 9, 15, 0, 5, 'school', '11-2018', NULL, NULL, NULL, NULL, NULL, NULL, NULL, NULL, NULL, NULL, NULL, NULL, NULL, NULL, NULL, NULL, NULL, NULL, NULL, 'P', NULL, NULL, NULL, NULL, NULL, NULL, NULL, NULL, NULL, NULL, NULL),
(5, 2, 1, 2, 6, 12, 0, 4, 'teacher', '12-2018', NULL, NULL, NULL, NULL, NULL, NULL, 'P', 'P', NULL, NULL, NULL, NULL, NULL, NULL, NULL, NULL, NULL, 'P', NULL, 'P', 'P', NULL, NULL, 'P', NULL, 'P', 'P', 'P', NULL, NULL, NULL),
(6, 2, 1, 5, 6, 12, 0, 4, 'teacher', '12-2018', NULL, NULL, NULL, NULL, NULL, NULL, 'P', 'P', NULL, NULL, NULL, NULL, NULL, NULL, NULL, NULL, NULL, 'P', NULL, 'P', NULL, NULL, NULL, NULL, NULL, NULL, NULL, NULL, NULL, NULL, NULL),
(7, 2, 1, 10, 6, 12, 0, 4, 'teacher', '12-2018', NULL, NULL, NULL, NULL, NULL, NULL, 'P', 'A', NULL, NULL, NULL, NULL, NULL, NULL, NULL, NULL, NULL, 'P', NULL, NULL, NULL, NULL, NULL, 'P', NULL, NULL, NULL, NULL, NULL, NULL, NULL),
(8, 2, 1, 11, 6, 12, 0, 2, 'school', '12-2018', NULL, NULL, NULL, NULL, NULL, NULL, NULL, 'P', NULL, NULL, NULL, NULL, NULL, NULL, NULL, NULL, NULL, 'P', NULL, NULL, NULL, NULL, NULL, NULL, NULL, NULL, NULL, NULL, NULL, NULL, NULL),
(9, 5, 1, 4, 9, 15, 0, 3, 'teacher', '12-2018', NULL, NULL, NULL, NULL, NULL, NULL, NULL, NULL, NULL, NULL, NULL, NULL, NULL, 'P', NULL, NULL, 'P', 'A', NULL, NULL, NULL, NULL, NULL, NULL, NULL, NULL, NULL, NULL, NULL, NULL, NULL),
(10, 28, 1, 218, 17, 26, 0, 7, 'teacher', '01-2019', NULL, NULL, NULL, NULL, NULL, NULL, NULL, 'P', NULL, NULL, NULL, NULL, NULL, NULL, NULL, NULL, 'P', NULL, NULL, NULL, NULL, NULL, 'P', NULL, NULL, NULL, NULL, 'P', NULL, NULL, 'P'),
(11, 28, 1, 219, 17, 26, 0, 7, 'teacher', '01-2019', NULL, NULL, NULL, NULL, NULL, NULL, NULL, 'P', NULL, NULL, NULL, NULL, NULL, NULL, NULL, NULL, 'P', NULL, NULL, NULL, NULL, NULL, 'A', NULL, NULL, NULL, NULL, 'P', NULL, NULL, 'P'),
(12, 36, 1, 222, 34, 36, 0, 36, 'school', '01-2019', NULL, NULL, NULL, NULL, NULL, NULL, NULL, NULL, NULL, NULL, NULL, NULL, NULL, 'L', NULL, NULL, NULL, NULL, NULL, NULL, NULL, NULL, NULL, NULL, NULL, NULL, NULL, NULL, NULL, NULL, NULL),
(13, 36, 1, 221, 33, 34, 0, 36, 'school', '01-2019', NULL, NULL, NULL, NULL, NULL, NULL, NULL, NULL, NULL, NULL, NULL, NULL, NULL, 'P', NULL, NULL, NULL, NULL, NULL, NULL, NULL, NULL, NULL, NULL, NULL, NULL, NULL, NULL, NULL, NULL, NULL),
(14, 41, 1, 225, 38, 46, 0, 41, 'school', '01-2019', NULL, NULL, NULL, NULL, NULL, NULL, NULL, NULL, NULL, NULL, NULL, NULL, NULL, NULL, 'P', NULL, NULL, NULL, NULL, NULL, NULL, NULL, NULL, NULL, NULL, NULL, NULL, NULL, NULL, NULL, NULL),
(15, 21, 1, 16, 15, 20, 0, 21, 'school', '01-2019', NULL, NULL, NULL, NULL, NULL, NULL, NULL, NULL, NULL, NULL, NULL, NULL, NULL, NULL, NULL, NULL, 'P', 'L', NULL, NULL, 'A', NULL, NULL, NULL, NULL, NULL, NULL, NULL, NULL, NULL, NULL),
(16, 21, 1, 17, 15, 20, 0, 21, 'school', '01-2019', NULL, NULL, NULL, NULL, NULL, NULL, NULL, NULL, NULL, NULL, NULL, NULL, NULL, NULL, NULL, NULL, 'P', 'A', NULL, NULL, 'A', NULL, NULL, NULL, NULL, NULL, NULL, NULL, NULL, NULL, 'P'),
(17, 21, 1, 18, 15, 20, 0, 21, 'school', '01-2019', NULL, NULL, NULL, NULL, NULL, NULL, NULL, NULL, NULL, NULL, NULL, NULL, NULL, NULL, NULL, NULL, 'P', 'L', NULL, NULL, 'A', NULL, NULL, NULL, NULL, NULL, NULL, NULL, NULL, NULL, NULL),
(18, 21, 1, 19, 15, 20, 0, 21, 'school', '01-2019', NULL, NULL, NULL, NULL, NULL, NULL, NULL, NULL, NULL, NULL, NULL, NULL, NULL, NULL, NULL, NULL, 'P', 'A', NULL, NULL, 'A', NULL, NULL, NULL, NULL, NULL, NULL, NULL, NULL, NULL, NULL),
(19, 21, 1, 20, 15, 20, 0, 21, 'school', '01-2019', NULL, NULL, NULL, NULL, NULL, NULL, NULL, NULL, NULL, NULL, NULL, NULL, NULL, NULL, NULL, NULL, 'P', 'A', NULL, NULL, 'P', NULL, NULL, NULL, NULL, NULL, NULL, NULL, NULL, NULL, NULL),
(20, 21, 1, 21, 15, 20, 0, 21, 'school', '01-2019', NULL, NULL, NULL, NULL, NULL, NULL, NULL, NULL, NULL, NULL, NULL, NULL, NULL, NULL, NULL, NULL, 'P', 'A', NULL, NULL, 'P', NULL, NULL, NULL, NULL, NULL, NULL, NULL, NULL, NULL, NULL),
(21, 21, 1, 22, 15, 20, 0, 21, 'school', '01-2019', NULL, NULL, NULL, NULL, NULL, NULL, NULL, NULL, NULL, NULL, NULL, NULL, NULL, NULL, NULL, NULL, 'P', 'A', NULL, NULL, 'P', NULL, NULL, NULL, NULL, NULL, NULL, NULL, NULL, NULL, NULL),
(22, 21, 1, 23, 15, 20, 0, 21, 'school', '01-2019', NULL, NULL, NULL, NULL, NULL, NULL, NULL, NULL, NULL, NULL, NULL, NULL, NULL, NULL, NULL, NULL, 'P', 'A', NULL, NULL, 'P', NULL, NULL, NULL, NULL, NULL, NULL, NULL, NULL, NULL, NULL),
(23, 21, 1, 24, 15, 20, 0, 21, 'school', '01-2019', NULL, NULL, NULL, NULL, NULL, NULL, NULL, NULL, NULL, NULL, NULL, NULL, NULL, NULL, NULL, NULL, 'P', 'A', NULL, NULL, 'P', NULL, NULL, NULL, NULL, NULL, NULL, NULL, NULL, NULL, NULL),
(24, 21, 1, 25, 15, 20, 0, 21, 'school', '01-2019', NULL, NULL, NULL, NULL, NULL, NULL, NULL, NULL, NULL, NULL, NULL, NULL, NULL, NULL, NULL, NULL, 'P', 'A', NULL, NULL, 'P', NULL, NULL, NULL, NULL, NULL, NULL, NULL, NULL, NULL, NULL),
(25, 21, 1, 26, 15, 20, 0, 21, 'school', '01-2019', NULL, NULL, NULL, NULL, NULL, NULL, NULL, NULL, NULL, NULL, NULL, NULL, NULL, NULL, NULL, NULL, 'P', 'A', NULL, NULL, 'P', NULL, NULL, NULL, NULL, NULL, NULL, NULL, NULL, NULL, NULL),
(26, 21, 1, 27, 15, 20, 0, 21, 'school', '01-2019', NULL, NULL, NULL, NULL, NULL, NULL, NULL, NULL, NULL, NULL, NULL, NULL, NULL, NULL, NULL, NULL, 'P', 'A', NULL, NULL, 'P', NULL, NULL, NULL, NULL, NULL, NULL, NULL, NULL, NULL, NULL),
(27, 21, 1, 28, 15, 20, 0, 21, 'school', '01-2019', NULL, NULL, NULL, NULL, NULL, NULL, NULL, NULL, NULL, NULL, NULL, NULL, NULL, NULL, NULL, NULL, 'P', 'A', NULL, NULL, 'P', NULL, NULL, NULL, NULL, NULL, NULL, NULL, NULL, NULL, NULL),
(28, 21, 1, 29, 15, 20, 0, 21, 'school', '01-2019', NULL, NULL, NULL, NULL, NULL, NULL, NULL, NULL, NULL, NULL, NULL, NULL, NULL, NULL, NULL, NULL, 'P', 'A', NULL, NULL, 'P', NULL, NULL, NULL, NULL, NULL, NULL, NULL, NULL, NULL, NULL),
(29, 21, 1, 30, 15, 20, 0, 21, 'school', '01-2019', NULL, NULL, NULL, NULL, NULL, NULL, NULL, NULL, NULL, NULL, NULL, NULL, NULL, NULL, NULL, NULL, 'P', 'A', NULL, NULL, 'P', NULL, NULL, NULL, NULL, NULL, NULL, NULL, NULL, NULL, NULL),
(30, 21, 1, 31, 15, 20, 0, 21, 'school', '01-2019', NULL, NULL, NULL, NULL, NULL, NULL, NULL, NULL, NULL, NULL, NULL, NULL, NULL, NULL, NULL, NULL, 'P', 'A', NULL, NULL, 'P', NULL, NULL, NULL, NULL, NULL, NULL, NULL, NULL, NULL, NULL),
(31, 21, 1, 32, 15, 20, 0, 21, 'school', '01-2019', NULL, NULL, NULL, NULL, NULL, NULL, NULL, NULL, NULL, NULL, NULL, NULL, NULL, NULL, NULL, NULL, 'P', 'A', NULL, NULL, 'P', NULL, NULL, NULL, NULL, NULL, NULL, NULL, NULL, NULL, NULL),
(32, 21, 1, 33, 15, 20, 0, 21, 'school', '01-2019', NULL, NULL, NULL, NULL, NULL, NULL, NULL, NULL, NULL, NULL, NULL, NULL, NULL, NULL, NULL, NULL, 'P', 'A', NULL, NULL, 'P', NULL, NULL, NULL, NULL, NULL, NULL, NULL, NULL, NULL, NULL),
(33, 21, 1, 34, 15, 20, 0, 21, 'school', '01-2019', NULL, NULL, NULL, NULL, NULL, NULL, NULL, NULL, NULL, NULL, NULL, NULL, NULL, NULL, NULL, NULL, 'P', 'A', NULL, NULL, 'P', NULL, NULL, NULL, NULL, NULL, NULL, NULL, NULL, NULL, NULL),
(34, 21, 1, 35, 15, 20, 0, 21, 'school', '01-2019', NULL, NULL, NULL, NULL, NULL, NULL, NULL, NULL, NULL, NULL, NULL, NULL, NULL, NULL, NULL, NULL, 'P', 'A', NULL, NULL, 'P', NULL, NULL, NULL, NULL, NULL, NULL, NULL, NULL, NULL, NULL),
(35, 21, 1, 36, 15, 20, 0, 21, 'school', '01-2019', NULL, NULL, NULL, NULL, NULL, NULL, NULL, NULL, NULL, NULL, NULL, NULL, NULL, NULL, NULL, NULL, 'P', 'A', NULL, NULL, 'P', NULL, NULL, NULL, NULL, NULL, NULL, NULL, NULL, NULL, NULL),
(36, 21, 1, 37, 15, 20, 0, 21, 'school', '01-2019', NULL, NULL, NULL, NULL, NULL, NULL, NULL, NULL, NULL, NULL, NULL, NULL, NULL, NULL, NULL, NULL, 'P', 'A', NULL, NULL, 'P', NULL, NULL, NULL, NULL, NULL, NULL, NULL, NULL, NULL, NULL),
(37, 21, 1, 38, 15, 20, 0, 21, 'school', '01-2019', NULL, NULL, NULL, NULL, NULL, NULL, NULL, NULL, NULL, NULL, NULL, NULL, NULL, NULL, NULL, NULL, 'P', 'A', NULL, NULL, 'P', NULL, NULL, NULL, NULL, NULL, NULL, NULL, NULL, NULL, NULL),
(38, 21, 1, 39, 15, 20, 0, 21, 'school', '01-2019', NULL, NULL, NULL, NULL, NULL, NULL, NULL, NULL, NULL, NULL, NULL, NULL, NULL, NULL, NULL, NULL, 'P', 'A', NULL, NULL, 'P', NULL, NULL, NULL, NULL, NULL, NULL, NULL, NULL, NULL, NULL),
(39, 21, 1, 40, 15, 20, 0, 21, 'school', '01-2019', NULL, NULL, NULL, NULL, NULL, NULL, NULL, NULL, NULL, NULL, NULL, NULL, NULL, NULL, NULL, NULL, 'P', 'A', NULL, NULL, 'P', NULL, NULL, NULL, NULL, NULL, NULL, NULL, NULL, NULL, NULL),
(40, 21, 1, 41, 15, 20, 0, 21, 'school', '01-2019', NULL, NULL, NULL, NULL, NULL, NULL, NULL, NULL, NULL, NULL, NULL, NULL, NULL, NULL, NULL, NULL, 'P', 'A', NULL, NULL, 'P', NULL, NULL, NULL, NULL, NULL, NULL, NULL, NULL, NULL, NULL),
(41, 21, 1, 42, 15, 20, 0, 21, 'school', '01-2019', NULL, NULL, NULL, NULL, NULL, NULL, NULL, NULL, NULL, NULL, NULL, NULL, NULL, NULL, NULL, NULL, 'P', 'A', NULL, NULL, 'P', NULL, NULL, NULL, NULL, NULL, NULL, NULL, NULL, NULL, NULL),
(42, 21, 1, 43, 15, 20, 0, 21, 'school', '01-2019', NULL, NULL, NULL, NULL, NULL, NULL, NULL, NULL, NULL, NULL, NULL, NULL, NULL, NULL, NULL, NULL, 'P', 'A', NULL, NULL, 'P', NULL, NULL, NULL, NULL, NULL, NULL, NULL, NULL, NULL, NULL),
(43, 21, 1, 44, 15, 20, 0, 21, 'school', '01-2019', NULL, NULL, NULL, NULL, NULL, NULL, NULL, NULL, NULL, NULL, NULL, NULL, NULL, NULL, NULL, NULL, 'P', 'A', NULL, NULL, 'P', NULL, NULL, NULL, NULL, NULL, NULL, NULL, NULL, NULL, NULL),
(44, 21, 1, 45, 15, 20, 0, 21, 'school', '01-2019', NULL, NULL, NULL, NULL, NULL, NULL, NULL, NULL, NULL, NULL, NULL, NULL, NULL, NULL, NULL, NULL, 'P', 'A', NULL, NULL, 'P', NULL, NULL, NULL, NULL, NULL, NULL, NULL, NULL, NULL, NULL),
(45, 21, 1, 46, 15, 20, 0, 21, 'school', '01-2019', NULL, NULL, NULL, NULL, NULL, NULL, NULL, NULL, NULL, NULL, NULL, NULL, NULL, NULL, NULL, NULL, 'P', 'A', NULL, NULL, 'P', NULL, NULL, NULL, NULL, NULL, NULL, NULL, NULL, NULL, NULL),
(46, 21, 1, 47, 15, 20, 0, 21, 'school', '01-2019', NULL, NULL, NULL, NULL, NULL, NULL, NULL, NULL, NULL, NULL, NULL, NULL, NULL, NULL, NULL, NULL, 'P', 'A', NULL, NULL, 'P', NULL, NULL, NULL, NULL, NULL, NULL, NULL, NULL, NULL, NULL),
(47, 21, 1, 48, 15, 20, 0, 21, 'school', '01-2019', NULL, NULL, NULL, NULL, NULL, NULL, NULL, NULL, NULL, NULL, NULL, NULL, NULL, NULL, NULL, NULL, 'P', 'A', NULL, NULL, 'P', NULL, NULL, NULL, NULL, NULL, NULL, NULL, NULL, NULL, NULL),
(48, 21, 1, 49, 15, 20, 0, 21, 'school', '01-2019', NULL, NULL, NULL, NULL, NULL, NULL, NULL, NULL, NULL, NULL, NULL, NULL, NULL, NULL, NULL, NULL, 'P', 'A', NULL, NULL, 'P', NULL, NULL, NULL, NULL, NULL, NULL, NULL, NULL, NULL, NULL),
(49, 21, 1, 50, 15, 20, 0, 21, 'school', '01-2019', NULL, NULL, NULL, NULL, NULL, NULL, NULL, NULL, NULL, NULL, NULL, NULL, NULL, NULL, NULL, NULL, 'P', 'A', NULL, NULL, 'P', NULL, NULL, NULL, NULL, NULL, NULL, NULL, NULL, NULL, NULL),
(50, 21, 1, 51, 15, 20, 0, 21, 'school', '01-2019', NULL, NULL, NULL, NULL, NULL, NULL, NULL, NULL, NULL, NULL, NULL, NULL, NULL, NULL, NULL, NULL, 'P', 'A', NULL, NULL, 'P', NULL, NULL, NULL, NULL, NULL, NULL, NULL, NULL, NULL, NULL),
(51, 21, 1, 52, 15, 20, 0, 21, 'school', '01-2019', NULL, NULL, NULL, NULL, NULL, NULL, NULL, NULL, NULL, NULL, NULL, NULL, NULL, NULL, NULL, NULL, 'P', 'A', NULL, NULL, 'P', NULL, NULL, NULL, NULL, NULL, NULL, NULL, NULL, NULL, NULL),
(52, 21, 1, 53, 15, 20, 0, 21, 'school', '01-2019', NULL, NULL, NULL, NULL, NULL, NULL, NULL, NULL, NULL, NULL, NULL, NULL, NULL, NULL, NULL, NULL, 'P', 'A', NULL, NULL, 'P', NULL, NULL, NULL, NULL, NULL, NULL, NULL, NULL, NULL, NULL),
(53, 21, 1, 54, 15, 20, 0, 21, 'school', '01-2019', NULL, NULL, NULL, NULL, NULL, NULL, NULL, NULL, NULL, NULL, NULL, NULL, NULL, NULL, NULL, NULL, 'P', 'A', NULL, NULL, 'P', NULL, NULL, NULL, NULL, NULL, NULL, NULL, NULL, NULL, NULL),
(54, 21, 1, 55, 15, 20, 0, 21, 'school', '01-2019', NULL, NULL, NULL, NULL, NULL, NULL, NULL, NULL, NULL, NULL, NULL, NULL, NULL, NULL, NULL, NULL, 'P', 'A', NULL, NULL, 'P', NULL, NULL, NULL, NULL, NULL, NULL, NULL, NULL, NULL, NULL),
(55, 21, 1, 56, 15, 20, 0, 21, 'school', '01-2019', NULL, NULL, NULL, NULL, NULL, NULL, NULL, NULL, NULL, NULL, NULL, NULL, NULL, NULL, NULL, NULL, 'P', 'A', NULL, NULL, 'P', NULL, NULL, NULL, NULL, NULL, NULL, NULL, NULL, NULL, NULL),
(56, 21, 1, 57, 15, 20, 0, 21, 'school', '01-2019', NULL, NULL, NULL, NULL, NULL, NULL, NULL, NULL, NULL, NULL, NULL, NULL, NULL, NULL, NULL, NULL, 'P', 'A', NULL, NULL, 'P', NULL, NULL, NULL, NULL, NULL, NULL, NULL, NULL, NULL, NULL),
(57, 21, 1, 58, 15, 20, 0, 21, 'school', '01-2019', NULL, NULL, NULL, NULL, NULL, NULL, NULL, NULL, NULL, NULL, NULL, NULL, NULL, NULL, NULL, NULL, 'P', 'A', NULL, NULL, 'P', NULL, NULL, NULL, NULL, NULL, NULL, NULL, NULL, NULL, NULL),
(58, 21, 1, 59, 15, 20, 0, 21, 'school', '01-2019', NULL, NULL, NULL, NULL, NULL, NULL, NULL, NULL, NULL, NULL, NULL, NULL, NULL, NULL, NULL, NULL, 'P', 'A', NULL, NULL, 'P', NULL, NULL, NULL, NULL, NULL, NULL, NULL, NULL, NULL, NULL),
(59, 21, 1, 60, 15, 20, 0, 21, 'school', '01-2019', NULL, NULL, NULL, NULL, NULL, NULL, NULL, NULL, NULL, NULL, NULL, NULL, NULL, NULL, NULL, NULL, 'P', 'A', NULL, NULL, 'P', NULL, NULL, NULL, NULL, NULL, NULL, NULL, NULL, NULL, NULL),
(60, 21, 1, 61, 15, 20, 0, 21, 'school', '01-2019', NULL, NULL, NULL, NULL, NULL, NULL, NULL, NULL, NULL, NULL, NULL, NULL, NULL, NULL, NULL, NULL, 'P', 'A', NULL, NULL, 'P', NULL, NULL, NULL, NULL, NULL, NULL, NULL, NULL, NULL, NULL),
(61, 21, 1, 62, 15, 20, 0, 21, 'school', '01-2019', NULL, NULL, NULL, NULL, NULL, NULL, NULL, NULL, NULL, NULL, NULL, NULL, NULL, NULL, NULL, NULL, 'P', 'A', NULL, NULL, 'P', NULL, NULL, NULL, NULL, NULL, NULL, NULL, NULL, NULL, NULL),
(62, 21, 1, 63, 15, 20, 0, 21, 'school', '01-2019', NULL, NULL, NULL, NULL, NULL, NULL, NULL, NULL, NULL, NULL, NULL, NULL, NULL, NULL, NULL, NULL, 'P', 'A', NULL, NULL, 'P', NULL, NULL, NULL, NULL, NULL, NULL, NULL, NULL, NULL, NULL),
(63, 21, 1, 64, 15, 20, 0, 21, 'school', '01-2019', NULL, NULL, NULL, NULL, NULL, NULL, NULL, NULL, NULL, NULL, NULL, NULL, NULL, NULL, NULL, NULL, 'P', 'A', NULL, NULL, 'P', NULL, NULL, NULL, NULL, NULL, NULL, NULL, NULL, NULL, NULL),
(64, 21, 1, 65, 15, 20, 0, 21, 'school', '01-2019', NULL, NULL, NULL, NULL, NULL, NULL, NULL, NULL, NULL, NULL, NULL, NULL, NULL, NULL, NULL, NULL, 'P', 'A', NULL, NULL, 'P', NULL, NULL, NULL, NULL, NULL, NULL, NULL, NULL, NULL, NULL),
(65, 21, 1, 116, 15, 22, 0, 14, 'teacher', '01-2019', NULL, NULL, NULL, NULL, NULL, NULL, NULL, NULL, NULL, NULL, NULL, NULL, NULL, NULL, NULL, NULL, NULL, NULL, 'P', NULL, NULL, NULL, NULL, NULL, NULL, NULL, NULL, NULL, NULL, NULL, NULL),
(66, 21, 1, 117, 15, 22, 0, 14, 'teacher', '01-2019', NULL, NULL, NULL, NULL, NULL, NULL, NULL, NULL, NULL, NULL, NULL, NULL, NULL, NULL, NULL, NULL, NULL, NULL, 'A', NULL, NULL, NULL, NULL, NULL, NULL, NULL, NULL, NULL, NULL, NULL, NULL),
(67, 21, 1, 118, 15, 22, 0, 14, 'teacher', '01-2019', NULL, NULL, NULL, NULL, NULL, NULL, NULL, NULL, NULL, NULL, NULL, NULL, NULL, NULL, NULL, NULL, NULL, NULL, 'P', NULL, NULL, NULL, NULL, NULL, NULL, NULL, NULL, NULL, NULL, NULL, NULL),
(68, 21, 1, 119, 15, 22, 0, 14, 'teacher', '01-2019', NULL, NULL, NULL, NULL, NULL, NULL, NULL, NULL, NULL, NULL, NULL, NULL, NULL, NULL, NULL, NULL, NULL, NULL, 'P', NULL, NULL, NULL, NULL, NULL, NULL, NULL, NULL, NULL, NULL, NULL, NULL),
(69, 21, 1, 120, 15, 22, 0, 14, 'teacher', '01-2019', NULL, NULL, NULL, NULL, NULL, NULL, NULL, NULL, NULL, NULL, NULL, NULL, NULL, NULL, NULL, NULL, NULL, NULL, 'P', NULL, NULL, NULL, NULL, NULL, NULL, NULL, NULL, NULL, NULL, NULL, NULL),
(70, 21, 1, 121, 15, 22, 0, 14, 'teacher', '01-2019', NULL, NULL, NULL, NULL, NULL, NULL, NULL, NULL, NULL, NULL, NULL, NULL, NULL, NULL, NULL, NULL, NULL, NULL, 'P', NULL, NULL, NULL, NULL, NULL, NULL, NULL, NULL, NULL, NULL, NULL, NULL),
(71, 21, 1, 122, 15, 22, 0, 14, 'teacher', '01-2019', NULL, NULL, NULL, NULL, NULL, NULL, NULL, NULL, NULL, NULL, NULL, NULL, NULL, NULL, NULL, NULL, NULL, NULL, 'P', NULL, NULL, NULL, NULL, NULL, NULL, NULL, NULL, NULL, NULL, NULL, NULL),
(72, 21, 1, 123, 15, 22, 0, 14, 'teacher', '01-2019', NULL, NULL, NULL, NULL, NULL, NULL, NULL, NULL, NULL, NULL, NULL, NULL, NULL, NULL, NULL, NULL, NULL, NULL, 'P', NULL, NULL, NULL, NULL, NULL, NULL, NULL, NULL, NULL, NULL, NULL, NULL),
(73, 21, 1, 124, 15, 22, 0, 14, 'teacher', '01-2019', NULL, NULL, NULL, NULL, NULL, NULL, NULL, NULL, NULL, NULL, NULL, NULL, NULL, NULL, NULL, NULL, NULL, NULL, 'P', NULL, NULL, NULL, NULL, NULL, NULL, NULL, NULL, NULL, NULL, NULL, NULL),
(74, 21, 1, 125, 15, 22, 0, 14, 'teacher', '01-2019', NULL, NULL, NULL, NULL, NULL, NULL, NULL, NULL, NULL, NULL, NULL, NULL, NULL, NULL, NULL, NULL, NULL, NULL, 'P', NULL, NULL, NULL, NULL, NULL, NULL, NULL, NULL, NULL, NULL, NULL, NULL),
(75, 21, 1, 126, 15, 22, 0, 14, 'teacher', '01-2019', NULL, NULL, NULL, NULL, NULL, NULL, NULL, NULL, NULL, NULL, NULL, NULL, NULL, NULL, NULL, NULL, NULL, NULL, 'P', NULL, NULL, NULL, NULL, NULL, NULL, NULL, NULL, NULL, NULL, NULL, NULL),
(76, 21, 1, 127, 15, 22, 0, 14, 'teacher', '01-2019', NULL, NULL, NULL, NULL, NULL, NULL, NULL, NULL, NULL, NULL, NULL, NULL, NULL, NULL, NULL, NULL, NULL, NULL, 'P', NULL, NULL, NULL, NULL, NULL, NULL, NULL, NULL, NULL, NULL, NULL, NULL),
(77, 21, 1, 128, 15, 22, 0, 14, 'teacher', '01-2019', NULL, NULL, NULL, NULL, NULL, NULL, NULL, NULL, NULL, NULL, NULL, NULL, NULL, NULL, NULL, NULL, NULL, NULL, 'P', NULL, NULL, NULL, NULL, NULL, NULL, NULL, NULL, NULL, NULL, NULL, NULL),
(78, 21, 1, 129, 15, 22, 0, 14, 'teacher', '01-2019', NULL, NULL, NULL, NULL, NULL, NULL, NULL, NULL, NULL, NULL, NULL, NULL, NULL, NULL, NULL, NULL, NULL, NULL, 'P', NULL, NULL, NULL, NULL, NULL, NULL, NULL, NULL, NULL, NULL, NULL, NULL),
(79, 21, 1, 130, 15, 22, 0, 14, 'teacher', '01-2019', NULL, NULL, NULL, NULL, NULL, NULL, NULL, NULL, NULL, NULL, NULL, NULL, NULL, NULL, NULL, NULL, NULL, NULL, 'P', NULL, NULL, NULL, NULL, NULL, NULL, NULL, NULL, NULL, NULL, NULL, NULL),
(80, 21, 1, 131, 15, 22, 0, 14, 'teacher', '01-2019', NULL, NULL, NULL, NULL, NULL, NULL, NULL, NULL, NULL, NULL, NULL, NULL, NULL, NULL, NULL, NULL, NULL, NULL, 'P', NULL, NULL, NULL, NULL, NULL, NULL, NULL, NULL, NULL, NULL, NULL, NULL),
(81, 21, 1, 132, 15, 22, 0, 14, 'teacher', '01-2019', NULL, NULL, NULL, NULL, NULL, NULL, NULL, NULL, NULL, NULL, NULL, NULL, NULL, NULL, NULL, NULL, NULL, NULL, 'P', NULL, NULL, NULL, NULL, NULL, NULL, NULL, NULL, NULL, NULL, NULL, NULL),
(82, 21, 1, 133, 15, 22, 0, 14, 'teacher', '01-2019', NULL, NULL, NULL, NULL, NULL, NULL, NULL, NULL, NULL, NULL, NULL, NULL, NULL, NULL, NULL, NULL, NULL, NULL, 'P', NULL, NULL, NULL, NULL, NULL, NULL, NULL, NULL, NULL, NULL, NULL, NULL),
(83, 21, 1, 134, 15, 22, 0, 14, 'teacher', '01-2019', NULL, NULL, NULL, NULL, NULL, NULL, NULL, NULL, NULL, NULL, NULL, NULL, NULL, NULL, NULL, NULL, NULL, NULL, 'P', NULL, NULL, NULL, NULL, NULL, NULL, NULL, NULL, NULL, NULL, NULL, NULL),
(84, 21, 1, 135, 15, 22, 0, 14, 'teacher', '01-2019', NULL, NULL, NULL, NULL, NULL, NULL, NULL, NULL, NULL, NULL, NULL, NULL, NULL, NULL, NULL, NULL, NULL, NULL, 'P', NULL, NULL, NULL, NULL, NULL, NULL, NULL, NULL, NULL, NULL, NULL, NULL),
(85, 21, 1, 136, 15, 22, 0, 14, 'teacher', '01-2019', NULL, NULL, NULL, NULL, NULL, NULL, NULL, NULL, NULL, NULL, NULL, NULL, NULL, NULL, NULL, NULL, NULL, NULL, 'P', NULL, NULL, NULL, NULL, NULL, NULL, NULL, NULL, NULL, NULL, NULL, NULL),
(86, 21, 1, 137, 15, 22, 0, 14, 'teacher', '01-2019', NULL, NULL, NULL, NULL, NULL, NULL, NULL, NULL, NULL, NULL, NULL, NULL, NULL, NULL, NULL, NULL, NULL, NULL, 'P', NULL, NULL, NULL, NULL, NULL, NULL, NULL, NULL, NULL, NULL, NULL, NULL),
(87, 21, 1, 138, 15, 22, 0, 14, 'teacher', '01-2019', NULL, NULL, NULL, NULL, NULL, NULL, NULL, NULL, NULL, NULL, NULL, NULL, NULL, NULL, NULL, NULL, NULL, NULL, 'P', NULL, NULL, NULL, NULL, NULL, NULL, NULL, NULL, NULL, NULL, NULL, NULL),
(88, 21, 1, 139, 15, 22, 0, 14, 'teacher', '01-2019', NULL, NULL, NULL, NULL, NULL, NULL, NULL, NULL, NULL, NULL, NULL, NULL, NULL, NULL, NULL, NULL, NULL, NULL, 'P', NULL, NULL, NULL, NULL, NULL, NULL, NULL, NULL, NULL, NULL, NULL, NULL),
(89, 21, 1, 140, 15, 22, 0, 14, 'teacher', '01-2019', NULL, NULL, NULL, NULL, NULL, NULL, NULL, NULL, NULL, NULL, NULL, NULL, NULL, NULL, NULL, NULL, NULL, NULL, 'P', NULL, NULL, NULL, NULL, NULL, NULL, NULL, NULL, NULL, NULL, NULL, NULL),
(90, 21, 1, 141, 15, 22, 0, 14, 'teacher', '01-2019', NULL, NULL, NULL, NULL, NULL, NULL, NULL, NULL, NULL, NULL, NULL, NULL, NULL, NULL, NULL, NULL, NULL, NULL, 'P', NULL, NULL, NULL, NULL, NULL, NULL, NULL, NULL, NULL, NULL, NULL, NULL),
(91, 21, 1, 142, 15, 22, 0, 14, 'teacher', '01-2019', NULL, NULL, NULL, NULL, NULL, NULL, NULL, NULL, NULL, NULL, NULL, NULL, NULL, NULL, NULL, NULL, NULL, NULL, 'P', NULL, NULL, NULL, NULL, NULL, NULL, NULL, NULL, NULL, NULL, NULL, NULL),
(92, 21, 1, 143, 15, 22, 0, 14, 'teacher', '01-2019', NULL, NULL, NULL, NULL, NULL, NULL, NULL, NULL, NULL, NULL, NULL, NULL, NULL, NULL, NULL, NULL, NULL, NULL, 'P', NULL, NULL, NULL, NULL, NULL, NULL, NULL, NULL, NULL, NULL, NULL, NULL),
(93, 21, 1, 144, 15, 22, 0, 14, 'teacher', '01-2019', NULL, NULL, NULL, NULL, NULL, NULL, NULL, NULL, NULL, NULL, NULL, NULL, NULL, NULL, NULL, NULL, NULL, NULL, 'P', NULL, NULL, NULL, NULL, NULL, NULL, NULL, NULL, NULL, NULL, NULL, NULL),
(94, 21, 1, 145, 15, 22, 0, 14, 'teacher', '01-2019', NULL, NULL, NULL, NULL, NULL, NULL, NULL, NULL, NULL, NULL, NULL, NULL, NULL, NULL, NULL, NULL, NULL, NULL, 'P', NULL, NULL, NULL, NULL, NULL, NULL, NULL, NULL, NULL, NULL, NULL, NULL),
(95, 21, 1, 146, 15, 22, 0, 14, 'teacher', '01-2019', NULL, NULL, NULL, NULL, NULL, NULL, NULL, NULL, NULL, NULL, NULL, NULL, NULL, NULL, NULL, NULL, NULL, NULL, 'P', NULL, NULL, NULL, NULL, NULL, NULL, NULL, NULL, NULL, NULL, NULL, NULL),
(96, 21, 1, 147, 15, 22, 0, 14, 'teacher', '01-2019', NULL, NULL, NULL, NULL, NULL, NULL, NULL, NULL, NULL, NULL, NULL, NULL, NULL, NULL, NULL, NULL, NULL, NULL, 'P', NULL, NULL, NULL, NULL, NULL, NULL, NULL, NULL, NULL, NULL, NULL, NULL),
(97, 21, 1, 148, 15, 22, 0, 14, 'teacher', '01-2019', NULL, NULL, NULL, NULL, NULL, NULL, NULL, NULL, NULL, NULL, NULL, NULL, NULL, NULL, NULL, NULL, NULL, NULL, 'P', NULL, NULL, NULL, NULL, NULL, NULL, NULL, NULL, NULL, NULL, NULL, NULL),
(98, 21, 1, 149, 15, 22, 0, 14, 'teacher', '01-2019', NULL, NULL, NULL, NULL, NULL, NULL, NULL, NULL, NULL, NULL, NULL, NULL, NULL, NULL, NULL, NULL, NULL, NULL, 'P', NULL, NULL, NULL, NULL, NULL, NULL, NULL, NULL, NULL, NULL, NULL, NULL),
(99, 21, 1, 150, 15, 22, 0, 14, 'teacher', '01-2019', NULL, NULL, NULL, NULL, NULL, NULL, NULL, NULL, NULL, NULL, NULL, NULL, NULL, NULL, NULL, NULL, NULL, NULL, 'P', NULL, NULL, NULL, NULL, NULL, NULL, NULL, NULL, NULL, NULL, NULL, NULL),
(100, 21, 1, 151, 15, 22, 0, 14, 'teacher', '01-2019', NULL, NULL, NULL, NULL, NULL, NULL, NULL, NULL, NULL, NULL, NULL, NULL, NULL, NULL, NULL, NULL, NULL, NULL, 'P', NULL, NULL, NULL, NULL, NULL, NULL, NULL, NULL, NULL, NULL, NULL, NULL),
(101, 21, 1, 152, 15, 22, 0, 14, 'teacher', '01-2019', NULL, NULL, NULL, NULL, NULL, NULL, NULL, NULL, NULL, NULL, NULL, NULL, NULL, NULL, NULL, NULL, NULL, NULL, 'P', NULL, NULL, NULL, NULL, NULL, NULL, NULL, NULL, NULL, NULL, NULL, NULL),
(102, 21, 1, 153, 15, 22, 0, 14, 'teacher', '01-2019', NULL, NULL, NULL, NULL, NULL, NULL, NULL, NULL, NULL, NULL, NULL, NULL, NULL, NULL, NULL, NULL, NULL, NULL, 'P', NULL, NULL, NULL, NULL, NULL, NULL, NULL, NULL, NULL, NULL, NULL, NULL),
(103, 21, 1, 154, 15, 22, 0, 14, 'teacher', '01-2019', NULL, NULL, NULL, NULL, NULL, NULL, NULL, NULL, NULL, NULL, NULL, NULL, NULL, NULL, NULL, NULL, NULL, NULL, 'P', NULL, NULL, NULL, NULL, NULL, NULL, NULL, NULL, NULL, NULL, NULL, NULL),
(104, 21, 1, 155, 15, 22, 0, 14, 'teacher', '01-2019', NULL, NULL, NULL, NULL, NULL, NULL, NULL, NULL, NULL, NULL, NULL, NULL, NULL, NULL, NULL, NULL, NULL, NULL, 'P', NULL, NULL, NULL, NULL, NULL, NULL, NULL, NULL, NULL, NULL, NULL, NULL),
(105, 21, 1, 156, 15, 22, 0, 14, 'teacher', '01-2019', NULL, NULL, NULL, NULL, NULL, NULL, NULL, NULL, NULL, NULL, NULL, NULL, NULL, NULL, NULL, NULL, NULL, NULL, 'P', NULL, NULL, NULL, NULL, NULL, NULL, NULL, NULL, NULL, NULL, NULL, NULL),
(106, 21, 1, 157, 15, 22, 0, 14, 'teacher', '01-2019', NULL, NULL, NULL, NULL, NULL, NULL, NULL, NULL, NULL, NULL, NULL, NULL, NULL, NULL, NULL, NULL, NULL, NULL, 'P', NULL, NULL, NULL, NULL, NULL, NULL, NULL, NULL, NULL, NULL, NULL, NULL),
(107, 21, 1, 158, 15, 22, 0, 14, 'teacher', '01-2019', NULL, NULL, NULL, NULL, NULL, NULL, NULL, NULL, NULL, NULL, NULL, NULL, NULL, NULL, NULL, NULL, NULL, NULL, 'P', NULL, NULL, NULL, NULL, NULL, NULL, NULL, NULL, NULL, NULL, NULL, NULL),
(108, 21, 1, 159, 15, 22, 0, 14, 'teacher', '01-2019', NULL, NULL, NULL, NULL, NULL, NULL, NULL, NULL, NULL, NULL, NULL, NULL, NULL, NULL, NULL, NULL, NULL, NULL, 'P', NULL, NULL, NULL, NULL, NULL, NULL, NULL, NULL, NULL, NULL, NULL, NULL),
(109, 21, 1, 160, 15, 22, 0, 14, 'teacher', '01-2019', NULL, NULL, NULL, NULL, NULL, NULL, NULL, NULL, NULL, NULL, NULL, NULL, NULL, NULL, NULL, NULL, NULL, NULL, 'P', NULL, NULL, NULL, NULL, NULL, NULL, NULL, NULL, NULL, NULL, NULL, NULL),
(110, 21, 1, 161, 15, 22, 0, 14, 'teacher', '01-2019', NULL, NULL, NULL, NULL, NULL, NULL, NULL, NULL, NULL, NULL, NULL, NULL, NULL, NULL, NULL, NULL, NULL, NULL, 'P', NULL, NULL, NULL, NULL, NULL, NULL, NULL, NULL, NULL, NULL, NULL, NULL),
(111, 21, 1, 162, 15, 22, 0, 14, 'teacher', '01-2019', NULL, NULL, NULL, NULL, NULL, NULL, NULL, NULL, NULL, NULL, NULL, NULL, NULL, NULL, NULL, NULL, NULL, NULL, 'P', NULL, NULL, NULL, NULL, NULL, NULL, NULL, NULL, NULL, NULL, NULL, NULL),
(112, 21, 1, 163, 15, 22, 0, 14, 'teacher', '01-2019', NULL, NULL, NULL, NULL, NULL, NULL, NULL, NULL, NULL, NULL, NULL, NULL, NULL, NULL, NULL, NULL, NULL, NULL, 'P', NULL, NULL, NULL, NULL, NULL, NULL, NULL, NULL, NULL, NULL, NULL, NULL),
(113, 21, 1, 164, 15, 22, 0, 14, 'teacher', '01-2019', NULL, NULL, NULL, NULL, NULL, NULL, NULL, NULL, NULL, NULL, NULL, NULL, NULL, NULL, NULL, NULL, NULL, NULL, 'P', NULL, NULL, NULL, NULL, NULL, NULL, NULL, NULL, NULL, NULL, NULL, NULL),
(114, 21, 1, 165, 15, 22, 0, 14, 'teacher', '01-2019', NULL, NULL, NULL, NULL, NULL, NULL, NULL, NULL, NULL, NULL, NULL, NULL, NULL, NULL, NULL, NULL, NULL, NULL, 'P', NULL, NULL, NULL, NULL, NULL, NULL, NULL, NULL, NULL, NULL, NULL, NULL),
(115, 2, 1, 2, 6, 12, 0, 2, 'school', '01-2019', NULL, NULL, NULL, NULL, NULL, NULL, NULL, NULL, NULL, NULL, NULL, NULL, NULL, NULL, NULL, NULL, NULL, NULL, 'P', NULL, 'P', 'P', NULL, NULL, NULL, NULL, NULL, NULL, 'P', NULL, NULL),
(116, 2, 1, 5, 6, 12, 0, 2, 'school', '01-2019', NULL, NULL, NULL, NULL, NULL, NULL, NULL, NULL, NULL, NULL, NULL, NULL, NULL, NULL, NULL, NULL, NULL, NULL, 'P', NULL, NULL, NULL, NULL, NULL, NULL, NULL, NULL, NULL, 'P', NULL, 'P'),
(117, 2, 1, 10, 6, 12, 0, 2, 'school', '01-2019', NULL, NULL, NULL, NULL, NULL, NULL, NULL, NULL, NULL, NULL, NULL, NULL, NULL, NULL, NULL, NULL, NULL, NULL, 'P', NULL, NULL, NULL, NULL, NULL, NULL, NULL, NULL, NULL, NULL, NULL, 'P'),
(118, 2, 1, 11, 6, 12, 0, 2, 'school', '01-2019', NULL, NULL, NULL, NULL, NULL, NULL, NULL, NULL, NULL, NULL, NULL, NULL, NULL, NULL, NULL, NULL, NULL, NULL, 'P', NULL, NULL, NULL, NULL, NULL, NULL, NULL, NULL, NULL, 'P', NULL, NULL),
(119, 2, 1, 13, 6, 12, 0, 2, 'school', '01-2019', NULL, NULL, NULL, NULL, NULL, NULL, NULL, NULL, NULL, NULL, NULL, NULL, NULL, NULL, NULL, NULL, NULL, NULL, 'P', NULL, NULL, NULL, NULL, NULL, NULL, NULL, NULL, NULL, 'P', NULL, NULL),
(120, 2, 1, 14, 6, 12, 0, 2, 'school', '01-2019', NULL, NULL, NULL, NULL, NULL, NULL, NULL, NULL, NULL, NULL, NULL, NULL, NULL, NULL, NULL, NULL, NULL, NULL, 'P', NULL, NULL, NULL, NULL, NULL, NULL, NULL, NULL, NULL, NULL, NULL, NULL),
(121, 2, 1, 216, 6, 12, 0, 2, 'school', '01-2019', NULL, NULL, NULL, NULL, NULL, NULL, NULL, NULL, NULL, NULL, NULL, NULL, NULL, NULL, NULL, NULL, NULL, NULL, 'P', NULL, NULL, NULL, NULL, NULL, NULL, NULL, NULL, NULL, NULL, NULL, NULL),
(122, 2, 1, 217, 6, 12, 0, 2, 'school', '01-2019', NULL, NULL, NULL, NULL, NULL, NULL, NULL, NULL, NULL, NULL, NULL, NULL, NULL, NULL, NULL, NULL, NULL, NULL, 'P', NULL, NULL, NULL, NULL, NULL, NULL, NULL, NULL, NULL, NULL, NULL, NULL),
(123, 2, 1, 226, 6, 12, 0, 2, 'school', '01-2019', NULL, NULL, NULL, NULL, NULL, NULL, NULL, NULL, NULL, NULL, NULL, NULL, NULL, NULL, NULL, NULL, NULL, NULL, 'P', NULL, NULL, NULL, NULL, NULL, NULL, NULL, NULL, NULL, NULL, NULL, NULL),
(124, 21, 1, 66, 15, 21, 0, 14, 'teacher', '01-2019', NULL, NULL, NULL, NULL, NULL, NULL, NULL, NULL, NULL, NULL, NULL, NULL, NULL, NULL, NULL, NULL, NULL, NULL, NULL, NULL, NULL, NULL, 'A', NULL, NULL, NULL, NULL, NULL, NULL, NULL, NULL),
(125, 21, 1, 67, 15, 21, 0, 14, 'teacher', '01-2019', NULL, NULL, NULL, NULL, NULL, NULL, NULL, NULL, NULL, NULL, NULL, NULL, NULL, NULL, NULL, NULL, NULL, NULL, NULL, NULL, NULL, NULL, 'P', NULL, NULL, NULL, NULL, NULL, NULL, NULL, NULL),
(126, 21, 1, 68, 15, 21, 0, 14, 'teacher', '01-2019', NULL, NULL, NULL, NULL, NULL, NULL, NULL, NULL, NULL, NULL, NULL, NULL, NULL, NULL, NULL, NULL, NULL, NULL, NULL, NULL, NULL, NULL, 'P', NULL, NULL, NULL, NULL, NULL, NULL, NULL, NULL),
(127, 21, 1, 69, 15, 21, 0, 14, 'teacher', '01-2019', NULL, NULL, NULL, NULL, NULL, NULL, NULL, NULL, NULL, NULL, NULL, NULL, NULL, NULL, NULL, NULL, NULL, NULL, NULL, NULL, NULL, NULL, 'A', NULL, NULL, NULL, NULL, NULL, NULL, NULL, NULL),
(128, 21, 1, 70, 15, 21, 0, 14, 'teacher', '01-2019', NULL, NULL, NULL, NULL, NULL, NULL, NULL, NULL, NULL, NULL, NULL, NULL, NULL, NULL, NULL, NULL, NULL, NULL, NULL, NULL, NULL, NULL, 'A', NULL, NULL, NULL, NULL, NULL, NULL, NULL, NULL),
(129, 21, 1, 71, 15, 21, 0, 14, 'teacher', '01-2019', NULL, NULL, NULL, NULL, NULL, NULL, NULL, NULL, NULL, NULL, NULL, NULL, NULL, NULL, NULL, NULL, NULL, NULL, NULL, NULL, NULL, NULL, 'A', NULL, NULL, NULL, NULL, NULL, NULL, NULL, NULL),
(130, 21, 1, 72, 15, 21, 0, 14, 'teacher', '01-2019', NULL, NULL, NULL, NULL, NULL, NULL, NULL, NULL, NULL, NULL, NULL, NULL, NULL, NULL, NULL, NULL, NULL, NULL, NULL, NULL, NULL, NULL, 'A', NULL, NULL, NULL, NULL, NULL, NULL, NULL, NULL),
(131, 21, 1, 73, 15, 21, 0, 14, 'teacher', '01-2019', NULL, NULL, NULL, NULL, NULL, NULL, NULL, NULL, NULL, NULL, NULL, NULL, NULL, NULL, NULL, NULL, NULL, NULL, NULL, NULL, NULL, NULL, 'A', NULL, NULL, NULL, NULL, NULL, NULL, NULL, NULL),
(132, 21, 1, 74, 15, 21, 0, 14, 'teacher', '01-2019', NULL, NULL, NULL, NULL, NULL, NULL, NULL, NULL, NULL, NULL, NULL, NULL, NULL, NULL, NULL, NULL, NULL, NULL, NULL, NULL, NULL, NULL, 'A', NULL, NULL, NULL, NULL, NULL, NULL, NULL, NULL),
(133, 21, 1, 75, 15, 21, 0, 14, 'teacher', '01-2019', NULL, NULL, NULL, NULL, NULL, NULL, NULL, NULL, NULL, NULL, NULL, NULL, NULL, NULL, NULL, NULL, NULL, NULL, NULL, NULL, NULL, NULL, 'A', NULL, NULL, NULL, NULL, NULL, NULL, NULL, NULL),
(134, 21, 1, 76, 15, 21, 0, 14, 'teacher', '01-2019', NULL, NULL, NULL, NULL, NULL, NULL, NULL, NULL, NULL, NULL, NULL, NULL, NULL, NULL, NULL, NULL, NULL, NULL, NULL, NULL, NULL, NULL, 'A', NULL, NULL, NULL, NULL, NULL, NULL, NULL, NULL),
(135, 21, 1, 77, 15, 21, 0, 14, 'teacher', '01-2019', NULL, NULL, NULL, NULL, NULL, NULL, NULL, NULL, NULL, NULL, NULL, NULL, NULL, NULL, NULL, NULL, NULL, NULL, NULL, NULL, NULL, NULL, 'A', NULL, NULL, NULL, NULL, NULL, NULL, NULL, NULL),
(136, 21, 1, 78, 15, 21, 0, 14, 'teacher', '01-2019', NULL, NULL, NULL, NULL, NULL, NULL, NULL, NULL, NULL, NULL, NULL, NULL, NULL, NULL, NULL, NULL, NULL, NULL, NULL, NULL, NULL, NULL, 'A', NULL, NULL, NULL, NULL, NULL, NULL, NULL, NULL),
(137, 21, 1, 79, 15, 21, 0, 14, 'teacher', '01-2019', NULL, NULL, NULL, NULL, NULL, NULL, NULL, NULL, NULL, NULL, NULL, NULL, NULL, NULL, NULL, NULL, NULL, NULL, NULL, NULL, NULL, NULL, 'A', NULL, NULL, NULL, NULL, NULL, NULL, NULL, NULL),
(138, 21, 1, 80, 15, 21, 0, 14, 'teacher', '01-2019', NULL, NULL, NULL, NULL, NULL, NULL, NULL, NULL, NULL, NULL, NULL, NULL, NULL, NULL, NULL, NULL, NULL, NULL, NULL, NULL, NULL, NULL, 'A', NULL, NULL, NULL, NULL, NULL, NULL, NULL, NULL),
(139, 21, 1, 81, 15, 21, 0, 14, 'teacher', '01-2019', NULL, NULL, NULL, NULL, NULL, NULL, NULL, NULL, NULL, NULL, NULL, NULL, NULL, NULL, NULL, NULL, NULL, NULL, NULL, NULL, NULL, NULL, 'A', NULL, NULL, NULL, NULL, NULL, NULL, NULL, NULL),
(140, 21, 1, 82, 15, 21, 0, 14, 'teacher', '01-2019', NULL, NULL, NULL, NULL, NULL, NULL, NULL, NULL, NULL, NULL, NULL, NULL, NULL, NULL, NULL, NULL, NULL, NULL, NULL, NULL, NULL, NULL, 'A', NULL, NULL, NULL, NULL, NULL, NULL, NULL, NULL),
(141, 21, 1, 83, 15, 21, 0, 14, 'teacher', '01-2019', NULL, NULL, NULL, NULL, NULL, NULL, NULL, NULL, NULL, NULL, NULL, NULL, NULL, NULL, NULL, NULL, NULL, NULL, NULL, NULL, NULL, NULL, 'A', NULL, NULL, NULL, NULL, NULL, NULL, NULL, NULL),
(142, 21, 1, 84, 15, 21, 0, 14, 'teacher', '01-2019', NULL, NULL, NULL, NULL, NULL, NULL, NULL, NULL, NULL, NULL, NULL, NULL, NULL, NULL, NULL, NULL, NULL, NULL, NULL, NULL, NULL, NULL, 'A', NULL, NULL, NULL, NULL, NULL, NULL, NULL, NULL),
(143, 21, 1, 85, 15, 21, 0, 14, 'teacher', '01-2019', NULL, NULL, NULL, NULL, NULL, NULL, NULL, NULL, NULL, NULL, NULL, NULL, NULL, NULL, NULL, NULL, NULL, NULL, NULL, NULL, NULL, NULL, 'A', NULL, NULL, NULL, NULL, NULL, NULL, NULL, NULL),
(144, 21, 1, 86, 15, 21, 0, 14, 'teacher', '01-2019', NULL, NULL, NULL, NULL, NULL, NULL, NULL, NULL, NULL, NULL, NULL, NULL, NULL, NULL, NULL, NULL, NULL, NULL, NULL, NULL, NULL, NULL, 'A', NULL, NULL, NULL, NULL, NULL, NULL, NULL, NULL),
(145, 21, 1, 87, 15, 21, 0, 14, 'teacher', '01-2019', NULL, NULL, NULL, NULL, NULL, NULL, NULL, NULL, NULL, NULL, NULL, NULL, NULL, NULL, NULL, NULL, NULL, NULL, NULL, NULL, NULL, NULL, 'A', NULL, NULL, NULL, NULL, NULL, NULL, NULL, NULL),
(146, 21, 1, 88, 15, 21, 0, 14, 'teacher', '01-2019', NULL, NULL, NULL, NULL, NULL, NULL, NULL, NULL, NULL, NULL, NULL, NULL, NULL, NULL, NULL, NULL, NULL, NULL, NULL, NULL, NULL, NULL, 'A', NULL, NULL, NULL, NULL, NULL, NULL, NULL, NULL),
(147, 21, 1, 89, 15, 21, 0, 14, 'teacher', '01-2019', NULL, NULL, NULL, NULL, NULL, NULL, NULL, NULL, NULL, NULL, NULL, NULL, NULL, NULL, NULL, NULL, NULL, NULL, NULL, NULL, NULL, NULL, 'A', NULL, NULL, NULL, NULL, NULL, NULL, NULL, NULL),
(148, 21, 1, 90, 15, 21, 0, 14, 'teacher', '01-2019', NULL, NULL, NULL, NULL, NULL, NULL, NULL, NULL, NULL, NULL, NULL, NULL, NULL, NULL, NULL, NULL, NULL, NULL, NULL, NULL, NULL, NULL, 'A', NULL, NULL, NULL, NULL, NULL, NULL, NULL, NULL),
(149, 21, 1, 91, 15, 21, 0, 14, 'teacher', '01-2019', NULL, NULL, NULL, NULL, NULL, NULL, NULL, NULL, NULL, NULL, NULL, NULL, NULL, NULL, NULL, NULL, NULL, NULL, NULL, NULL, NULL, NULL, 'A', NULL, NULL, NULL, NULL, NULL, NULL, NULL, NULL),
(150, 21, 1, 92, 15, 21, 0, 14, 'teacher', '01-2019', NULL, NULL, NULL, NULL, NULL, NULL, NULL, NULL, NULL, NULL, NULL, NULL, NULL, NULL, NULL, NULL, NULL, NULL, NULL, NULL, NULL, NULL, 'A', NULL, NULL, NULL, NULL, NULL, NULL, NULL, NULL),
(151, 21, 1, 93, 15, 21, 0, 14, 'teacher', '01-2019', NULL, NULL, NULL, NULL, NULL, NULL, NULL, NULL, NULL, NULL, NULL, NULL, NULL, NULL, NULL, NULL, NULL, NULL, NULL, NULL, NULL, NULL, 'A', NULL, NULL, NULL, NULL, NULL, NULL, NULL, NULL),
(152, 21, 1, 94, 15, 21, 0, 14, 'teacher', '01-2019', NULL, NULL, NULL, NULL, NULL, NULL, NULL, NULL, NULL, NULL, NULL, NULL, NULL, NULL, NULL, NULL, NULL, NULL, NULL, NULL, NULL, NULL, 'A', NULL, NULL, NULL, NULL, NULL, NULL, NULL, NULL),
(153, 21, 1, 95, 15, 21, 0, 14, 'teacher', '01-2019', NULL, NULL, NULL, NULL, NULL, NULL, NULL, NULL, NULL, NULL, NULL, NULL, NULL, NULL, NULL, NULL, NULL, NULL, NULL, NULL, NULL, NULL, 'A', NULL, NULL, NULL, NULL, NULL, NULL, NULL, NULL),
(154, 21, 1, 96, 15, 21, 0, 14, 'teacher', '01-2019', NULL, NULL, NULL, NULL, NULL, NULL, NULL, NULL, NULL, NULL, NULL, NULL, NULL, NULL, NULL, NULL, NULL, NULL, NULL, NULL, NULL, NULL, 'A', NULL, NULL, NULL, NULL, NULL, NULL, NULL, NULL),
(155, 21, 1, 97, 15, 21, 0, 14, 'teacher', '01-2019', NULL, NULL, NULL, NULL, NULL, NULL, NULL, NULL, NULL, NULL, NULL, NULL, NULL, NULL, NULL, NULL, NULL, NULL, NULL, NULL, NULL, NULL, 'A', NULL, NULL, NULL, NULL, NULL, NULL, NULL, NULL),
(156, 21, 1, 98, 15, 21, 0, 14, 'teacher', '01-2019', NULL, NULL, NULL, NULL, NULL, NULL, NULL, NULL, NULL, NULL, NULL, NULL, NULL, NULL, NULL, NULL, NULL, NULL, NULL, NULL, NULL, NULL, 'A', NULL, NULL, NULL, NULL, NULL, NULL, NULL, NULL),
(157, 21, 1, 99, 15, 21, 0, 14, 'teacher', '01-2019', NULL, NULL, NULL, NULL, NULL, NULL, NULL, NULL, NULL, NULL, NULL, NULL, NULL, NULL, NULL, NULL, NULL, NULL, NULL, NULL, NULL, NULL, 'A', NULL, NULL, NULL, NULL, NULL, NULL, NULL, NULL),
(158, 21, 1, 100, 15, 21, 0, 14, 'teacher', '01-2019', NULL, NULL, NULL, NULL, NULL, NULL, NULL, NULL, NULL, NULL, NULL, NULL, NULL, NULL, NULL, NULL, NULL, NULL, NULL, NULL, NULL, NULL, 'A', NULL, NULL, NULL, NULL, NULL, NULL, NULL, NULL),
(159, 21, 1, 101, 15, 21, 0, 14, 'teacher', '01-2019', NULL, NULL, NULL, NULL, NULL, NULL, NULL, NULL, NULL, NULL, NULL, NULL, NULL, NULL, NULL, NULL, NULL, NULL, NULL, NULL, NULL, NULL, 'A', NULL, NULL, NULL, NULL, NULL, NULL, NULL, NULL),
(160, 21, 1, 102, 15, 21, 0, 14, 'teacher', '01-2019', NULL, NULL, NULL, NULL, NULL, NULL, NULL, NULL, NULL, NULL, NULL, NULL, NULL, NULL, NULL, NULL, NULL, NULL, NULL, NULL, NULL, NULL, 'A', NULL, NULL, NULL, NULL, NULL, NULL, NULL, NULL),
(161, 21, 1, 103, 15, 21, 0, 14, 'teacher', '01-2019', NULL, NULL, NULL, NULL, NULL, NULL, NULL, NULL, NULL, NULL, NULL, NULL, NULL, NULL, NULL, NULL, NULL, NULL, NULL, NULL, NULL, NULL, 'A', NULL, NULL, NULL, NULL, NULL, NULL, NULL, NULL),
(162, 21, 1, 104, 15, 21, 0, 14, 'teacher', '01-2019', NULL, NULL, NULL, NULL, NULL, NULL, NULL, NULL, NULL, NULL, NULL, NULL, NULL, NULL, NULL, NULL, NULL, NULL, NULL, NULL, NULL, NULL, 'A', NULL, NULL, NULL, NULL, NULL, NULL, NULL, NULL),
(163, 21, 1, 105, 15, 21, 0, 14, 'teacher', '01-2019', NULL, NULL, NULL, NULL, NULL, NULL, NULL, NULL, NULL, NULL, NULL, NULL, NULL, NULL, NULL, NULL, NULL, NULL, NULL, NULL, NULL, NULL, 'A', NULL, NULL, NULL, NULL, NULL, NULL, NULL, NULL),
(164, 21, 1, 106, 15, 21, 0, 14, 'teacher', '01-2019', NULL, NULL, NULL, NULL, NULL, NULL, NULL, NULL, NULL, NULL, NULL, NULL, NULL, NULL, NULL, NULL, NULL, NULL, NULL, NULL, NULL, NULL, 'A', NULL, NULL, NULL, NULL, NULL, NULL, NULL, NULL),
(165, 21, 1, 107, 15, 21, 0, 14, 'teacher', '01-2019', NULL, NULL, NULL, NULL, NULL, NULL, NULL, NULL, NULL, NULL, NULL, NULL, NULL, NULL, NULL, NULL, NULL, NULL, NULL, NULL, NULL, NULL, 'A', NULL, NULL, NULL, NULL, NULL, NULL, NULL, NULL),
(166, 21, 1, 108, 15, 21, 0, 14, 'teacher', '01-2019', NULL, NULL, NULL, NULL, NULL, NULL, NULL, NULL, NULL, NULL, NULL, NULL, NULL, NULL, NULL, NULL, NULL, NULL, NULL, NULL, NULL, NULL, 'A', NULL, NULL, NULL, NULL, NULL, NULL, NULL, NULL),
(167, 21, 1, 109, 15, 21, 0, 14, 'teacher', '01-2019', NULL, NULL, NULL, NULL, NULL, NULL, NULL, NULL, NULL, NULL, NULL, NULL, NULL, NULL, NULL, NULL, NULL, NULL, NULL, NULL, NULL, NULL, 'A', NULL, NULL, NULL, NULL, NULL, NULL, NULL, NULL),
(168, 21, 1, 110, 15, 21, 0, 14, 'teacher', '01-2019', NULL, NULL, NULL, NULL, NULL, NULL, NULL, NULL, NULL, NULL, NULL, NULL, NULL, NULL, NULL, NULL, NULL, NULL, NULL, NULL, NULL, NULL, 'A', NULL, NULL, NULL, NULL, NULL, NULL, NULL, NULL),
(169, 21, 1, 111, 15, 21, 0, 14, 'teacher', '01-2019', NULL, NULL, NULL, NULL, NULL, NULL, NULL, NULL, NULL, NULL, NULL, NULL, NULL, NULL, NULL, NULL, NULL, NULL, NULL, NULL, NULL, NULL, 'A', NULL, NULL, NULL, NULL, NULL, NULL, NULL, NULL),
(170, 21, 1, 112, 15, 21, 0, 14, 'teacher', '01-2019', NULL, NULL, NULL, NULL, NULL, NULL, NULL, NULL, NULL, NULL, NULL, NULL, NULL, NULL, NULL, NULL, NULL, NULL, NULL, NULL, NULL, NULL, 'A', NULL, NULL, NULL, NULL, NULL, NULL, NULL, NULL),
(171, 21, 1, 113, 15, 21, 0, 14, 'teacher', '01-2019', NULL, NULL, NULL, NULL, NULL, NULL, NULL, NULL, NULL, NULL, NULL, NULL, NULL, NULL, NULL, NULL, NULL, NULL, NULL, NULL, NULL, NULL, 'A', NULL, NULL, NULL, NULL, NULL, NULL, NULL, NULL),
(172, 21, 1, 114, 15, 21, 0, 14, 'teacher', '01-2019', NULL, NULL, NULL, NULL, NULL, NULL, NULL, NULL, NULL, NULL, NULL, NULL, NULL, NULL, NULL, NULL, NULL, NULL, NULL, NULL, NULL, NULL, 'A', NULL, NULL, NULL, NULL, NULL, NULL, NULL, NULL),
(173, 21, 1, 115, 15, 21, 0, 14, 'teacher', '01-2019', NULL, NULL, NULL, NULL, NULL, NULL, NULL, NULL, NULL, NULL, NULL, NULL, NULL, NULL, NULL, NULL, NULL, NULL, NULL, NULL, NULL, NULL, 'A', NULL, NULL, NULL, NULL, NULL, NULL, NULL, NULL),
(174, 57, 1, 229, 47, 59, 0, 15, 'teacher', '01-2019', NULL, NULL, NULL, NULL, NULL, NULL, NULL, NULL, NULL, NULL, NULL, NULL, NULL, NULL, NULL, NULL, NULL, NULL, NULL, NULL, NULL, NULL, NULL, NULL, NULL, 'A', NULL, NULL, NULL, NULL, NULL),
(175, 57, 1, 227, 45, 55, 0, 16, 'teacher', '01-2019', NULL, NULL, NULL, NULL, NULL, NULL, NULL, NULL, NULL, NULL, NULL, NULL, NULL, NULL, NULL, NULL, NULL, NULL, NULL, NULL, NULL, NULL, NULL, NULL, NULL, NULL, NULL, NULL, NULL, 'A', NULL),
(176, 21, 1, 17, 15, 20, 0, 17, 'student', '02-2019', 'P', NULL, NULL, NULL, NULL, NULL, NULL, NULL, NULL, NULL, NULL, NULL, NULL, NULL, NULL, NULL, NULL, NULL, NULL, NULL, NULL, NULL, NULL, NULL, 'P', NULL, NULL, NULL, NULL, NULL, NULL),
(177, 21, 1, 2, 6, 12, 0, 2, 'student', '02-2019', 'P', NULL, NULL, NULL, NULL, NULL, NULL, NULL, NULL, NULL, NULL, NULL, NULL, NULL, NULL, NULL, NULL, NULL, NULL, NULL, NULL, NULL, NULL, NULL, 'P', NULL, NULL, NULL, NULL, NULL, NULL),
(178, 57, 1, 227, 45, 55, 0, 57, 'school', '02-2019', NULL, NULL, NULL, 'P', NULL, NULL, NULL, NULL, NULL, NULL, 'P', NULL, 'P', 'P', 'P', NULL, NULL, NULL, NULL, NULL, NULL, NULL, NULL, NULL, NULL, NULL, NULL, NULL, NULL, NULL, NULL),
(179, 57, 1, 230, 45, 56, 0, 57, 'school', '02-2019', NULL, NULL, NULL, 'A', NULL, NULL, NULL, NULL, NULL, NULL, NULL, NULL, NULL, NULL, NULL, NULL, NULL, NULL, NULL, NULL, NULL, NULL, NULL, NULL, NULL, NULL, NULL, NULL, NULL, NULL, NULL),
(180, 57, 1, 232, 45, 55, 0, 57, 'school', '02-2019', NULL, NULL, NULL, NULL, NULL, NULL, NULL, NULL, NULL, NULL, 'A', NULL, 'A', 'A', 'A', NULL, NULL, NULL, NULL, NULL, NULL, NULL, NULL, NULL, NULL, NULL, NULL, NULL, NULL, NULL, NULL),
(181, 57, 1, 233, 45, 55, 0, 57, 'school', '02-2019', NULL, NULL, NULL, NULL, NULL, NULL, NULL, NULL, NULL, NULL, 'A', NULL, 'A', 'A', 'A', NULL, NULL, NULL, NULL, NULL, NULL, NULL, NULL, NULL, NULL, NULL, NULL, NULL, NULL, NULL, NULL),
(182, 57, 1, 234, 45, 55, 0, 57, 'school', '02-2019', NULL, NULL, NULL, NULL, NULL, NULL, NULL, NULL, NULL, NULL, 'A', NULL, 'A', 'A', 'A', NULL, NULL, NULL, NULL, NULL, NULL, NULL, NULL, NULL, NULL, NULL, NULL, NULL, NULL, NULL, NULL),
(183, 57, 1, 235, 45, 55, 0, 57, 'school', '02-2019', NULL, NULL, NULL, NULL, NULL, NULL, NULL, NULL, NULL, NULL, 'A', NULL, 'A', 'A', 'A', NULL, NULL, NULL, NULL, NULL, NULL, NULL, NULL, NULL, NULL, NULL, NULL, NULL, NULL, NULL, NULL),
(184, 28, 1, 0, 17, 26, 0, 7, 'teacher', '02-2019', NULL, NULL, NULL, NULL, NULL, NULL, NULL, NULL, NULL, NULL, NULL, NULL, NULL, NULL, NULL, NULL, NULL, NULL, NULL, NULL, NULL, NULL, NULL, NULL, NULL, NULL, NULL, NULL, NULL, NULL, NULL),
(185, 21, 1, 118, 15, 22, 0, 118, 'student', '03-2019', 'P', 'P', NULL, 'P', NULL, NULL, NULL, NULL, NULL, NULL, NULL, NULL, NULL, NULL, NULL, NULL, NULL, NULL, NULL, NULL, NULL, NULL, NULL, NULL, NULL, NULL, NULL, NULL, NULL, NULL, NULL),
(186, 21, 1, 16, 15, 20, 0, 16, 'student', '03-2019', 'P', 'P', NULL, 'P', NULL, NULL, NULL, NULL, NULL, NULL, NULL, NULL, NULL, NULL, NULL, NULL, NULL, NULL, NULL, NULL, NULL, NULL, NULL, NULL, NULL, NULL, NULL, NULL, NULL, NULL, NULL),
(187, 21, 1, 22, 15, 20, 0, 22, 'student', '03-2019', NULL, 'P', NULL, 'P', NULL, NULL, NULL, NULL, NULL, NULL, NULL, NULL, NULL, NULL, NULL, NULL, NULL, NULL, NULL, NULL, NULL, NULL, NULL, NULL, NULL, NULL, NULL, NULL, NULL, NULL, NULL),
(188, 21, 1, 23, 15, 20, 0, 23, 'student', '03-2019', NULL, 'P', NULL, 'P', NULL, NULL, NULL, NULL, NULL, NULL, NULL, NULL, NULL, NULL, NULL, NULL, NULL, NULL, NULL, NULL, NULL, NULL, NULL, NULL, NULL, NULL, NULL, NULL, NULL, NULL, NULL),
(199, 2, 1, 2, 6, 12, 0, 2, 'school', '03-2019', NULL, NULL, NULL, NULL, NULL, NULL, NULL, 'P', NULL, 'P', NULL, NULL, NULL, NULL, NULL, NULL, NULL, NULL, NULL, NULL, NULL, NULL, NULL, NULL, NULL, NULL, NULL, NULL, NULL, NULL, NULL),
(200, 2, 1, 5, 6, 12, 0, 2, 'school', '03-2019', NULL, NULL, NULL, NULL, NULL, NULL, NULL, 'P', NULL, 'P', NULL, NULL, NULL, NULL, NULL, NULL, NULL, NULL, NULL, NULL, NULL, NULL, NULL, NULL, NULL, NULL, NULL, NULL, NULL, NULL, NULL),
(201, 2, 1, 10, 6, 12, 0, 2, 'school', '03-2019', NULL, NULL, NULL, NULL, NULL, NULL, NULL, 'P', NULL, 'P', NULL, NULL, NULL, NULL, NULL, NULL, NULL, NULL, NULL, NULL, NULL, NULL, NULL, NULL, NULL, NULL, NULL, NULL, NULL, NULL, NULL),
(202, 2, 1, 11, 6, 12, 0, 2, 'school', '03-2019', NULL, NULL, NULL, NULL, NULL, NULL, NULL, 'P', NULL, 'P', NULL, NULL, NULL, NULL, NULL, NULL, NULL, NULL, NULL, NULL, NULL, NULL, NULL, NULL, NULL, NULL, NULL, NULL, NULL, NULL, NULL),
(203, 2, 1, 13, 6, 12, 0, 2, 'school', '03-2019', NULL, NULL, NULL, NULL, NULL, NULL, NULL, 'P', NULL, 'P', NULL, NULL, NULL, NULL, NULL, NULL, NULL, NULL, NULL, NULL, NULL, NULL, NULL, NULL, NULL, NULL, NULL, NULL, NULL, NULL, NULL),
(204, 2, 1, 14, 6, 12, 0, 2, 'school', '03-2019', NULL, NULL, NULL, NULL, NULL, NULL, NULL, 'P', NULL, 'P', NULL, NULL, NULL, NULL, NULL, NULL, NULL, NULL, NULL, NULL, NULL, NULL, NULL, NULL, NULL, NULL, NULL, NULL, NULL, NULL, NULL),
(205, 2, 1, 216, 6, 12, 0, 2, 'school', '03-2019', NULL, NULL, NULL, NULL, NULL, NULL, NULL, 'P', NULL, 'P', NULL, NULL, NULL, NULL, NULL, NULL, NULL, NULL, NULL, NULL, NULL, NULL, NULL, NULL, NULL, NULL, NULL, NULL, NULL, NULL, NULL),
(206, 2, 1, 217, 6, 12, 0, 2, 'school', '03-2019', NULL, NULL, NULL, NULL, NULL, NULL, NULL, 'P', NULL, 'P', NULL, NULL, NULL, NULL, NULL, NULL, NULL, NULL, NULL, NULL, NULL, NULL, NULL, NULL, NULL, NULL, NULL, NULL, NULL, NULL, NULL),
(207, 2, 1, 226, 6, 12, 0, 2, 'school', '03-2019', NULL, NULL, NULL, NULL, NULL, NULL, NULL, 'P', NULL, 'P', NULL, NULL, NULL, NULL, NULL, NULL, NULL, NULL, NULL, NULL, NULL, NULL, NULL, NULL, NULL, NULL, NULL, NULL, NULL, NULL, NULL),
(208, 2, 1, 236, 6, 12, 0, 2, 'school', '03-2019', NULL, NULL, NULL, NULL, NULL, NULL, NULL, 'P', NULL, 'P', NULL, NULL, NULL, NULL, NULL, NULL, NULL, NULL, NULL, NULL, NULL, NULL, NULL, NULL, NULL, NULL, NULL, NULL, NULL, NULL, NULL),
(209, 21, 1, 17, 15, 20, 0, 17, 'student', '03-2019', NULL, NULL, NULL, NULL, NULL, NULL, NULL, NULL, NULL, NULL, 'P', NULL, NULL, NULL, NULL, NULL, NULL, NULL, NULL, NULL, NULL, NULL, NULL, NULL, NULL, NULL, NULL, NULL, NULL, NULL, NULL),
(210, 21, 1, 18, 15, 20, 0, 18, 'student', '03-2019', NULL, NULL, NULL, NULL, NULL, NULL, NULL, NULL, NULL, NULL, 'P', NULL, NULL, NULL, NULL, NULL, NULL, NULL, NULL, NULL, NULL, NULL, NULL, NULL, NULL, NULL, NULL, NULL, NULL, NULL, NULL),
(211, 101, 1, 243, 66, 71, 0, 101, 'School', '03-2019', NULL, NULL, NULL, NULL, NULL, NULL, NULL, NULL, NULL, NULL, NULL, NULL, NULL, NULL, NULL, NULL, NULL, NULL, NULL, NULL, NULL, NULL, NULL, NULL, 'A', NULL, NULL, NULL, NULL, NULL, NULL),
(212, 1, 1, 1, 1, 1, 0, 1, 'teacher', '10-2021', NULL, NULL, NULL, 'P', NULL, NULL, NULL, NULL, NULL, NULL, NULL, NULL, NULL, NULL, NULL, NULL, NULL, NULL, NULL, NULL, NULL, NULL, NULL, NULL, NULL, NULL, NULL, NULL, NULL, NULL, NULL),
(213, 1, 1, 3, 1, 1, 0, 1, 'teacher', '10-2021', NULL, NULL, NULL, 'P', NULL, NULL, NULL, NULL, NULL, NULL, NULL, NULL, NULL, NULL, NULL, NULL, NULL, NULL, NULL, NULL, NULL, NULL, NULL, NULL, NULL, NULL, NULL, NULL, NULL, NULL, NULL),
(214, 1, 1, 244, 1, 1, 0, 1, 'teacher', '10-2021', NULL, NULL, NULL, 'P', NULL, NULL, NULL, NULL, NULL, NULL, NULL, NULL, NULL, NULL, NULL, NULL, NULL, NULL, NULL, NULL, NULL, NULL, NULL, NULL, NULL, NULL, NULL, NULL, NULL, NULL, NULL),
(215, 1, 1, 245, 1, 1, 0, 1, 'teacher', '10-2021', NULL, NULL, NULL, 'P', NULL, NULL, NULL, NULL, NULL, NULL, NULL, NULL, NULL, NULL, NULL, NULL, NULL, NULL, NULL, NULL, NULL, NULL, NULL, NULL, NULL, NULL, NULL, NULL, NULL, NULL, NULL),
(216, 114, 1, 246, 99, 110, 0, 58, 'Teacher', '12-2021', NULL, NULL, NULL, NULL, NULL, NULL, 'P', NULL, NULL, 'A', NULL, NULL, NULL, NULL, NULL, NULL, NULL, NULL, NULL, NULL, NULL, NULL, NULL, NULL, NULL, NULL, NULL, NULL, NULL, NULL, NULL),
(217, 114, 1, 247, 99, 110, 0, 114, 'School', '12-2021', NULL, NULL, NULL, NULL, NULL, NULL, NULL, NULL, NULL, 'A', NULL, NULL, NULL, NULL, NULL, NULL, NULL, NULL, NULL, NULL, NULL, NULL, NULL, NULL, NULL, NULL, NULL, NULL, NULL, NULL, NULL),
(218, 114, 1, 248, 99, 110, 0, 114, 'School', '12-2021', NULL, NULL, NULL, NULL, NULL, NULL, NULL, NULL, NULL, 'P', NULL, NULL, NULL, NULL, NULL, NULL, NULL, NULL, NULL, NULL, NULL, NULL, NULL, NULL, NULL, NULL, NULL, NULL, NULL, NULL, NULL),
(219, 114, 1, 249, 99, 110, 0, 114, 'School', '12-2021', NULL, NULL, NULL, NULL, NULL, NULL, NULL, NULL, NULL, 'P', NULL, NULL, NULL, NULL, NULL, NULL, NULL, NULL, NULL, NULL, NULL, NULL, NULL, NULL, NULL, NULL, NULL, NULL, NULL, NULL, NULL),
(220, 1, 1, 0, 4, 8, 0, 1, 'Teacher', '12-2021', NULL, NULL, NULL, NULL, NULL, NULL, NULL, NULL, NULL, NULL, NULL, NULL, NULL, NULL, NULL, NULL, NULL, NULL, NULL, NULL, NULL, NULL, NULL, NULL, NULL, NULL, NULL, NULL, NULL, NULL, NULL);

-- --------------------------------------------------------

--
-- Table structure for table `student_group`
--

CREATE TABLE `student_group` (
  `groupID` int(11) NOT NULL,
  `schoolID` int(11) NOT NULL,
  `group_name` varchar(255) NOT NULL,
  `latitude` varchar(100) DEFAULT NULL,
  `longitude` varchar(100) DEFAULT NULL,
  `added_on` datetime DEFAULT NULL,
  `modified_on` datetime DEFAULT NULL
) ENGINE=MyISAM DEFAULT CHARSET=latin1;

--
-- Dumping data for table `student_group`
--

INSERT INTO `student_group` (`groupID`, `schoolID`, `group_name`, `latitude`, `longitude`, `added_on`, `modified_on`) VALUES
(1, 2, 'ACE', '28.5607631', '77.4509864', '2018-12-27 17:25:11', '2018-12-27 17:25:39'),
(2, 36, 'quiz', '-2', '-3', '2019-01-14 15:35:22', '2019-01-14 15:35:22'),
(3, 36, 'test', '1', '1', '2019-01-14 15:45:14', '2019-01-14 15:45:14');

-- --------------------------------------------------------

--
-- Table structure for table `student_subscription_history`
--

CREATE TABLE `student_subscription_history` (
  `shistoryID` int(11) NOT NULL,
  `schoolID` int(11) NOT NULL,
  `school_code` varchar(255) NOT NULL,
  `studentID` int(11) NOT NULL,
  `amount` varchar(255) NOT NULL,
  `is_paid` enum('Y','N') NOT NULL,
  `start_date` date NOT NULL,
  `end_date` date NOT NULL,
  `added_on` datetime NOT NULL
) ENGINE=MyISAM DEFAULT CHARSET=latin1;

--
-- Dumping data for table `student_subscription_history`
--

INSERT INTO `student_subscription_history` (`shistoryID`, `schoolID`, `school_code`, `studentID`, `amount`, `is_paid`, `start_date`, `end_date`, `added_on`) VALUES
(1, 1, 'HAK9KF8', 1, '438.0', 'Y', '2018-11-17', '2019-11-17', '2018-11-17 00:19:44'),
(2, 2, 'ARHN86O', 2, '438.0', 'Y', '2018-11-17', '2019-11-17', '2018-11-17 12:21:11'),
(3, 2, 'ARHN86O', 2, '438.0', 'Y', '2018-11-19', '2019-11-19', '2018-11-19 16:49:54'),
(4, 2, 'ARHN86O', 2, '438.0', 'Y', '2018-11-19', '2019-11-19', '2018-11-19 16:50:10'),
(5, 2, 'ARHN86O', 2, '438.0', 'Y', '2018-11-19', '2019-11-19', '2018-11-19 16:50:43'),
(6, 2, 'ARHN86O', 2, '438.0', 'Y', '2018-11-19', '2019-11-19', '2018-11-19 16:53:30'),
(7, 2, 'ARHN86O', 2, '438.0', 'Y', '2018-11-19', '2019-11-19', '2018-11-19 16:53:37'),
(8, 5, 'IT8L9ON', 4, '438.0', 'Y', '2018-11-20', '2019-11-20', '2018-11-20 14:06:40'),
(9, 1, 'HAK9KF8', 3, '438.0', 'Y', '2018-11-29', '2019-11-29', '2018-11-29 17:51:28'),
(10, 2, 'ARHN86O', 6, '438.0', 'Y', '2018-12-01', '2019-12-01', '2018-12-01 18:48:21'),
(11, 2, 'ARHN86O', 13, '438.0', 'Y', '2018-12-18', '2019-12-18', '2018-12-18 17:00:10'),
(12, 28, 'AK3Y3K0', 218, '438.0', 'Y', '2019-01-08', '2020-01-08', '2019-01-08 00:43:53'),
(13, 28, 'AK3Y3K0', 219, '438.0', 'Y', '2019-01-08', '2020-01-08', '2019-01-08 00:47:56'),
(14, 30, 'ARROK6P', 220, '438.0', 'Y', '2019-01-08', '2020-01-08', '2019-01-08 15:55:38'),
(15, 36, 'ARBMHFJ', 221, '438.0', 'Y', '2019-01-14', '2020-01-14', '2019-01-14 16:43:48'),
(16, 31, 'SUXQRWY', 224, '438.0', 'Y', '2019-01-15', '2020-01-15', '2019-01-15 12:10:37'),
(17, 41, 'VI9VYQH', 225, '438.0', 'Y', '2019-01-15', '2020-01-15', '2019-01-15 13:23:32'),
(18, 36, 'ARBMHFJ', 223, '438.0', 'Y', '2019-01-16', '2020-01-16', '2019-01-16 13:36:34'),
(19, 101, 'PAVIVQ3', 243, '0', 'Y', '2019-03-25', '2020-03-24', '2019-03-25 00:00:00');

-- --------------------------------------------------------

--
-- Table structure for table `subject`
--

CREATE TABLE `subject` (
  `subjectID` int(11) NOT NULL,
  `schoolID` int(11) NOT NULL,
  `classID` int(11) NOT NULL,
  `sectionID` int(11) NOT NULL,
  `subject_name` varchar(255) NOT NULL,
  `subject_code` varchar(255) NOT NULL,
  `type` varchar(255) NOT NULL,
  `syllabus` varchar(255) NOT NULL,
  `is_active` enum('Y','N') NOT NULL,
  `added_on` datetime NOT NULL
) ENGINE=MyISAM DEFAULT CHARSET=latin1;

--
-- Dumping data for table `subject`
--

INSERT INTO `subject` (`subjectID`, `schoolID`, `classID`, `sectionID`, `subject_name`, `subject_code`, `type`, `syllabus`, `is_active`, `added_on`) VALUES
(1, 5, 9, 15, 'ENGLISH', 'ENG', 'Mandatory', 'syllabus1542701931.pdf', 'Y', '2018-11-20 13:48:51'),
(2, 1, 1, 1, 'Hindi', 'Hindi01', 'Mandatory', 'syllabus1543671952.pdf', 'Y', '2018-12-01 19:15:52'),
(3, 2, 6, 12, 'ENGLISH', 'ENG', 'Mandatory', 'syllabus1544185123.pdf', 'Y', '2018-12-07 17:48:43'),
(4, 2, 6, 12, 'SCIENCE', 'SC', 'Mandatory', 'syllabus1544185149.pdf', 'Y', '2018-12-07 17:49:09'),
(5, 2, 6, 12, 'SOCIAL SCIENCE', 'SSC', 'Mandatory', 'syllabus1544185185.pdf', 'Y', '2018-12-07 17:49:45'),
(6, 5, 9, 15, 'Hindi', 'Hindi', 'Mandatory', 'syllabus1544767553.pdf', 'Y', '2018-12-14 11:35:53'),
(7, 28, 17, 26, 'Hindi', '0Hin', 'Mandatory', 'syllabus1546889293.pdf', 'Y', '2019-01-08 00:58:13'),
(8, 30, 22, 31, 'ENGLISH', 'ENG', 'Mandatory', 'syllabus1546941650.pdf', 'Y', '2019-01-08 15:30:50'),
(9, 36, 33, 34, 'MATH', 'MTH', 'Mandatory', 'syllabus1547451084.pdf', 'Y', '2019-01-14 13:01:24'),
(10, 36, 33, 34, 'hindi', 'hnd', 'Mandatory', 'syllabus1547451157.pdf', 'Y', '2019-01-14 13:02:37'),
(11, 36, 33, 34, 'science', 'sci', 'Mandatory', 'syllabus1547451204.pdf', 'Y', '2019-01-14 13:03:24'),
(12, 36, 33, 34, 'social science', 'ssc', 'Mandatory', 'syllabus1547451262.pdf', 'Y', '2019-01-14 13:04:22'),
(13, 36, 33, 35, 'MATH', 'MTH', 'Mandatory', 'syllabus1547451306.pdf', 'Y', '2019-01-14 13:05:06'),
(14, 36, 33, 35, 'hindi', 'hnd', 'Mandatory', 'syllabus1547451369.pdf', 'Y', '2019-01-14 13:06:09'),
(15, 36, 33, 35, 'science', 'sci', 'Mandatory', 'syllabus1547451395.pdf', 'Y', '2019-01-14 13:06:35'),
(16, 36, 33, 35, 'social science', 'ssc', 'Mandatory', 'syllabus1547451415.pdf', 'Y', '2019-01-14 13:06:55'),
(17, 36, 34, 36, 'hindi', 'hnd', 'Mandatory', 'syllabus1547451437.pdf', 'Y', '2019-01-14 13:07:17'),
(18, 36, 34, 36, 'MATH', 'MTH', 'Mandatory', 'syllabus1547451479.pdf', 'Y', '2019-01-14 13:07:59'),
(19, 36, 34, 36, 'MATH', 'MTH', 'Mandatory', 'syllabus1547451485.pdf', 'Y', '2019-01-14 13:08:05'),
(20, 36, 34, 36, 'MATH', 'MTH', 'Mandatory', 'syllabus1547451488.pdf', 'Y', '2019-01-14 13:08:08'),
(21, 36, 34, 36, 'MATH', 'MTH', 'Mandatory', 'syllabus1547451494.pdf', 'Y', '2019-01-14 13:08:14'),
(22, 36, 35, 38, 'MATH', 'MTH', 'Mandatory', 'syllabus1547451519.pdf', 'Y', '2019-01-14 13:08:39'),
(23, 36, 35, 38, 'hindi', 'hnd', 'Mandatory', 'syllabus1547451544.pdf', 'Y', '2019-01-14 13:09:04'),
(24, 36, 35, 38, 'science', 'sci', 'Mandatory', 'syllabus1547451568.pdf', 'Y', '2019-01-14 13:09:28'),
(25, 36, 36, 40, 'MATH', 'hnd', 'Mandatory', 'syllabus1547451595.pdf', 'Y', '2019-01-14 13:09:55'),
(26, 36, 36, 40, 'science', 'sci', 'Mandatory', 'syllabus1547451617.pdf', 'Y', '2019-01-14 13:10:17'),
(27, 36, 37, 43, 'social science', 'MTH', 'Mandatory', 'syllabus1547451635.pdf', 'Y', '2019-01-14 13:10:35'),
(28, 36, 37, 43, 'hindi', 'hnd', 'Mandatory', 'syllabus1547451652.pdf', 'Y', '2019-01-14 13:10:52'),
(29, 36, 37, 43, 'social science', 'ssc', 'Mandatory', 'syllabus1547451674.pdf', 'Y', '2019-01-14 13:11:14'),
(30, 41, 38, 46, 'HINDI', 'HINDI', 'Mandatory', 'syllabus1547539079.pdf', 'Y', '2019-01-15 13:27:59'),
(31, 28, 17, 26, 'English', '02', 'Mandatory', 'syllabus1547626666.pdf', 'Y', '2019-01-16 13:47:46'),
(32, 57, 45, 56, 'Math', 'mth', 'Mandatory', 'syllabus1548330674.pdf', 'Y', '2019-01-24 17:21:14'),
(33, 57, 45, 55, 'hindi', 'hnd', 'Mandatory', 'syllabus1548330800.pdf', 'Y', '2019-01-24 17:23:20'),
(34, 57, 45, 55, 'english', 'eng', 'Mandatory', 'syllabus1548330867.pdf', 'Y', '2019-01-24 17:24:27'),
(35, 57, 45, 55, 'science', 'sci', 'Mandatory', 'syllabus1548330945.pdf', 'Y', '2019-01-24 17:25:45'),
(36, 57, 45, 55, 'social science', 'ssc', 'Mandatory', 'syllabus1548330984.pdf', 'Y', '2019-01-24 17:26:24'),
(37, 57, 45, 56, 'Math', 'mth', 'Mandatory', 'syllabus1548331064.pdf', 'Y', '2019-01-24 17:27:44'),
(38, 57, 45, 56, 'hindi', 'hnd', 'Mandatory', 'syllabus1548331121.pdf', 'Y', '2019-01-24 17:28:41'),
(39, 57, 45, 56, 'english', 'eng', 'Mandatory', 'syllabus1548331151.pdf', 'Y', '2019-01-24 17:29:11'),
(40, 57, 45, 56, 'science', 'sci', 'Mandatory', 'syllabus1548331186.pdf', 'Y', '2019-01-24 17:29:46'),
(41, 57, 45, 56, 'social science', 'ssc', 'Mandatory', 'syllabus1548331250.pdf', 'Y', '2019-01-24 17:30:50'),
(42, 57, 46, 57, 'Math', 'mth', 'Mandatory', 'syllabus1548331282.pdf', 'Y', '2019-01-24 17:31:22'),
(43, 57, 46, 57, 'hindi', 'hnd', 'Mandatory', 'syllabus1548331589.pdf', 'Y', '2019-01-24 17:36:29'),
(44, 57, 46, 57, 'english', 'eng', 'Mandatory', 'syllabus1548331675.pdf', 'Y', '2019-01-24 17:37:55'),
(45, 57, 46, 57, 'science', 'sci', 'Mandatory', 'syllabus1548332195.pdf', 'Y', '2019-01-24 17:46:35'),
(46, 57, 46, 57, 'social science', 'ssc', 'Mandatory', 'syllabus1548332238.pdf', 'Y', '2019-01-24 17:47:18'),
(47, 57, 46, 58, 'Math', 'mth', 'Mandatory', 'syllabus1548332271.pdf', 'Y', '2019-01-24 17:47:51'),
(48, 57, 46, 58, 'hindi', 'hnd', 'Mandatory', 'syllabus1548332360.pdf', 'Y', '2019-01-24 17:49:20'),
(49, 57, 46, 58, 'english', 'eng', 'Mandatory', 'syllabus1548332418.pdf', 'Y', '2019-01-24 17:50:18'),
(50, 57, 46, 58, 'science', 'sci', 'Mandatory', 'syllabus1548332475.pdf', 'Y', '2019-01-24 17:51:15'),
(51, 57, 46, 58, 'social science', 'ssc', 'Mandatory', 'syllabus1548332571.pdf', 'Y', '2019-01-24 17:52:51'),
(52, 57, 45, 55, 'Urdu', 'URD', 'Mandatory', 'syllabus1548691313.pdf', 'Y', '2019-01-28 21:31:53'),
(53, 57, 45, 55, 'Math', 'mth', 'Mandatory', 'syllabus1548692098.pdf', 'Y', '2019-01-28 21:44:58'),
(54, 57, 45, 55, 'pt', 'pt', 'Mandatory', 'syllabus1549953958.pdf', 'Y', '2019-02-12 12:15:58'),
(55, 101, 66, 71, 'ENGLISH', 'ENGLISH', 'Mandatory', 'syllabus1553503270.pdf', 'Y', '2019-03-25 14:11:10'),
(56, 113, 98, 109, 'Hindi', 'HIN001', 'Mandatory', 'syllabus1638860424.pdf', 'Y', '2021-12-07 12:30:24'),
(57, 114, 99, 110, 'Hindi', 'Hindi001', 'Mandatory', 'syllabus1638888999.pdf', 'Y', '2021-12-07 20:26:39'),
(58, 115, 100, 111, 'Hindi', 'HIN001', 'Mandatory', 'syllabus1639116074.pdf', 'Y', '2021-12-10 11:31:14'),
(59, 115, 100, 112, 'Hindi', 'HIN001', 'Mandatory', 'syllabus1639116074.pdf', 'Y', '2021-12-10 11:31:14'),
(60, 114, 99, 110, 'MATHS', 'MAT001', 'Mandatory', 'syllabus1639130069.pdf', 'Y', '2021-12-10 15:24:29'),
(61, 114, 99, 110, 'SCIENCE', 'SCI001', 'Mandatory', 'syllabus1639130095.pdf', 'Y', '2021-12-10 15:24:55'),
(62, 1, 4, 8, 'maths', '12', 'Mandatory', 'syllabus1639557092.pdf', 'Y', '2021-12-15 14:01:32'),
(63, 1, 4, 8, 'sst', '1', 'Mandatory', 'syllabus1639557113.pdf', 'Y', '2021-12-15 14:01:53'),
(64, 1, 4, 8, 'hindi', '10', 'Mandatory', 'syllabus1639557142.pdf', 'Y', '2021-12-15 14:02:22');

-- --------------------------------------------------------

--
-- Table structure for table `suggestion`
--

CREATE TABLE `suggestion` (
  `suggestionID` int(11) NOT NULL,
  `schoolID` int(11) NOT NULL,
  `teacherID` int(11) NOT NULL,
  `studentID` int(11) NOT NULL,
  `title` varchar(255) NOT NULL,
  `suggestion` longtext NOT NULL,
  `status` enum('open','closed') NOT NULL DEFAULT 'open',
  `added_on` datetime NOT NULL
) ENGINE=InnoDB DEFAULT CHARSET=latin1;

-- --------------------------------------------------------

--
-- Table structure for table `suggestion_message`
--

CREATE TABLE `suggestion_message` (
  `messageID` int(11) NOT NULL,
  `suggestionID` int(11) NOT NULL,
  `text` varchar(255) CHARACTER SET utf8 NOT NULL,
  `userID` int(11) NOT NULL,
  `usertype` varchar(200) NOT NULL,
  `added_on` datetime NOT NULL
) ENGINE=InnoDB DEFAULT CHARSET=latin1;

-- --------------------------------------------------------

--
-- Table structure for table `suggestion_new`
--

CREATE TABLE `suggestion_new` (
  `suggestionID` int(11) NOT NULL,
  `schoolID` int(11) NOT NULL,
  `title` varchar(255) NOT NULL,
  `description` text NOT NULL,
  `usertype` enum('student','teacher','parent') NOT NULL,
  `name` varchar(255) DEFAULT NULL,
  `userID` int(11) NOT NULL,
  `added_on` datetime NOT NULL
) ENGINE=InnoDB DEFAULT CHARSET=latin1;

--
-- Dumping data for table `suggestion_new`
--

INSERT INTO `suggestion_new` (`suggestionID`, `schoolID`, `title`, `description`, `usertype`, `name`, `userID`, `added_on`) VALUES
(34, 2, 'testing', 'hello arvind', 'teacher', NULL, 2, '2018-12-17 15:35:37'),
(35, 2, 'test', 'test', 'student', 'Student2', 13, '2018-12-18 19:18:42'),
(37, 28, 'home work ', 'not able to finish home work', 'teacher', 'Rahi', 7, '2019-01-08 17:55:26'),
(38, 41, 'test', 'fghjj', 'student', 'vibhas', 225, '2019-01-15 13:46:57'),
(41, 57, 'dustbin in class', 'please keep.one dustbin in every class', 'student', 'nadeem ansar', 234, '2019-02-07 01:23:36'),
(42, 114, 'Hi', 'jsjsjs', 'student', 'Saumya ', 247, '2021-12-08 15:52:20'),
(43, 1, 'test', 'yes we can we will', 'teacher', 'Sakshi', 1, '2021-12-10 11:48:51'),
(44, 1, 'hello', 'helli', 'teacher', 'Sakshi', 1, '2021-12-13 16:27:33'),
(45, 1, 'ubbby', 'byhygtgtgjunubtvtbnu', 'student', 'vibhas mishra', 2, '2021-12-14 17:29:02'),
(46, 1, 'hello anisha', 'how are you', 'student', 'kamal', 247, '2021-12-15 13:03:08');

-- --------------------------------------------------------

--
-- Table structure for table `syllabus`
--

CREATE TABLE `syllabus` (
  `syllabusID` int(11) NOT NULL,
  `schoolID` int(11) NOT NULL,
  `subjectID` int(11) NOT NULL,
  `academicID` int(11) NOT NULL,
  `title` varchar(255) NOT NULL,
  `description` text NOT NULL,
  `file` varchar(255) NOT NULL,
  `is_active` enum('Y','N') NOT NULL,
  `added_on` datetime NOT NULL
) ENGINE=MyISAM DEFAULT CHARSET=latin1;

-- --------------------------------------------------------

--
-- Table structure for table `teacher`
--

CREATE TABLE `teacher` (
  `teacherID` int(11) NOT NULL,
  `schoolID` int(11) NOT NULL,
  `registeredby` enum('app','bulk') DEFAULT NULL,
  `school_code` varchar(255) NOT NULL,
  `name` varchar(255) NOT NULL,
  `address` varchar(255) NOT NULL,
  `email` varchar(255) NOT NULL,
  `phone` varchar(255) NOT NULL,
  `image` varchar(255) DEFAULT NULL,
  `username` varchar(255) NOT NULL,
  `password` varchar(255) NOT NULL,
  `authorize_role` enum('teacher','librarian') NOT NULL,
  `groupID` int(11) DEFAULT NULL,
  `is_active` enum('Y','N','R','D') NOT NULL,
  `added_on` datetime NOT NULL,
  `approved_on` datetime NOT NULL
) ENGINE=MyISAM DEFAULT CHARSET=latin1;

--
-- Dumping data for table `teacher`
--

INSERT INTO `teacher` (`teacherID`, `schoolID`, `registeredby`, `school_code`, `name`, `address`, `email`, `phone`, `image`, `username`, `password`, `authorize_role`, `groupID`, `is_active`, `added_on`, `approved_on`) VALUES
(1, 1, NULL, 'HAK9KF8', 'Sakshi', 'B-125, Munsi Pulia, , LUCKNOW , Uttar Pradesh , 226012', 'sakshi.55@gmail.com', '9838700655', NULL, 'teacher1', '96bcc3886898c1b1c79a0d56848ab90d72f9d795f52f2357cd50b7f1f51e61a1f372aa6bf252fa9eb19f0aa18f0ef8f440af743415535d53ea0ec53f8784d5ab', 'teacher', NULL, 'Y', '2018-11-17 00:02:35', '2018-11-17 00:02:35'),
(2, 2, NULL, 'ARHN86O', 'vzvzg', 'fsggsgs, gzgsgg, fazvzb, 654884', 'school1234@gmail.com', '5767679797', 'teacher1548053805.jpg', 'VZV99KL', 'aaf956a9e183479db749bfed49a7200e7a70f820e420edcd85c487fa7f596805e1bae72263d95ddc9f008d7695dc0a838ca4c5f70c2695b203c2d77d7fe5d292', 'teacher', NULL, 'Y', '2018-11-17 13:03:59', '2018-11-17 13:03:59'),
(3, 5, NULL, 'IT8L9ON', 'vkumar', 'Patna , Patna , bihar , 800013', 'vibhas1326@gmail.com', '956235', 'teacher1544812570.jpg', 'VKCAI3M', '96bcc3886898c1b1c79a0d56848ab90d72f9d795f52f2357cd50b7f1f51e61a1f372aa6bf252fa9eb19f0aa18f0ef8f440af743415535d53ea0ec53f8784d5ab', 'teacher', NULL, 'Y', '2018-11-20 13:54:42', '2018-11-20 13:54:42'),
(4, 2, NULL, 'Arhn86o', 'Teacher2', 'Manas Vihar Colony, Sarvodaya Nagar, Lucknow, Uttar Pradesh, 226016', 'kshitij.singh559@gmail.com', '1234567890', NULL, 'TED5CNI', 'aaf956a9e183479db749bfed49a7200e7a70f820e420edcd85c487fa7f596805e1bae72263d95ddc9f008d7695dc0a838ca4c5f70c2695b203c2d77d7fe5d292', 'teacher', NULL, 'Y', '2018-12-07 17:41:05', '2018-12-07 17:41:05'),
(5, 6, NULL, 'SCNLTDV', 'Teacher 1', 'Student Address', 'student@student.com', '1234567890', NULL, 'TE8D7T1', '96bcc3886898c1b1c79a0d56848ab90d72f9d795f52f2357cd50b7f1f51e61a1f372aa6bf252fa9eb19f0aa18f0ef8f440af743415535d53ea0ec53f8784d5ab', 'teacher', NULL, 'N', '2018-12-12 18:05:03', '2018-12-12 18:05:03'),
(6, 2, NULL, 'ARHN86O', 'hshsh', 'gsgsgs, vzvzv, zvzbbz, 788495', 'vzvsb@gmail.com', '9818235537', NULL, 'HSYGNFC', 'aaf956a9e183479db749bfed49a7200e7a70f820e420edcd85c487fa7f596805e1bae72263d95ddc9f008d7695dc0a838ca4c5f70c2695b203c2d77d7fe5d292', 'teacher', NULL, 'Y', '2019-01-06 16:20:09', '2019-01-06 16:20:09'),
(7, 28, NULL, 'AK3Y3K0', 'Rahi', 'Patna , Patna , Bihar, 800001', 'rahi@gmail.com', '7543015219', NULL, 'RAU0JXO', '96bcc3886898c1b1c79a0d56848ab90d72f9d795f52f2357cd50b7f1f51e61a1f372aa6bf252fa9eb19f0aa18f0ef8f440af743415535d53ea0ec53f8784d5ab', 'teacher', NULL, 'Y', '2019-01-08 01:32:31', '2019-01-08 01:32:31'),
(8, 30, NULL, 'ARROK6P', 'amit', 'patna, patna, bihar, 800001', 'amit@gmail.com', '9311620027', NULL, 'AMX05OG', '96bcc3886898c1b1c79a0d56848ab90d72f9d795f52f2357cd50b7f1f51e61a1f372aa6bf252fa9eb19f0aa18f0ef8f440af743415535d53ea0ec53f8784d5ab', 'teacher', NULL, 'Y', '2019-01-08 16:01:37', '2019-01-08 16:01:37'),
(9, 36, NULL, 'ARBMHFJ', 'gautam', 'bhadur pur, siwan, bihar, 841428', 'gautamshantineketan@gmail.com', '7903003123', NULL, 'GA18ST2', 'a59cb4810803bddc439b3bdaea636b0ab852f67b56276f7348d93240f9203fdcc1d5ea3921c2c11189a0776ac9dac1e21cb2be0109548dfd9cbef3596fe1a71a', 'teacher', NULL, 'Y', '2019-01-14 13:46:03', '2019-01-14 13:46:03'),
(10, 36, NULL, 'ARBMHFJ', 'ashif', 'gopalganj, gopalganj, bihar, 841428', 'ashifraja@gmail.com', '7903003123', NULL, 'ASCKG9D', '2bbff27cc942272e072ba6a821b5c54d58b0bb8a108af717ccaca1b01e544e748538cea152b12af2293c51c1d7cb1f61d2372b3825307f6dc4fb5a42f43c2985', 'teacher', NULL, 'Y', '2019-01-14 13:51:10', '2019-01-14 13:51:10'),
(11, 36, NULL, 'ARBMHFJ', 'teacher', 'patna, patna, bihar, 800020', 'teacher@gmail.com', '7733930397', NULL, 'TEPN0QZ', '96bcc3886898c1b1c79a0d56848ab90d72f9d795f52f2357cd50b7f1f51e61a1f372aa6bf252fa9eb19f0aa18f0ef8f440af743415535d53ea0ec53f8784d5ab', 'teacher', NULL, 'Y', '2019-01-14 13:55:18', '2019-01-14 13:55:18'),
(12, 36, NULL, 'ARBMHFJ', 'test2', 'patna, patna, bihar, 800020', 'test@gmail.com', '7733930397', NULL, 'TEKFEES', '96bcc3886898c1b1c79a0d56848ab90d72f9d795f52f2357cd50b7f1f51e61a1f372aa6bf252fa9eb19f0aa18f0ef8f440af743415535d53ea0ec53f8784d5ab', 'teacher', NULL, 'Y', '2019-01-14 13:58:11', '2019-01-14 13:58:11'),
(13, 31, NULL, 'SUXQRWY', 'Sunil Thakur', 'G32, , New Delhi, Delhi, 110085', 'thakur5sunil@gmail.com', '9818396512', NULL, 'SUS9X5L', 'ad08860be6b2380c6f67ea30333fbb6c4309c89a8cc62ac53a1585fda34b667aa190c272362823b57cdcb4fe2d6b3f8aedf940627a59c50edcce8ee1f5f484ba', 'teacher', NULL, 'Y', '2019-01-15 12:01:13', '2019-01-15 12:01:13'),
(14, 21, NULL, 'SUU5FF2', 'Dinanath Kumar', 'SNSTTC, Motihari, Bihar, 845401', '', '8544520061', 'teacher1547737287.jpg', 'M090114', '4893b0aa0738daee5bc67ab1d9c439f133632cd72e04ec4900c1a2194f9f1bba53aff0820296894a021650350f5364a927f70d5da4f59f5d150176b9c1494c74', 'teacher', NULL, 'Y', '2019-01-17 20:09:10', '2019-01-17 20:09:10'),
(15, 57, NULL, 'ARHFJL2', 'rashid jamal', 'gopalganj, gaya, bihar, 84288', 'rashid@gmail.com', '7903003123', NULL, 'RAT0HP7', '013a6148593cd993b38aa6f8538439292fba4d9d03d54ea1d560b756f5d0c9fb59b6bd05ba46c6a41467b40a032dc6640706bd84b7c772c316d2caaaa3200bb0', 'teacher', NULL, 'D', '2019-01-25 12:09:24', '2019-01-25 12:09:24'),
(16, 57, NULL, 'ARHFJL2', 'sahid khan', 'siwan, siwan, bihar, 841428', 'shahidkhan@gmail.com', '7903003123', NULL, 'SA8B6ED', '013a6148593cd993b38aa6f8538439292fba4d9d03d54ea1d560b756f5d0c9fb59b6bd05ba46c6a41467b40a032dc6640706bd84b7c772c316d2caaaa3200bb0', 'teacher', NULL, 'Y', '2019-01-25 12:11:37', '2019-01-25 12:11:37'),
(17, 57, NULL, 'ARHFJL2', 'shami parwej', 'gopalganj, gopalganj, bihar, ', 'shamiabwa@gmail.com', '7903003123', NULL, 'SHNKSI7', '013a6148593cd993b38aa6f8538439292fba4d9d03d54ea1d560b756f5d0c9fb59b6bd05ba46c6a41467b40a032dc6640706bd84b7c772c316d2caaaa3200bb0', 'teacher', NULL, 'Y', '2019-01-25 12:13:55', '2019-01-25 12:13:55'),
(18, 57, NULL, 'ARHFJL2', 'awisha', 'gopalganj, , , ', 'awisgah@gmail.com', '7903003123', NULL, 'AWT0U1U', '013a6148593cd993b38aa6f8538439292fba4d9d03d54ea1d560b756f5d0c9fb59b6bd05ba46c6a41467b40a032dc6640706bd84b7c772c316d2caaaa3200bb0', 'teacher', NULL, 'Y', '2019-01-25 12:17:56', '2019-01-25 12:17:56'),
(19, 57, NULL, 'ARHFJL2', 'shahidoon', 'gopalganj, , , ', 'shaj57@gmail.com', '7903003123', NULL, 'SHN00NO', '013a6148593cd993b38aa6f8538439292fba4d9d03d54ea1d560b756f5d0c9fb59b6bd05ba46c6a41467b40a032dc6640706bd84b7c772c316d2caaaa3200bb0', 'teacher', NULL, 'Y', '2019-01-25 12:19:25', '2019-01-25 12:19:25'),
(20, 57, NULL, 'ARHFJL2', 'gopalkrishna', 'gopalganj, , , ', 'gopal56@gmail.com', '7903003123', NULL, 'GO2IDJP', '013a6148593cd993b38aa6f8538439292fba4d9d03d54ea1d560b756f5d0c9fb59b6bd05ba46c6a41467b40a032dc6640706bd84b7c772c316d2caaaa3200bb0', 'teacher', NULL, 'Y', '2019-01-25 12:23:52', '2019-01-25 12:23:52'),
(21, 21, NULL, 'SUU5FF2', 'Satyendra Kr. Tiwari', 'SNSTT College, Motihari, Bihar, 845401', '', '8544520070', 'teacher1549625834.jpg', 'M090014', '377979111ff01077d03e63b0d10ca543ab8555394f812fffb77641d4aa4418d89c59599d8ba952809ceb0631237a17bfccb3b92defc153d9b6897c5e222f2812', 'teacher', NULL, 'Y', '2019-02-08 13:53:24', '2019-02-08 13:53:24'),
(22, 21, NULL, 'SUU5FF2', 'Satyendra Kr. Tiwari', 'SNSTT College, Motihari, Bihar, 845401', '', '8544520070', NULL, 'SACWK5E', '96bcc3886898c1b1c79a0d56848ab90d72f9d795f52f2357cd50b7f1f51e61a1f372aa6bf252fa9eb19f0aa18f0ef8f440af743415535d53ea0ec53f8784d5ab', 'teacher', NULL, 'Y', '2019-02-08 13:53:27', '2019-02-08 13:53:27'),
(23, 21, NULL, 'SUU5FF2', 'Satyendra Kr. Tiwari', 'SNSTT College, Motihari, Bihar, 845401', '', '8544520070', NULL, 'SABF3QA', '96bcc3886898c1b1c79a0d56848ab90d72f9d795f52f2357cd50b7f1f51e61a1f372aa6bf252fa9eb19f0aa18f0ef8f440af743415535d53ea0ec53f8784d5ab', 'teacher', NULL, 'Y', '2019-02-08 13:53:52', '2019-02-08 13:53:52'),
(24, 21, NULL, 'SUU5FF2', 'Satyendra Kr. Tiwari', 'SNSTT College, Motihari, Bihar, 845401', '', '8544520070', NULL, 'SASQYJ8', '96bcc3886898c1b1c79a0d56848ab90d72f9d795f52f2357cd50b7f1f51e61a1f372aa6bf252fa9eb19f0aa18f0ef8f440af743415535d53ea0ec53f8784d5ab', 'teacher', NULL, 'Y', '2019-02-08 13:53:56', '2019-02-08 13:53:56'),
(25, 21, NULL, 'SUU5FF2', 'Satyendra Kr. Tiwari', 'SNSTT College, Motihari, Bihar, 845401', '', '8544520070', NULL, 'SAWUEAK', '96bcc3886898c1b1c79a0d56848ab90d72f9d795f52f2357cd50b7f1f51e61a1f372aa6bf252fa9eb19f0aa18f0ef8f440af743415535d53ea0ec53f8784d5ab', 'teacher', NULL, 'Y', '2019-02-08 13:54:12', '2019-02-08 13:54:12'),
(26, 21, NULL, 'SUU5FF2', 'Satyendra Kr. Tiwari', 'SNSTT College, Motihari, Bihar, 845401', '', '8544520070', NULL, 'SAEZSQ9', '96bcc3886898c1b1c79a0d56848ab90d72f9d795f52f2357cd50b7f1f51e61a1f372aa6bf252fa9eb19f0aa18f0ef8f440af743415535d53ea0ec53f8784d5ab', 'teacher', NULL, 'Y', '2019-02-08 13:54:18', '2019-02-08 13:54:18'),
(27, 21, NULL, 'SUU5FF2', 'Satyendra Kumar Tiwary', 'SNSTT College, Motihari, Bihar, 845401', '', '8544520070', NULL, 'SAGDIS6', '57392531bb7d01410a22deba0c6b10f9e98865be248f883e24fba720c219c48d548db58f14b29e1b79aa8d646340f137c44ce0fd3694e79cce06268ca73f2467', 'teacher', NULL, 'Y', '2019-02-08 16:21:58', '2019-02-08 16:21:58'),
(28, 21, NULL, 'SUU5FF2', 'Satyendra Kr. Tiwari', 'SNSTT College, Motihari, Bihar, 845401', '', '8544520070', NULL, 'SAB8DT6', '377979111ff01077d03e63b0d10ca543ab8555394f812fffb77641d4aa4418d89c59599d8ba952809ceb0631237a17bfccb3b92defc153d9b6897c5e222f2812', 'teacher', NULL, 'Y', '2019-02-08 16:40:09', '2019-02-08 16:40:09'),
(29, 21, NULL, 'SUU5FF2', 'Satyendra Kr. Tiwari', 'SNSTT College, Motihari, Bihar, 845401', 'snsttc@outlook.com', '8544520070', NULL, 'SA9KKDU', '377979111ff01077d03e63b0d10ca543ab8555394f812fffb77641d4aa4418d89c59599d8ba952809ceb0631237a17bfccb3b92defc153d9b6897c5e222f2812', 'teacher', NULL, 'D', '2019-02-08 16:40:34', '2019-02-08 16:40:34'),
(30, 21, NULL, 'SUU5FF2', 'Satyendra Kr. Tiwari', 'SNSTT College, Motihari, Bihar, 845401', 'snsttc@outlook.com', '8544520070', NULL, 'SAJ6K3N', '377979111ff01077d03e63b0d10ca543ab8555394f812fffb77641d4aa4418d89c59599d8ba952809ceb0631237a17bfccb3b92defc153d9b6897c5e222f2812', 'teacher', NULL, 'D', '2019-02-08 16:40:57', '2019-02-08 16:40:57'),
(31, 2, NULL, 'ARHN86O', 'bzbsh', 'assdd, czzvzv, vzvzv, 788784', 'vzvbz@gmail.com', '9350943816', NULL, 'BZ8FMJV', 'aaf956a9e183479db749bfed49a7200e7a70f820e420edcd85c487fa7f596805e1bae72263d95ddc9f008d7695dc0a838ca4c5f70c2695b203c2d77d7fe5d292', 'teacher', NULL, 'N', '2019-02-08 16:42:47', '2019-02-08 16:42:47'),
(32, 2, NULL, 'ARHN86O', 'bzbsh', 'assdd, czzvzv, vzvzv, 788784', 'vzvbz@gmail.com', '9350943816', NULL, 'BZBW0IR', 'aaf956a9e183479db749bfed49a7200e7a70f820e420edcd85c487fa7f596805e1bae72263d95ddc9f008d7695dc0a838ca4c5f70c2695b203c2d77d7fe5d292', 'teacher', NULL, 'N', '2019-02-08 16:43:02', '2019-02-08 16:43:02'),
(33, 2, NULL, 'ARHN86O', 'vzvzg', 'gzhs, vzvzv, vzvsgs, 849449', 'afaf@gmail.com', '9350943816', NULL, 'VZ1YJFP', 'aaf956a9e183479db749bfed49a7200e7a70f820e420edcd85c487fa7f596805e1bae72263d95ddc9f008d7695dc0a838ca4c5f70c2695b203c2d77d7fe5d292', 'teacher', NULL, 'N', '2019-02-08 16:51:07', '2019-02-08 16:51:07'),
(34, 2, NULL, 'ARHN86O', 'vzvzg', 'gzhs, vzvzv, vzvsgs, 849449', 'afaf@gmail.com', '9350943816', NULL, 'VZGS00D', 'aaf956a9e183479db749bfed49a7200e7a70f820e420edcd85c487fa7f596805e1bae72263d95ddc9f008d7695dc0a838ca4c5f70c2695b203c2d77d7fe5d292', 'teacher', NULL, 'N', '2019-02-08 16:51:19', '2019-02-08 16:51:19'),
(35, 2, NULL, 'ARHN86O', 'vzvzg', 'gzhs, vzvzv, vzvsgs, 849449', 'afaf@gmail.com', '9350943816', NULL, 'VZNGOY8', 'aaf956a9e183479db749bfed49a7200e7a70f820e420edcd85c487fa7f596805e1bae72263d95ddc9f008d7695dc0a838ca4c5f70c2695b203c2d77d7fe5d292', 'teacher', NULL, 'N', '2019-02-08 16:51:46', '2019-02-08 16:51:46'),
(36, 2, NULL, 'ARHN86O', 'vzvzg', 'gzhs, vzvzv, vzvsgs, 849449', 'afaf@gmail.com', '9350943816', NULL, 'VZTZ8TY', 'aaf956a9e183479db749bfed49a7200e7a70f820e420edcd85c487fa7f596805e1bae72263d95ddc9f008d7695dc0a838ca4c5f70c2695b203c2d77d7fe5d292', 'teacher', NULL, 'N', '2019-02-08 16:53:22', '2019-02-08 16:53:22'),
(37, 2, NULL, 'ARHN86O', 'vzvzg', 'gzhs, vzvzv, vzvsgs, 849449', 'afaf@gmail.com', '9350943816', NULL, 'VZMGMZL', 'aaf956a9e183479db749bfed49a7200e7a70f820e420edcd85c487fa7f596805e1bae72263d95ddc9f008d7695dc0a838ca4c5f70c2695b203c2d77d7fe5d292', 'teacher', NULL, 'N', '2019-02-08 16:53:31', '2019-02-08 16:53:31'),
(38, 2, NULL, 'ARHN86O', 'vzvzg', 'gzhs, vzvzv, vzvsgs, 849449', 'afaf@gmail.com', '9350943816', NULL, 'VZ9WGNP', 'aaf956a9e183479db749bfed49a7200e7a70f820e420edcd85c487fa7f596805e1bae72263d95ddc9f008d7695dc0a838ca4c5f70c2695b203c2d77d7fe5d292', 'teacher', NULL, 'N', '2019-02-08 16:54:12', '2019-02-08 16:54:12'),
(39, 2, NULL, 'ARHN86O', 'vzvzg', 'gzhs, vzvzv, vzvsgs, 849449', 'afaf@gmail.com', '9350943816', NULL, 'VZWWBRG', 'aaf956a9e183479db749bfed49a7200e7a70f820e420edcd85c487fa7f596805e1bae72263d95ddc9f008d7695dc0a838ca4c5f70c2695b203c2d77d7fe5d292', 'teacher', NULL, 'N', '2019-02-08 16:58:07', '2019-02-08 16:58:07'),
(40, 21, NULL, 'SUU5FF2', 'Rajesh Kr. Dwivedi', 'SNSTT College, Motihari, Bihar, 845401', '', '9472972000', NULL, 'M090123', '97bd852c2af1d013c0701a9feafa70787bd3bd33cef1b803de695950f40881d6dc45edd147add8c761477bef5085453ac9242eba8fb3f380d3e9646a60f03739', 'teacher', NULL, 'Y', '2019-02-09 13:01:45', '2019-02-09 13:01:45'),
(41, 21, NULL, 'SUU5FF2', 'Ramakant Dubay', 'SNSTT College, Motihari, Bihar, 845401', '', '9852707975', 'teacher1549700793.jpg', 'M090062', '05b5589b0ca52af20711722becd9a8415c773e4b2c567f6ffdd9af4fe7d4fc1298d2fce1f0975f86e1404fd8d7b5f75693cf2ba38ecc26505e3243f64f4243b8', 'teacher', NULL, 'Y', '2019-02-09 13:52:36', '2019-02-09 13:52:36'),
(42, 21, NULL, 'SUU5FF2', 'Sanjeev Kumar Pankaj', 'SNSTT College, Morihari, Bihar, 845401', '', '9955358078', 'teacher1549701269.jpg', 'M090109', '383d100bc9e64414c5087977f45dfe487a3d2e23ccd3155f962b6e4e32bc5e6d5093e1b06dc43ae0eeee622e90101094168bb04db2d2f70cf276ba4c8c57aa37', 'teacher', NULL, 'Y', '2019-02-09 14:02:22', '2019-02-09 14:02:22'),
(43, 21, NULL, 'SUU5FF2', 'Samir Kumar Singh', 'SNSTT College, Motihari, Bihar, 845401', '', '8579072724', 'teacher1549706455.jpg', 'M090082', '4a902b4b2d05ff4066d8eddcc701f0b715f34aea914e78b9566d7798a101a72561d88853fbc236a40e84eb6783f97400489c1e75f903073ae7ccd2d57e912f68', 'teacher', NULL, 'Y', '2019-02-09 15:28:29', '2019-02-09 15:28:29'),
(44, 21, NULL, 'SUU5FF2', 'Aman Kumar Chaudhary', 'SNSTT College, Motihari, Bihar, 845401', '', '7091754214', 'teacher1549948130.jpg', 'M090090', 'd69cf9718dc63f15c8c3f966b2d9021a42bd0addd05df6d88a4829ff540beac88061e8ddda50b23bac3e7df5a3fe2b2a22e4c9f182b24469edf5a36d6d305224', 'teacher', NULL, 'Y', '2019-02-12 10:35:52', '2019-02-12 10:35:52'),
(45, 21, NULL, 'SUU5FF2', 'Jaleshwar Kumar', 'SNSTT College, Motihari, Bihar, 845401', '', '9155503503', 'teacher1549948562.jpg', 'M090063', 'ca2b845f5b83467331c27e0f519178a5e55d0cec659578123b81b1209541f41da73f34aec46c6f0f62a74673e6378b1d07b3ab484baa25c2de6d26bbb04077c2', 'teacher', NULL, 'Y', '2019-02-12 10:43:37', '2019-02-12 10:43:37'),
(46, 21, NULL, 'SUU5FF2', 'Ravi Shankar Mani Tripathi', 'SNSTT College, Motihari, Bihar, 845401', '', '9801457222', 'teacher1549949333.jpg', 'M090095', '2c7b45dda518816d4cae826ca1896b17f7120e5babcc9c78364b3532ec8ee6d04db38fcee661ca3b9368e433203aab84a1176d1eddc3fbebb5177651a620a456', 'teacher', NULL, 'Y', '2019-02-12 10:56:30', '2019-02-12 10:56:30'),
(47, 21, NULL, 'SUU5FF2', 'Dr. Vijai Kumar Gupta', 'SNSTT College, Motihari, Bihar, 845401', '', '9801458222', 'teacher1549950098.jpg', 'M090081', '8fe82ad5b6655b301f4b36024f572dbf3603c02a1014ee20acabdd11f8c0329775d9485f677c469603b3f5e90ff84e71a1aa466412da5d012fd20fda9deff1a1', 'teacher', NULL, 'Y', '2019-02-12 11:10:07', '2019-02-12 11:10:07'),
(48, 21, NULL, 'SUU5FF2', 'Divya', 'SNSTT College, Motihari, Bihar, 845401', '', '9472952000', 'teacher1550034527.jpg', 'M090122', '42489161aba4ed093a26731a40ee97b5989e28ac67f36f92716ba1c2e6f91c15b8bbb9e2079601c37f298e554c14c7e03a42ab48c8d955a4e55bbe647b6610b6', 'teacher', NULL, 'Y', '2019-02-13 10:36:10', '2019-02-13 10:36:10'),
(49, 21, NULL, 'SUU5FF2', 'Kajal ', 'SNSTT College, Motihari, Bihar, 845401', 'snsttc@outlook.com', '9507390839', 'teacher1550036131.jpg', 'M090093', 'f939a41a9e9ae3d625c34bbfa7a46631736c9615c73e451ee07cb47e54ce6c1411e3874594de599b3ae41fdb5031f57c94daf087fdff26e7d37a8d5bcf63b867', 'teacher', NULL, 'Y', '2019-02-13 11:00:56', '2019-02-13 11:00:56'),
(50, 21, NULL, 'SUU5FF2', 'Devendra Kumar Pandey', 'SNSTT College, Motihari, Bihar, 845401', '', '9122455585', 'teacher1550121616.jpg', 'M090098', 'b2d721c31dd9a90849bda08d8e7d3f7971044978ee57dab7e62081da12faf443a435a0e2c9399aaade1284f3b49cdaa55743ef7d8711ab641ab50bd6397e14b5', 'teacher', NULL, 'Y', '2019-02-14 10:47:40', '2019-02-14 10:47:40'),
(51, 21, NULL, 'SUU5FF2', 'Nikita Kumari', 'SNSTT College, Motihari, Bihar, 845401', '', '9507464265', 'teacher1550121993.jpg', 'M090124', '35e70ebebcc99bc74811b93ca8b64f4a619f41865ce351ac4dbc05f4996e226f127ca6ac5a01b3a4bf1d0f24e676c4ea6e909b43c3f7007efeeea1ecd5e85cfa', 'teacher', NULL, 'Y', '2019-02-14 10:54:14', '2019-02-14 10:54:14'),
(52, 21, NULL, 'SUU5FF2', 'Visheshwar Nath Pandey', 'SNSTT College, Motihari, Bihar, 845401', '', '9801437222', 'teacher1550122990.jpg', 'M090073', '4a935212e9d3fef5f30f5a9690d3303ff1e6861683ec99cc35cf6304266796a7bdb0525bf6421a3cc2899ea03f37706956dd56fb9d68e2daafa182f3e60061f8', 'teacher', NULL, 'Y', '2019-02-14 11:08:28', '2019-02-14 11:08:28'),
(53, 101, 'bulk', 'PAVIVQ3', 'Teacher 1', 'Sector-3, Noida, Uttar Pradesh, 201301', 'teacher1@teacher.com', '1234567890', NULL, 'MENTORT00001', '96bcc3886898c1b1c79a0d56848ab90d72f9d795f52f2357cd50b7f1f51e61a1f372aa6bf252fa9eb19f0aa18f0ef8f440af743415535d53ea0ec53f8784d5ab', 'teacher', NULL, 'Y', '2019-03-25 14:10:43', '2019-03-25 14:10:43'),
(54, 101, 'bulk', 'PAVIVQ3', 'Teacher 2', 'Sector-3, Noida, Uttar Pradesh, 201301', 'teacher2@teacher.com', '1234567890', NULL, 'MENTORT00002', '96bcc3886898c1b1c79a0d56848ab90d72f9d795f52f2357cd50b7f1f51e61a1f372aa6bf252fa9eb19f0aa18f0ef8f440af743415535d53ea0ec53f8784d5ab', 'teacher', NULL, 'Y', '2019-03-25 14:10:43', '2019-03-25 14:10:43'),
(55, 109, 'app', 'GI0ZOZC', 'Ravi', 'noida, noida, uttr ptade, 110022', 'ravi@gmail.com', '9412986263', NULL, 'RAQHPDE', '96bcc3886898c1b1c79a0d56848ab90d72f9d795f52f2357cd50b7f1f51e61a1f372aa6bf252fa9eb19f0aa18f0ef8f440af743415535d53ea0ec53f8784d5ab', 'teacher', NULL, 'N', '2021-10-13 14:36:28', '2021-10-13 14:36:28'),
(56, 111, 'app', 'SC30Y74', 'mohit', 'arvind9227@gmail.com, hshshs, gshsgsgs, 201301', 'arvind9227@gmail.com', '9350943816', NULL, 'MOZXO65', '96bcc3886898c1b1c79a0d56848ab90d72f9d795f52f2357cd50b7f1f51e61a1f372aa6bf252fa9eb19f0aa18f0ef8f440af743415535d53ea0ec53f8784d5ab', 'teacher', NULL, 'N', '2021-12-03 20:01:49', '2021-12-03 20:01:49'),
(57, 1, 'app', 'HAK9KF8', 'Arvind Singh', 'afafaga, hshshsh, zgzhhs, 201304', 'arvind9227@gmail.com', '7011036618', NULL, 'arvind', '96bcc3886898c1b1c79a0d56848ab90d72f9d795f52f2357cd50b7f1f51e61a1f372aa6bf252fa9eb19f0aa18f0ef8f440af743415535d53ea0ec53f8784d5ab', 'teacher', NULL, 'Y', '2021-12-03 20:05:40', '2021-12-03 20:05:40'),
(58, 114, 'app', 'SUI9DBQ', 'Vaishali Patwal', 'Gangapur, Rudrapur, Uttrakhand, 263153', '', '8791188707', NULL, 'VAC1UBT', '96bcc3886898c1b1c79a0d56848ab90d72f9d795f52f2357cd50b7f1f51e61a1f372aa6bf252fa9eb19f0aa18f0ef8f440af743415535d53ea0ec53f8784d5ab', 'teacher', NULL, 'Y', '2021-12-07 20:35:56', '2021-12-07 20:35:56');

-- --------------------------------------------------------

--
-- Table structure for table `teacher_attendance`
--

CREATE TABLE `teacher_attendance` (
  `tattendanceID` int(200) UNSIGNED NOT NULL,
  `schoolID` int(11) NOT NULL,
  `academicID` int(11) NOT NULL,
  `teacherID` int(11) NOT NULL,
  `userID` int(11) NOT NULL,
  `usertype` varchar(20) NOT NULL,
  `monthyear` varchar(10) NOT NULL,
  `a1` varchar(3) DEFAULT NULL,
  `a2` varchar(3) DEFAULT NULL,
  `a3` varchar(3) DEFAULT NULL,
  `a4` varchar(3) DEFAULT NULL,
  `a5` varchar(3) DEFAULT NULL,
  `a6` varchar(3) DEFAULT NULL,
  `a7` varchar(3) DEFAULT NULL,
  `a8` varchar(3) DEFAULT NULL,
  `a9` varchar(3) DEFAULT NULL,
  `a10` varchar(3) DEFAULT NULL,
  `a11` varchar(3) DEFAULT NULL,
  `a12` varchar(3) DEFAULT NULL,
  `a13` varchar(3) DEFAULT NULL,
  `a14` varchar(3) DEFAULT NULL,
  `a15` varchar(3) DEFAULT NULL,
  `a16` varchar(3) DEFAULT NULL,
  `a17` varchar(3) DEFAULT NULL,
  `a18` varchar(3) DEFAULT NULL,
  `a19` varchar(3) DEFAULT NULL,
  `a20` varchar(3) DEFAULT NULL,
  `a21` varchar(3) DEFAULT NULL,
  `a22` varchar(3) DEFAULT NULL,
  `a23` varchar(3) DEFAULT NULL,
  `a24` varchar(3) DEFAULT NULL,
  `a25` varchar(3) DEFAULT NULL,
  `a26` varchar(3) DEFAULT NULL,
  `a27` varchar(3) DEFAULT NULL,
  `a28` varchar(3) DEFAULT NULL,
  `a29` varchar(3) DEFAULT NULL,
  `a30` varchar(3) DEFAULT NULL,
  `a31` varchar(3) DEFAULT NULL
) ENGINE=InnoDB DEFAULT CHARSET=utf8;

--
-- Dumping data for table `teacher_attendance`
--

INSERT INTO `teacher_attendance` (`tattendanceID`, `schoolID`, `academicID`, `teacherID`, `userID`, `usertype`, `monthyear`, `a1`, `a2`, `a3`, `a4`, `a5`, `a6`, `a7`, `a8`, `a9`, `a10`, `a11`, `a12`, `a13`, `a14`, `a15`, `a16`, `a17`, `a18`, `a19`, `a20`, `a21`, `a22`, `a23`, `a24`, `a25`, `a26`, `a27`, `a28`, `a29`, `a30`, `a31`) VALUES
(1, 5, 1, 3, 5, 'school', '11-2018', NULL, NULL, NULL, NULL, NULL, NULL, NULL, NULL, NULL, NULL, NULL, NULL, NULL, NULL, NULL, NULL, NULL, NULL, NULL, 'P', NULL, NULL, NULL, NULL, NULL, NULL, NULL, NULL, NULL, NULL, NULL),
(2, 5, 1, 3, 5, 'school', '12-2018', 'P', NULL, NULL, NULL, NULL, NULL, NULL, NULL, NULL, NULL, NULL, NULL, NULL, NULL, NULL, NULL, NULL, NULL, NULL, NULL, NULL, NULL, NULL, NULL, NULL, NULL, NULL, NULL, NULL, NULL, NULL),
(3, 2, 1, 2, 2, 'school', '12-2018', NULL, NULL, NULL, NULL, NULL, NULL, NULL, 'P', NULL, 'L', NULL, NULL, NULL, NULL, NULL, NULL, NULL, 'A', NULL, NULL, NULL, NULL, NULL, NULL, NULL, NULL, NULL, NULL, NULL, NULL, NULL),
(4, 2, 1, 4, 2, 'school', '12-2018', NULL, NULL, NULL, NULL, NULL, NULL, NULL, 'P', NULL, 'P', NULL, NULL, NULL, NULL, NULL, NULL, NULL, 'P', NULL, NULL, NULL, NULL, NULL, NULL, NULL, NULL, NULL, NULL, NULL, NULL, NULL),
(5, 36, 1, 9, 36, 'school', '01-2019', NULL, NULL, NULL, NULL, NULL, NULL, NULL, NULL, NULL, NULL, NULL, NULL, NULL, 'A', NULL, NULL, NULL, NULL, NULL, NULL, NULL, NULL, NULL, NULL, NULL, NULL, NULL, NULL, NULL, NULL, NULL),
(6, 36, 1, 10, 36, 'school', '01-2019', NULL, NULL, NULL, NULL, NULL, NULL, NULL, NULL, NULL, NULL, NULL, NULL, NULL, 'P', NULL, NULL, NULL, NULL, NULL, NULL, NULL, NULL, NULL, NULL, NULL, NULL, NULL, NULL, NULL, NULL, NULL),
(7, 36, 1, 11, 36, 'school', '01-2019', NULL, NULL, NULL, NULL, NULL, NULL, NULL, NULL, NULL, NULL, NULL, NULL, NULL, 'L', NULL, NULL, NULL, NULL, NULL, NULL, NULL, NULL, NULL, NULL, NULL, NULL, NULL, NULL, NULL, NULL, NULL),
(8, 36, 1, 12, 36, 'school', '01-2019', NULL, NULL, NULL, NULL, NULL, NULL, NULL, NULL, NULL, NULL, NULL, NULL, NULL, 'P', NULL, NULL, NULL, NULL, NULL, NULL, NULL, NULL, NULL, NULL, NULL, NULL, NULL, NULL, NULL, NULL, NULL),
(9, 28, 1, 7, 28, 'school', '01-2019', NULL, NULL, NULL, NULL, NULL, NULL, NULL, NULL, NULL, NULL, NULL, NULL, NULL, NULL, NULL, NULL, NULL, NULL, 'P', NULL, NULL, NULL, 'P', NULL, NULL, NULL, NULL, NULL, NULL, NULL, NULL),
(10, 21, 1, 14, 21, 'school', '02-2019', NULL, NULL, NULL, NULL, NULL, NULL, NULL, NULL, NULL, NULL, 'P', 'P', 'P', 'P', NULL, NULL, NULL, NULL, NULL, NULL, NULL, NULL, NULL, NULL, NULL, NULL, NULL, NULL, NULL, NULL, NULL),
(11, 21, 1, 21, 21, 'school', '02-2019', NULL, NULL, NULL, NULL, NULL, NULL, NULL, NULL, NULL, NULL, 'P', 'P', 'P', 'P', NULL, NULL, NULL, NULL, NULL, NULL, NULL, NULL, NULL, NULL, NULL, NULL, NULL, NULL, NULL, NULL, NULL),
(12, 21, 1, 22, 21, 'school', '02-2019', NULL, NULL, NULL, NULL, NULL, NULL, NULL, NULL, NULL, NULL, 'A', 'A', 'A', 'A', NULL, NULL, NULL, NULL, NULL, NULL, NULL, NULL, NULL, NULL, NULL, NULL, NULL, NULL, NULL, NULL, NULL),
(13, 21, 1, 23, 21, 'school', '02-2019', NULL, NULL, NULL, NULL, NULL, NULL, NULL, NULL, NULL, NULL, 'A', 'A', 'A', 'A', NULL, NULL, NULL, NULL, NULL, NULL, NULL, NULL, NULL, NULL, NULL, NULL, NULL, NULL, NULL, NULL, NULL),
(14, 21, 1, 24, 21, 'school', '02-2019', NULL, NULL, NULL, NULL, NULL, NULL, NULL, NULL, NULL, NULL, 'A', 'A', 'A', 'A', NULL, NULL, NULL, NULL, NULL, NULL, NULL, NULL, NULL, NULL, NULL, NULL, NULL, NULL, NULL, NULL, NULL),
(15, 21, 1, 25, 21, 'school', '02-2019', NULL, NULL, NULL, NULL, NULL, NULL, NULL, NULL, NULL, NULL, 'A', 'A', 'A', 'A', NULL, NULL, NULL, NULL, NULL, NULL, NULL, NULL, NULL, NULL, NULL, NULL, NULL, NULL, NULL, NULL, NULL),
(16, 21, 1, 26, 21, 'school', '02-2019', NULL, NULL, NULL, NULL, NULL, NULL, NULL, NULL, NULL, NULL, 'A', 'A', 'A', 'A', NULL, NULL, NULL, NULL, NULL, NULL, NULL, NULL, NULL, NULL, NULL, NULL, NULL, NULL, NULL, NULL, NULL),
(17, 21, 1, 27, 21, 'school', '02-2019', NULL, NULL, NULL, NULL, NULL, NULL, NULL, NULL, NULL, NULL, 'A', 'A', 'A', 'A', NULL, NULL, NULL, NULL, NULL, NULL, NULL, NULL, NULL, NULL, NULL, NULL, NULL, NULL, NULL, NULL, NULL),
(18, 21, 1, 28, 21, 'school', '02-2019', NULL, NULL, NULL, NULL, NULL, NULL, NULL, NULL, NULL, NULL, 'A', 'A', 'A', 'A', NULL, NULL, NULL, NULL, NULL, NULL, NULL, NULL, NULL, NULL, NULL, NULL, NULL, NULL, NULL, NULL, NULL),
(19, 21, 1, 29, 21, 'school', '02-2019', NULL, NULL, NULL, NULL, NULL, NULL, NULL, NULL, NULL, NULL, 'A', 'A', 'A', 'A', NULL, NULL, NULL, NULL, NULL, NULL, NULL, NULL, NULL, NULL, NULL, NULL, NULL, NULL, NULL, NULL, NULL),
(20, 21, 1, 30, 21, 'school', '02-2019', NULL, NULL, NULL, NULL, NULL, NULL, NULL, NULL, NULL, NULL, 'A', 'A', 'A', 'A', NULL, NULL, NULL, NULL, NULL, NULL, NULL, NULL, NULL, NULL, NULL, NULL, NULL, NULL, NULL, NULL, NULL),
(21, 21, 1, 40, 21, 'school', '02-2019', NULL, NULL, NULL, NULL, NULL, NULL, NULL, NULL, NULL, NULL, 'P', 'A', 'A', 'P', NULL, NULL, NULL, NULL, NULL, NULL, NULL, NULL, NULL, NULL, NULL, NULL, NULL, NULL, NULL, NULL, NULL),
(22, 21, 1, 41, 21, 'school', '02-2019', NULL, NULL, NULL, NULL, NULL, NULL, NULL, NULL, NULL, NULL, 'P', 'P', 'P', 'P', NULL, NULL, NULL, NULL, NULL, NULL, NULL, NULL, NULL, NULL, NULL, NULL, NULL, NULL, NULL, NULL, NULL),
(23, 21, 1, 42, 21, 'school', '02-2019', NULL, NULL, NULL, NULL, NULL, NULL, NULL, NULL, NULL, NULL, 'P', 'P', 'P', 'P', NULL, NULL, NULL, NULL, NULL, NULL, NULL, NULL, NULL, NULL, NULL, NULL, NULL, NULL, NULL, NULL, NULL),
(24, 21, 1, 43, 21, 'school', '02-2019', NULL, NULL, NULL, NULL, NULL, NULL, NULL, NULL, NULL, NULL, 'P', 'P', 'P', 'P', NULL, NULL, NULL, NULL, NULL, NULL, NULL, NULL, NULL, NULL, NULL, NULL, NULL, NULL, NULL, NULL, NULL),
(25, 21, 1, 44, 21, 'school', '02-2019', NULL, NULL, NULL, NULL, NULL, NULL, NULL, NULL, NULL, NULL, NULL, 'P', 'P', 'P', NULL, NULL, NULL, NULL, NULL, NULL, NULL, NULL, NULL, NULL, NULL, NULL, NULL, NULL, NULL, NULL, NULL),
(26, 21, 1, 45, 21, 'school', '02-2019', NULL, NULL, NULL, NULL, NULL, NULL, NULL, NULL, NULL, NULL, NULL, 'P', 'P', 'P', NULL, NULL, NULL, NULL, NULL, NULL, NULL, NULL, NULL, NULL, NULL, NULL, NULL, NULL, NULL, NULL, NULL),
(27, 21, 1, 46, 21, 'school', '02-2019', NULL, NULL, NULL, NULL, NULL, NULL, NULL, NULL, NULL, NULL, NULL, 'P', 'P', 'P', NULL, NULL, NULL, NULL, NULL, NULL, NULL, NULL, NULL, NULL, NULL, NULL, NULL, NULL, NULL, NULL, NULL),
(28, 21, 1, 47, 21, 'school', '02-2019', NULL, NULL, NULL, NULL, NULL, NULL, NULL, NULL, NULL, NULL, NULL, 'P', 'P', 'P', NULL, NULL, NULL, NULL, NULL, NULL, NULL, NULL, NULL, NULL, NULL, NULL, NULL, NULL, NULL, NULL, NULL),
(29, 21, 1, 48, 21, 'school', '02-2019', NULL, NULL, NULL, NULL, NULL, NULL, NULL, NULL, NULL, NULL, NULL, NULL, 'P', 'P', NULL, NULL, NULL, NULL, NULL, NULL, NULL, NULL, NULL, NULL, NULL, NULL, NULL, NULL, NULL, NULL, NULL),
(30, 21, 1, 49, 21, 'school', '02-2019', NULL, NULL, NULL, NULL, NULL, NULL, NULL, NULL, NULL, NULL, NULL, NULL, 'P', 'P', NULL, NULL, NULL, NULL, NULL, NULL, NULL, NULL, NULL, NULL, NULL, NULL, NULL, NULL, NULL, NULL, NULL),
(31, 28, 1, 7, 28, 'school', '02-2019', NULL, NULL, NULL, NULL, NULL, NULL, NULL, NULL, NULL, NULL, NULL, NULL, NULL, NULL, NULL, NULL, NULL, NULL, 'P', NULL, NULL, NULL, NULL, NULL, NULL, NULL, NULL, NULL, NULL, NULL, NULL),
(32, 28, 1, 0, 28, 'school', '02-2019', NULL, NULL, NULL, NULL, NULL, NULL, NULL, NULL, NULL, NULL, NULL, NULL, NULL, NULL, NULL, NULL, NULL, NULL, NULL, NULL, NULL, NULL, NULL, NULL, NULL, NULL, NULL, NULL, NULL, NULL, NULL);

-- --------------------------------------------------------

--
-- Table structure for table `track_detail`
--

CREATE TABLE `track_detail` (
  `ID` int(11) NOT NULL,
  `recordID` int(11) NOT NULL,
  `latitude` varchar(200) NOT NULL,
  `longitude` varchar(200) NOT NULL,
  `added_on` datetime NOT NULL
) ENGINE=MyISAM DEFAULT CHARSET=latin1;

--
-- Dumping data for table `track_detail`
--

INSERT INTO `track_detail` (`ID`, `recordID`, `latitude`, `longitude`, `added_on`) VALUES
(1, 1, '20.9880135', '82.7525294', '2019-01-22 12:23:06'),
(2, 14, '28.5797757', '77.3186932', '2019-02-02 12:29:18'),
(3, 14, '28.5797757', '77.3186932', '2019-02-02 12:29:24'),
(4, 14, '28.5797757', '77.3186932', '2019-02-02 12:29:30'),
(5, 14, '28.5797684', '77.3186855', '2019-02-02 12:29:36'),
(6, 14, '28.5797684', '77.3186855', '2019-02-02 12:29:42'),
(7, 14, '28.5797273', '77.3186806', '2019-02-02 12:29:49'),
(8, 14, '28.5797273', '77.3186806', '2019-02-02 12:29:55'),
(9, 14, '28.5797688', '77.318635', '2019-02-02 12:30:02'),
(10, 14, '28.5797688', '77.318635', '2019-02-02 12:30:08'),
(11, 14, '28.5796458', '77.3185542', '2019-02-02 12:30:14'),
(12, 14, '28.5796458', '77.3185542', '2019-02-02 12:30:21'),
(13, 14, '28.5796097', '77.3184815', '2019-02-02 12:30:27'),
(14, 14, '28.5796097', '77.3184815', '2019-02-02 12:30:42'),
(15, 14, '28.579621', '77.3184833', '2019-02-02 12:30:51'),
(16, 14, '28.57961', '77.3183863', '2019-02-02 12:31:36'),
(17, 14, '28.5803217', '77.3176917', '2019-02-02 12:31:36'),
(18, 14, '28.5803217', '77.3176917', '2019-02-02 12:31:42'),
(19, 14, '28.5804273', '77.3175595', '2019-02-02 12:31:57'),
(20, 14, '28.5804752', '77.3176153', '2019-02-02 12:32:07'),
(21, 14, '28.5804752', '77.3176153', '2019-02-02 12:32:13'),
(22, 14, '28.5805655', '77.3175635', '2019-02-02 12:32:20'),
(23, 14, '28.5805655', '77.3175635', '2019-02-02 12:32:26'),
(24, 14, '28.5806196', '77.3175402', '2019-02-02 12:32:32'),
(25, 14, '28.5806196', '77.3175402', '2019-02-02 12:32:39'),
(26, 14, '28.5807735', '77.3173127', '2019-02-02 12:32:45'),
(27, 14, '28.5807735', '77.3173127', '2019-02-02 12:32:51'),
(28, 14, '28.5808666', '77.317061', '2019-02-02 12:32:58'),
(29, 14, '28.5808666', '77.317061', '2019-02-02 12:33:04'),
(30, 14, '28.5808243', '77.3170978', '2019-02-02 12:33:11'),
(31, 14, '28.5808243', '77.3170978', '2019-02-02 12:33:17'),
(32, 14, '28.5809048', '77.3170057', '2019-02-02 12:33:30'),
(33, 14, '28.5809137', '77.3169523', '2019-02-02 12:33:36'),
(34, 14, '28.5809137', '77.3169523', '2019-02-02 12:33:42'),
(35, 14, '28.5811053', '77.3167183', '2019-02-02 12:33:49'),
(36, 14, '28.5811053', '77.3167183', '2019-02-02 12:33:55'),
(37, 14, '28.5814304', '77.3166549', '2019-02-02 12:34:02'),
(38, 14, '28.5814304', '77.3166549', '2019-02-02 12:34:08'),
(39, 14, '28.5814552', '77.3165808', '2019-02-02 12:34:15'),
(40, 14, '28.5814552', '77.3165808', '2019-02-02 12:34:21'),
(41, 14, '28.5815601', '77.3165548', '2019-02-02 12:34:28'),
(42, 14, '28.5815601', '77.3165548', '2019-02-02 12:34:34'),
(43, 14, '28.581965', '77.3165589', '2019-02-02 12:34:40'),
(44, 15, '28.579166256822646', '77.31902170926332', '2019-02-04 17:55:29'),
(45, 15, '28.5797105', '77.3187106', '2019-02-04 17:55:36'),
(46, 15, '28.579166256822646', '77.31902170926332', '2019-02-04 17:55:42'),
(47, 15, '28.5797187', '77.3187098', '2019-02-04 17:55:48'),
(48, 15, '28.579166256822646', '77.31902170926332', '2019-02-04 17:55:54'),
(49, 15, '28.5797312', '77.3187089', '2019-02-04 17:56:00'),
(50, 15, '28.579166256822646', '77.31902170926332', '2019-02-04 17:56:06'),
(51, 15, '28.5797134', '77.3187129', '2019-02-04 17:56:12'),
(52, 15, '28.579166256822646', '77.31902170926332', '2019-02-04 17:56:18'),
(53, 15, '28.5797212', '77.3187166', '2019-02-04 17:56:24'),
(54, 15, '28.579166256822646', '77.31902170926332', '2019-02-04 17:56:30'),
(55, 15, '28.5797376', '77.3187007', '2019-02-04 17:56:36'),
(56, 15, '28.579166256822646', '77.31902170926332', '2019-02-04 17:56:43'),
(57, 15, '28.5797297', '77.3187087', '2019-02-04 17:56:49'),
(58, 15, '28.579166256822646', '77.31902170926332', '2019-02-04 17:56:55'),
(59, 17, '28.5797204', '77.3187305', '2019-02-26 15:15:02'),
(60, 17, '28.57947818934917', '77.3184431064874', '2019-02-26 15:15:08'),
(61, 17, '28.57947818934917', '77.3184431064874', '2019-02-26 15:15:14'),
(62, 17, '28.5797414', '77.3187209', '2019-02-26 15:20:51'),
(63, 17, '28.5796878', '77.318711', '2019-02-26 15:20:57'),
(64, 17, '28.5796878', '77.318711', '2019-02-26 15:21:04'),
(65, 17, '28.5796546', '77.3187221', '2019-02-26 15:21:10'),
(66, 17, '28.5796546', '77.3187221', '2019-02-26 15:21:16'),
(67, 17, '28.5797293', '77.318735', '2019-02-26 15:21:22'),
(68, 17, '28.5797293', '77.318735', '2019-02-26 15:21:28'),
(69, 17, '28.5796468', '77.3187455', '2019-02-26 15:21:34'),
(70, 17, '28.5796468', '77.3187455', '2019-02-26 15:21:41'),
(71, 17, '28.5795513', '77.3187357', '2019-02-26 15:21:47'),
(72, 17, '28.5795513', '77.3187357', '2019-02-26 15:21:53'),
(73, 17, '28.5797027', '77.3187233', '2019-02-26 15:21:59'),
(74, 17, '28.5797304', '77.3187241', '2019-02-26 15:30:40'),
(75, 17, '28.57947818934917', '77.3184431064874', '2019-02-26 15:30:46'),
(76, 17, '28.57947818934917', '77.3184431064874', '2019-02-26 15:30:52'),
(77, 17, '28.5797284', '77.3187238', '2019-02-26 15:30:58'),
(78, 17, '28.57947818934917', '77.3184431064874', '2019-02-26 15:31:18'),
(79, 17, '28.5797398', '77.3187331', '2019-02-26 15:31:24'),
(80, 17, '28.57947818934917', '77.3184431064874', '2019-02-26 15:31:30'),
(81, 17, '28.5797534', '77.3187292', '2019-02-26 15:31:37'),
(82, 17, '28.57947818934917', '77.3184431064874', '2019-02-26 15:31:43'),
(83, 17, '28.579735', '77.3187252', '2019-02-26 15:31:49'),
(84, 17, '28.57947818934917', '77.3184431064874', '2019-02-26 15:31:55'),
(85, 17, '28.579735', '77.3187252', '2019-02-26 15:32:01'),
(86, 17, '28.57947818934917', '77.3184431064874', '2019-02-26 15:32:08'),
(87, 17, '28.5797351', '77.3187251', '2019-02-26 15:32:14'),
(88, 17, '28.57947818934917', '77.3184431064874', '2019-02-26 15:32:19'),
(89, 17, '28.5797147', '77.3187228', '2019-02-26 15:32:26'),
(90, 17, '28.5797253', '77.3187267', '2019-02-26 15:54:29'),
(91, 17, '28.5797398', '77.3187289', '2019-02-26 15:54:36'),
(92, 17, '28.57947818934917', '77.3184431064874', '2019-02-26 15:54:42'),
(93, 17, '28.579741', '77.3187291', '2019-02-26 15:54:48'),
(94, 17, '28.57947818934917', '77.3184431064874', '2019-02-26 15:54:55'),
(95, 17, '28.5797338', '77.3187254', '2019-02-26 15:55:01'),
(96, 17, '28.57947818934917', '77.3184431064874', '2019-02-26 15:55:07'),
(97, 17, '28.57947818934917', '77.3184431064874', '2019-02-26 15:55:42'),
(98, 17, '28.5797359', '77.3187301', '2019-02-26 15:55:48'),
(99, 17, '28.57947818934917', '77.3184431064874', '2019-02-26 15:55:55'),
(100, 17, '28.5797287', '77.3187291', '2019-02-26 15:56:01'),
(101, 17, '28.57947818934917', '77.3184431064874', '2019-02-26 15:56:07'),
(102, 17, '28.5797596', '77.3187308', '2019-02-26 15:56:13'),
(103, 17, '28.57947818934917', '77.3184431064874', '2019-02-26 15:56:19'),
(104, 17, '28.5797658', '77.3187312', '2019-02-26 15:56:26'),
(105, 17, '28.57947818934917', '77.3184431064874', '2019-02-26 15:56:32'),
(106, 17, '28.5797496', '77.3187267', '2019-02-26 15:56:38'),
(107, 17, '28.57947818934917', '77.3184431064874', '2019-02-26 15:56:44'),
(108, 17, '28.57975', '77.3187252', '2019-02-26 15:56:51'),
(109, 17, '28.57947818934917', '77.3184431064874', '2019-02-26 15:56:57'),
(110, 17, '28.5797442', '77.3187221', '2019-02-26 15:57:03'),
(111, 17, '28.57947818934917', '77.3184431064874', '2019-02-26 15:57:09'),
(112, 17, '28.5797285', '77.3187265', '2019-02-26 15:57:15'),
(113, 17, '28.57947818934917', '77.3184431064874', '2019-02-26 15:57:21'),
(114, 17, '28.5797232', '77.3187253', '2019-02-26 15:57:27'),
(115, 17, '28.57947818934917', '77.3184431064874', '2019-02-26 15:57:34'),
(116, 17, '28.5797293', '77.3187226', '2019-02-26 15:57:40'),
(117, 17, '28.57947818934917', '77.3184431064874', '2019-02-26 15:57:47'),
(118, 17, '28.5797296', '77.3187225', '2019-02-26 15:57:53'),
(119, 17, '28.57947818934917', '77.3184431064874', '2019-02-26 15:57:59'),
(120, 17, '28.5797356', '77.3187272', '2019-02-26 15:58:05'),
(121, 17, '28.57947818934917', '77.3184431064874', '2019-02-26 15:58:11'),
(122, 17, '28.579736', '77.3187268', '2019-02-26 15:58:17'),
(123, 17, '28.57947818934917', '77.3184431064874', '2019-02-26 15:58:24'),
(124, 17, '28.5797153', '77.3187229', '2019-02-26 15:58:30'),
(125, 17, '28.57947818934917', '77.3184431064874', '2019-02-26 15:58:36'),
(126, 17, '28.579737', '77.3187255', '2019-02-26 15:58:42'),
(127, 17, '28.57947818934917', '77.3184431064874', '2019-02-26 15:58:48'),
(128, 17, '28.5797388', '77.3187244', '2019-02-26 15:58:54'),
(129, 17, '28.57947818934917', '77.3184431064874', '2019-02-26 15:59:01'),
(130, 17, '28.5797514', '77.3187288', '2019-02-26 15:59:07'),
(131, 17, '28.5797352', '77.3187291', '2019-02-26 16:08:16'),
(132, 17, '28.5797411', '77.3187264', '2019-02-26 16:08:22'),
(133, 17, '28.57947818934917', '77.3184431064874', '2019-02-26 16:08:28'),
(134, 17, '28.5797411', '77.3187264', '2019-02-26 16:08:34'),
(135, 17, '28.57947818934917', '77.3184431064874', '2019-02-26 16:08:41'),
(136, 17, '28.5797386', '77.3187259', '2019-02-26 16:08:47'),
(137, 17, '28.57947818934917', '77.3184431064874', '2019-02-26 16:08:54'),
(138, 17, '28.5797354', '77.3187287', '2019-02-26 16:09:00'),
(139, 17, '28.57947818934917', '77.3184431064874', '2019-02-26 16:09:05'),
(140, 17, '28.5797246', '77.3187277', '2019-02-26 16:09:11'),
(141, 17, '28.57947818934917', '77.3184431064874', '2019-02-26 16:09:18'),
(142, 17, '28.5797145', '77.3187334', '2019-02-26 16:09:24'),
(143, 17, '28.57947818934917', '77.3184431064874', '2019-02-26 16:09:30'),
(144, 17, '28.5797383', '77.3187313', '2019-02-26 16:09:36'),
(145, 17, '28.57947818934917', '77.3184431064874', '2019-02-26 16:09:42'),
(146, 17, '28.5797245', '77.3187314', '2019-02-26 16:09:49'),
(147, 17, '28.57947818934917', '77.3184431064874', '2019-02-26 16:09:55'),
(148, 17, '28.5797578', '77.3187225', '2019-02-26 16:10:01'),
(149, 17, '28.57947818934917', '77.3184431064874', '2019-02-26 16:10:08'),
(150, 17, '28.5797418', '77.3187227', '2019-02-26 16:13:18'),
(151, 17, '28.5797289', '77.3187205', '2019-02-26 16:13:24'),
(152, 17, '28.57947818934917', '77.3184431064874', '2019-02-26 16:13:31'),
(153, 17, '28.57947818934917', '77.3184431064874', '2019-02-26 16:30:16'),
(154, 17, '28.579748', '77.3187258', '2019-02-26 16:33:16'),
(155, 17, '28.5797478', '77.3187259', '2019-02-26 16:33:23'),
(156, 17, '28.57947818934917', '77.3184431064874', '2019-02-26 16:33:29'),
(157, 17, '28.5797537', '77.3187313', '2019-02-26 16:33:36'),
(158, 17, '28.57947818934917', '77.3184431064874', '2019-02-26 16:33:41'),
(159, 17, '28.5797561', '77.3187318', '2019-02-26 16:33:48'),
(160, 17, '28.57947818934917', '77.3184431064874', '2019-02-26 16:33:54'),
(161, 17, '28.5797767', '77.3187323', '2019-02-26 16:34:00'),
(162, 17, '28.57947818934917', '77.3184431064874', '2019-02-26 16:34:07'),
(163, 17, '28.5797767', '77.3187323', '2019-02-26 16:34:14'),
(164, 17, '28.5797764', '77.3187324', '2019-02-26 16:34:55'),
(165, 17, '28.5797834', '77.3187339', '2019-02-26 16:35:01'),
(166, 17, '28.57947818934917', '77.3184431064874', '2019-02-26 16:35:08'),
(167, 17, '28.5797691', '77.3187272', '2019-02-26 16:35:14'),
(168, 17, '28.58208600897342', '77.31877787970006', '2019-02-26 16:35:20'),
(169, 17, '28.5797309', '77.3187209', '2019-02-26 16:35:27'),
(170, 17, '28.58208600897342', '77.31877787970006', '2019-02-26 16:35:33'),
(171, 17, '28.5797315', '77.3187227', '2019-02-26 16:35:39'),
(172, 17, '28.57947818934917', '77.3184431064874', '2019-02-26 16:35:45'),
(173, 17, '28.5797315', '77.3187227', '2019-02-26 16:35:51'),
(174, 17, '28.57947818934917', '77.3184431064874', '2019-02-26 16:35:57'),
(175, 17, '28.5797328', '77.3187235', '2019-02-26 16:36:04'),
(176, 17, '28.57947818934917', '77.3184431064874', '2019-02-26 16:36:10'),
(177, 17, '28.579737', '77.3187299', '2019-02-26 16:36:16'),
(178, 17, '28.57947818934917', '77.3184431064874', '2019-02-26 16:36:22'),
(179, 17, '28.5797284', '77.3187293', '2019-02-26 16:36:28'),
(180, 17, '28.57947818934917', '77.3184431064874', '2019-02-26 17:10:19'),
(181, 17, '28.5797328', '77.3187285', '2019-02-26 17:10:26'),
(182, 17, '28.5797145', '77.3187193', '2019-02-26 17:14:26'),
(183, 17, '28.5797168', '77.3187309', '2019-02-26 17:14:33'),
(184, 17, '28.57947818934917', '77.3184431064874', '2019-02-26 17:14:39'),
(185, 17, '28.5797223', '77.3187234', '2019-02-26 17:14:45'),
(186, 17, '28.5797204', '77.3187218', '2019-02-26 17:14:50'),
(187, 17, '28.57947818934917', '77.3184431064874', '2019-02-26 17:14:51'),
(188, 17, '28.5796937', '77.3187213', '2019-02-26 17:14:57'),
(189, 17, '28.5797316', '77.3187208', '2019-02-26 17:14:57'),
(190, 17, '28.5796937', '77.3187213', '2019-02-26 17:15:04'),
(191, 17, '28.57947818934917', '77.3184431064874', '2019-02-26 17:15:05'),
(192, 17, '28.5797104', '77.3187136', '2019-02-26 17:15:11'),
(193, 17, '28.579718', '77.3187233', '2019-02-26 17:15:11'),
(194, 17, '28.5797104', '77.3187136', '2019-02-26 17:15:16'),
(195, 17, '28.5796625', '77.3187108', '2019-02-26 17:15:22'),
(196, 17, '28.5796625', '77.3187108', '2019-02-26 17:15:28'),
(197, 17, '28.5797166', '77.3187063', '2019-02-26 17:15:34'),
(198, 17, '28.5797166', '77.3187063', '2019-02-26 17:15:40'),
(199, 17, '28.5797284', '77.3187213', '2019-02-26 17:15:46'),
(200, 17, '28.5797284', '77.3187213', '2019-02-26 17:15:53'),
(201, 17, '28.5797245', '77.3187199', '2019-02-26 17:15:59'),
(202, 17, '28.5797245', '77.3187199', '2019-02-26 17:16:05'),
(203, 17, '28.579723', '77.3187208', '2019-02-26 17:16:11'),
(204, 17, '28.579723', '77.3187208', '2019-02-26 17:16:17'),
(205, 17, '28.5797421', '77.3187187', '2019-02-26 17:16:24'),
(206, 17, '28.5797421', '77.3187187', '2019-02-26 17:16:30'),
(207, 17, '28.5797401', '77.3187166', '2019-02-26 17:16:36'),
(208, 17, '28.5797401', '77.3187166', '2019-02-26 17:16:42'),
(209, 17, '28.5797573', '77.31872', '2019-02-26 17:16:49'),
(210, 17, '28.5797573', '77.31872', '2019-02-26 17:16:55'),
(211, 17, '28.5797418', '77.3187238', '2019-02-26 17:17:01'),
(212, 17, '28.5797418', '77.3187238', '2019-02-26 17:17:07'),
(213, 17, '28.5797414', '77.3187234', '2019-02-26 17:19:02'),
(214, 17, '28.5797021', '77.318726', '2019-02-26 17:19:08'),
(215, 17, '28.5797021', '77.318726', '2019-02-26 17:19:14'),
(216, 17, '28.5797233', '77.318724', '2019-02-26 17:19:20'),
(217, 17, '28.5797233', '77.318724', '2019-02-26 17:19:26'),
(218, 17, '28.5796579', '77.3187229', '2019-02-26 17:19:33'),
(219, 17, '28.5796579', '77.3187229', '2019-02-26 17:19:39'),
(220, 17, '28.5795368', '77.3187261', '2019-02-26 17:19:45'),
(221, 17, '28.5795368', '77.3187261', '2019-02-26 17:19:51'),
(222, 17, '28.5797442', '77.318738', '2019-02-26 19:33:36'),
(223, 17, '28.5797611', '77.3187322', '2019-02-26 19:33:43'),
(224, 17, '28.5797611', '77.3187322', '2019-02-26 19:33:49'),
(225, 17, '28.5797599', '77.3187308', '2019-02-26 19:33:55'),
(226, 17, '28.5797599', '77.3187308', '2019-02-26 19:34:01'),
(227, 17, '28.5797611', '77.3187297', '2019-02-26 19:34:07'),
(228, 17, '28.5797611', '77.3187297', '2019-02-26 19:34:13'),
(229, 17, '28.579731', '77.3187421', '2019-02-26 19:34:19'),
(230, 17, '28.579731', '77.3187421', '2019-02-26 19:34:25'),
(231, 18, '28.5797266', '77.3187', '2019-02-27 10:59:07'),
(232, 18, '28.5797266', '77.3187', '2019-02-27 10:59:13'),
(233, 18, '28.5797266', '77.3187', '2019-02-27 10:59:19'),
(234, 18, '28.5797374', '77.3187074', '2019-02-27 10:59:25'),
(235, 18, '28.5797374', '77.3187074', '2019-02-27 10:59:31'),
(236, 18, '28.579735', '77.3187186', '2019-02-27 10:59:38'),
(237, 18, '28.5797377', '77.3187082', '2019-02-27 10:59:58'),
(238, 18, '28.579736', '77.3187084', '2019-02-27 11:00:06'),
(239, 18, '28.579736', '77.3187084', '2019-02-27 11:00:10'),
(240, 18, '28.5797359', '77.3187154', '2019-02-27 11:00:16'),
(241, 18, '28.5797359', '77.3187154', '2019-02-27 11:00:22'),
(242, 18, '28.5797412', '77.3187077', '2019-02-27 11:00:29'),
(243, 18, '28.5797412', '77.3187077', '2019-02-27 11:00:35'),
(244, 18, '28.5797385', '77.3187065', '2019-02-27 11:00:41'),
(245, 18, '28.5797385', '77.3187065', '2019-02-27 11:00:47'),
(246, 18, '28.5797286', '77.3187045', '2019-02-27 11:00:54'),
(247, 18, '28.5797342', '77.3187076', '2019-02-27 11:02:15'),
(248, 18, '28.5797427', '77.3187073', '2019-02-27 11:02:22'),
(249, 18, '28.5797427', '77.3187073', '2019-02-27 11:02:28'),
(250, 18, '28.5797304', '77.3187178', '2019-02-27 11:02:34'),
(251, 18, '28.5797304', '77.3187178', '2019-02-27 11:02:40'),
(252, 18, '28.5797282', '77.3187016', '2019-02-27 11:02:47'),
(253, 18, '28.5797282', '77.3187016', '2019-02-27 11:02:53'),
(254, 18, '28.579739', '77.318719', '2019-02-27 11:02:59'),
(255, 18, '25.61754360795021', '85.11250723153354', '2019-02-27 13:18:06'),
(256, 18, '25.61754360795021', '85.11250723153354', '2019-02-27 13:18:11'),
(257, 18, '25.61754360795021', '85.11250723153354', '2019-02-27 13:18:18'),
(258, 19, '25.61754360795021', '85.11250723153354', '2019-02-27 13:24:49'),
(259, 19, '25.61754360795021', '85.11250723153354', '2019-02-27 13:24:55'),
(260, 19, '25.61754360795021', '85.11250723153354', '2019-02-27 13:25:02'),
(261, 19, '25.61754360795021', '85.11250723153354', '2019-02-27 13:25:08'),
(262, 19, '28.5797117', '77.3186664', '2019-02-27 13:27:22'),
(263, 19, '28.5797117', '77.3186664', '2019-02-27 13:27:28'),
(264, 19, '28.5797117', '77.3186664', '2019-02-27 13:27:34'),
(265, 19, '28.579702', '77.3186752', '2019-02-27 13:27:40'),
(266, 19, '28.579702', '77.3186752', '2019-02-27 13:27:46'),
(267, 19, '28.5797037', '77.3186939', '2019-02-27 13:27:53'),
(268, 19, '28.5797037', '77.3186939', '2019-02-27 13:27:59'),
(269, 19, '28.5797035', '77.3186934', '2019-02-27 13:28:05'),
(270, 19, '28.5797035', '77.3186934', '2019-02-27 13:28:11'),
(271, 19, '28.5797113', '77.3186915', '2019-02-27 13:28:18'),
(272, 19, '28.5797113', '77.3186915', '2019-02-27 13:28:24'),
(273, 19, '28.5797199', '77.3186644', '2019-02-27 13:28:35'),
(274, 20, '28.5797299', '77.3187007', '2019-02-27 13:35:58'),
(275, 19, '25.61754360795021', '85.11250723153354', '2019-02-27 13:37:19'),
(276, 19, '25.61754360795021', '85.11250723153354', '2019-02-27 13:37:25'),
(277, 19, '25.61754360795021', '85.11250723153354', '2019-02-27 13:37:31'),
(278, 19, '25.61754360795021', '85.11250723153354', '2019-02-27 13:37:37'),
(279, 21, '25.61754360795021', '85.11250723153354', '2019-02-27 13:38:22'),
(280, 21, '25.61754360795021', '85.11250723153354', '2019-02-27 13:38:29'),
(281, 21, '25.61754360795021', '85.11250723153354', '2019-02-27 13:38:36'),
(282, 21, '25.61754360795021', '85.11250723153354', '2019-02-27 13:38:40'),
(283, 21, '25.61754360795021', '85.11250723153354', '2019-02-27 13:38:46'),
(284, 21, '25.61754360795021', '85.11250723153354', '2019-02-27 13:38:53'),
(285, 21, '25.61754360795021', '85.11250723153354', '2019-02-27 13:38:59'),
(286, 21, '25.61754360795021', '85.11250723153354', '2019-02-27 13:39:05'),
(287, 22, '0.0', '0.0', '2019-03-01 14:41:23'),
(288, 22, '0.0', '0.0', '2019-03-01 14:41:29'),
(289, 22, '0.0', '0.0', '2019-03-01 14:41:36'),
(290, 22, '0.0', '0.0', '2019-03-01 14:41:41'),
(291, 22, '0.0', '0.0', '2019-03-01 14:41:47'),
(292, 23, '0.0', '0.0', '2019-03-02 13:18:32'),
(293, 23, '0.0', '0.0', '2019-03-02 13:18:38'),
(294, 23, '0.0', '0.0', '2019-03-02 13:18:44'),
(295, 23, '0.0', '0.0', '2019-03-02 13:18:51'),
(296, 23, '25.6233062', '85.1114642', '2019-03-02 13:18:56'),
(297, 23, '25.6233062', '85.1114642', '2019-03-02 13:19:03'),
(298, 23, '25.6233062', '85.1114642', '2019-03-02 13:19:09'),
(299, 23, '25.6233062', '85.1114642', '2019-03-02 13:21:41'),
(300, 23, '25.6245417', '85.1115264', '2019-03-02 13:21:47'),
(301, 23, '25.6245417', '85.1115264', '2019-03-02 13:21:53'),
(302, 23, '25.6245339', '85.1115081', '2019-03-02 13:22:00'),
(303, 23, '25.6245339', '85.1115081', '2019-03-02 13:22:06'),
(304, 24, '0.0', '0.0', '2019-03-04 11:46:44'),
(305, 24, '25.617443821392953', '85.11257554404438', '2019-03-04 11:46:51'),
(306, 24, '25.617443821392953', '85.11257554404438', '2019-03-04 11:46:57'),
(307, 24, '25.617443821392953', '85.11257554404438', '2019-03-04 11:47:03'),
(308, 24, '25.617443821392953', '85.11257554404438', '2019-03-04 11:47:20'),
(309, 24, '25.617443821392953', '85.11257554404438', '2019-03-04 11:47:27'),
(310, 24, '25.617443821392953', '85.11257554404438', '2019-03-04 11:47:33'),
(311, 24, '25.617443821392953', '85.11257554404438', '2019-03-04 11:47:38'),
(312, 24, '25.617443821392953', '85.11257554404438', '2019-03-04 11:47:45'),
(313, 24, '25.617443821392953', '85.11257554404438', '2019-03-04 11:47:51'),
(314, 24, '25.617443821392953', '85.11257554404438', '2019-03-04 11:47:57'),
(315, 24, '25.617443821392953', '85.11257554404438', '2019-03-04 11:48:03'),
(316, 24, '25.617443821392953', '85.11257554404438', '2019-03-04 11:48:09'),
(317, 24, '25.617443821392953', '85.11257554404438', '2019-03-04 11:48:15'),
(318, 24, '25.617443821392953', '85.11257554404438', '2019-03-04 11:48:21'),
(319, 24, '25.617443821392953', '85.11257554404438', '2019-03-04 11:48:27'),
(320, 24, '25.617443821392953', '85.11257554404438', '2019-03-04 11:48:33'),
(321, 24, '25.617443821392953', '85.11257554404438', '2019-03-04 11:48:39'),
(322, 24, '25.617443821392953', '85.11257554404438', '2019-03-04 11:48:45'),
(323, 24, '25.617443821392953', '85.11257554404438', '2019-03-04 11:48:51'),
(324, 24, '25.617443821392953', '85.11257554404438', '2019-03-04 11:48:57'),
(325, 24, '25.617443821392953', '85.11257554404438', '2019-03-04 11:49:03'),
(326, 24, '25.617443821392953', '85.11257554404438', '2019-03-04 11:49:09'),
(327, 24, '25.617443821392953', '85.11257554404438', '2019-03-04 11:49:15'),
(328, 24, '25.617443821392953', '85.11257554404438', '2019-03-04 11:49:21'),
(329, 24, '25.617443821392953', '85.11257554404438', '2019-03-04 11:49:27'),
(330, 24, '25.617443821392953', '85.11257554404438', '2019-03-04 11:49:33'),
(331, 24, '25.617443821392953', '85.11257554404438', '2019-03-04 11:49:39'),
(332, 24, '25.617443821392953', '85.11257554404438', '2019-03-04 11:49:45'),
(333, 24, '25.617443821392953', '85.11257554404438', '2019-03-04 11:49:52'),
(334, 24, '25.617443821392953', '85.11257554404438', '2019-03-04 11:49:57'),
(335, 24, '25.617443821392953', '85.11257554404438', '2019-03-04 11:50:04'),
(336, 24, '25.617443821392953', '85.11257554404438', '2019-03-04 11:50:10'),
(337, 24, '25.617443821392953', '85.11257554404438', '2019-03-04 11:50:15'),
(338, 24, '25.617443821392953', '85.11257554404438', '2019-03-04 11:50:22'),
(339, 24, '25.617443821392953', '85.11257554404438', '2019-03-04 11:50:28'),
(340, 24, '25.617443821392953', '85.11257554404438', '2019-03-04 11:50:34'),
(341, 24, '25.617443821392953', '85.11257554404438', '2019-03-04 11:50:40'),
(342, 24, '25.617443821392953', '85.11257554404438', '2019-03-04 11:50:46'),
(343, 24, '25.617443821392953', '85.11257554404438', '2019-03-04 11:50:52'),
(344, 24, '25.617443821392953', '85.11257554404438', '2019-03-04 11:50:58'),
(345, 24, '25.617443821392953', '85.11257554404438', '2019-03-04 11:51:04'),
(346, 24, '25.617443821392953', '85.11257554404438', '2019-03-04 11:51:10'),
(347, 24, '25.617443821392953', '85.11257554404438', '2019-03-04 11:51:16'),
(348, 24, '25.617443821392953', '85.11257554404438', '2019-03-04 11:51:23'),
(349, 24, '25.617443821392953', '85.11257554404438', '2019-03-04 11:51:28'),
(350, 24, '25.617443821392953', '85.11257554404438', '2019-03-04 11:51:34'),
(351, 24, '25.617443821392953', '85.11257554404438', '2019-03-04 11:51:40'),
(352, 24, '25.617443821392953', '85.11257554404438', '2019-03-04 11:51:46'),
(353, 24, '25.617443821392953', '85.11257554404438', '2019-03-04 11:51:52'),
(354, 24, '25.617443821392953', '85.11257554404438', '2019-03-04 11:51:59'),
(355, 24, '25.617443821392953', '85.11257554404438', '2019-03-04 11:52:04'),
(356, 25, '0.0', '0.0', '2019-03-06 14:40:42'),
(357, 25, '0.0', '0.0', '2019-03-06 14:40:48'),
(358, 25, '0.0', '0.0', '2019-03-06 14:40:54'),
(359, 25, '0.0', '0.0', '2019-03-06 14:41:00'),
(360, 25, '0.0', '0.0', '2019-03-06 14:41:06'),
(361, 25, '0.0', '0.0', '2019-03-06 14:41:12'),
(362, 25, '0.0', '0.0', '2019-03-06 14:41:18'),
(363, 25, '0.0', '0.0', '2019-03-06 14:41:24'),
(364, 25, '0.0', '0.0', '2019-03-06 14:41:30'),
(365, 25, '0.0', '0.0', '2019-03-06 14:41:36'),
(366, 26, '25.6245183', '85.1115279', '2019-03-08 12:49:05'),
(367, 26, '25.6245183', '85.1115279', '2019-03-08 12:49:12'),
(368, 27, '0.0', '0.0', '2019-03-11 13:45:26'),
(369, 27, '0.0', '0.0', '2019-03-11 13:48:42'),
(370, 27, '0.0', '0.0', '2019-03-11 13:48:48'),
(371, 27, '0.0', '0.0', '2019-03-11 13:49:10'),
(372, 27, '0.0', '0.0', '2019-03-11 13:49:10'),
(373, 27, '25.6245329', '85.1115146', '2019-03-11 13:56:39'),
(374, 27, '25.6245329', '85.1115146', '2019-03-11 13:56:46'),
(375, 27, '25.6245329', '85.1115146', '2019-03-11 13:56:52'),
(376, 27, '25.6245329', '85.1115146', '2019-03-11 13:56:58'),
(377, 27, '25.6245329', '85.1115146', '2019-03-11 13:57:04'),
(378, 28, '0.0', '0.0', '2019-03-12 12:00:58'),
(379, 28, '0.0', '0.0', '2019-03-12 12:01:07'),
(380, 28, '0.0', '0.0', '2019-03-12 12:01:26'),
(381, 28, '0.0', '0.0', '2019-03-12 12:01:30'),
(382, 28, '0.0', '0.0', '2019-03-12 12:03:40'),
(383, 28, '0.0', '0.0', '2019-03-12 12:03:55'),
(384, 28, '0.0', '0.0', '2019-03-12 12:04:11'),
(385, 29, '25.6224815', '85.1088697', '2019-03-13 13:50:07'),
(386, 29, '25.6224815', '85.1088697', '2019-03-13 13:50:13'),
(387, 29, '25.6224815', '85.1088697', '2019-03-13 13:50:18'),
(388, 30, '28.5607929', '77.4522176', '2019-03-26 09:25:03'),
(389, 30, '28.5607929', '77.4522176', '2019-03-26 09:25:05'),
(390, 30, '28.5607929', '77.4522176', '2019-03-26 09:25:11'),
(391, 30, '28.5607929', '77.4522176', '2019-03-26 09:25:17'),
(392, 30, '28.5607929', '77.4522176', '2019-03-26 09:25:23'),
(393, 30, '28.5607929', '77.4522176', '2019-03-26 09:25:29'),
(394, 30, '28.5607929', '77.4522176', '2019-03-26 09:25:35'),
(395, 30, '28.5607929', '77.4522176', '2019-03-26 09:25:41');

-- --------------------------------------------------------

--
-- Table structure for table `track_record`
--

CREATE TABLE `track_record` (
  `recordID` int(11) NOT NULL,
  `routeID` int(11) NOT NULL,
  `driverID` int(11) NOT NULL,
  `ride_type` enum('pick','drop') NOT NULL,
  `started_on` datetime NOT NULL,
  `end_on` datetime DEFAULT NULL,
  `date` date NOT NULL
) ENGINE=MyISAM DEFAULT CHARSET=latin1;

--
-- Dumping data for table `track_record`
--

INSERT INTO `track_record` (`recordID`, `routeID`, `driverID`, `ride_type`, `started_on`, `end_on`, `date`) VALUES
(1, 1, 1, 'pick', '2019-01-17 12:24:34', '2019-01-17 12:30:30', '2019-01-17'),
(2, 1, 1, 'pick', '2019-01-18 11:45:17', NULL, '2019-01-18'),
(3, 1, 1, 'drop', '2019-01-18 17:00:20', NULL, '2019-01-18'),
(4, 1, 1, 'pick', '2019-01-19 11:13:35', NULL, '2019-01-19'),
(5, 1, 1, 'drop', '2019-01-19 11:33:45', NULL, '2019-01-19'),
(6, 1, 1, 'pick', '2019-01-21 15:18:55', NULL, '2019-01-21'),
(7, 1, 1, 'pick', '2019-01-22 09:49:55', NULL, '2019-01-22'),
(8, 1, 1, 'drop', '2019-01-22 11:58:10', NULL, '2019-01-22'),
(9, 1, 1, 'pick', '2019-01-23 09:50:45', '2019-01-23 10:36:56', '2019-01-23'),
(10, 1, 1, 'drop', '2019-01-23 10:11:17', NULL, '2019-01-23'),
(11, 1, 1, 'pick', '2019-01-23 10:43:05', NULL, '2019-01-23'),
(12, 1, 1, 'pick', '2019-01-23 10:43:25', NULL, '2019-01-23'),
(13, 1, 1, 'pick', '2019-01-24 15:12:12', NULL, '2019-01-24'),
(14, 1, 1, 'pick', '2019-02-02 11:53:35', NULL, '2019-02-02'),
(15, 1, 1, 'pick', '2019-02-04 17:55:27', NULL, '2019-02-04'),
(16, 1, 1, 'pick', '2019-02-14 13:25:46', NULL, '2019-02-14'),
(17, 1, 1, 'pick', '2019-02-26 15:14:58', NULL, '2019-02-26'),
(18, 1, 1, 'pick', '2019-02-27 10:59:04', '2019-02-27 13:19:25', '2019-02-27'),
(19, 1, 1, 'drop', '2019-02-27 13:24:45', '2019-02-27 13:38:14', '2019-02-27'),
(20, 1, 2, 'pick', '2019-02-27 13:35:55', NULL, '2019-02-27'),
(21, 1, 1, 'pick', '2019-02-27 13:38:21', NULL, '2019-02-27'),
(22, 1, 1, 'pick', '2019-03-01 14:41:19', NULL, '2019-03-01'),
(23, 1, 1, 'pick', '2019-03-02 13:18:27', NULL, '2019-03-02'),
(24, 1, 1, 'pick', '2019-03-04 11:46:39', NULL, '2019-03-04'),
(25, 1, 1, 'pick', '2019-03-06 14:40:38', NULL, '2019-03-06'),
(26, 1, 1, 'pick', '2019-03-08 12:49:02', NULL, '2019-03-08'),
(27, 1, 1, 'pick', '2019-03-11 13:45:03', NULL, '2019-03-11'),
(28, 1, 1, 'pick', '2019-03-12 12:00:36', NULL, '2019-03-12'),
(29, 1, 1, 'pick', '2019-03-13 13:50:03', NULL, '2019-03-13'),
(30, 1, 1, 'pick', '2019-03-26 09:24:59', NULL, '2019-03-26');

-- --------------------------------------------------------

--
-- Table structure for table `transaction`
--

CREATE TABLE `transaction` (
  `txnID` int(11) NOT NULL,
  `schoolID` int(11) NOT NULL,
  `userID` int(11) NOT NULL,
  `role` varchar(255) NOT NULL,
  `type` varchar(255) NOT NULL,
  `txn_no` varchar(255) NOT NULL,
  `amount` varchar(255) NOT NULL,
  `txn_status` varchar(255) NOT NULL,
  `invoices` varchar(255) DEFAULT NULL,
  `added_on` datetime NOT NULL
) ENGINE=MyISAM DEFAULT CHARSET=latin1;

--
-- Dumping data for table `transaction`
--

INSERT INTO `transaction` (`txnID`, `schoolID`, `userID`, `role`, `type`, `txn_no`, `amount`, `txn_status`, `invoices`, `added_on`) VALUES
(2, 46, 46, 'school', 'subscription', 'free subscription', '0.0', 'success', NULL, '2019-01-15 14:26:56'),
(3, 47, 47, 'school', 'subscription', 'free subscription', '0.0', 'success', NULL, '2019-01-15 14:29:57'),
(4, 48, 48, 'school', 'subscription', 'school_subscription', '0.0', 'success', NULL, '2019-01-16 14:52:22'),
(5, 52, 52, 'school', 'subscription', 'school_subscription', '0.0', 'success', NULL, '2019-01-16 18:15:28'),
(6, 54, 54, 'school', 'subscription', 'school_subscription', '0.0', 'success', NULL, '2019-01-19 13:28:59'),
(7, 28, 28, 'school', 'subscription', 'school_subscription', '0.0', 'success', NULL, '2019-01-19 22:20:26'),
(8, 2, 2, 'school', 'subscription', 'school_subscription', '0.0', 'success', NULL, '2019-01-21 13:44:01'),
(9, 55, 55, 'school', 'subscription', 'school_subscription', '0.0', 'success', NULL, '2019-01-21 13:58:36'),
(10, 57, 57, 'school', 'subscription', 'school_subscription', '0.0', 'success', NULL, '2019-01-24 16:33:51'),
(11, 57, 231, 'student', 'invoice', 'cash', '530', 'success', '4', '2019-02-01 23:22:03'),
(12, 72, 72, 'school', 'subscription', 'school_subscription', '0.0', 'success', NULL, '2019-02-07 00:02:19'),
(13, 72, 72, 'school', 'subscription', 'school_subscription', '0.0', 'success', NULL, '2019-02-07 00:02:21'),
(14, 72, 72, 'school', 'subscription', 'school_subscription', '0.0', 'success', NULL, '2019-02-07 00:02:22'),
(15, 72, 72, 'school', 'subscription', 'school_subscription', '0.0', 'success', NULL, '2019-02-07 00:02:22'),
(16, 72, 72, 'school', 'subscription', 'school_subscription', '0.0', 'success', NULL, '2019-02-07 00:02:23'),
(17, 72, 72, 'school', 'subscription', 'school_subscription', '0.0', 'success', NULL, '2019-02-07 00:02:25'),
(18, 72, 72, 'school', 'subscription', 'school_subscription', '0.0', 'success', NULL, '2019-02-07 00:02:26'),
(19, 72, 72, 'school', 'subscription', 'school_subscription', '0.0', 'success', NULL, '2019-02-07 00:02:26'),
(20, 72, 72, 'school', 'subscription', 'school_subscription', '0.0', 'success', NULL, '2019-02-07 00:02:26'),
(21, 72, 72, 'school', 'subscription', 'school_subscription', '0.0', 'success', NULL, '2019-02-07 00:02:26'),
(22, 72, 72, 'school', 'subscription', 'school_subscription', '0.0', 'success', NULL, '2019-02-07 00:02:31'),
(23, 72, 72, 'school', 'subscription', 'school_subscription', '0.0', 'success', NULL, '2019-02-07 00:02:32'),
(24, 72, 72, 'school', 'subscription', 'school_subscription', '0.0', 'success', NULL, '2019-02-07 00:02:32'),
(25, 72, 72, 'school', 'subscription', 'school_subscription', '0.0', 'success', NULL, '2019-02-07 00:02:32'),
(26, 72, 72, 'school', 'subscription', 'school_subscription', '0.0', 'success', NULL, '2019-02-07 00:02:33'),
(27, 72, 72, 'school', 'subscription', 'school_subscription', '0.0', 'success', NULL, '2019-02-07 00:02:33'),
(28, 72, 72, 'school', 'subscription', 'school_subscription', '0.0', 'success', NULL, '2019-02-07 00:02:33'),
(29, 72, 72, 'school', 'subscription', 'school_subscription', '0.0', 'success', NULL, '2019-02-07 00:02:33'),
(30, 72, 72, 'school', 'subscription', 'school_subscription', '0.0', 'success', NULL, '2019-02-07 00:02:33'),
(31, 72, 72, 'school', 'subscription', 'school_subscription', '0.0', 'success', NULL, '2019-02-07 00:02:33'),
(32, 72, 72, 'school', 'subscription', 'school_subscription', '0.0', 'success', NULL, '2019-02-07 00:02:33'),
(33, 72, 72, 'school', 'subscription', 'school_subscription', '0.0', 'success', NULL, '2019-02-07 00:02:50'),
(34, 72, 72, 'school', 'subscription', 'school_subscription', '0.0', 'success', NULL, '2019-02-07 00:02:51'),
(35, 72, 72, 'school', 'subscription', 'school_subscription', '0.0', 'success', NULL, '2019-02-07 00:02:52'),
(36, 72, 72, 'school', 'subscription', 'school_subscription', '0.0', 'success', NULL, '2019-02-07 00:02:52'),
(37, 72, 72, 'school', 'subscription', 'school_subscription', '0.0', 'success', NULL, '2019-02-07 00:02:52'),
(38, 72, 72, 'school', 'subscription', 'school_subscription', '0.0', 'success', NULL, '2019-02-07 00:02:52'),
(39, 72, 72, 'school', 'subscription', 'school_subscription', '0.0', 'success', NULL, '2019-02-07 00:02:53'),
(40, 72, 72, 'school', 'subscription', 'school_subscription', '0.0', 'success', NULL, '2019-02-07 00:02:53'),
(41, 72, 72, 'school', 'subscription', 'school_subscription', '0.0', 'success', NULL, '2019-02-07 00:02:53'),
(42, 72, 72, 'school', 'subscription', 'school_subscription', '0.0', 'success', NULL, '2019-02-07 00:02:53'),
(43, 72, 72, 'school', 'subscription', 'school_subscription', '0.0', 'success', NULL, '2019-02-07 00:02:54'),
(44, 72, 72, 'school', 'subscription', 'school_subscription', '0.0', 'success', NULL, '2019-02-07 00:02:54'),
(45, 72, 72, 'school', 'subscription', 'school_subscription', '0.0', 'success', NULL, '2019-02-07 00:02:54'),
(46, 72, 72, 'school', 'subscription', 'school_subscription', '0.0', 'success', NULL, '2019-02-07 00:02:54'),
(47, 72, 72, 'school', 'subscription', 'school_subscription', '0.0', 'success', NULL, '2019-02-07 00:02:54'),
(48, 72, 72, 'school', 'subscription', 'school_subscription', '0.0', 'success', NULL, '2019-02-07 00:02:56'),
(49, 72, 72, 'school', 'subscription', 'school_subscription', '0.0', 'success', NULL, '2019-02-07 00:02:57'),
(50, 72, 72, 'school', 'subscription', 'school_subscription', '0.0', 'success', NULL, '2019-02-07 00:02:57'),
(51, 72, 72, 'school', 'subscription', 'school_subscription', '0.0', 'success', NULL, '2019-02-07 00:02:59'),
(52, 72, 72, 'school', 'subscription', 'school_subscription', '0.0', 'success', NULL, '2019-02-07 00:02:59'),
(53, 72, 72, 'school', 'subscription', 'school_subscription', '0.0', 'success', NULL, '2019-02-07 00:03:00'),
(54, 72, 72, 'school', 'subscription', 'school_subscription', '0.0', 'success', NULL, '2019-02-07 00:03:00'),
(55, 72, 72, 'school', 'subscription', 'school_subscription', '0.0', 'success', NULL, '2019-02-07 00:03:00'),
(56, 72, 72, 'school', 'subscription', 'school_subscription', '0.0', 'success', NULL, '2019-02-07 00:03:25'),
(57, 72, 72, 'school', 'subscription', 'school_subscription', '0.0', 'success', NULL, '2019-02-07 00:03:26'),
(58, 72, 72, 'school', 'subscription', 'school_subscription', '0.0', 'success', NULL, '2019-02-07 00:03:26'),
(59, 72, 72, 'school', 'subscription', 'school_subscription', '0.0', 'success', NULL, '2019-02-07 00:03:27'),
(60, 72, 72, 'school', 'subscription', 'school_subscription', '0.0', 'success', NULL, '2019-02-07 00:05:40'),
(61, 72, 72, 'school', 'subscription', 'school_subscription', '0.0', 'success', NULL, '2019-02-07 00:06:02'),
(62, 72, 72, 'school', 'subscription', 'school_subscription', '0.0', 'success', NULL, '2019-02-07 00:06:02'),
(63, 72, 72, 'school', 'subscription', 'school_subscription', '0.0', 'success', NULL, '2019-02-07 00:06:03'),
(64, 72, 72, 'school', 'subscription', 'school_subscription', '0.0', 'success', NULL, '2019-02-07 00:06:03'),
(65, 72, 72, 'school', 'subscription', 'school_subscription', '0.0', 'success', NULL, '2019-02-07 00:06:03'),
(66, 72, 72, 'school', 'subscription', 'school_subscription', '0.0', 'success', NULL, '2019-02-07 00:06:03'),
(67, 72, 72, 'school', 'subscription', 'school_subscription', '0.0', 'success', NULL, '2019-02-07 00:06:03'),
(68, 72, 72, 'school', 'subscription', 'school_subscription', '0.0', 'success', NULL, '2019-02-07 00:06:03'),
(69, 72, 72, 'school', 'subscription', 'school_subscription', '0.0', 'success', NULL, '2019-02-07 00:06:03'),
(70, 72, 72, 'school', 'subscription', 'school_subscription', '0.0', 'success', NULL, '2019-02-07 00:06:05'),
(71, 72, 72, 'school', 'subscription', 'school_subscription', '0.0', 'success', NULL, '2019-02-07 00:06:05'),
(72, 72, 72, 'school', 'subscription', 'school_subscription', '0.0', 'success', NULL, '2019-02-07 00:06:06'),
(73, 72, 72, 'school', 'subscription', 'school_subscription', '0.0', 'success', NULL, '2019-02-07 00:06:06'),
(74, 72, 72, 'school', 'subscription', 'school_subscription', '0.0', 'success', NULL, '2019-02-07 00:06:06'),
(75, 72, 72, 'school', 'subscription', 'school_subscription', '0.0', 'success', NULL, '2019-02-07 00:06:07'),
(76, 72, 72, 'school', 'subscription', 'school_subscription', '0.0', 'success', NULL, '2019-02-07 00:06:07'),
(77, 72, 72, 'school', 'subscription', 'school_subscription', '0.0', 'success', NULL, '2019-02-07 00:06:07'),
(78, 72, 72, 'school', 'subscription', 'school_subscription', '0.0', 'success', NULL, '2019-02-07 00:22:14'),
(79, 72, 72, 'school', 'subscription', 'school_subscription', '0.0', 'success', NULL, '2019-02-07 00:22:14'),
(80, 72, 72, 'school', 'subscription', 'school_subscription', '0.0', 'success', NULL, '2019-02-07 00:22:15'),
(81, 72, 72, 'school', 'subscription', 'school_subscription', '0.0', 'success', NULL, '2019-02-07 00:22:15'),
(82, 72, 72, 'school', 'subscription', 'school_subscription', '0.0', 'success', NULL, '2019-02-07 00:22:15'),
(83, 72, 72, 'school', 'subscription', 'school_subscription', '0.0', 'success', NULL, '2019-02-07 00:22:15'),
(84, 72, 72, 'school', 'subscription', 'school_subscription', '0.0', 'success', NULL, '2019-02-07 00:22:15'),
(85, 72, 72, 'school', 'subscription', 'school_subscription', '0.0', 'success', NULL, '2019-02-07 00:22:15'),
(86, 72, 72, 'school', 'subscription', 'school_subscription', '0.0', 'success', NULL, '2019-02-07 00:22:15'),
(87, 72, 72, 'school', 'subscription', 'school_subscription', '0.0', 'success', NULL, '2019-02-07 00:22:16'),
(88, 72, 72, 'school', 'subscription', 'school_subscription', '0.0', 'success', NULL, '2019-02-07 00:22:16'),
(89, 72, 72, 'school', 'subscription', 'school_subscription', '0.0', 'success', NULL, '2019-02-07 00:22:16'),
(90, 72, 72, 'school', 'subscription', 'school_subscription', '0.0', 'success', NULL, '2019-02-07 00:22:17'),
(91, 72, 72, 'school', 'subscription', 'school_subscription', '0.0', 'success', NULL, '2019-02-07 00:22:17'),
(92, 72, 72, 'school', 'subscription', 'school_subscription', '0.0', 'success', NULL, '2019-02-07 00:22:18'),
(93, 72, 72, 'school', 'subscription', 'school_subscription', '0.0', 'success', NULL, '2019-02-07 00:22:18'),
(94, 72, 72, 'school', 'subscription', 'school_subscription', '0.0', 'success', NULL, '2019-02-07 00:22:18'),
(95, 72, 72, 'school', 'subscription', 'school_subscription', '0.0', 'success', NULL, '2019-02-07 00:22:18'),
(96, 72, 72, 'school', 'subscription', 'school_subscription', '0.0', 'success', NULL, '2019-02-07 00:22:18'),
(97, 72, 72, 'school', 'subscription', 'school_subscription', '0.0', 'success', NULL, '2019-02-07 00:22:18'),
(98, 72, 72, 'school', 'subscription', 'school_subscription', '0.0', 'success', NULL, '2019-02-07 00:22:18'),
(99, 72, 72, 'school', 'subscription', 'school_subscription', '0.0', 'success', NULL, '2019-02-07 00:22:21'),
(100, 72, 72, 'school', 'subscription', 'school_subscription', '0.0', 'success', NULL, '2019-02-07 00:22:21'),
(101, 72, 72, 'school', 'subscription', 'school_subscription', '0.0', 'success', NULL, '2019-02-07 00:22:21'),
(102, 72, 72, 'school', 'subscription', 'school_subscription', '0.0', 'success', NULL, '2019-02-07 00:22:21'),
(103, 72, 72, 'school', 'subscription', 'school_subscription', '0.0', 'success', NULL, '2019-02-07 00:22:22'),
(104, 75, 75, 'school', 'subscription', 'school_subscription', '0.0', 'success', NULL, '2019-02-07 00:47:38'),
(105, 75, 75, 'school', 'subscription', 'school_subscription', '0.0', 'success', NULL, '2019-02-07 00:47:40'),
(106, 75, 75, 'school', 'subscription', 'school_subscription', '0.0', 'success', NULL, '2019-02-07 00:47:40'),
(107, 75, 75, 'school', 'subscription', 'school_subscription', '0.0', 'success', NULL, '2019-02-07 00:47:40'),
(108, 75, 75, 'school', 'subscription', 'school_subscription', '0.0', 'success', NULL, '2019-02-07 00:48:04'),
(109, 75, 75, 'school', 'subscription', 'school_subscription', '0.0', 'success', NULL, '2019-02-07 00:48:04'),
(110, 75, 75, 'school', 'subscription', 'school_subscription', '0.0', 'success', NULL, '2019-02-07 00:48:05'),
(111, 75, 75, 'school', 'subscription', 'school_subscription', '0.0', 'success', NULL, '2019-02-07 00:48:05'),
(112, 75, 75, 'school', 'subscription', 'school_subscription', '0.0', 'success', NULL, '2019-02-07 00:48:05'),
(113, 57, 227, 'student', 'invoice', 'cash', '1340', 'success', '1,6', '2019-02-07 00:54:58'),
(114, 78, 78, 'school', 'subscription', 'school_subscription', '0.0', 'success', NULL, '2019-02-18 03:17:54'),
(115, 79, 79, 'school', 'subscription', 'school_subscription', '0.0', 'success', NULL, '2019-02-18 15:05:06'),
(116, 80, 80, 'school', 'subscription', 'school_subscription', '0.0', 'success', NULL, '2019-02-22 14:31:36'),
(117, 80, 80, 'school', 'subscription', 'school_subscription', '0.0', 'success', NULL, '2019-02-22 14:41:55'),
(118, 81, 81, 'school', 'subscription', 'school_subscription', '0.0', 'success', NULL, '2019-02-22 15:00:33'),
(119, 83, 83, 'school', 'subscription', 'school_subscription', '0.0', 'success', NULL, '2019-02-22 15:22:15'),
(120, 84, 84, 'school', 'subscription', 'school_subscription', '0.0', 'success', NULL, '2019-02-22 16:04:32'),
(121, 84, 84, 'school', 'subscription', 'school_subscription', '0.0', 'success', NULL, '2019-02-22 16:05:15'),
(122, 84, 84, 'school', 'subscription', 'school_subscription', '0.0', 'success', NULL, '2019-02-22 16:08:11'),
(123, 85, 85, 'school', 'subscription', 'school_subscription', '0.0', 'success', NULL, '2019-02-23 12:12:52'),
(124, 86, 86, 'school', 'subscription', 'school_subscription', '0.0', 'success', NULL, '2019-02-27 12:40:36'),
(125, 2, 2, 'student', 'invoice', 'cash', '1000', 'success', '24,29', '2019-03-02 12:28:09'),
(126, 87, 87, 'school', 'subscription', 'school_subscription', '0.0', 'success', NULL, '2019-03-02 17:00:39'),
(127, 89, 89, 'school', 'subscription', 'school_subscription', '0.0', 'success', NULL, '2019-03-04 11:09:43'),
(128, 90, 90, 'school', 'subscription', 'school_subscription', '0.0', 'success', NULL, '2019-03-04 11:49:47'),
(129, 91, 91, 'school', 'subscription', 'school_subscription', '0.0', 'success', NULL, '2019-03-04 12:41:08'),
(130, 92, 92, 'school', 'subscription', 'school_subscription', '0.0', 'success', NULL, '2019-03-04 12:52:54'),
(131, 57, 227, 'student', 'invoice', 'cash', '8800', 'success', '11,34', '2019-03-07 11:33:02'),
(132, 57, 230, 'student', 'invoice', 'cash', '5000', 'success', '2,7,12,35', '2019-03-07 11:35:45'),
(133, 95, 95, 'school', 'subscription', 'school_subscription', '0.0', 'success', NULL, '2019-03-13 12:30:42'),
(134, 95, 95, 'school', 'subscription', 'school_subscription', '0.0', 'success', NULL, '2019-03-13 12:30:43'),
(135, 96, 96, 'school', 'subscription', 'school_subscription', '0.0', 'success', NULL, '2019-03-13 13:48:49'),
(136, 97, 97, 'school', 'subscription', 'school_subscription', '0.0', 'success', NULL, '2019-03-15 11:19:04'),
(137, 98, 98, 'school', 'subscription', 'school_subscription', '0.0', 'success', NULL, '2019-03-16 12:34:37'),
(138, 98, 98, 'school', 'subscription', 'school_subscription', '0.0', 'success', NULL, '2019-03-16 12:34:39'),
(139, 98, 98, 'school', 'subscription', 'school_subscription', '0.0', 'success', NULL, '2019-03-16 12:34:44'),
(140, 101, 101, 'school', 'subscription', 'school_subscription', '0.0', 'success', NULL, '2019-03-25 13:39:44'),
(141, 101, 101, 'school', 'subscription', 'school_subscription', '0.0', 'success', NULL, '2019-03-25 13:39:44'),
(142, 101, 101, 'school', 'subscription', 'school_subscription', '0.0', 'success', NULL, '2019-03-25 13:39:44'),
(143, 101, 101, 'school', 'subscription', 'school_subscription', '0.0', 'success', NULL, '2019-03-25 13:39:43'),
(144, 102, 102, 'school', 'subscription', 'school_subscription', '0.0', 'success', NULL, '2019-03-25 15:36:46'),
(145, 102, 102, 'school', 'subscription', 'school_subscription', '0.0', 'success', NULL, '2019-03-25 15:36:48'),
(146, 102, 102, 'school', 'subscription', 'school_subscription', '0.0', 'success', NULL, '2019-03-25 16:52:39'),
(147, 102, 102, 'school', 'subscription', 'school_subscription', '0.0', 'success', NULL, '2019-03-25 16:52:42'),
(148, 102, 102, 'school', 'subscription', 'school_subscription', '0.0', 'success', NULL, '2019-03-25 16:52:42'),
(149, 102, 102, 'school', 'subscription', 'school_subscription', '0.0', 'success', NULL, '2019-03-25 16:52:43'),
(150, 103, 103, 'school', 'subscription', 'school_subscription', '0.0', 'success', NULL, '2019-03-25 18:39:00'),
(151, 104, 104, 'school', 'subscription', 'school_subscription', '0.0', 'success', NULL, '2019-03-25 19:39:59'),
(152, 2, 2, 'student', 'invoice', 'cash', '960', 'success', '57', '2019-03-26 09:34:17'),
(153, 2, 2, 'student', 'invoice', 'cash', '960', 'success', '', '2019-03-26 09:34:27'),
(154, 2, 10, 'student', 'invoice', 'cash', '10', 'success', '59', '2019-03-27 00:22:23'),
(155, 2, 10, 'student', 'invoice', 'cash', '10', 'success', '59', '2019-03-27 00:29:40'),
(156, 2, 10, 'student', 'invoice', 'cash', '10', 'success', '59', '2019-03-27 00:32:55'),
(157, 2, 10, 'student', 'invoice', 'cash', '10', 'success', '59', '2019-03-27 00:36:01'),
(158, 2, 10, 'student', 'invoice', 'cash', '10', 'success', '59', '2019-03-27 00:37:51'),
(159, 2, 10, 'student', 'invoice', 'cash', '10', 'success', '59', '2019-03-27 00:39:09'),
(160, 2, 10, 'student', 'invoice', 'cash', '10', 'success', '59', '2019-03-27 00:39:11'),
(161, 2, 10, 'student', 'invoice', 'cash', '10', 'success', '59', '2019-03-27 00:42:33'),
(162, 2, 10, 'student', 'invoice', 'cash', '10', 'success', '59', '2019-03-27 00:45:24'),
(163, 2, 10, 'student', 'invoice', 'cash', '10', 'success', '59', '2019-03-27 00:46:15'),
(164, 2, 10, 'student', 'invoice', 'cash', '10', 'success', '59', '2019-03-27 00:53:32'),
(165, 100, 100, 'school', 'subscription', 'school_subscription', '0.0', 'success', NULL, '2019-03-29 21:13:50'),
(166, 105, 105, 'school', 'subscription', 'school_subscription', '0.0', 'success', NULL, '2019-12-07 20:32:05'),
(167, 106, 106, 'school', 'subscription', 'school_subscription', '0.0', 'success', NULL, '2020-08-13 12:36:30'),
(168, 107, 107, 'school', 'subscription', 'school_subscription', '0.0', 'success', NULL, '2021-10-04 16:58:14'),
(169, 1, 1, 'school', 'subscription', 'school_subscription', '0.0', 'success', NULL, '2021-10-04 18:43:23'),
(170, 108, 108, 'school', 'subscription', 'school_subscription', '0.0', 'success', NULL, '2021-10-13 09:09:49'),
(171, 109, 109, 'school', 'subscription', 'school_subscription', '0.0', 'success', NULL, '2021-10-13 14:19:38'),
(172, 110, 110, 'school', 'subscription', 'school_subscription', '0.0', 'success', NULL, '2021-11-22 16:07:59'),
(173, 111, 111, 'school', 'subscription', 'school_subscription', '0.0', 'success', NULL, '2021-12-03 19:22:53'),
(174, 1, 1, 'school', 'subscription', 'school_subscription', '0.0', 'success', NULL, '2021-12-03 19:58:50'),
(175, 112, 112, 'school', 'subscription', 'school_subscription', '0.0', 'success', NULL, '2021-12-06 21:46:37'),
(176, 113, 113, 'school', 'subscription', 'school_subscription', '0.0', 'success', NULL, '2021-12-07 11:58:25'),
(177, 114, 114, 'school', 'subscription', 'school_subscription', '0.0', 'success', NULL, '2021-12-07 20:22:25'),
(178, 115, 115, 'school', 'subscription', 'school_subscription', '0.0', 'success', NULL, '2021-12-10 11:24:55'),
(179, 1, 247, 'student', 'invoice', 'cash', '100', 'success', '66', '2021-12-16 12:21:15');

-- --------------------------------------------------------

--
-- Table structure for table `transport_attendance`
--

CREATE TABLE `transport_attendance` (
  `attID` int(11) NOT NULL,
  `recordID` int(11) NOT NULL,
  `studentID` int(11) NOT NULL,
  `attendance` varchar(200) NOT NULL,
  `started_on` datetime NOT NULL
) ENGINE=MyISAM DEFAULT CHARSET=latin1;

--
-- Dumping data for table `transport_attendance`
--

INSERT INTO `transport_attendance` (`attID`, `recordID`, `studentID`, `attendance`, `started_on`) VALUES
(1, 1, 2, 'P', '2019-01-22 12:35:23'),
(2, 1, 4, 'P', '2019-01-22 12:38:06'),
(3, 9, 2, 'P', '2019-01-23 10:07:07'),
(4, 9, 10, 'P', '2019-01-23 10:09:53'),
(5, 14, 2, 'P', '2019-02-02 14:09:40'),
(6, 14, 5, 'P', '2019-02-02 14:09:50'),
(7, 18, 2, 'A', '2019-02-27 13:18:45'),
(8, 18, 11, 'P', '2019-02-27 13:19:08'),
(9, 25, 2, 'P', '2019-03-06 14:41:43'),
(10, 25, 10, 'P', '2019-03-06 14:41:44');

-- --------------------------------------------------------

--
-- Table structure for table `unapproved_parent_list`
--

CREATE TABLE `unapproved_parent_list` (
  `unapprovedID` int(11) NOT NULL,
  `parentID` int(11) NOT NULL,
  `studentID` int(11) NOT NULL,
  `added_on` datetime NOT NULL
) ENGINE=MyISAM DEFAULT CHARSET=latin1;

-- --------------------------------------------------------

--
-- Table structure for table `user_login`
--

CREATE TABLE `user_login` (
  `loginID` int(11) NOT NULL,
  `schoolID` int(11) DEFAULT NULL,
  `userID` int(11) DEFAULT NULL,
  `role` enum('parent','teacher','student','school') DEFAULT NULL,
  `device_type` enum('ios','android') DEFAULT NULL,
  `deviceID` varchar(255) DEFAULT NULL,
  `device_token` varchar(255) DEFAULT NULL,
  `ip_add` varchar(255) DEFAULT NULL,
  `login_on` datetime DEFAULT NULL
) ENGINE=MyISAM DEFAULT CHARSET=latin1;

--
-- Dumping data for table `user_login`
--

INSERT INTO `user_login` (`loginID`, `schoolID`, `userID`, `role`, `device_type`, `deviceID`, `device_token`, `ip_add`, `login_on`) VALUES
(17, 1, 2, 'student', 'android', '3dd041fcfbbb8e5e', 'frsQReOICpg:APA91bHsWOYTjOppVsfMXi3Y-cBHF-HKS3ouZZFufT7zpK7SIPYt8Ojgjr9aIE5OAvzKWw-3mzdAaV1SJKTnl9wF5OBo1ZZMNrIGR36rilgf3996_mbgIWWZhZfpNyXufCtjJ7iWaMva', '47.31.136.18', '2021-12-16 12:07:57'),
(15, 1, 1, 'teacher', 'android', '45482dfbe13b63c7', 'clHseVpJBfw:APA91bHB8QBFeClDZEv0yHHZiKt21gegi3nhJj9jLY0bOP5KgJyXQ6hZ4Y8oxVSih0qhP3PntDp_0sPYT9Svn7HaOZKcWeAU1z7J_uuzooaxqhaELN6PvngHPPLRsQK_w-Om0fqe91hq', '157.37.177.255', '2021-12-16 11:00:47');

--
-- Indexes for dumped tables
--

--
-- Indexes for table `admin`
--
ALTER TABLE `admin`
  ADD PRIMARY KEY (`adminID`),
  ADD UNIQUE KEY `email` (`email`);

--
-- Indexes for table `admin_class`
--
ALTER TABLE `admin_class`
  ADD PRIMARY KEY (`classid`);

--
-- Indexes for table `admin_subject`
--
ALTER TABLE `admin_subject`
  ADD PRIMARY KEY (`subID`);

--
-- Indexes for table `advance_amount`
--
ALTER TABLE `advance_amount`
  ADD PRIMARY KEY (`advanceID`);

--
-- Indexes for table `assignment`
--
ALTER TABLE `assignment`
  ADD PRIMARY KEY (`assignmentID`);

--
-- Indexes for table `assignment_submit`
--
ALTER TABLE `assignment_submit`
  ADD PRIMARY KEY (`submissionID`);

--
-- Indexes for table `batch`
--
ALTER TABLE `batch`
  ADD PRIMARY KEY (`batchID`);

--
-- Indexes for table `books`
--
ALTER TABLE `books`
  ADD PRIMARY KEY (`bookID`);

--
-- Indexes for table `book_category`
--
ALTER TABLE `book_category`
  ADD PRIMARY KEY (`bookcatID`);

--
-- Indexes for table `circular`
--
ALTER TABLE `circular`
  ADD PRIMARY KEY (`circularID`);

--
-- Indexes for table `ci_admin_sessions`
--
ALTER TABLE `ci_admin_sessions`
  ADD PRIMARY KEY (`id`),
  ADD KEY `ci_admin_sessions_timestamp` (`timestamp`);

--
-- Indexes for table `ci_sessions`
--
ALTER TABLE `ci_sessions`
  ADD PRIMARY KEY (`id`),
  ADD KEY `ci_sessions_timestamp` (`timestamp`);

--
-- Indexes for table `classes`
--
ALTER TABLE `classes`
  ADD PRIMARY KEY (`classID`);

--
-- Indexes for table `concession`
--
ALTER TABLE `concession`
  ADD PRIMARY KEY (`concessionID`);

--
-- Indexes for table `district`
--
ALTER TABLE `district`
  ADD PRIMARY KEY (`districtID`);

--
-- Indexes for table `driver`
--
ALTER TABLE `driver`
  ADD PRIMARY KEY (`driverID`),
  ADD UNIQUE KEY `phone` (`phone`);

--
-- Indexes for table `enquiry`
--
ALTER TABLE `enquiry`
  ADD PRIMARY KEY (`id`);

--
-- Indexes for table `event`
--
ALTER TABLE `event`
  ADD PRIMARY KEY (`eventID`);

--
-- Indexes for table `event_activity`
--
ALTER TABLE `event_activity`
  ADD PRIMARY KEY (`activityID`);

--
-- Indexes for table `exam`
--
ALTER TABLE `exam`
  ADD PRIMARY KEY (`examID`);

--
-- Indexes for table `exam_result`
--
ALTER TABLE `exam_result`
  ADD PRIMARY KEY (`exam_result_id`);

--
-- Indexes for table `exam_routine`
--
ALTER TABLE `exam_routine`
  ADD PRIMARY KEY (`eroutineID`);

--
-- Indexes for table `expense`
--
ALTER TABLE `expense`
  ADD PRIMARY KEY (`expenseID`);

--
-- Indexes for table `feehead`
--
ALTER TABLE `feehead`
  ADD PRIMARY KEY (`feeheadID`);

--
-- Indexes for table `feestructure`
--
ALTER TABLE `feestructure`
  ADD PRIMARY KEY (`feestructureID`);

--
-- Indexes for table `feetype`
--
ALTER TABLE `feetype`
  ADD PRIMARY KEY (`feetypeID`);

--
-- Indexes for table `fine`
--
ALTER TABLE `fine`
  ADD PRIMARY KEY (`fineID`);

--
-- Indexes for table `frame`
--
ALTER TABLE `frame`
  ADD PRIMARY KEY (`frameID`);

--
-- Indexes for table `frame_allowed`
--
ALTER TABLE `frame_allowed`
  ADD PRIMARY KEY (`ID`);

--
-- Indexes for table `frame_subjects`
--
ALTER TABLE `frame_subjects`
  ADD PRIMARY KEY (`subID`);

--
-- Indexes for table `gallery`
--
ALTER TABLE `gallery`
  ADD PRIMARY KEY (`galleryID`);

--
-- Indexes for table `gallery_folder`
--
ALTER TABLE `gallery_folder`
  ADD PRIMARY KEY (`folderID`);

--
-- Indexes for table `groups`
--
ALTER TABLE `groups`
  ADD PRIMARY KEY (`groupID`);

--
-- Indexes for table `holiday`
--
ALTER TABLE `holiday`
  ADD PRIMARY KEY (`holidayID`);

--
-- Indexes for table `invoice`
--
ALTER TABLE `invoice`
  ADD PRIMARY KEY (`invoiceID`);

--
-- Indexes for table `invoice_fee_head`
--
ALTER TABLE `invoice_fee_head`
  ADD PRIMARY KEY (`ID`);

--
-- Indexes for table `issue`
--
ALTER TABLE `issue`
  ADD PRIMARY KEY (`issueID`);

--
-- Indexes for table `issue_teacher`
--
ALTER TABLE `issue_teacher`
  ADD PRIMARY KEY (`issueID`);

--
-- Indexes for table `lost_book`
--
ALTER TABLE `lost_book`
  ADD PRIMARY KEY (`lostbookID`);

--
-- Indexes for table `modules`
--
ALTER TABLE `modules`
  ADD PRIMARY KEY (`moduleID`);

--
-- Indexes for table `notice`
--
ALTER TABLE `notice`
  ADD PRIMARY KEY (`noticeID`);

--
-- Indexes for table `notification`
--
ALTER TABLE `notification`
  ADD PRIMARY KEY (`notificationID`);

--
-- Indexes for table `other_roles`
--
ALTER TABLE `other_roles`
  ADD PRIMARY KEY (`roleID`);

--
-- Indexes for table `other_staff`
--
ALTER TABLE `other_staff`
  ADD PRIMARY KEY (`staffID`);

--
-- Indexes for table `package`
--
ALTER TABLE `package`
  ADD PRIMARY KEY (`packageID`);

--
-- Indexes for table `parent`
--
ALTER TABLE `parent`
  ADD PRIMARY KEY (`parentID`);

--
-- Indexes for table `poll`
--
ALTER TABLE `poll`
  ADD PRIMARY KEY (`pollID`);

--
-- Indexes for table `pollanswer`
--
ALTER TABLE `pollanswer`
  ADD PRIMARY KEY (`pollansID`);

--
-- Indexes for table `poll_options`
--
ALTER TABLE `poll_options`
  ADD PRIMARY KEY (`optionsID`);

--
-- Indexes for table `quiz_bank`
--
ALTER TABLE `quiz_bank`
  ADD PRIMARY KEY (`Que_ID`);

--
-- Indexes for table `quiz_feedback`
--
ALTER TABLE `quiz_feedback`
  ADD PRIMARY KEY (`feedbackID`);

--
-- Indexes for table `quiz_level`
--
ALTER TABLE `quiz_level`
  ADD PRIMARY KEY (`Level_id`);

--
-- Indexes for table `route`
--
ALTER TABLE `route`
  ADD PRIMARY KEY (`routeID`);

--
-- Indexes for table `routine`
--
ALTER TABLE `routine`
  ADD PRIMARY KEY (`routineID`);

--
-- Indexes for table `school_academic`
--
ALTER TABLE `school_academic`
  ADD PRIMARY KEY (`academicID`);

--
-- Indexes for table `school_config`
--
ALTER TABLE `school_config`
  ADD PRIMARY KEY (`configID`);

--
-- Indexes for table `school_contacts`
--
ALTER TABLE `school_contacts`
  ADD PRIMARY KEY (`contactID`);

--
-- Indexes for table `school_registration`
--
ALTER TABLE `school_registration`
  ADD PRIMARY KEY (`schoolID`);

--
-- Indexes for table `school_subscription_history`
--
ALTER TABLE `school_subscription_history`
  ADD PRIMARY KEY (`historyID`);

--
-- Indexes for table `section`
--
ALTER TABLE `section`
  ADD PRIMARY KEY (`sectionID`);

--
-- Indexes for table `slots`
--
ALTER TABLE `slots`
  ADD PRIMARY KEY (`slotID`);

--
-- Indexes for table `state`
--
ALTER TABLE `state`
  ADD PRIMARY KEY (`stateID`);

--
-- Indexes for table `student`
--
ALTER TABLE `student`
  ADD PRIMARY KEY (`studentID`);

--
-- Indexes for table `studentgroup`
--
ALTER TABLE `studentgroup`
  ADD PRIMARY KEY (`studentgroupID`);

--
-- Indexes for table `student_attendance`
--
ALTER TABLE `student_attendance`
  ADD PRIMARY KEY (`attendanceID`);

--
-- Indexes for table `student_group`
--
ALTER TABLE `student_group`
  ADD PRIMARY KEY (`groupID`);

--
-- Indexes for table `student_subscription_history`
--
ALTER TABLE `student_subscription_history`
  ADD PRIMARY KEY (`shistoryID`);

--
-- Indexes for table `subject`
--
ALTER TABLE `subject`
  ADD PRIMARY KEY (`subjectID`);

--
-- Indexes for table `suggestion`
--
ALTER TABLE `suggestion`
  ADD PRIMARY KEY (`suggestionID`);

--
-- Indexes for table `suggestion_message`
--
ALTER TABLE `suggestion_message`
  ADD PRIMARY KEY (`messageID`);

--
-- Indexes for table `suggestion_new`
--
ALTER TABLE `suggestion_new`
  ADD PRIMARY KEY (`suggestionID`);

--
-- Indexes for table `syllabus`
--
ALTER TABLE `syllabus`
  ADD PRIMARY KEY (`syllabusID`);

--
-- Indexes for table `teacher`
--
ALTER TABLE `teacher`
  ADD PRIMARY KEY (`teacherID`);

--
-- Indexes for table `teacher_attendance`
--
ALTER TABLE `teacher_attendance`
  ADD PRIMARY KEY (`tattendanceID`);

--
-- Indexes for table `track_detail`
--
ALTER TABLE `track_detail`
  ADD PRIMARY KEY (`ID`);

--
-- Indexes for table `track_record`
--
ALTER TABLE `track_record`
  ADD PRIMARY KEY (`recordID`);

--
-- Indexes for table `transaction`
--
ALTER TABLE `transaction`
  ADD PRIMARY KEY (`txnID`);

--
-- Indexes for table `transport_attendance`
--
ALTER TABLE `transport_attendance`
  ADD PRIMARY KEY (`attID`);

--
-- Indexes for table `unapproved_parent_list`
--
ALTER TABLE `unapproved_parent_list`
  ADD PRIMARY KEY (`unapprovedID`);

--
-- Indexes for table `user_login`
--
ALTER TABLE `user_login`
  ADD PRIMARY KEY (`loginID`);

--
-- AUTO_INCREMENT for dumped tables
--

--
-- AUTO_INCREMENT for table `admin`
--
ALTER TABLE `admin`
  MODIFY `adminID` int(11) NOT NULL AUTO_INCREMENT, AUTO_INCREMENT=2;

--
-- AUTO_INCREMENT for table `admin_class`
--
ALTER TABLE `admin_class`
  MODIFY `classid` int(11) NOT NULL AUTO_INCREMENT, AUTO_INCREMENT=13;

--
-- AUTO_INCREMENT for table `admin_subject`
--
ALTER TABLE `admin_subject`
  MODIFY `subID` int(11) NOT NULL AUTO_INCREMENT, AUTO_INCREMENT=3;

--
-- AUTO_INCREMENT for table `advance_amount`
--
ALTER TABLE `advance_amount`
  MODIFY `advanceID` int(11) NOT NULL AUTO_INCREMENT, AUTO_INCREMENT=2;

--
-- AUTO_INCREMENT for table `assignment`
--
ALTER TABLE `assignment`
  MODIFY `assignmentID` int(11) NOT NULL AUTO_INCREMENT, AUTO_INCREMENT=37;

--
-- AUTO_INCREMENT for table `assignment_submit`
--
ALTER TABLE `assignment_submit`
  MODIFY `submissionID` int(11) NOT NULL AUTO_INCREMENT;

--
-- AUTO_INCREMENT for table `batch`
--
ALTER TABLE `batch`
  MODIFY `batchID` int(11) NOT NULL AUTO_INCREMENT, AUTO_INCREMENT=16;

--
-- AUTO_INCREMENT for table `books`
--
ALTER TABLE `books`
  MODIFY `bookID` int(11) NOT NULL AUTO_INCREMENT;

--
-- AUTO_INCREMENT for table `book_category`
--
ALTER TABLE `book_category`
  MODIFY `bookcatID` int(11) NOT NULL AUTO_INCREMENT, AUTO_INCREMENT=3;

--
-- AUTO_INCREMENT for table `circular`
--
ALTER TABLE `circular`
  MODIFY `circularID` int(11) NOT NULL AUTO_INCREMENT, AUTO_INCREMENT=15;

--
-- AUTO_INCREMENT for table `classes`
--
ALTER TABLE `classes`
  MODIFY `classID` int(11) NOT NULL AUTO_INCREMENT, AUTO_INCREMENT=103;

--
-- AUTO_INCREMENT for table `concession`
--
ALTER TABLE `concession`
  MODIFY `concessionID` int(11) NOT NULL AUTO_INCREMENT, AUTO_INCREMENT=5;

--
-- AUTO_INCREMENT for table `district`
--
ALTER TABLE `district`
  MODIFY `districtID` int(11) NOT NULL AUTO_INCREMENT, AUTO_INCREMENT=702;

--
-- AUTO_INCREMENT for table `driver`
--
ALTER TABLE `driver`
  MODIFY `driverID` int(11) NOT NULL AUTO_INCREMENT, AUTO_INCREMENT=3;

--
-- AUTO_INCREMENT for table `enquiry`
--
ALTER TABLE `enquiry`
  MODIFY `id` int(11) NOT NULL AUTO_INCREMENT, AUTO_INCREMENT=5;

--
-- AUTO_INCREMENT for table `event`
--
ALTER TABLE `event`
  MODIFY `eventID` int(11) NOT NULL AUTO_INCREMENT, AUTO_INCREMENT=18;

--
-- AUTO_INCREMENT for table `event_activity`
--
ALTER TABLE `event_activity`
  MODIFY `activityID` int(11) NOT NULL AUTO_INCREMENT, AUTO_INCREMENT=25;

--
-- AUTO_INCREMENT for table `exam`
--
ALTER TABLE `exam`
  MODIFY `examID` int(11) NOT NULL AUTO_INCREMENT, AUTO_INCREMENT=30;

--
-- AUTO_INCREMENT for table `exam_result`
--
ALTER TABLE `exam_result`
  MODIFY `exam_result_id` int(11) NOT NULL AUTO_INCREMENT, AUTO_INCREMENT=30;

--
-- AUTO_INCREMENT for table `exam_routine`
--
ALTER TABLE `exam_routine`
  MODIFY `eroutineID` int(11) NOT NULL AUTO_INCREMENT;

--
-- AUTO_INCREMENT for table `expense`
--
ALTER TABLE `expense`
  MODIFY `expenseID` int(11) UNSIGNED NOT NULL AUTO_INCREMENT, AUTO_INCREMENT=2;

--
-- AUTO_INCREMENT for table `feehead`
--
ALTER TABLE `feehead`
  MODIFY `feeheadID` int(11) NOT NULL AUTO_INCREMENT, AUTO_INCREMENT=17;

--
-- AUTO_INCREMENT for table `feestructure`
--
ALTER TABLE `feestructure`
  MODIFY `feestructureID` int(11) NOT NULL AUTO_INCREMENT, AUTO_INCREMENT=54;

--
-- AUTO_INCREMENT for table `feetype`
--
ALTER TABLE `feetype`
  MODIFY `feetypeID` int(11) NOT NULL AUTO_INCREMENT, AUTO_INCREMENT=15;

--
-- AUTO_INCREMENT for table `fine`
--
ALTER TABLE `fine`
  MODIFY `fineID` int(11) NOT NULL AUTO_INCREMENT;

--
-- AUTO_INCREMENT for table `frame`
--
ALTER TABLE `frame`
  MODIFY `frameID` int(11) NOT NULL AUTO_INCREMENT, AUTO_INCREMENT=425;

--
-- AUTO_INCREMENT for table `frame_allowed`
--
ALTER TABLE `frame_allowed`
  MODIFY `ID` int(11) NOT NULL AUTO_INCREMENT, AUTO_INCREMENT=296;

--
-- AUTO_INCREMENT for table `frame_subjects`
--
ALTER TABLE `frame_subjects`
  MODIFY `subID` int(11) NOT NULL AUTO_INCREMENT, AUTO_INCREMENT=25;

--
-- AUTO_INCREMENT for table `gallery`
--
ALTER TABLE `gallery`
  MODIFY `galleryID` int(11) NOT NULL AUTO_INCREMENT, AUTO_INCREMENT=29;

--
-- AUTO_INCREMENT for table `gallery_folder`
--
ALTER TABLE `gallery_folder`
  MODIFY `folderID` int(11) NOT NULL AUTO_INCREMENT, AUTO_INCREMENT=10;

--
-- AUTO_INCREMENT for table `groups`
--
ALTER TABLE `groups`
  MODIFY `groupID` int(11) NOT NULL AUTO_INCREMENT, AUTO_INCREMENT=73;

--
-- AUTO_INCREMENT for table `holiday`
--
ALTER TABLE `holiday`
  MODIFY `holidayID` int(11) NOT NULL AUTO_INCREMENT, AUTO_INCREMENT=11;

--
-- AUTO_INCREMENT for table `invoice`
--
ALTER TABLE `invoice`
  MODIFY `invoiceID` int(11) NOT NULL AUTO_INCREMENT, AUTO_INCREMENT=67;

--
-- AUTO_INCREMENT for table `invoice_fee_head`
--
ALTER TABLE `invoice_fee_head`
  MODIFY `ID` int(11) NOT NULL AUTO_INCREMENT, AUTO_INCREMENT=113;

--
-- AUTO_INCREMENT for table `issue`
--
ALTER TABLE `issue`
  MODIFY `issueID` int(11) NOT NULL AUTO_INCREMENT;

--
-- AUTO_INCREMENT for table `issue_teacher`
--
ALTER TABLE `issue_teacher`
  MODIFY `issueID` int(11) NOT NULL AUTO_INCREMENT;

--
-- AUTO_INCREMENT for table `lost_book`
--
ALTER TABLE `lost_book`
  MODIFY `lostbookID` int(11) NOT NULL AUTO_INCREMENT;

--
-- AUTO_INCREMENT for table `modules`
--
ALTER TABLE `modules`
  MODIFY `moduleID` int(11) NOT NULL AUTO_INCREMENT, AUTO_INCREMENT=26;

--
-- AUTO_INCREMENT for table `notice`
--
ALTER TABLE `notice`
  MODIFY `noticeID` int(11) NOT NULL AUTO_INCREMENT, AUTO_INCREMENT=10;

--
-- AUTO_INCREMENT for table `notification`
--
ALTER TABLE `notification`
  MODIFY `notificationID` int(11) NOT NULL AUTO_INCREMENT, AUTO_INCREMENT=2449;

--
-- AUTO_INCREMENT for table `other_roles`
--
ALTER TABLE `other_roles`
  MODIFY `roleID` int(11) NOT NULL AUTO_INCREMENT, AUTO_INCREMENT=5;

--
-- AUTO_INCREMENT for table `other_staff`
--
ALTER TABLE `other_staff`
  MODIFY `staffID` int(11) NOT NULL AUTO_INCREMENT, AUTO_INCREMENT=3;

--
-- AUTO_INCREMENT for table `package`
--
ALTER TABLE `package`
  MODIFY `packageID` int(11) NOT NULL AUTO_INCREMENT, AUTO_INCREMENT=4;

--
-- AUTO_INCREMENT for table `parent`
--
ALTER TABLE `parent`
  MODIFY `parentID` int(11) NOT NULL AUTO_INCREMENT, AUTO_INCREMENT=213;

--
-- AUTO_INCREMENT for table `poll`
--
ALTER TABLE `poll`
  MODIFY `pollID` int(11) NOT NULL AUTO_INCREMENT, AUTO_INCREMENT=9;

--
-- AUTO_INCREMENT for table `pollanswer`
--
ALTER TABLE `pollanswer`
  MODIFY `pollansID` int(11) NOT NULL AUTO_INCREMENT, AUTO_INCREMENT=6;

--
-- AUTO_INCREMENT for table `poll_options`
--
ALTER TABLE `poll_options`
  MODIFY `optionsID` int(11) NOT NULL AUTO_INCREMENT, AUTO_INCREMENT=4;

--
-- AUTO_INCREMENT for table `quiz_bank`
--
ALTER TABLE `quiz_bank`
  MODIFY `Que_ID` int(11) NOT NULL AUTO_INCREMENT, AUTO_INCREMENT=83;

--
-- AUTO_INCREMENT for table `quiz_feedback`
--
ALTER TABLE `quiz_feedback`
  MODIFY `feedbackID` int(11) NOT NULL AUTO_INCREMENT, AUTO_INCREMENT=4;

--
-- AUTO_INCREMENT for table `quiz_level`
--
ALTER TABLE `quiz_level`
  MODIFY `Level_id` int(11) NOT NULL AUTO_INCREMENT, AUTO_INCREMENT=6;

--
-- AUTO_INCREMENT for table `route`
--
ALTER TABLE `route`
  MODIFY `routeID` int(11) NOT NULL AUTO_INCREMENT, AUTO_INCREMENT=5;

--
-- AUTO_INCREMENT for table `routine`
--
ALTER TABLE `routine`
  MODIFY `routineID` int(11) NOT NULL AUTO_INCREMENT, AUTO_INCREMENT=117;

--
-- AUTO_INCREMENT for table `school_academic`
--
ALTER TABLE `school_academic`
  MODIFY `academicID` int(11) NOT NULL AUTO_INCREMENT;

--
-- AUTO_INCREMENT for table `school_config`
--
ALTER TABLE `school_config`
  MODIFY `configID` int(11) NOT NULL AUTO_INCREMENT, AUTO_INCREMENT=89;

--
-- AUTO_INCREMENT for table `school_contacts`
--
ALTER TABLE `school_contacts`
  MODIFY `contactID` int(11) NOT NULL AUTO_INCREMENT, AUTO_INCREMENT=19;

--
-- AUTO_INCREMENT for table `school_registration`
--
ALTER TABLE `school_registration`
  MODIFY `schoolID` int(11) NOT NULL AUTO_INCREMENT, AUTO_INCREMENT=116;

--
-- AUTO_INCREMENT for table `school_subscription_history`
--
ALTER TABLE `school_subscription_history`
  MODIFY `historyID` int(11) NOT NULL AUTO_INCREMENT, AUTO_INCREMENT=190;

--
-- AUTO_INCREMENT for table `section`
--
ALTER TABLE `section`
  MODIFY `sectionID` int(11) NOT NULL AUTO_INCREMENT, AUTO_INCREMENT=116;

--
-- AUTO_INCREMENT for table `slots`
--
ALTER TABLE `slots`
  MODIFY `slotID` int(11) NOT NULL AUTO_INCREMENT, AUTO_INCREMENT=25;

--
-- AUTO_INCREMENT for table `state`
--
ALTER TABLE `state`
  MODIFY `stateID` int(11) NOT NULL AUTO_INCREMENT, AUTO_INCREMENT=37;

--
-- AUTO_INCREMENT for table `student`
--
ALTER TABLE `student`
  MODIFY `studentID` int(11) NOT NULL AUTO_INCREMENT, AUTO_INCREMENT=248;

--
-- AUTO_INCREMENT for table `studentgroup`
--
ALTER TABLE `studentgroup`
  MODIFY `studentgroupID` int(11) NOT NULL AUTO_INCREMENT;

--
-- AUTO_INCREMENT for table `student_attendance`
--
ALTER TABLE `student_attendance`
  MODIFY `attendanceID` int(200) UNSIGNED NOT NULL AUTO_INCREMENT, AUTO_INCREMENT=221;

--
-- AUTO_INCREMENT for table `student_group`
--
ALTER TABLE `student_group`
  MODIFY `groupID` int(11) NOT NULL AUTO_INCREMENT, AUTO_INCREMENT=4;

--
-- AUTO_INCREMENT for table `student_subscription_history`
--
ALTER TABLE `student_subscription_history`
  MODIFY `shistoryID` int(11) NOT NULL AUTO_INCREMENT, AUTO_INCREMENT=20;

--
-- AUTO_INCREMENT for table `subject`
--
ALTER TABLE `subject`
  MODIFY `subjectID` int(11) NOT NULL AUTO_INCREMENT, AUTO_INCREMENT=65;

--
-- AUTO_INCREMENT for table `suggestion`
--
ALTER TABLE `suggestion`
  MODIFY `suggestionID` int(11) NOT NULL AUTO_INCREMENT;

--
-- AUTO_INCREMENT for table `suggestion_message`
--
ALTER TABLE `suggestion_message`
  MODIFY `messageID` int(11) NOT NULL AUTO_INCREMENT;

--
-- AUTO_INCREMENT for table `suggestion_new`
--
ALTER TABLE `suggestion_new`
  MODIFY `suggestionID` int(11) NOT NULL AUTO_INCREMENT, AUTO_INCREMENT=47;

--
-- AUTO_INCREMENT for table `syllabus`
--
ALTER TABLE `syllabus`
  MODIFY `syllabusID` int(11) NOT NULL AUTO_INCREMENT;

--
-- AUTO_INCREMENT for table `teacher`
--
ALTER TABLE `teacher`
  MODIFY `teacherID` int(11) NOT NULL AUTO_INCREMENT, AUTO_INCREMENT=59;

--
-- AUTO_INCREMENT for table `teacher_attendance`
--
ALTER TABLE `teacher_attendance`
  MODIFY `tattendanceID` int(200) UNSIGNED NOT NULL AUTO_INCREMENT, AUTO_INCREMENT=33;

--
-- AUTO_INCREMENT for table `track_detail`
--
ALTER TABLE `track_detail`
  MODIFY `ID` int(11) NOT NULL AUTO_INCREMENT, AUTO_INCREMENT=396;

--
-- AUTO_INCREMENT for table `track_record`
--
ALTER TABLE `track_record`
  MODIFY `recordID` int(11) NOT NULL AUTO_INCREMENT, AUTO_INCREMENT=31;

--
-- AUTO_INCREMENT for table `transaction`
--
ALTER TABLE `transaction`
  MODIFY `txnID` int(11) NOT NULL AUTO_INCREMENT, AUTO_INCREMENT=180;

--
-- AUTO_INCREMENT for table `transport_attendance`
--
ALTER TABLE `transport_attendance`
  MODIFY `attID` int(11) NOT NULL AUTO_INCREMENT, AUTO_INCREMENT=11;

--
-- AUTO_INCREMENT for table `unapproved_parent_list`
--
ALTER TABLE `unapproved_parent_list`
  MODIFY `unapprovedID` int(11) NOT NULL AUTO_INCREMENT, AUTO_INCREMENT=5;

--
-- AUTO_INCREMENT for table `user_login`
--
ALTER TABLE `user_login`
  MODIFY `loginID` int(11) NOT NULL AUTO_INCREMENT, AUTO_INCREMENT=18;
COMMIT;

/*!40101 SET CHARACTER_SET_CLIENT=@OLD_CHARACTER_SET_CLIENT */;
/*!40101 SET CHARACTER_SET_RESULTS=@OLD_CHARACTER_SET_RESULTS */;
/*!40101 SET COLLATION_CONNECTION=@OLD_COLLATION_CONNECTION */;
