-- MySQL dump 10.13  Distrib 5.1.73, for redhat-linux-gnu (x86_64)
--
-- Host: localhost    Database: school
-- ------------------------------------------------------
-- Server version	5.1.73

/*!40101 SET @OLD_CHARACTER_SET_CLIENT=@@CHARACTER_SET_CLIENT */;
/*!40101 SET @OLD_CHARACTER_SET_RESULTS=@@CHARACTER_SET_RESULTS */;
/*!40101 SET @OLD_COLLATION_CONNECTION=@@COLLATION_CONNECTION */;
/*!40101 SET NAMES utf8 */;
/*!40103 SET @OLD_TIME_ZONE=@@TIME_ZONE */;
/*!40103 SET TIME_ZONE='+00:00' */;
/*!40014 SET @OLD_UNIQUE_CHECKS=@@UNIQUE_CHECKS, UNIQUE_CHECKS=0 */;
/*!40014 SET @OLD_FOREIGN_KEY_CHECKS=@@FOREIGN_KEY_CHECKS, FOREIGN_KEY_CHECKS=0 */;
/*!40101 SET @OLD_SQL_MODE=@@SQL_MODE, SQL_MODE='NO_AUTO_VALUE_ON_ZERO' */;
/*!40111 SET @OLD_SQL_NOTES=@@SQL_NOTES, SQL_NOTES=0 */;

--
-- Table structure for table `admin`
--

DROP TABLE IF EXISTS `admin`;
/*!40101 SET @saved_cs_client     = @@character_set_client */;
/*!40101 SET character_set_client = utf8 */;
CREATE TABLE `admin` (
  `adminID` int(11) NOT NULL AUTO_INCREMENT,
  `name` varchar(255) NOT NULL,
  `email` varchar(255) NOT NULL,
  `phone` varchar(15) DEFAULT NULL,
  `password` varchar(255) NOT NULL,
  `image` varchar(255) DEFAULT NULL,
  `role` varchar(255) NOT NULL,
  `designation` varchar(255) NOT NULL,
  `is_active` enum('Y','N') NOT NULL,
  `added_on` datetime NOT NULL,
  `modified_on` datetime DEFAULT NULL,
  PRIMARY KEY (`adminID`),
  UNIQUE KEY `email` (`email`)
) ENGINE=MyISAM AUTO_INCREMENT=2 DEFAULT CHARSET=latin1;
/*!40101 SET character_set_client = @saved_cs_client */;

--
-- Dumping data for table `admin`
--

LOCK TABLES `admin` WRITE;
/*!40000 ALTER TABLE `admin` DISABLE KEYS */;
INSERT INTO `admin` VALUES (1,'MENTOR ADMIN','admin@mentorerp.com','1234567890','96bcc3886898c1b1c79a0d56848ab90d72f9d795f52f2357cd50b7f1f51e61a1f372aa6bf252fa9eb19f0aa18f0ef8f440af743415535d53ea0ec53f8784d5ab','','admin','Admin','Y','2018-12-24 00:00:00','2018-12-24 00:00:00');
/*!40000 ALTER TABLE `admin` ENABLE KEYS */;
UNLOCK TABLES;

--
-- Table structure for table `advance_amount`
--

DROP TABLE IF EXISTS `advance_amount`;
/*!40101 SET @saved_cs_client     = @@character_set_client */;
/*!40101 SET character_set_client = utf8 */;
CREATE TABLE `advance_amount` (
  `advanceID` int(11) NOT NULL AUTO_INCREMENT,
  `schoolID` int(11) NOT NULL,
  `studentID` int(11) NOT NULL,
  `amount` decimal(25,2) NOT NULL,
  `added_on` datetime NOT NULL,
  `modified_on` datetime DEFAULT NULL,
  PRIMARY KEY (`advanceID`)
) ENGINE=InnoDB DEFAULT CHARSET=latin1;
/*!40101 SET character_set_client = @saved_cs_client */;

--
-- Dumping data for table `advance_amount`
--

LOCK TABLES `advance_amount` WRITE;
/*!40000 ALTER TABLE `advance_amount` DISABLE KEYS */;
/*!40000 ALTER TABLE `advance_amount` ENABLE KEYS */;
UNLOCK TABLES;

--
-- Table structure for table `assignment`
--

DROP TABLE IF EXISTS `assignment`;
/*!40101 SET @saved_cs_client     = @@character_set_client */;
/*!40101 SET character_set_client = utf8 */;
CREATE TABLE `assignment` (
  `assignmentID` int(11) NOT NULL AUTO_INCREMENT,
  `schoolID` int(11) NOT NULL,
  `teacherID` int(11) NOT NULL,
  `classesId` int(11) NOT NULL,
  `sectionID` int(11) NOT NULL,
  `subjectID` int(11) NOT NULL,
  `remark` varchar(255) DEFAULT NULL,
  `doc_file` varchar(255) DEFAULT NULL,
  `last_date` date DEFAULT NULL,
  `added_on` datetime NOT NULL,
  PRIMARY KEY (`assignmentID`)
) ENGINE=MyISAM AUTO_INCREMENT=33 DEFAULT CHARSET=latin1;
/*!40101 SET character_set_client = @saved_cs_client */;

--
-- Dumping data for table `assignment`
--

LOCK TABLES `assignment` WRITE;
/*!40000 ALTER TABLE `assignment` DISABLE KEYS */;
INSERT INTO `assignment` VALUES (1,5,3,9,15,1,'Test ','1542704347.jpg','2018-11-22','2018-11-20 02:29:07'),(2,2,4,6,12,3,'fhjj','1544185508.jpg','2018-12-10','2018-12-07 05:55:08'),(3,5,5,9,15,1,'test1','1544522841.jpg','2018-12-14','2018-12-11 03:37:21'),(4,2,2,6,12,3,'hhhh','1544523184.jpg','2018-12-11','2018-12-11 03:43:04'),(5,2,2,6,12,3,'ggg','1544523334.png','2018-12-11','2018-12-11 03:45:34'),(6,2,2,6,12,3,'try','1544592774.jpg','2018-12-12','2018-12-12 11:02:54'),(7,2,2,6,12,4,'CCTV','1544592828.jpg','2018-12-12','2018-12-12 11:03:48'),(8,2,2,6,12,3,'vvvvv','1544593472.jpg','2018-12-12','2018-12-12 11:14:32'),(9,2,2,6,12,4,'tttt','1544593980.jpg','2018-12-12','2018-12-12 11:23:00'),(10,5,5,9,15,1,'Test1','1544612821.jpg','2018-12-25','2018-12-12 04:37:01'),(11,2,2,6,12,3,'work','1544617240.jpg','2018-12-12','2018-12-12 05:50:40'),(12,2,2,6,12,3,'hhhh','1544618057.jpg','2018-12-12','2018-12-12 06:04:17'),(13,2,2,6,12,3,'gzgzv','1544618557.jpg','2018-12-12','2018-12-12 06:12:37'),(14,2,2,6,12,5,'hhhh','1544618998.jpg','2018-12-12','2018-12-12 06:19:58'),(15,2,2,6,12,4,'gsgsg','1544621287.jpg','2018-12-13','2018-12-12 06:58:07'),(16,5,5,9,15,1,'Ggg','1545029331.jpg','2018-12-20','2018-12-17 12:18:51'),(17,2,2,6,12,3,'English','1545132754.jpg','2018-12-19','2018-12-18 05:02:34'),(18,2,2,6,12,3,'dgh','1545132861.png','2018-12-20','2018-12-18 05:04:21'),(19,2,2,6,12,3,'fhjjj','1545133020.jpg','2018-12-28','2018-12-18 05:07:00'),(20,2,2,6,12,3,'today work','1545133176.jpg','2018-12-18','2018-12-18 05:09:36'),(21,2,2,6,12,3,'','1545814924.jpg','1970-01-01','2018-12-26 02:32:04'),(22,2,2,6,12,3,'','1545815073.jpg','1970-01-01','2018-12-26 02:34:33'),(23,2,2,6,12,3,'','1545816019.jpg','1970-01-01','2018-12-26 02:50:19'),(24,2,2,6,12,3,'asdf','1545816039.jpg','2018-12-27','2018-12-26 02:50:39'),(25,2,2,6,12,3,'testing','1545816407.jpg','2018-12-27','2018-12-26 02:56:47'),(26,2,2,6,12,3,'testing','1545816468.jpg','2018-12-28','2018-12-26 02:57:48'),(27,2,2,6,12,3,'news','1545828337.jpg','2018-12-27','2018-12-26 06:15:37'),(28,2,2,6,12,3,'today','1546238436.jpg','2018-12-31','2018-12-31 12:10:36'),(29,28,7,17,26,7,'Chapter 1','1546891796.png','2019-01-09','2019-01-08 01:39:56'),(30,41,41,38,46,30,'test','1547539438.jpg','2019-01-16','2019-01-15 01:33:58'),(31,28,28,17,26,31,'chapter 2','1547917549.png','2019-01-22','2019-01-19 10:35:49'),(32,28,28,17,26,31,'chapter 2','1547917599.png','2019-01-22','2019-01-19 10:36:39');
/*!40000 ALTER TABLE `assignment` ENABLE KEYS */;
UNLOCK TABLES;

--
-- Table structure for table `assignment_submit`
--

DROP TABLE IF EXISTS `assignment_submit`;
/*!40101 SET @saved_cs_client     = @@character_set_client */;
/*!40101 SET character_set_client = utf8 */;
CREATE TABLE `assignment_submit` (
  `submissionID` int(11) NOT NULL AUTO_INCREMENT,
  `assignmentID` int(11) NOT NULL,
  `studentID` int(11) NOT NULL,
  `doc_file` varchar(200) NOT NULL,
  `added_on` datetime NOT NULL,
  PRIMARY KEY (`submissionID`)
) ENGINE=MyISAM DEFAULT CHARSET=latin1;
/*!40101 SET character_set_client = @saved_cs_client */;

--
-- Dumping data for table `assignment_submit`
--

LOCK TABLES `assignment_submit` WRITE;
/*!40000 ALTER TABLE `assignment_submit` DISABLE KEYS */;
/*!40000 ALTER TABLE `assignment_submit` ENABLE KEYS */;
UNLOCK TABLES;

--
-- Table structure for table `batch`
--

DROP TABLE IF EXISTS `batch`;
/*!40101 SET @saved_cs_client     = @@character_set_client */;
/*!40101 SET character_set_client = utf8 */;
CREATE TABLE `batch` (
  `batchID` int(11) NOT NULL AUTO_INCREMENT,
  `schoolID` int(11) NOT NULL,
  `start_year` year(4) NOT NULL,
  `end_year` year(4) NOT NULL,
  `is_active` enum('Y','N') NOT NULL,
  `added_on` datetime NOT NULL,
  PRIMARY KEY (`batchID`)
) ENGINE=MyISAM AUTO_INCREMENT=2 DEFAULT CHARSET=latin1;
/*!40101 SET character_set_client = @saved_cs_client */;

--
-- Dumping data for table `batch`
--

LOCK TABLES `batch` WRITE;
/*!40000 ALTER TABLE `batch` DISABLE KEYS */;
INSERT INTO `batch` VALUES (1,2,2010,2014,'Y','2019-01-23 10:14:06');
/*!40000 ALTER TABLE `batch` ENABLE KEYS */;
UNLOCK TABLES;

--
-- Table structure for table `book_category`
--

DROP TABLE IF EXISTS `book_category`;
/*!40101 SET @saved_cs_client     = @@character_set_client */;
/*!40101 SET character_set_client = utf8 */;
CREATE TABLE `book_category` (
  `bookcatID` int(11) NOT NULL AUTO_INCREMENT,
  `schoolID` int(11) NOT NULL,
  `category` varchar(255) NOT NULL,
  `is_active` enum('Y','N') NOT NULL,
  `added_on` datetime NOT NULL,
  PRIMARY KEY (`bookcatID`)
) ENGINE=MyISAM DEFAULT CHARSET=latin1;
/*!40101 SET character_set_client = @saved_cs_client */;

--
-- Dumping data for table `book_category`
--

LOCK TABLES `book_category` WRITE;
/*!40000 ALTER TABLE `book_category` DISABLE KEYS */;
/*!40000 ALTER TABLE `book_category` ENABLE KEYS */;
UNLOCK TABLES;

--
-- Table structure for table `books`
--

DROP TABLE IF EXISTS `books`;
/*!40101 SET @saved_cs_client     = @@character_set_client */;
/*!40101 SET character_set_client = utf8 */;
CREATE TABLE `books` (
  `bookID` int(11) NOT NULL AUTO_INCREMENT,
  `schoolID` int(11) NOT NULL,
  `bookcatID` int(11) NOT NULL,
  `book` varchar(255) NOT NULL,
  `subject_code` varchar(255) NOT NULL,
  `isbn_number` varchar(255) NOT NULL,
  `author` varchar(255) NOT NULL,
  `price` varchar(255) NOT NULL,
  `quantity` varchar(255) NOT NULL,
  `due_quantity` varchar(255) NOT NULL,
  `rack` varchar(255) NOT NULL,
  `is_active` enum('Y','N') NOT NULL,
  `added_on` datetime NOT NULL,
  PRIMARY KEY (`bookID`)
) ENGINE=MyISAM DEFAULT CHARSET=latin1;
/*!40101 SET character_set_client = @saved_cs_client */;

--
-- Dumping data for table `books`
--

LOCK TABLES `books` WRITE;
/*!40000 ALTER TABLE `books` DISABLE KEYS */;
/*!40000 ALTER TABLE `books` ENABLE KEYS */;
UNLOCK TABLES;

--
-- Table structure for table `ci_admin_sessions`
--

DROP TABLE IF EXISTS `ci_admin_sessions`;
/*!40101 SET @saved_cs_client     = @@character_set_client */;
/*!40101 SET character_set_client = utf8 */;
CREATE TABLE `ci_admin_sessions` (
  `id` varchar(128) NOT NULL,
  `ip_address` varchar(45) NOT NULL,
  `timestamp` int(10) unsigned NOT NULL DEFAULT '0',
  `data` blob NOT NULL,
  PRIMARY KEY (`id`),
  KEY `ci_admin_sessions_timestamp` (`timestamp`)
) ENGINE=MyISAM DEFAULT CHARSET=latin1;
/*!40101 SET character_set_client = @saved_cs_client */;

--
-- Dumping data for table `ci_admin_sessions`
--

LOCK TABLES `ci_admin_sessions` WRITE;
/*!40000 ALTER TABLE `ci_admin_sessions` DISABLE KEYS */;
INSERT INTO `ci_admin_sessions` VALUES ('ji4008rjqh0m3blhrc2ap9ouoqafii7i','172.31.1.45',1548222598,'__ci_last_regenerate|i:1548222538;loginUserID|s:1:\"1\";name|s:12:\"MENTOR ADMIN\";email|s:19:\"admin@mentorerp.com\";mobile|s:10:\"1234567890\";image|s:11:\"default.png\";role|s:5:\"admin\";loggedin|b:1;'),('e8vv1vskvq0b90tj7blt3dogo4qb2q9l','172.31.1.45',1548160507,'__ci_last_regenerate|i:1548160475;loginUserID|s:1:\"1\";name|s:12:\"MENTOR ADMIN\";email|s:19:\"admin@mentorerp.com\";mobile|s:10:\"1234567890\";image|s:11:\"default.png\";role|s:5:\"admin\";loggedin|b:1;'),('e40663cf0ptav8685c5egj09it309bto','172.31.1.45',1548058590,'__ci_last_regenerate|i:1548047169;loginUserID|s:1:\"1\";name|s:12:\"MENTOR ADMIN\";email|s:19:\"admin@mentorerp.com\";mobile|s:10:\"1234567890\";image|s:11:\"default.png\";role|s:5:\"admin\";loggedin|b:1;'),('m06d7v1qtpla5rkoi7e9hom7rdfhur0v','172.31.30.248',1547878042,'__ci_last_regenerate|i:1547877973;loginUserID|s:1:\"1\";name|s:12:\"MENTOR ADMIN\";email|s:19:\"admin@mentorerp.com\";mobile|s:10:\"1234567890\";image|s:11:\"default.png\";role|s:5:\"admin\";loggedin|b:1;');
/*!40000 ALTER TABLE `ci_admin_sessions` ENABLE KEYS */;
UNLOCK TABLES;

--
-- Table structure for table `ci_sessions`
--

DROP TABLE IF EXISTS `ci_sessions`;
/*!40101 SET @saved_cs_client     = @@character_set_client */;
/*!40101 SET character_set_client = utf8 */;
CREATE TABLE `ci_sessions` (
  `id` varchar(128) NOT NULL,
  `ip_address` varchar(45) NOT NULL,
  `timestamp` int(10) unsigned NOT NULL DEFAULT '0',
  `data` blob NOT NULL,
  PRIMARY KEY (`id`),
  KEY `ci_sessions_timestamp` (`timestamp`)
) ENGINE=MyISAM DEFAULT CHARSET=latin1;
/*!40101 SET character_set_client = @saved_cs_client */;

--
-- Dumping data for table `ci_sessions`
--

LOCK TABLES `ci_sessions` WRITE;
/*!40000 ALTER TABLE `ci_sessions` DISABLE KEYS */;
INSERT INTO `ci_sessions` VALUES ('egtl76gt335bjh45ao0ts70a2l1kf3vr','172.31.1.45',1548057625,'__ci_last_regenerate|i:1548057625;'),('q2eaedgsotdn8spi0dh71u16d9s297oq','172.31.1.45',1548057625,'__ci_last_regenerate|i:1548057625;'),('6do99a26cq4538n6lctsdf8qa33a24t5','172.31.1.45',1548057626,'__ci_last_regenerate|i:1548057626;'),('1igucocqv2n4tehhs7tet3cq605dghut','172.31.21.5',1548057627,'__ci_last_regenerate|i:1548057627;'),('l43dkob8vh6d10a6b2umjm2lspk3d2rt','172.31.1.45',1548057629,'__ci_last_regenerate|i:1548057629;'),('3pif29et0u2ft03vct2openf4kdu7veh','172.31.1.45',1548057632,'__ci_last_regenerate|i:1548057632;'),('kvlqs63jeohanfg8degtlerog4fsrevq','172.31.21.5',1548057632,'__ci_last_regenerate|i:1548057632;'),('uclj2m6atpt05sb3kkd1lel1kglq4hcf','172.31.1.45',1548057624,'__ci_last_regenerate|i:1548057624;'),('ouvcbdf6hl5osnebl9e03s3kdp7uso3l','172.31.1.45',1548057623,'__ci_last_regenerate|i:1548057623;'),('8p6k3e70vicjpi3nummbs5bgdqj8e3cq','172.31.1.45',1548057622,'__ci_last_regenerate|i:1548057622;'),('l9ahs4fe2d3j6uaub2trormp754dufgd','172.31.21.5',1548057621,'__ci_last_regenerate|i:1548057621;'),('2hch13uer6ijeov60ohi2f3s4qlgfkql','172.31.1.45',1548057620,'__ci_last_regenerate|i:1548057620;'),('8cufq0al704mb6k6sg9dgiuieu157t21','172.31.1.45',1548057617,'__ci_last_regenerate|i:1548057617;'),('0ngmo8ejqlfeum3dqi16c3oq7d588f8h','172.31.21.5',1548057617,'__ci_last_regenerate|i:1548057617;'),('d9b7n5u0npfes4cic3m6dr6lkv63fgcc','172.31.1.45',1548057615,'__ci_last_regenerate|i:1548057615;'),('di3f84e5u8mt98037h0v3v772mjr4jg7','172.31.1.45',1548057615,'__ci_last_regenerate|i:1548057615;'),('36ka7nm4b2fa25dl4tfticqu43fqu242','172.31.1.45',1548057613,'__ci_last_regenerate|i:1548057613;'),('qqd6k6mn56bgre3jtf722bn5pne5k33b','172.31.1.45',1548057610,'__ci_last_regenerate|i:1548057610;'),('9m1d7i3cu7fubaqbr1t2rvrdjbicvpkf','172.31.21.5',1548057602,'__ci_last_regenerate|i:1548057602;'),('hp9sutugvaag9uj46l33u0b4cc51ejtc','172.31.1.45',1548057579,'__ci_last_regenerate|i:1548057579;'),('1076qikt491jk0q9blvi7bbm2hlldnia','172.31.1.45',1548057579,'__ci_last_regenerate|i:1548057579;'),('u3h9mqv0gi78i9epsmkd64hgul3ajevm','172.31.1.45',1548057579,'__ci_last_regenerate|i:1548057579;'),('djrj4bn0jvdor5e1dht6vse221q20vn6','172.31.1.45',1548057579,'__ci_last_regenerate|i:1548057579;'),('5q8hku9f2s7b66b7vvcr0i3l1a2al1c3','172.31.21.5',1548057568,'__ci_last_regenerate|i:1548057568;'),('3b15tjma000h26u49t9vcpkjqu6aqg2a','172.31.1.45',1548057569,'__ci_last_regenerate|i:1548057569;'),('stlu3246r769up19i0ju7vr0ihp7gbva','172.31.21.5',1548057570,'__ci_last_regenerate|i:1548057570;'),('mo7ghbli1g2ulvr2l3223j0ncnk4th9p','172.31.21.5',1548057571,'__ci_last_regenerate|i:1548057571;'),('ag5iobsovj7tqtjsfivudbga18lm9kln','172.31.1.45',1548057572,'__ci_last_regenerate|i:1548057572;'),('tvqe57s4rfrbqjdnk9smbo17mdgj00ao','172.31.1.45',1548057573,'__ci_last_regenerate|i:1548057573;'),('f0jnad1r1r2he5enke190ie7sh6m1nj8','172.31.1.45',1548057562,'__ci_last_regenerate|i:1548057562;'),('mjil7rkg09qb07iu4nbukv4v735m732e','172.31.21.5',1548057559,'__ci_last_regenerate|i:1548057558;'),('h3f0729l4bfsl94dpvjq24uq5c24esk2','172.31.1.45',1548057557,'__ci_last_regenerate|i:1548057557;'),('lceskj74tcu4q0uulev3406ojc6m6lbd','172.31.21.5',1548057556,'__ci_last_regenerate|i:1548057556;'),('b6le5th3h79a37m84pkh7nlop9j42nfu','172.31.21.5',1548057556,'__ci_last_regenerate|i:1548057556;'),('gj5o9v0626e15f3bn652fcsuemk12tqs','172.31.21.5',1548057556,'__ci_last_regenerate|i:1548057556;'),('10g1fbi87d5qd6mi1plgppocdidli5gj','172.31.1.45',1548057552,'__ci_last_regenerate|i:1548057552;'),('9jn1ddb2o5bi67qdrv3rb5lslipbrscv','172.31.1.45',1548057550,'__ci_last_regenerate|i:1548057549;'),('mmerocbomtc0rd0h8p3uu16q2vl2qm8n','172.31.1.45',1548057547,'__ci_last_regenerate|i:1548057547;'),('r8fanb662qv9atpt6in19ogvigk2kibj','172.31.1.45',1548057546,'__ci_last_regenerate|i:1548057546;'),('682k6vnv5ciqe6091l3gj0pa75afjrit','172.31.1.45',1548057544,'__ci_last_regenerate|i:1548057544;'),('s40t9q9403suta9493clgp1o7d60dbs9','172.31.1.45',1548057541,'__ci_last_regenerate|i:1548057541;'),('2ifios4v4osegp3e8hq6pj019jivpsqj','172.31.1.45',1548057541,'__ci_last_regenerate|i:1548057541;'),('h6figqv0tr7890cknn483dbvvrm66ju3','172.31.1.45',1548057540,'__ci_last_regenerate|i:1548057540;'),('ok3gdibkehb68s5fb9m8ijlo63t1dv4g','172.31.1.45',1548057533,'__ci_last_regenerate|i:1548057533;'),('6jn98dt165d633e30ju96dgfso7bmngs','172.31.1.45',1548057529,'__ci_last_regenerate|i:1548057529;'),('ve9aeehi8v291m490sgvf8ltugqmct47','172.31.1.45',1548057529,'__ci_last_regenerate|i:1548057529;'),('227lalipfpbpjuhoq59vnqgtg3u0q9o3','172.31.1.45',1548057528,'__ci_last_regenerate|i:1548057528;'),('gh0n7drpt64jg5eiuhfrkdh7so6mmv3l','172.31.1.45',1548057528,'__ci_last_regenerate|i:1548057528;'),('71lo43edc83rcbful8pe970ef6ge21lh','172.31.1.45',1548057514,'__ci_last_regenerate|i:1548057514;'),('jdd3ab9v4fu1j1sh68s67ao7i6vl3fqp','172.31.1.45',1548057512,'__ci_last_regenerate|i:1548057512;'),('voumbvf5jin124ujaccl6a1canro61oa','172.31.1.45',1548057510,'__ci_last_regenerate|i:1548057510;'),('am7dq7mlbnli6j3mgdu9rp3segn6p19u','172.31.1.45',1548057506,'__ci_last_regenerate|i:1548057506;'),('ib7ojq59fsp916sgd97u16kn664d1mmr','172.31.1.45',1548057506,'__ci_last_regenerate|i:1548057506;'),('85hst3na8ig5r6hj7f4791680h81si21','172.31.1.45',1548057506,'__ci_last_regenerate|i:1548057506;'),('hflno8ts9cbg94debpjn2e73gqsik6ca','172.31.1.45',1548057505,'__ci_last_regenerate|i:1548057505;'),('rsdgj1doph0u42qtnblsgprjcdf23s2m','172.31.1.45',1548057499,'__ci_last_regenerate|i:1548057499;'),('4nudbmkf5ocl2qvlg4l5h9jai6agaodp','172.31.1.45',1548057490,'__ci_last_regenerate|i:1548057490;'),('v4qv7jbap19mqi5r00b8orcd5lmd97oo','172.31.1.45',1548057490,'__ci_last_regenerate|i:1548057490;'),('tisrgp31gg01po7epecqfbfob06vinov','172.31.1.45',1548057490,'__ci_last_regenerate|i:1548057490;'),('anhrjut6p6dsvn4fk0g6nnrupj8fhojj','172.31.1.45',1548057481,'__ci_last_regenerate|i:1548057481;'),('bcbman2mj71g0mpt65je5e4rqtjshu9k','172.31.1.45',1548057461,'__ci_last_regenerate|i:1548057461;'),('dl06k2thiq94ka7l0p20c0737dr9j439','172.31.1.45',1548057460,'__ci_last_regenerate|i:1548057460;'),('vf43apdfpo2h3vi0r7oi4q14ogksp76f','172.31.1.45',1548057458,'__ci_last_regenerate|i:1548057458;'),('c1q2hpe08aq21f6qukk7ibqtc4gr2c4h','172.31.1.45',1548057454,'__ci_last_regenerate|i:1548057454;'),('98r3ktfn5borof19esde1133s31ipsll','172.31.1.45',1548056929,'__ci_last_regenerate|i:1548056929;'),('g198c7utiq6a0i2k42mi4qm8hmd3m2an','172.31.1.45',1548056929,'__ci_last_regenerate|i:1548056929;'),('ipgco3uu06fioqamgstqknoecnp7gtkq','172.31.1.45',1548056920,'__ci_last_regenerate|i:1548056920;'),('tjotes4nlocg33vhbillbhpualssq5mc','172.31.21.5',1548056920,'__ci_last_regenerate|i:1548056920;'),('dcrpmbhs5lq63te8au2c9n58571ngpmf','172.31.1.45',1548056903,'__ci_last_regenerate|i:1548056903;'),('e988e5cip3u4m044m6psjftadqqes7sq','172.31.21.5',1548056810,'__ci_last_regenerate|i:1548056810;'),('tbdnole55igi8hkqjhdi034bifm56ong','172.31.1.45',1548056812,'__ci_last_regenerate|i:1548056812;'),('u5rsacd4js7ii72odeaog9ks0lsbarq8','172.31.21.5',1548056842,'__ci_last_regenerate|i:1548056842;'),('cqnkne3mo25qo86jjkolj25nalkftnne','172.31.21.5',1548056844,'__ci_last_regenerate|i:1548056844;'),('m7qut3u6gkgegmskup1hen4gc316pquc','172.31.21.5',1548056844,'__ci_last_regenerate|i:1548056844;'),('pf3cvtq7ugfoinjr5usmcbio0bi3smum','172.31.21.5',1548056898,'__ci_last_regenerate|i:1548056898;'),('hgqgc66sb2goept223rpcap0r2041a7e','172.31.21.5',1548056805,'__ci_last_regenerate|i:1548056805;'),('npms0lm94fkuehv5kcpj44baoujf0n7t','172.31.21.5',1548056804,'__ci_last_regenerate|i:1548056804;'),('1gs8t8lni3i6bdlh49s7gcrnamghomnd','172.31.21.5',1548056804,'__ci_last_regenerate|i:1548056804;'),('0um450b74noa45c1eipdo36e5pn9664b','172.31.1.45',1548056784,'__ci_last_regenerate|i:1548056784;'),('1uii8s0ptmm7oim8gc5mbkgq9c5b3eld','172.31.1.45',1548056784,'__ci_last_regenerate|i:1548056784;'),('6m81gq8d8chnttlnd9ujnen2p4al9t1l','172.31.21.5',1548056764,'__ci_last_regenerate|i:1548056764;'),('del4tvadjmvhl0pvrr6ch26s85l1lk4f','172.31.21.5',1548056764,'__ci_last_regenerate|i:1548056764;'),('ejd9c7gvvs2usm3pg38g0jd0he9vrvmn','172.31.1.45',1548056758,'__ci_last_regenerate|i:1548056758;'),('nkok6mlu7p1qte8i10m2u9197d0e64bg','172.31.21.5',1548056405,'__ci_last_regenerate|i:1548056405;'),('7cu8kvqqoc9ugrv57sf4cja6t8fog91s','172.31.21.5',1548056407,'__ci_last_regenerate|i:1548056407;'),('tkoet2orvbdsjonm8nrkar3dp22ahg4a','172.31.21.5',1548056617,'__ci_last_regenerate|i:1548056617;'),('lmgb5idsmga31o0nvuvj1vdu2jrm8el4','172.31.1.45',1548056687,'__ci_last_regenerate|i:1548056687;'),('kvemkollh69l55h4sdovu6on6nv7tv5m','172.31.1.45',1548056738,'__ci_last_regenerate|i:1548056738;'),('a4lvk89dqb64t0r1d4f4kson5auonjir','172.31.1.45',1548056738,'__ci_last_regenerate|i:1548056738;'),('4kkjhnuhvvp7i6pd0a57na0p56gmdhkk','172.31.1.45',1548056738,'__ci_last_regenerate|i:1548056738;'),('ug6tagbm62i80mhqr8l5hjurmo1efvt6','172.31.21.5',1548056404,'__ci_last_regenerate|i:1548056404;'),('vuh8l4oav6runk2jho2n20kv069b7s28','172.31.1.45',1548056541,'__ci_last_regenerate|i:1548056403;loginUserID|s:2:\"21\";code|s:7:\"SUU5FF2\";name|s:11:\"Suman Kumar\";email|s:23:\"suman.dwivedi@yahoo.com\";mobile|s:10:\"9801425555\";username|s:7:\"SUU5FF2\";image|s:11:\"default.png\";role|s:6:\"school\";loggedin|b:1;logo|s:15:\"mentor-logo.png\";'),('eg4u0h64q96f2k5buumb21r0gcr655bi','172.31.21.5',1548056402,'__ci_last_regenerate|i:1548056402;'),('sq8novvgt6ac47ocjl184m92icb37asl','172.31.21.5',1548056378,'__ci_last_regenerate|i:1548056378;'),('rq3aiitui5r20bd4rbomms99vi1b0o9m','172.31.21.5',1548056379,'__ci_last_regenerate|i:1548056379;'),('3475qvf7n726caanen3jv2uitsgruq2r','172.31.21.5',1548056381,'__ci_last_regenerate|i:1548056381;'),('8p9a5crkamq2u8rlce321r3omfemc5sm','172.31.21.5',1548056379,'__ci_last_regenerate|i:1548056379;'),('1e42olpmfi3naciskf98lpr7unjpb0jl','172.31.21.5',1548056369,'__ci_last_regenerate|i:1548056369;'),('803m71io8gnvgktqjhqg29g5k8n1j044','172.31.21.5',1548056369,'__ci_last_regenerate|i:1548056369;'),('a81j4vp0ktsssu3shnk6ebrr6mc5hu6n','172.31.21.5',1548056366,'__ci_last_regenerate|i:1548056366;'),('sc6ldn9df2dat48na7d4j8kv8bu35sah','172.31.21.5',1548056364,'__ci_last_regenerate|i:1548056364;'),('m931ii1o5gvld9a7jkajl46uoos6oo4g','172.31.21.5',1548056361,'__ci_last_regenerate|i:1548056361;'),('7o2h5vl3v71tuljm0nsmlpvjkanmk6ta','172.31.21.5',1548056361,'__ci_last_regenerate|i:1548056361;'),('m0utspi6majhq1d69l7ne9q9mmdv5l0n','172.31.1.45',1548056356,'__ci_last_regenerate|i:1548056356;'),('kfd32o49lj320boodoncoq7t58sj675k','172.31.21.5',1548056356,'__ci_last_regenerate|i:1548056356;'),('fu7lv08j47df4uegc6545t8g04i6ohl2','172.31.1.45',1548056338,'__ci_last_regenerate|i:1548056338;'),('2hliintn9rj544be159g98cdgrctfbck','172.31.1.45',1548056326,'__ci_last_regenerate|i:1548056326;'),('21k0ies5t5803nlpi8ku7bkvn5pf1amk','172.31.1.45',1548056324,'__ci_last_regenerate|i:1548056324;'),('t1bppmti6i79d6sikrnv92o4ovh7ll4m','172.31.1.45',1548056323,'__ci_last_regenerate|i:1548056323;'),('mpihpr7jh0itd813mle7de3o4u1iilgu','172.31.21.5',1548056322,'__ci_last_regenerate|i:1548056322;'),('35e0lobeauoaaj2upugrbc6232479bkj','172.31.1.45',1548056320,'__ci_last_regenerate|i:1548056320;'),('i2c9n5p190phjee2i7mlodeqe03g59vq','172.31.1.45',1548056310,'__ci_last_regenerate|i:1548056310;'),('fqq68mri88elcf4d5vk5dje8382gdi42','172.31.21.5',1548056307,'__ci_last_regenerate|i:1548056307;'),('h0l5tkpj52afqnb7gl0vte50dcedr318','172.31.21.5',1548056304,'__ci_last_regenerate|i:1548056304;'),('seujc3a8gses90js2098om4ol12eskjt','172.31.21.5',1548056304,'__ci_last_regenerate|i:1548056304;'),('4ukm63is1jlp6jagmopm1iqjuufpp2sb','172.31.21.5',1548056303,'__ci_last_regenerate|i:1548056303;'),('fq63msg4rj4bq8ftd7d4fb46cto3mn3e','172.31.21.5',1548056281,'__ci_last_regenerate|i:1548056281;'),('m2mtd599teek0iu21s77cf4h4ci7vlb9','172.31.21.5',1548056281,'__ci_last_regenerate|i:1548056281;'),('r3uudfig7rh0hnm8ul78d2v4as560v15','172.31.1.45',1548056268,'__ci_last_regenerate|i:1548056268;'),('kmuq6pam5agsra1vq3vq5egmscegv9ia','172.31.21.5',1548056268,'__ci_last_regenerate|i:1548056268;'),('jjjggfs3p4tssq34es140t2cpn66rdmr','172.31.21.5',1548056194,'__ci_last_regenerate|i:1548056194;'),('11bos48nu8dqbuequfofkejpihg4cu10','172.31.21.5',1548056179,'__ci_last_regenerate|i:1548056179;'),('eugvgo317i13kkmabeu4g1vl9poljrf6','172.31.21.5',1548056175,'__ci_last_regenerate|i:1548056175;'),('l0fsmimm1aiebav8r73ah6c0rmsmegvb','172.31.21.5',1548056172,'__ci_last_regenerate|i:1548056172;'),('o05me7f4gtn1eo9tpkkmmjogji58jftq','172.31.21.5',1548056106,'__ci_last_regenerate|i:1548056106;'),('36v79j6693hudtjlcgt4mt2ckri15i4v','172.31.21.5',1548056104,'__ci_last_regenerate|i:1548056104;'),('mbfrhhjq9p6nelp30m883f52qqk6ilqn','172.31.21.5',1548056096,'__ci_last_regenerate|i:1548056096;'),('oigun0m8b8pke188p3ubi2aqpoktlc0c','172.31.21.5',1548056090,'__ci_last_regenerate|i:1548056090;'),('s0rhq1an9b6n9u9iumgbck4eng1qphqg','172.31.21.5',1548056038,'__ci_last_regenerate|i:1548056038;'),('doerflv5e6sjgsfjais6hk150s0pcueg','172.31.1.45',1548056023,'__ci_last_regenerate|i:1548055976;loginUserID|s:2:\"21\";code|s:7:\"SUU5FF2\";name|s:11:\"Suman Kumar\";email|s:23:\"suman.dwivedi@yahoo.com\";mobile|s:10:\"9801425555\";username|s:7:\"SUU5FF2\";image|s:11:\"default.png\";role|s:6:\"school\";loggedin|b:1;logo|s:15:\"mentor-logo.png\";'),('fru21kgvl97e5199cul5ahooedsvf8jg','172.31.21.5',1548055831,'__ci_last_regenerate|i:1548055831;'),('i47fphi6r79olc9fkrn8fkhcn8mnu8t9','172.31.1.45',1548055489,'__ci_last_regenerate|i:1548055489;'),('s50lu2i5tljv20p9fupl5m245j6ml36a','172.31.1.45',1548055492,'__ci_last_regenerate|i:1548055491;'),('ghalqmrgu8bl0arv4i7seoubmekig6pf','172.31.1.45',1548055509,'__ci_last_regenerate|i:1548055509;'),('lsupqgbljr3h1re2amec5vd3k13dg46s','172.31.1.45',1548055520,'__ci_last_regenerate|i:1548055520;'),('f99k7bq2hd5008h634f7nrdkoiqb70n7','172.31.1.45',1548055522,'__ci_last_regenerate|i:1548055522;'),('0mvrv36qquduodjrp48gam5oeae22ehb','172.31.1.45',1548055523,'__ci_last_regenerate|i:1548055523;'),('g65roghklestkcksuqh0i6pv4n3ud9ec','172.31.1.45',1548055569,'__ci_last_regenerate|i:1548055569;'),('cej1l5e2fj7f7lqmoq3riaol95860fap','172.31.21.5',1548055604,'__ci_last_regenerate|i:1548055604;'),('g1f23k01td2jmtf96sv1k8fcsib0b214','172.31.21.5',1548055604,'__ci_last_regenerate|i:1548055604;'),('1qj70gqqvbfcig7p1buuoqo90vgd9glt','172.31.1.45',1548055843,'__ci_last_regenerate|i:1548055635;loginUserID|s:2:\"21\";code|s:7:\"SUU5FF2\";name|s:11:\"Suman Kumar\";email|s:23:\"suman.dwivedi@yahoo.com\";mobile|s:10:\"9801425555\";username|s:7:\"SUU5FF2\";image|s:11:\"default.png\";role|s:6:\"school\";loggedin|b:1;logo|s:15:\"mentor-logo.png\";'),('db9ruk4bkn1m2c15c8951qr43kf92uqt','172.31.1.45',1548055488,'__ci_last_regenerate|i:1548055488;'),('aiijienj2hsvl046kfh7t4e50bvijadv','172.31.1.45',1548055480,'__ci_last_regenerate|i:1548055480;'),('3icgvp5bl07oh78gmi0dp8v49srbesdr','172.31.1.45',1548055423,'__ci_last_regenerate|i:1548055423;'),('oaop2g2itaetg7cfuc2u9739d1e6vajd','172.31.1.45',1548055429,'__ci_last_regenerate|i:1548055429;'),('s334sb6j6m0b28qtqa3udgqko2crb7as','172.31.1.45',1548055472,'__ci_last_regenerate|i:1548055472;'),('17deu8n66kmefpdj870tpibb07jfe8nr','172.31.1.45',1548055478,'__ci_last_regenerate|i:1548055478;'),('fqdrpkoncq1lfl0c60c1onop1f70kt6d','172.31.1.45',1548055621,'__ci_last_regenerate|i:1548055327;loginUserID|s:2:\"21\";code|s:7:\"SUU5FF2\";name|s:11:\"Suman Kumar\";email|s:23:\"suman.dwivedi@yahoo.com\";mobile|s:10:\"9801425555\";username|s:7:\"SUU5FF2\";image|s:11:\"default.png\";role|s:6:\"school\";loggedin|b:1;logo|s:15:\"mentor-logo.png\";'),('g95rbkfi69mtrud5hbb4cb38bse0kbon','172.31.1.45',1548055318,'__ci_last_regenerate|i:1548055318;'),('gmvhmkn6e5nnl6o7f2trlr4ktjenastj','172.31.1.45',1548055307,'__ci_last_regenerate|i:1548055307;'),('uuaiqbe01degf8g2kjgiif6ap2e6sgpa','172.31.1.45',1548055307,'__ci_last_regenerate|i:1548055307;'),('pioplc1njm83dnh09qp4enj5ekc0880s','172.31.1.45',1548055273,'__ci_last_regenerate|i:1548055273;'),('2vvs74t000jhcrlbtr2117a5mndlbefn','172.31.1.45',1548055270,'__ci_last_regenerate|i:1548055270;'),('davosrae7l69vseaoaqau9m5nnv95m65','172.31.1.45',1548055255,'__ci_last_regenerate|i:1548055255;'),('0ssuu1js7hofvpu1eacsl0p28mua4i40','172.31.1.45',1548055244,'__ci_last_regenerate|i:1548055244;'),('rb09m6k1lulpk026jgcodhbu4m8u96a2','172.31.1.45',1548055243,'__ci_last_regenerate|i:1548055243;'),('t814jq7cpa7snhn00bmaa3q4evktqn3o','172.31.1.45',1548055242,'__ci_last_regenerate|i:1548055242;'),('376m3qih96tfp8i6pho3in263d9tie5p','172.31.1.45',1548055239,'__ci_last_regenerate|i:1548055239;'),('j22os803qe95aoc60k7o9q7bpcquv545','172.31.1.45',1548055237,'__ci_last_regenerate|i:1548055237;'),('9al954fone9pehb2bfqq6fb1rgje2hl0','172.31.1.45',1548055234,'__ci_last_regenerate|i:1548055234;'),('hsjfqeiqlsnn80kqqck67s8lme3sgn1t','172.31.1.45',1548055231,'__ci_last_regenerate|i:1548055231;'),('qvd7hel4dhsfr6o02sch3bg4pjj5nco4','172.31.1.45',1548055228,'__ci_last_regenerate|i:1548055228;'),('13f2948io25kfmjai0mu620gf1m1gqcn','172.31.21.5',1548055215,'__ci_last_regenerate|i:1548055215;'),('376tn2uejut18f988kt1mh7e49vc4h99','172.31.1.45',1548055216,'__ci_last_regenerate|i:1548055216;'),('plibe75b1k8n3aa72nr9qugas6mpttvs','172.31.1.45',1548055170,'__ci_last_regenerate|i:1548055170;'),('e4f31bqhh5j2658bgvi708i4rmjsk3su','172.31.1.45',1548055213,'__ci_last_regenerate|i:1548055213;'),('r4k3j53v183qj7oiptlnua1rpjh8vv9t','172.31.1.45',1548055131,'__ci_last_regenerate|i:1548055131;'),('v5b4iao5rhevg6q06r463b9rt8n3iuf4','172.31.1.45',1548055098,'__ci_last_regenerate|i:1548055098;'),('akbk0st21qapuikdc9uv2hg2raed2l38','172.31.1.45',1548055128,'__ci_last_regenerate|i:1548055128;'),('873ns87g3m7v31eebvda27rhmc32ekoq','172.31.1.45',1548055126,'__ci_last_regenerate|i:1548055126;'),('qegomrlu5o1076jueg118csbtovfhu0v','172.31.1.45',1548055096,'__ci_last_regenerate|i:1548055096;'),('o1977qcnirg1o5k137fjf9ef3mfst3ov','172.31.1.45',1548055096,'__ci_last_regenerate|i:1548055096;'),('ilmqh2t9djqb8q1etit5ibp40b0l1jl2','172.31.1.45',1548055096,'__ci_last_regenerate|i:1548055096;'),('crvpdm4dvt8651908cr6oejqddiitsdb','172.31.21.5',1548055031,'__ci_last_regenerate|i:1548055031;'),('rouj5fjh5hj555gfv1mj8smn0e9tfh4q','172.31.21.5',1548055002,'__ci_last_regenerate|i:1548055002;'),('gpc99bg73qjk8c8s9ouomiuct5a5hsat','172.31.21.5',1548054989,'__ci_last_regenerate|i:1548054989;'),('o36sctjc1mbp6bh3hul30q94ooehtknp','172.31.21.5',1548054988,'__ci_last_regenerate|i:1548054988;'),('78q793t68fb8mkhv94a1qpob6nl1851h','172.31.21.5',1548054986,'__ci_last_regenerate|i:1548054986;'),('d1kfi793329k6105bgibuhjsj58eatht','172.31.21.5',1548054971,'__ci_last_regenerate|i:1548054971;'),('rjchm2s6m49dmsqf01gtqfkokjvme8pg','172.31.21.5',1548054965,'__ci_last_regenerate|i:1548054965;'),('17mnnole8o0vqu5f04qvf2ndu140c0ap','172.31.21.5',1548054965,'__ci_last_regenerate|i:1548054965;'),('06kg7g56pncjkb74hbv6gsbeoaqv23mp','172.31.21.5',1548054962,'__ci_last_regenerate|i:1548054962;'),('veq4e3gveadqccih84v707apa79gk0c0','172.31.21.5',1548054944,'__ci_last_regenerate|i:1548054944;'),('tsn48uq2qi7rj16fpv82c837hervr5qh','172.31.21.5',1548054936,'__ci_last_regenerate|i:1548054930;'),('isjjedhvuo8q2tgvg9sat6a08vg3ug4m','172.31.21.5',1548054928,'__ci_last_regenerate|i:1548054928;'),('vsqdhk52r8kgvas055q0bkeksi9996gj','172.31.21.5',1548054923,'__ci_last_regenerate|i:1548054923;'),('86jsp9upr558i5dcap2avm1esbarovv4','172.31.21.5',1548054921,'__ci_last_regenerate|i:1548054921;'),('qg162396mkcgktv3sceqk8asif9ak2g7','172.31.21.5',1548054923,'__ci_last_regenerate|i:1548054923;'),('cd9hpq4ibgqgss2gmc38vafj9pa37ko4','172.31.21.5',1548054920,'__ci_last_regenerate|i:1548054920;'),('9p0t4jd0qfvh580fp7nhb90hn44mi62u','172.31.21.5',1548054920,'__ci_last_regenerate|i:1548054920;'),('330rur1p2cd2ofq1usq6rlje409i3dvo','172.31.21.5',1548054860,'__ci_last_regenerate|i:1548054860;'),('8f0agmrrjgoiv1itdmp46d5mp8vrl4ug','172.31.21.5',1548054854,'__ci_last_regenerate|i:1548054854;'),('mjm1osr8kl8q6nf929ec115b03nl9p5s','172.31.1.45',1548053869,'__ci_last_regenerate|i:1548053869;'),('11ff758t7uki80t4gjl1u77904njr7n9','172.31.1.45',1548053869,'__ci_last_regenerate|i:1548053869;'),('1s12rd3tqu7plkonqguv5ca10rcv4nb6','172.31.1.45',1548053883,'__ci_last_regenerate|i:1548053883;'),('42jl0bi1qh52o3lvmuhl57hqi1v7u0ra','172.31.21.5',1548054201,'__ci_last_regenerate|i:1548054201;loginUserID|s:2:\"21\";code|s:7:\"SUU5FF2\";name|s:11:\"Suman Kumar\";email|s:23:\"suman.dwivedi@yahoo.com\";mobile|s:10:\"9801425555\";username|s:7:\"SUU5FF2\";image|s:11:\"default.png\";role|s:6:\"school\";loggedin|b:1;logo|s:15:\"mentor-logo.png\";'),('kfsoe1l8re1t0tes6jacv06tl917c7ck','172.31.1.45',1548053859,'__ci_last_regenerate|i:1548053859;'),('7jvpte63uqlkilgd34j6acn9absa31s2','172.31.1.45',1548053807,'__ci_last_regenerate|i:1548053807;'),('rb2fhtkn5khgjpr1pgm0asfpgtrgph5i','172.31.1.45',1548053805,'__ci_last_regenerate|i:1548053805;'),('h8jmqtpejce507qe4m46ctokvfpnqc2v','172.31.1.45',1548053787,'__ci_last_regenerate|i:1548053787;'),('srjgulsher38269bs00jshb0ev3fmtic','172.31.1.45',1548053780,'__ci_last_regenerate|i:1548053780;'),('ts25r17h0c287eoc3mg6rocqmtkbjk96','172.31.1.45',1548053749,'__ci_last_regenerate|i:1548053749;'),('kiu9sh7i7685r96v22oq0dckvjtutj8r','172.31.21.5',1548223460,'__ci_last_regenerate|i:1548223460;'),('jbgdklptecvsd08c0tccjsjh9pnhrasv','172.31.21.5',1548223457,'__ci_last_regenerate|i:1548223457;'),('m5vud0r5dr5se2pj1hqgm64hb5limjj3','172.31.21.5',1548223455,'__ci_last_regenerate|i:1548223455;'),('tpmhk0ib6a7cnk5f7nhr46e12s6emipr','172.31.21.5',1548220405,'__ci_last_regenerate|i:1548220405;'),('rof5vt6l7htnteanounq0ob4md88lsuo','172.31.1.45',1548222621,'__ci_last_regenerate|i:1548222600;loginUserID|s:2:\"21\";code|s:7:\"SUU5FF2\";name|s:11:\"Suman Kumar\";email|s:23:\"suman.dwivedi@yahoo.com\";mobile|s:10:\"9801425555\";username|s:7:\"SUU5FF2\";image|s:11:\"default.png\";role|s:6:\"school\";loggedin|b:1;logo|s:15:\"mentor-logo.png\";'),('h9k9e6kemlrlidbt90e98fl449b0gcvk','172.31.21.5',1548220402,'__ci_last_regenerate|i:1548220402;'),('1ecb1ukhp7avuvub281vq7mgkdhjds1r','172.31.1.45',1548220389,'__ci_last_regenerate|i:1548220389;'),('er74g0lks250sa4dlv1s43j0vv95k0ns','172.31.1.45',1548220385,'__ci_last_regenerate|i:1548220385;'),('2tue92cjarsqj1hj7mf778s9c75er1ph','172.31.1.45',1548220382,'__ci_last_regenerate|i:1548220382;'),('uu3r2mnjmvn8spripneh3es2bfbmpuqb','172.31.1.45',1548220305,'__ci_last_regenerate|i:1548220305;'),('o2cbuqej0507hcjlkqiiv1ei6041hpb6','172.31.1.45',1548220258,'__ci_last_regenerate|i:1548220258;'),('gsbbjo8mho8r3rk2jpup7sec7jj8r9ns','172.31.1.45',1548220043,'__ci_last_regenerate|i:1548220043;'),('85dd8s9r8qusdkj2om2nmobn8vrc0tf5','172.31.1.45',1548220022,'__ci_last_regenerate|i:1548220022;'),('lbqjoi4pe8bvognh34m31qaqif4amaic','172.31.1.45',1548220019,'__ci_last_regenerate|i:1548220019;'),('0h3cpipmu34b41076jiggitqe37ql1tb','172.31.1.45',1548220016,'__ci_last_regenerate|i:1548220016;'),('p0vuj7t6lha5n1nn1e5qcdh8ttmikm50','172.31.1.45',1548220010,'__ci_last_regenerate|i:1548220010;'),('mh431bljb6vfomqgl04jsk9t3jn8h3ia','172.31.1.45',1548220003,'__ci_last_regenerate|i:1548220003;'),('kp2m6jt5kfglr3osc4pqpjle7bgr3fss','172.31.1.45',1548220001,'__ci_last_regenerate|i:1548220001;'),('drd82hf5o1oksqm7ldtorjhmrcu5p0si','172.31.1.45',1548219988,'__ci_last_regenerate|i:1548219988;'),('396qvij9e07bnb9gvbh4hbierf4q61s2','172.31.1.45',1548219985,'__ci_last_regenerate|i:1548219985;'),('nq6tiubeqlfovbkit5hnspot0mufclts','172.31.21.5',1548219741,'__ci_last_regenerate|i:1548219741;'),('u9nrp8pvkkljd9n2bk17pk7mq10p6q7q','172.31.1.45',1548219519,'__ci_last_regenerate|i:1548219519;'),('89tver52uf0ah2d4bqdksfc9v49iick0','172.31.1.45',1548219522,'__ci_last_regenerate|i:1548219522;'),('tu8bfg9ffl7k1j78sfdpr9slc4vmr49i','172.31.21.5',1548219739,'__ci_last_regenerate|i:1548219739;'),('m7m7i0029megfgoe9g2atjsenus333ca','172.31.1.45',1548219500,'__ci_last_regenerate|i:1548219500;'),('iugc8b3c8e40g5dhng9p58dpkgnfp6a5','172.31.21.5',1548050550,'__ci_last_regenerate|i:1548050550;'),('ep45rd6kh4r8329afik8f91rjkl58rq1','172.31.21.5',1548050571,'__ci_last_regenerate|i:1548050571;'),('rb1glvpvepfo7iffj3949j6tj5i61beu','172.31.21.5',1548050571,'__ci_last_regenerate|i:1548050571;'),('2td13ko9hr8lqbht1e0ab18gtbjlfago','172.31.21.5',1548050572,'__ci_last_regenerate|i:1548050572;'),('12oo0180914omrp76itrgmcmvas4iob9','172.31.21.5',1548050572,'__ci_last_regenerate|i:1548050572;'),('pmpcfml5h10m0g9bpfa9k138rr3vp6qg','172.31.21.5',1548050579,'__ci_last_regenerate|i:1548050579;'),('gme1jjodf6mvb5scuuga72otavdab8ss','172.31.1.45',1548052552,'__ci_last_regenerate|i:1548052552;'),('d5a4b17r5nlskmh7m73b9l30oh9sp55s','172.31.1.45',1548052580,'__ci_last_regenerate|i:1548052580;'),('hqefagituarlgf7nf1nk8gmn4dm9o337','172.31.1.45',1548052580,'__ci_last_regenerate|i:1548052580;'),('msf5kibqesdbbouoaededarlb2knlrpi','172.31.1.45',1548052580,'__ci_last_regenerate|i:1548052580;'),('ffbm8md5j7b0fbm92b7b49jnu4ri6k1n','172.31.1.45',1548052586,'__ci_last_regenerate|i:1548052586;'),('9oalm720kpon80hlnacu5aur8tgflipq','172.31.1.45',1548052593,'__ci_last_regenerate|i:1548052593;'),('ac0tpvvmsb1emqnvi3mq6j85o3dvb2vg','172.31.1.45',1548052598,'__ci_last_regenerate|i:1548052598;'),('rcctck5blskgiqa9h5u99csid0luktnu','172.31.1.45',1548052600,'__ci_last_regenerate|i:1548052600;'),('uqu49b19l4qjg7mb3of62s0dbvqvmrf8','172.31.1.45',1548052612,'__ci_last_regenerate|i:1548052612;'),('cst7gd0b4qi2auji7knffnkhpsjc1ceb','172.31.1.45',1548052682,'__ci_last_regenerate|i:1548052682;'),('vsann7mrqfbd1uhrq6rrlq57pb4j6f21','172.31.21.5',1548052682,'__ci_last_regenerate|i:1548052682;'),('9io7rjbkir1q8gkm4f87mbqd7qbi2b72','172.31.1.45',1548052684,'__ci_last_regenerate|i:1548052684;'),('qp5k28jpkrra2sk1pu6hnfeb9n37hrl5','172.31.1.45',1548052696,'__ci_last_regenerate|i:1548052696;'),('8v5h2583eqkeaa3epqk2cbaddttetnuj','172.31.1.45',1548052830,'__ci_last_regenerate|i:1548052830;'),('kli2q9i8hhl52p50aeivpdsrpmhm7sv5','172.31.1.45',1548052830,'__ci_last_regenerate|i:1548052830;'),('a1hhaa996uba5bisol9o0scq9lobrheq','172.31.1.45',1548052843,'__ci_last_regenerate|i:1548052843;'),('j95tnss7hikr7drdj0rtpurupcle6b7b','172.31.1.45',1548052846,'__ci_last_regenerate|i:1548052846;'),('lrvm3abuc233ipk245c41f2v13u32cq4','172.31.1.45',1548052871,'__ci_last_regenerate|i:1548052871;'),('deu1d25n4abkcfp1sfl7sod14i3c99i9','172.31.1.45',1548052871,'__ci_last_regenerate|i:1548052871;'),('0j3fsm5cte19gj4d5epea402s4mmji5v','172.31.1.45',1548052877,'__ci_last_regenerate|i:1548052877;'),('g5p247l77ojvooommjmujuvdqu92g690','172.31.1.45',1548052892,'__ci_last_regenerate|i:1548052892;'),('8n7vl84k6goukrcj8sjhe9tnkpldr909','172.31.21.5',1548052892,'__ci_last_regenerate|i:1548052892;'),('g3btqlbs3krpubq8j3n62enb35kc3cbs','172.31.1.45',1548052906,'__ci_last_regenerate|i:1548052906;'),('q7i86e9hts3erh5ubbfconp2kp5ts658','172.31.1.45',1548052906,'__ci_last_regenerate|i:1548052906;'),('abasc8g8l4b06qui7qnp75upmqnj416f','172.31.1.45',1548052924,'__ci_last_regenerate|i:1548052924;'),('rb7njd4hpm6oh5llrq3ri67bp6tljcbh','172.31.1.45',1548052924,'__ci_last_regenerate|i:1548052924;'),('6ds8kr2naapjooti7ook96997te0g7mk','172.31.1.45',1548052945,'__ci_last_regenerate|i:1548052945;'),('lu576e4f2a8uuqq7lb7uefkc9r2emppq','172.31.1.45',1548052945,'__ci_last_regenerate|i:1548052945;'),('d6ra4bm477ubbrit4m106tiahhpt51oa','172.31.1.45',1548052948,'__ci_last_regenerate|i:1548052948;'),('kqa38okkad22mqd6lbipq0ug5sabmsn8','172.31.1.45',1548052948,'__ci_last_regenerate|i:1548052948;'),('2fa8ekpr0uekles0aa01f82hd3j656dm','172.31.1.45',1548052952,'__ci_last_regenerate|i:1548052952;'),('u6kqeg1bc0seaqu40q2ak6u39qm36cup','172.31.1.45',1548052953,'__ci_last_regenerate|i:1548052953;'),('fjarr50vlpn84q3hsvvrvudqmgu2gro0','172.31.1.45',1548052953,'__ci_last_regenerate|i:1548052953;'),('gbfbdmibhas09ai3jubq2kh4g0dnat34','172.31.1.45',1548052954,'__ci_last_regenerate|i:1548052954;'),('1jqn1qer0042p5rqp1gdc2cm4gvvfblt','172.31.1.45',1548052957,'__ci_last_regenerate|i:1548052957;'),('hqthulaeji11g5712vhf0ravchppfvn9','172.31.1.45',1548052958,'__ci_last_regenerate|i:1548052958;'),('27kb32pulj70p5ml8p8lrk3afvmi7n0u','172.31.1.45',1548052959,'__ci_last_regenerate|i:1548052959;'),('fh276ouojvffgeghgk2sjvtdvgvve7p0','172.31.1.45',1548052966,'__ci_last_regenerate|i:1548052966;'),('222c9l7v4viptnfmk549vihetb27s893','172.31.1.45',1548052971,'__ci_last_regenerate|i:1548052971;'),('hael5ao9na0n2thb0oa34levm0phbrgq','172.31.1.45',1548052972,'__ci_last_regenerate|i:1548052972;'),('jgg5vj00t2ttn2f4qrqcfuq71mh3pqj5','172.31.1.45',1548053003,'__ci_last_regenerate|i:1548053003;'),('gv7g48du45u4t71k1hhqt61cm0tf718v','172.31.21.5',1548053007,'__ci_last_regenerate|i:1548053007;'),('p3j1h81qtf823enlvkmpat2b2c2icj43','172.31.1.45',1548053010,'__ci_last_regenerate|i:1548053010;'),('fhjc7ggovg55mlro5hmd03dgdavc4l6j','172.31.1.45',1548053127,'__ci_last_regenerate|i:1548053127;'),('2herd93ivd978so99l9hbqaqov16baco','172.31.1.45',1548053134,'__ci_last_regenerate|i:1548053134;'),('og6mhadbgqijgek3dveihkb6adujv14f','172.31.1.45',1548053135,'__ci_last_regenerate|i:1548053135;'),('q3h6nu638ncfgikqijckh55496gu1p96','172.31.1.45',1548053137,'__ci_last_regenerate|i:1548053137;'),('5cr3picp73vpjf88guqbp5bhd6uv9mjm','172.31.1.45',1548053174,'__ci_last_regenerate|i:1548053174;'),('h0behm5bpog3v3rn42gl18ciovpgcp8l','172.31.1.45',1548053178,'__ci_last_regenerate|i:1548053178;'),('vrn5hii2ovgc5qj3qbp6nu1fidik9c7b','172.31.1.45',1548053178,'__ci_last_regenerate|i:1548053178;'),('jf2cf3p8mhq3e9i19e264l6rk8c8f8df','172.31.21.5',1548053791,'__ci_last_regenerate|i:1548053717;loginUserID|s:2:\"21\";code|s:7:\"SUU5FF2\";name|s:11:\"Suman Kumar\";email|s:23:\"suman.dwivedi@yahoo.com\";mobile|s:10:\"9801425555\";username|s:7:\"SUU5FF2\";image|s:11:\"default.png\";role|s:6:\"school\";loggedin|b:1;logo|s:15:\"mentor-logo.png\";'),('2dv1h6dfm7ih0m2oa5dfjct83lomch0o','172.31.1.45',1548053780,'__ci_last_regenerate|i:1548053780;'),('7to1k9cdk4njqcg1njic69dhtg1t2m5b','172.31.1.45',1548053780,'__ci_last_regenerate|i:1548053780;'),('r0419ku3dgtltcbo7btlemgrg2b851fr','172.31.1.45',1548057449,'__ci_last_regenerate|i:1548057449;'),('8h1p2o98dhqq3sj2pcsbnnol5ea8tlue','172.31.1.45',1548057447,'__ci_last_regenerate|i:1548057447;'),('5mroj4t0q4lu8v0sahnor9keqts5bmk5','172.31.1.45',1548057442,'__ci_last_regenerate|i:1548057442;'),('hst1d3r8acjlcrgc7170thcu9h19n3t1','172.31.1.45',1548057440,'__ci_last_regenerate|i:1548057440;'),('ftelbufgmfgl2jif4ft5pf0d5gh3ktm1','172.31.1.45',1548057430,'__ci_last_regenerate|i:1548057430;'),('0689rncf929bj19e5mqibgo2val8l5tl','172.31.1.45',1548057389,'__ci_last_regenerate|i:1548057389;'),('tcgu46bn58esmjka8gsjp0lsn70dbqdf','172.31.1.45',1548057422,'__ci_last_regenerate|i:1548057422;'),('53ib1rv1fll0hrfkj3age47c2eu3t679','172.31.1.45',1548057429,'__ci_last_regenerate|i:1548057429;'),('7boupo126t3t9fduqr4ioj2jmobcukau','172.31.1.45',1548057430,'__ci_last_regenerate|i:1548057430;'),('dorhc82vkvk9n457ve6c7uagm7gtk841','172.31.1.45',1548057345,'__ci_last_regenerate|i:1548057345;'),('iosrcackrbik8654ldekteu49ch9semv','172.31.1.45',1548057337,'__ci_last_regenerate|i:1548057337;'),('b9ntopj2kbinft76s9s5gen30uo60lfi','172.31.1.45',1548057334,'__ci_last_regenerate|i:1548057334;'),('52v1evravgh7lamtusc6n7a3drdveq38','172.31.1.45',1548057330,'__ci_last_regenerate|i:1548057330;'),('gc7k2l9m0gadjrmhiih7lpphe8p7887h','172.31.1.45',1548057329,'__ci_last_regenerate|i:1548057329;'),('93efc0q2dmmaanrbkfmu8abv3pe6dq2g','172.31.1.45',1548057325,'__ci_last_regenerate|i:1548057325;'),('3h9tj6ls0mt5d8sglftccm3si6tkpfqh','172.31.1.45',1548057324,'__ci_last_regenerate|i:1548057324;'),('8qn41q961l8tf8bbg8ea8jpqal9361va','172.31.1.45',1548057322,'__ci_last_regenerate|i:1548057322;'),('vsr8e6k992h6b7brjjrgn73ph18ofh5o','172.31.21.5',1548057321,'__ci_last_regenerate|i:1548057321;'),('099rf2cip1knmt9i3kehl1k015mco2qo','172.31.1.45',1548057321,'__ci_last_regenerate|i:1548057321;'),('77h7782fmb7rd8ukke5c31f6itkv6kvb','172.31.21.5',1548057319,'__ci_last_regenerate|i:1548057319;'),('k37so5du68b8t3g0i4cd6nkc7i5gp3ak','172.31.1.45',1548057316,'__ci_last_regenerate|i:1548057316;'),('mps79cjqfkdgps7dbng7t9n1hordr834','172.31.1.45',1548057315,'__ci_last_regenerate|i:1548057315;'),('ed19ueq17k40cv1dgt9kpoob2tvhuqbt','172.31.1.45',1548057313,'__ci_last_regenerate|i:1548057313;'),('qadpsudi2uno3kirqenhisal8jq8fht0','172.31.1.45',1548057311,'__ci_last_regenerate|i:1548057311;'),('475kfuiua28b0239qn3ucnc8iker4hn4','172.31.1.45',1548057311,'__ci_last_regenerate|i:1548057311;'),('am5kvr9dqd1olhj7fm91p8rng8orolo9','172.31.1.45',1548057311,'__ci_last_regenerate|i:1548057310;'),('lm1n2hartbadi69kf23u1jj33qjkvari','172.31.1.45',1548057310,'__ci_last_regenerate|i:1548057310;'),('opfhr4n2q4a2464ti7q72dl0s26ntng7','172.31.1.45',1548057310,'__ci_last_regenerate|i:1548057310;'),('qorr5rjvt98t82g72dk4gag5t0jdvttj','172.31.1.45',1548057309,'__ci_last_regenerate|i:1548057309;'),('r6kbth02e5hcg099adkohlpojqu3g762','172.31.1.45',1548057306,'__ci_last_regenerate|i:1548057306;'),('157srptilmalm2dpu6do5facoe8vtj2u','172.31.1.45',1548057302,'__ci_last_regenerate|i:1548057302;'),('qldrhglkid1rqgecmms4hhq68kobdfr4','172.31.21.5',1548057284,'__ci_last_regenerate|i:1548057284;'),('vicvk2iph25pvj74c72k67qpae42b0dl','172.31.1.45',1548057282,'__ci_last_regenerate|i:1548057282;'),('v1bm0bgdua0b3tv69sl38ugbpc3qq977','172.31.1.45',1548057282,'__ci_last_regenerate|i:1548057282;'),('smbc3kl3r02r6tfjod48nkotja61f8ri','172.31.21.5',1548057272,'__ci_last_regenerate|i:1548057272;'),('llakuvp8t7m6if7o6437fre36muf0ibc','172.31.21.5',1548057267,'__ci_last_regenerate|i:1548057267;'),('hta6ffe8rgilvepkn0d3hjl2ovrcih4i','172.31.1.45',1548057244,'__ci_last_regenerate|i:1548057244;'),('ooom2i1qf0o4tuudfp9478kdkmhu0vsc','172.31.1.45',1548057234,'__ci_last_regenerate|i:1548057228;'),('oaioscks74uj61i62tmekhsgukr3jp9p','172.31.1.45',1548057200,'__ci_last_regenerate|i:1548057200;'),('5o4549m5nssl17sk5g2lksse4t3grkgd','172.31.1.45',1548057200,'__ci_last_regenerate|i:1548057200;'),('n1hgfuqanab8nduercbsreugl92emhh8','172.31.21.5',1548057188,'__ci_last_regenerate|i:1548057188;'),('rfnvk48q2eetkdo7s6adb9h9gm7i8q3c','172.31.21.5',1548057164,'__ci_last_regenerate|i:1548057164;'),('lskl8lrvvboi4nhl8ou16jqv8uqp570p','172.31.1.45',1548057162,'__ci_last_regenerate|i:1548057162;'),('fcne35bhisgkhhb58393vib3kvonqfft','172.31.21.5',1548057156,'__ci_last_regenerate|i:1548057156;'),('uh1ck73iccq5947nmu5b4ibn9dbssfdc','172.31.21.5',1548057140,'__ci_last_regenerate|i:1548057140;'),('gtm02h9jt27pl8gva72r9ah5p10sfk32','172.31.21.5',1548057140,'__ci_last_regenerate|i:1548057140;'),('c8v8c6rrk05qg2gqrm199igqllpq70sc','172.31.21.5',1548057130,'__ci_last_regenerate|i:1548057130;'),('k3t8v3duk786ui8o13eimdgvpn2pe98n','172.31.21.5',1548057127,'__ci_last_regenerate|i:1548057127;'),('9tt9uh39c1nk6ge61p10dc2ng5cshsg6','172.31.21.5',1548057126,'__ci_last_regenerate|i:1548057126;'),('26p2bc29v5ijnj637lgc2m9kkhlefsrq','172.31.1.45',1548057125,'__ci_last_regenerate|i:1548057125;'),('vf306nqqm7o84maanl8n6k3gt2f9eiqj','172.31.1.45',1548057125,'__ci_last_regenerate|i:1548057125;'),('73bk8olmbo0jr8slae0c8ko516iiqmbk','172.31.1.45',1548057114,'__ci_last_regenerate|i:1548057114;'),('v2loeds2g2oo76m8s7hp2nm202dlmd1l','172.31.1.45',1548057114,'__ci_last_regenerate|i:1548057114;'),('panjpr4eeitsb9vdtunvk8ojplijl6u0','172.31.1.45',1548057110,'__ci_last_regenerate|i:1548057110;'),('ccsc9svpop11raidgrkkf7ksg78hgc8h','172.31.1.45',1548057110,'__ci_last_regenerate|i:1548057110;'),('bbn4ilhumftk9mkq3vvdrbcabf1i10hf','172.31.1.45',1548057110,'__ci_last_regenerate|i:1548057110;'),('6jhd3u4d9r9nd11dqjrcdbce967j1h63','172.31.1.45',1548057109,'__ci_last_regenerate|i:1548057109;'),('b8bq4j1ftlq1gnrqpoi58fbvkkfph0gj','172.31.1.45',1548057106,'__ci_last_regenerate|i:1548057106;'),('655u8le8857ckjg2e2j1g8l4hrc5i6lq','172.31.1.45',1548057106,'__ci_last_regenerate|i:1548057106;'),('4712i4pv2n19hfbitml2qt7p83f0ehtq','172.31.1.45',1548057097,'__ci_last_regenerate|i:1548057097;'),('jdfoerpm6jli3t570au4jqdk7d5duav9','172.31.21.5',1548057091,'__ci_last_regenerate|i:1548057091;'),('be1sedi2ggb27iob9p3077otfdr8besk','172.31.21.5',1548057083,'__ci_last_regenerate|i:1548057083;'),('6df1k7g6qh9piu67p1146fe21c2s2rav','172.31.21.5',1548057081,'__ci_last_regenerate|i:1548057081;'),('fnavhl1j6se7pdqj1ug0798aotomse5a','172.31.21.5',1548057079,'__ci_last_regenerate|i:1548057079;'),('o7aojh64lqbra25ra8losuc15kfs1e32','172.31.1.45',1548057075,'__ci_last_regenerate|i:1548057075;'),('hjm9pudip5m6fvec202ka4s4v4uj8qqh','172.31.1.45',1548057052,'__ci_last_regenerate|i:1548057052;'),('ueik2ujtbd8pmol7c6br8fd44nb0f4f3','172.31.21.5',1548057051,'__ci_last_regenerate|i:1548057051;'),('80vnortvmm0r2qhp86afjj8spf1mdrtd','172.31.1.45',1548057094,'__ci_last_regenerate|i:1548056987;loginUserID|s:2:\"21\";code|s:7:\"SUU5FF2\";name|s:11:\"Suman Kumar\";email|s:23:\"suman.dwivedi@yahoo.com\";mobile|s:10:\"9801425555\";username|s:7:\"SUU5FF2\";image|s:11:\"default.png\";role|s:6:\"school\";loggedin|b:1;logo|s:15:\"mentor-logo.png\";'),('dj0ubee74uiqjn67ccktp715vgd781op','172.31.21.5',1548057134,'__ci_last_regenerate|i:1548056964;'),('3je8k12hmmpmevrmjjn7l92tsrh13o9f','172.31.21.5',1548056962,'__ci_last_regenerate|i:1548056962;'),('g5huumepsv2jgvkefg2oojnup4b06rs0','172.31.21.5',1548056954,'__ci_last_regenerate|i:1548056954;'),('vjndigbbs64feubmcfjd0jo977qk6kb7','172.31.1.45',1548056942,'__ci_last_regenerate|i:1548056942;'),('jhli8h2ho4a65o2gmiuuf9l7hnk83pqp','172.31.1.45',1548056936,'__ci_last_regenerate|i:1548056936;'),('vk045843u7egj73oa0ost1s5jg6a8sj9','172.31.1.45',1548056935,'__ci_last_regenerate|i:1548056935;'),('6dte07ham8a2qhv9ibuacpikconuu1lg','172.31.1.45',1548056930,'__ci_last_regenerate|i:1548056930;'),('f9tuhimeq03ec9s305dcffavnq3gelrj','172.31.1.45',1548219497,'__ci_last_regenerate|i:1548219497;'),('7g2hpbjnapqqi461bmi4k7tjsfagpsdo','172.31.21.5',1548218498,'__ci_last_regenerate|i:1548218498;'),('500tgdgf1q6931catgdt9ftdi4lg5v6i','172.31.21.5',1548218496,'__ci_last_regenerate|i:1548218496;'),('efp9j1bic2ajf8b580kkll4thh2pq542','172.31.21.5',1548218479,'__ci_last_regenerate|i:1548218479;'),('2trcgiebdpd90q9doulia8odcqcoh1pd','172.31.21.5',1548218477,'__ci_last_regenerate|i:1548218477;'),('pqvo34f1lof7i2mduiastc1r5g2u248p','172.31.21.5',1548218463,'__ci_last_regenerate|i:1548218463;'),('hsi38o7ui21iq60sl52va2i1jaf8csnt','172.31.21.5',1548218460,'__ci_last_regenerate|i:1548218460;'),('onh4t5ggp7k1s45s42oc0381b2j2muu3','172.31.21.5',1548218424,'__ci_last_regenerate|i:1548218424;'),('bgm8j32ons06ais9l9l8c6v1cell8rt2','172.31.21.5',1548218416,'__ci_last_regenerate|i:1548218416;'),('em1v91og9er2g1teeabvso2uef3c3t8a','172.31.21.5',1548218413,'__ci_last_regenerate|i:1548218413;'),('8pqah5ph81d6jsp8uem7te1fg6f69uer','172.31.21.5',1548218400,'__ci_last_regenerate|i:1548218400;'),('nnh2lcsbmb7778v2793uulcquus5s5sv','172.31.21.5',1548218398,'__ci_last_regenerate|i:1548218398;'),('7e5n9k6v1h5ro0g32mvjthur9pbgq5hc','172.31.21.5',1548218396,'__ci_last_regenerate|i:1548218396;'),('7b4qr50gromq8oeg6e5ccle3vaadkr1k','172.31.21.5',1548218393,'__ci_last_regenerate|i:1548218393;'),('bm03ppbnlof3ts3c99mmlvs0isg3iouf','172.31.21.5',1548218388,'__ci_last_regenerate|i:1548218388;'),('she28o1qqt1fh383d5eom651as8nsks7','172.31.21.5',1548218366,'__ci_last_regenerate|i:1548218366;'),('r3vsqj6n978qftthraofqcmtk30j7ct5','172.31.21.5',1548218369,'__ci_last_regenerate|i:1548218369;'),('d086bib81jtfrgnmr1rvahbancqr5ioc','172.31.21.5',1548218373,'__ci_last_regenerate|i:1548218373;'),('5e7i48tpvldniq7066tnvbs9fuic9h0q','172.31.21.5',1548218381,'__ci_last_regenerate|i:1548218381;'),('2u4q1qeagt5ollvivef5bj8vu5t9ikc0','172.31.21.5',1548218290,'__ci_last_regenerate|i:1548218290;'),('ra8acv0gl2feaops02dfk2s6dfn5cp3c','172.31.21.5',1548218278,'__ci_last_regenerate|i:1548218278;'),('1s737917rqhu77e47vu53jc0c65dcpnr','172.31.21.5',1548218248,'__ci_last_regenerate|i:1548218248;'),('rbjlu3u684kbnb70pc2uqkb5co0k4nr8','172.31.21.5',1548218232,'__ci_last_regenerate|i:1548218232;'),('ssi7rkpr3tqnmvh887laf2o2ffhd5p8s','172.31.21.5',1548218227,'__ci_last_regenerate|i:1548218227;'),('1j3crnllprbe4kvljc4vbq14v50u8r3h','172.31.21.5',1548218212,'__ci_last_regenerate|i:1548218212;'),('vf3fj7p05ttui4ul89nu714vk0og2r7j','172.31.21.5',1548218194,'__ci_last_regenerate|i:1548218194;'),('mtqrt80kdqu1eu075dtm1claofqrijqn','172.31.21.5',1548218191,'__ci_last_regenerate|i:1548218191;'),('uged1sb4su0hmubnkq80fgccuailb5mm','172.31.21.5',1548217245,'__ci_last_regenerate|i:1548217245;'),('5hjnfcn92dp97fcofcqf1moeaqohq0gu','172.31.21.5',1548217242,'__ci_last_regenerate|i:1548217242;'),('lj0s0pg5676pribdgh2i3825oa9re9tl','172.31.21.5',1548197120,'__ci_last_regenerate|i:1548197120;'),('u3gcj754nuki13mo4gra5a2dg8etd6p2','172.31.21.5',1548177800,'__ci_last_regenerate|i:1548177800;'),('gqh92eq1apeidcq0s36ua5udh25rrguj','172.31.21.5',1548177798,'__ci_last_regenerate|i:1548177798;'),('pp03u46sjoh2ohmig4p2ph5vfp3ouc8i','172.31.21.5',1548177795,'__ci_last_regenerate|i:1548177795;'),('rv9mlghpbthtau7el1ak6fufobbd2hue','172.31.21.5',1548177769,'__ci_last_regenerate|i:1548177769;'),('o93i84a3g11noc5tg3cn1up9dvq23oq4','172.31.21.5',1548177790,'__ci_last_regenerate|i:1548177790;'),('7hc8s9p60cd1uo0ffnl5ckpmcrgo9ant','172.31.21.5',1548177763,'__ci_last_regenerate|i:1548177763;'),('8ou05ua8v2qsndpiodqa60hb78g5dqnl','172.31.21.5',1548177742,'__ci_last_regenerate|i:1548177742;'),('kpmaes08cs62casjdlqbadpbv6srk5nr','172.31.21.5',1548133477,'__ci_last_regenerate|i:1548133477;'),('ucspr22mkkefkl9v7ldfneuarbls6r8k','172.31.21.5',1548133485,'__ci_last_regenerate|i:1548133485;'),('hqoi8sk9g5vdkqv64ainqiee4a1t70io','172.31.21.5',1548133489,'__ci_last_regenerate|i:1548133489;'),('664kk2tafvhck05pb4j1ao96h9qvk5ve','172.31.21.5',1548133492,'__ci_last_regenerate|i:1548133492;'),('k67orl4r2cqrh4jgrdojdg1n0k6r5fd5','172.31.21.5',1548133493,'__ci_last_regenerate|i:1548133493;'),('hp05plju7u1kiljcvatrin9ekkbaq724','172.31.21.5',1548133495,'__ci_last_regenerate|i:1548133495;'),('cc1slajjpmuic6pj6ltbm0rheotc7353','172.31.1.45',1548133841,'__ci_last_regenerate|i:1548133841;'),('vkl1sfhdtb78ved5sdh05osvqm9lm0dr','172.31.21.5',1548133907,'__ci_last_regenerate|i:1548133907;'),('el0mdvn5iakaqpdk28ecj7gc1ckqmh5v','172.31.21.5',1548133907,'__ci_last_regenerate|i:1548133907;'),('qlvd5gp2uaiapuh9u3hm23qathsg9t9q','172.31.21.5',1548133928,'__ci_last_regenerate|i:1548133928;'),('fedtbai83vlee591c6b4ggpij2vts4k9','172.31.21.5',1548133934,'__ci_last_regenerate|i:1548133934;'),('kstbngv9en6h5onpug7v4ufainbavbbm','172.31.1.45',1548134096,'__ci_last_regenerate|i:1548134096;'),('qmknj3fnoq9bvnpotrfhumvog8qdb92f','172.31.1.45',1548134096,'__ci_last_regenerate|i:1548134096;'),('ggd8co0tc1qqp02aq0sjef0q777tvdhj','172.31.1.45',1548134101,'__ci_last_regenerate|i:1548134101;'),('1pq4305e0dgj8vbrkm6a6cpf56k3trl8','172.31.1.45',1548134105,'__ci_last_regenerate|i:1548134105;'),('ij2lm4djlqi8b2g2bvku0ee3brpjpo6a','172.31.1.45',1548134107,'__ci_last_regenerate|i:1548134107;'),('3eap2vnvtu9unjaoguvnfsghcaq63odq','172.31.1.45',1548134276,'__ci_last_regenerate|i:1548134276;'),('fam67dujjhohkbi21ursv1l26ddpblcf','172.31.1.45',1548134276,'__ci_last_regenerate|i:1548134276;'),('d2k20ct2dou1qtejsva5suacqcjsvq3i','172.31.21.5',1548134770,'__ci_last_regenerate|i:1548134770;'),('l1hu065faqokbu2o8khhh2vkqvvf2li6','172.31.21.5',1548134774,'__ci_last_regenerate|i:1548134774;'),('0q898va0v0n47schtq25fia29jktlqj0','172.31.21.5',1548134778,'__ci_last_regenerate|i:1548134778;'),('0q66pd7n9nr215eohdd4f53pf4amd9hc','172.31.21.5',1548134783,'__ci_last_regenerate|i:1548134783;'),('s9i44gips1llhho8clq9bvshqlcvvplv','172.31.21.5',1548134793,'__ci_last_regenerate|i:1548134793;'),('0jdo6m4rqr03vus5v51bhcvi3p8ifi4j','172.31.21.5',1548134799,'__ci_last_regenerate|i:1548134799;'),('dop72mod893do304f98sbcvjlku7p4k9','172.31.21.5',1548134836,'__ci_last_regenerate|i:1548134836;'),('qummj8tkpikdkdipohdft815ljb3cja6','172.31.21.5',1548134839,'__ci_last_regenerate|i:1548134839;'),('6ahcg08q6lmljfbh6a9oe5b9l6qorluo','172.31.21.5',1548134842,'__ci_last_regenerate|i:1548134842;'),('ou5jg3jg9gr1joqlnchv8d1e6sjq542d','172.31.21.5',1548134845,'__ci_last_regenerate|i:1548134845;'),('np75fn9qs3gbqu7kpjhf9v0tn1rhqu2c','172.31.21.5',1548134852,'__ci_last_regenerate|i:1548134852;'),('3lueupc8mj0q6e4moi2bqt19ja8cnvf0','172.31.21.5',1548134857,'__ci_last_regenerate|i:1548134857;'),('om4uf4dle8p8psgqn4458lbkljbe9ha9','172.31.1.45',1548135409,'__ci_last_regenerate|i:1548135409;'),('3tad0dfps7075fm7qc1oengb7cl9dfqi','172.31.1.45',1548135418,'__ci_last_regenerate|i:1548135418;'),('ioro1qf44geq0q7u7opevj6db43udbqn','172.31.1.45',1548135438,'__ci_last_regenerate|i:1548135438;'),('4bpcrg04ldgevvtvhebentgg2d02rk6l','172.31.1.45',1548135446,'__ci_last_regenerate|i:1548135446;'),('7opivbj4k3rfrrev337q40ev1kfftq0a','172.31.1.45',1548136994,'__ci_last_regenerate|i:1548136994;'),('segfksolhco1qi83uujci94h1q9qqkph','172.31.1.45',1548136997,'__ci_last_regenerate|i:1548136997;'),('ib228bfai7ga89mi37f5qpr8jki6vst0','172.31.21.5',1548137141,'__ci_last_regenerate|i:1548137141;'),('qrm7p5k9nc7jjt0gc9mtsrhm21487qcl','172.31.21.5',1548137143,'__ci_last_regenerate|i:1548137143;'),('878m3p2lk1lneh2qhpql1gnu1efsica1','172.31.21.5',1548137176,'__ci_last_regenerate|i:1548137176;'),('ivghnbvukbs5c4fivqlvacriuuqskdar','172.31.21.5',1548137179,'__ci_last_regenerate|i:1548137179;'),('ttn7rgqqe39rhkgesb9ubb4f3dsog7ai','172.31.1.45',1548137887,'__ci_last_regenerate|i:1548137887;'),('aqp5fpjppgsm7h5cslbp1cis2ut1bauk','172.31.1.45',1548137887,'__ci_last_regenerate|i:1548137887;'),('cb8tkk68bsg8v6ojg11eketonnnfa229','172.31.21.5',1548137983,'__ci_last_regenerate|i:1548137903;loginUserID|s:2:\"21\";code|s:7:\"SUU5FF2\";name|s:11:\"Suman Kumar\";email|s:23:\"suman.dwivedi@yahoo.com\";mobile|s:10:\"9801425555\";username|s:7:\"SUU5FF2\";image|s:11:\"default.png\";role|s:6:\"school\";loggedin|b:1;logo|s:15:\"mentor-logo.png\";'),('0lgs1melm509kf4fprspbbjs6m0r0h9l','172.31.1.45',1548138050,'__ci_last_regenerate|i:1548138050;'),('1vhm8ca5b3vv836lj5r8a4kemhb6uscu','172.31.1.45',1548138053,'__ci_last_regenerate|i:1548138053;'),('5iuqbh4ln81tsb6ntb32vkdpv6bllass','172.31.21.5',1548138202,'__ci_last_regenerate|i:1548138202;'),('lfsrammsith0tr7l59svjlfse0us4udd','172.31.21.5',1548138204,'__ci_last_regenerate|i:1548138204;'),('e4bou32ginhtmrvom5uaasjbjeeec0hp','172.31.21.5',1548138206,'__ci_last_regenerate|i:1548138206;'),('hp0uqha9ebgt3bvcstit5seusf0cqjf2','172.31.21.5',1548138209,'__ci_last_regenerate|i:1548138209;'),('n28v3mguj06oiotut8i3m0k7mp1nt25c','172.31.21.5',1548138211,'__ci_last_regenerate|i:1548138211;'),('i4km9km1v8ttd3mq3vlm6umfhbok4o5a','172.31.21.5',1548138212,'__ci_last_regenerate|i:1548138212;'),('8q21qapsjrbh8il6rhp7snn8qcn1s52g','172.31.21.5',1548138213,'__ci_last_regenerate|i:1548138213;'),('pv9veucrgfs7t52au4759adt1c0710jc','172.31.21.5',1548138214,'__ci_last_regenerate|i:1548138214;'),('ei6ad94s12d9uo5qnpjjcaqav7cvpnkn','172.31.21.5',1548138215,'__ci_last_regenerate|i:1548138215;'),('ejn4a83ght21chfq8563imroiarri1ji','172.31.21.5',1548138228,'__ci_last_regenerate|i:1548138228;'),('vogms3ep10ggu51ub7reg66r1jm7t5k1','172.31.21.5',1548138230,'__ci_last_regenerate|i:1548138230;'),('se2lc9m4buue0m5k9m6pevs1jeh0njt4','172.31.21.5',1548138231,'__ci_last_regenerate|i:1548138231;'),('o2ea3ih3o7he5dp1q13nokrgnmj4p7na','172.31.21.5',1548138234,'__ci_last_regenerate|i:1548138234;'),('dps246ggs3srdhh0pus1bjsqtjeucl31','172.31.21.5',1548138238,'__ci_last_regenerate|i:1548138238;'),('9a03dh997g5qpe8jiqvkhmhq4q6upklr','172.31.21.5',1548138238,'__ci_last_regenerate|i:1548138238;'),('d33iqnlv0n28f5nbbenaflj30q80hstr','172.31.21.5',1548138240,'__ci_last_regenerate|i:1548138240;'),('rlq4rqsubppi2ltu20unb451624sicdb','172.31.21.5',1548138244,'__ci_last_regenerate|i:1548138244;'),('p8l058hf8qjc3lvc8trgvme8qvib5k95','172.31.1.45',1548138417,'__ci_last_regenerate|i:1548138417;'),('7bjlak99plm5od0rf8aus382ndptg3a7','172.31.1.45',1548138490,'__ci_last_regenerate|i:1548138490;'),('v3kvbfhc08csna8o1rn1bt8ablravrda','172.31.1.45',1548140178,'__ci_last_regenerate|i:1548139924;'),('ccu7deti22pual48pjn04o1muq0vl64i','172.31.1.45',1548140285,'__ci_last_regenerate|i:1548140270;loginUserID|s:2:\"21\";code|s:7:\"SUU5FF2\";name|s:11:\"Suman Kumar\";email|s:23:\"suman.dwivedi@yahoo.com\";mobile|s:10:\"9801425555\";username|s:7:\"SUU5FF2\";image|s:11:\"default.png\";role|s:6:\"school\";loggedin|b:1;logo|s:15:\"mentor-logo.png\";'),('p7emrvro7m45ic4r3r0kccjsr5mfgsi8','172.31.1.45',1548140404,'__ci_last_regenerate|i:1548140404;'),('fhcqegm1g1g75g5d43danm1bm88g7qqf','172.31.1.45',1548140406,'__ci_last_regenerate|i:1548140406;'),('mmf4l7lrupaog94vtkbkdb72ro82vvl6','172.31.21.5',1548140723,'__ci_last_regenerate|i:1548140424;'),('c3la9ti1k0peqt5iv0gsdlg90tbpe2dp','172.31.21.5',1548140532,'__ci_last_regenerate|i:1548140532;'),('muc72kvu2j3odi53loif3arkvejidkvg','172.31.21.5',1548140534,'__ci_last_regenerate|i:1548140534;'),('lh1dd60rsd1fq0le5bk7o147k2557g02','172.31.21.5',1548140607,'__ci_last_regenerate|i:1548140607;'),('o6drfkrssai86vtd9oji4o5e7mlfu84j','172.31.21.5',1548140610,'__ci_last_regenerate|i:1548140610;'),('n34s3i3imah6aijb0eg1r9skrs6em0ob','172.31.1.45',1548143568,'__ci_last_regenerate|i:1548140632;loginUserID|s:2:\"21\";code|s:7:\"SUU5FF2\";name|s:11:\"Suman Kumar\";email|s:23:\"suman.dwivedi@yahoo.com\";mobile|s:10:\"9801425555\";username|s:7:\"SUU5FF2\";image|s:11:\"default.png\";role|s:6:\"school\";loggedin|b:1;logo|s:15:\"mentor-logo.png\";'),('aib40a78ka03oenvrqo1ccknqlameril','172.31.21.5',1548140766,'__ci_last_regenerate|i:1548140766;'),('4f40n0t66li0fmvph8ntj96p7pc655ac','172.31.21.5',1548140768,'__ci_last_regenerate|i:1548140768;'),('ne8q12euevh3m32eh4u6ov37jjgq2c1m','172.31.1.45',1548140886,'__ci_last_regenerate|i:1548140870;'),('l0udvm2d3q154qkhr8jdv7mmli8nbc9s','172.31.21.5',1548140910,'__ci_last_regenerate|i:1548140910;'),('odae2i6valfqkaovikchd65dvh1oq0b5','172.31.21.5',1548140915,'__ci_last_regenerate|i:1548140915;'),('dq61qoui4is8vehkk422vht3etaohcis','172.31.1.45',1548143556,'__ci_last_regenerate|i:1548143556;'),('mqgdn4ihb53d4647nf0jaqdcshn0hvhr','172.31.1.45',1548143558,'__ci_last_regenerate|i:1548143558;'),('a10u9sj10bbhbd1m64amc93ivr34g0n6','172.31.1.45',1548143560,'__ci_last_regenerate|i:1548143560;'),('ugpjsf3n75qek2710g3fqk4i58konnsc','172.31.1.45',1548177740,'__ci_last_regenerate|i:1548177740;'),('39129e8h732cb3ni3qifpekghp840iqm','172.31.21.5',1548177735,'__ci_last_regenerate|i:1548177735;'),('pmsnpg3m01bh9ru23ga2q7c9fvr3halm','172.31.21.5',1548176970,'__ci_last_regenerate|i:1548176970;'),('grbrts1o28clfhpui4q86vg0bom942pv','172.31.21.5',1548176959,'__ci_last_regenerate|i:1548176959;'),('mesdunr2o2qrrca6rqspd2ei365hooib','172.31.21.5',1548176967,'__ci_last_regenerate|i:1548176967;'),('vbdkti50bvm097938nd3eb1rrkkm6jav','172.31.21.5',1548176941,'__ci_last_regenerate|i:1548176941;'),('paojun4n563lrqojrgajtet3vtjgkjlb','172.31.21.5',1548176929,'__ci_last_regenerate|i:1548176929;'),('ovp8mrdae68o6satdl41bqk4mbtkcnnj','172.31.1.45',1548176851,'__ci_last_regenerate|i:1548176851;'),('2s3ugjnmqrhiastclgs4f30nikdgj9vp','172.31.1.45',1548176851,'__ci_last_regenerate|i:1548176851;'),('mvvm6dppkvgpfmg7gjes1epft363dnaj','172.31.1.45',1548176851,'__ci_last_regenerate|i:1548176851;'),('l5b1m15rklubnljr20dbva0p71ufru8r','172.31.21.5',1548170988,'__ci_last_regenerate|i:1548170988;'),('cauc9619id1jbteg7c7vo7jtc1409klo','172.31.21.5',1548164586,'__ci_last_regenerate|i:1548164586;'),('ldtsqq7gofnrh4qbu7i3v4qd5bi62ih2','172.31.21.5',1548164582,'__ci_last_regenerate|i:1548164582;'),('fttdei3eecrp05rfqccp2ej3p2k7e7so','172.31.21.5',1548164470,'__ci_last_regenerate|i:1548164470;'),('199m20hlv1jl70sg4jh8o1n2kmq2skqh','172.31.1.45',1548161515,'__ci_last_regenerate|i:1548161515;'),('erbhpp923orm17akp034r66194okjnmb','172.31.1.45',1548161446,'__ci_last_regenerate|i:1548161446;'),('5jhhf5nfp46b27sc92nbaec68o9ru2cu','172.31.1.45',1548161442,'__ci_last_regenerate|i:1548161442;'),('00ke28j8df402r87e06cahgr5iu46ie8','172.31.1.45',1548161439,'__ci_last_regenerate|i:1548161439;'),('iqju4qu70c1e2bbq7sn8coraiurdh0rc','172.31.1.45',1548160600,'__ci_last_regenerate|i:1548160470;loginUserID|s:2:\"21\";code|s:7:\"SUU5FF2\";name|s:11:\"Suman Kumar\";email|s:23:\"suman.dwivedi@yahoo.com\";mobile|s:10:\"9801425555\";username|s:7:\"SUU5FF2\";image|s:11:\"default.png\";role|s:6:\"school\";loggedin|b:1;logo|s:15:\"mentor-logo.png\";'),('srqdj5c8272os78609gqg0hec96op9v3','172.31.1.45',1548159867,'__ci_last_regenerate|i:1548159867;'),('lj848g6otn7ufe3ubk52h5ftnqnh2qd8','172.31.21.5',1548159282,'__ci_last_regenerate|i:1548159274;'),('2cfalfjqouhsbmqk80gc5tksme1lbuiu','172.31.21.5',1548159513,'__ci_last_regenerate|i:1548159513;'),('o3eed3g1nn58b7rhgicfits8sr5ecs7n','172.31.21.5',1548159515,'__ci_last_regenerate|i:1548159515;'),('unm204b4f86i7hjptu8uat6eketaevq5','172.31.21.5',1548159521,'__ci_last_regenerate|i:1548159521;'),('118csfogrtsv2ulkvpiqduj3flfh8ls1','172.31.1.45',1548159861,'__ci_last_regenerate|i:1548159861;'),('cduj7phckq6mm1khq0l776rbql18luq0','172.31.1.45',1548159864,'__ci_last_regenerate|i:1548159864;'),('sqnio3gbqm9d7tnhhu7dekh3n8ivrohf','172.31.1.45',1548159213,'__ci_last_regenerate|i:1548159213;'),('5nlr4q7thf44q8ds47hspbcqs3e41qck','172.31.1.45',1548159209,'__ci_last_regenerate|i:1548159209;'),('kvdivj643vuue154snfq6naub3gkjkl4','172.31.1.45',1548159183,'__ci_last_regenerate|i:1548159183;'),('op21edt4fkudrokl8coockmsv4o97qrs','172.31.21.5',1548158791,'__ci_last_regenerate|i:1548158791;'),('96dmtkgl132vdeg59jnmjbol38h6ohm4','172.31.21.5',1548158788,'__ci_last_regenerate|i:1548158788;'),('cpukvnpv1fo7ia6fk8gt3dodddtq2rce','172.31.21.5',1548158785,'__ci_last_regenerate|i:1548158785;'),('4u2u4rngk48jfif8k024cquobcrn9idj','172.31.21.5',1548158659,'__ci_last_regenerate|i:1548158659;'),('u6gvk08hcifc1kh0hg3hg2cleo7fq2us','172.31.21.5',1548158651,'__ci_last_regenerate|i:1548158651;'),('m037kjnne53ucd3pg4m7vipbc4eptk14','172.31.21.5',1548158648,'__ci_last_regenerate|i:1548158648;'),('9blnbdqf3v04oun4u63p5esrnvis7pqc','172.31.21.5',1548158564,'__ci_last_regenerate|i:1548158564;'),('o4scf1577a74806mdlnlcvr1b0l52oi7','172.31.21.5',1548158561,'__ci_last_regenerate|i:1548158561;'),('4f7uvs7av1i9o3hnheq8jbnn18oc078a','172.31.21.5',1548158541,'__ci_last_regenerate|i:1548158541;'),('8l24lslbvtu6chuint55c0i7k6ab1cob','172.31.21.5',1548158442,'__ci_last_regenerate|i:1548158442;'),('j4re45uffe4e4c7tnuunqe7uoev9negn','172.31.21.5',1548158438,'__ci_last_regenerate|i:1548158438;'),('rcu5latindgi1k5shvr78p07ktdod4rq','172.31.21.5',1548158433,'__ci_last_regenerate|i:1548158433;'),('nkcqvok60vn6ckrmppgu8n35jglk26id','172.31.21.5',1548158380,'__ci_last_regenerate|i:1548158380;'),('ll8gctn1gqar146qe4q897j8j08dm9qs','172.31.21.5',1548158377,'__ci_last_regenerate|i:1548158377;'),('v6sd0t79s3dmurefgfp7tc378vtdffan','172.31.1.45',1548154465,'__ci_last_regenerate|i:1548154465;'),('ore4kkduup5bjtd38h3rc8047k8gmkju','172.31.21.5',1548154155,'__ci_last_regenerate|i:1548154155;'),('m5qt6k2fnm51j99jf8di675vn9pj98tf','172.31.21.5',1548154151,'__ci_last_regenerate|i:1548154151;'),('megjo6qtkfnjc5tn4df9qitcdkh950v1','172.31.21.5',1548154146,'__ci_last_regenerate|i:1548154146;'),('gmo34r1ahk3kvchergvpcsv4ndjv0cqp','172.31.1.45',1548153010,'__ci_last_regenerate|i:1548153010;'),('3j80556fqt3lcmakt7mk3c6vpaq8sm7a','172.31.21.5',1548152318,'__ci_last_regenerate|i:1548152238;'),('5rddlik3us61dh8qpklclovlfhb990cf','172.31.1.45',1548148519,'__ci_last_regenerate|i:1548148519;'),('da23sbjbcgn3ugj2mqd0gfkp55e6kust','172.31.1.45',1548148516,'__ci_last_regenerate|i:1548148516;'),('s7n13h252nmf3j6r0bu21e6kltra37ff','172.31.1.45',1548146576,'__ci_last_regenerate|i:1548146576;'),('i2an7tv7m21qcrj9skdae5dv5gqvdvgr','172.31.1.45',1548146570,'__ci_last_regenerate|i:1548146570;'),('1o18d4p59dcb6at9d6rt21aa6t8t5mer','172.31.1.45',1548146566,'__ci_last_regenerate|i:1548146566;'),('od8i2sq6d023lmitk7makjci6imrc36d','172.31.1.45',1548146563,'__ci_last_regenerate|i:1548146563;'),('t75akdlfbarvfk5f8fe3mokptf9sl0fu','172.31.1.45',1548144085,'__ci_last_regenerate|i:1548144085;'),('lga4e27ansspbds3se45ts0lvlsb64bp','172.31.1.45',1548146549,'__ci_last_regenerate|i:1548146549;'),('4njnjmeqcceqo9et2f1gmu7k7eisl7na','172.31.1.45',1548146549,'__ci_last_regenerate|i:1548146549;'),('ujg86pvasrps5bt51tcv30dos60mp7o0','172.31.1.45',1548146549,'__ci_last_regenerate|i:1548146549;'),('m93g43oosq83j36t7jp0u1ualsv0o903','172.31.1.45',1548146551,'__ci_last_regenerate|i:1548146551;'),('ovf23m29j4nj4b4up6h398umud52975o','172.31.1.45',1548146561,'__ci_last_regenerate|i:1548146561;'),('vto5cdsvjn3sk34p4l81nqqg6r86le6o','172.31.1.45',1548144075,'__ci_last_regenerate|i:1548144075;'),('921vmm8cutune4acn3em68glbp1nvahe','172.31.1.45',1548144068,'__ci_last_regenerate|i:1548144068;'),('uhosm1fu92mosk2gaj7td3kmhcrccogj','172.31.1.45',1548144063,'__ci_last_regenerate|i:1548144063;'),('kpdh7ukhsdg2f258vk40nlhur8ea07ms','172.31.1.45',1548144050,'__ci_last_regenerate|i:1548144050;'),('t3idggbfprohh0a083fifpgpl1abp1tt','172.31.1.45',1548144048,'__ci_last_regenerate|i:1548144048;'),('t5lcs8s3e5ubfpida4qcouobe8p9rkr5','172.31.1.45',1548144047,'__ci_last_regenerate|i:1548144047;'),('g0drmnlmk0f09mum4a8eorr92elrlqqu','172.31.1.45',1548144034,'__ci_last_regenerate|i:1548144034;'),('rqnmagp7mphrb6rm76knpnhqmk6atcs0','172.31.21.5',1548144002,'__ci_last_regenerate|i:1548144002;'),('u06kp2kvtcg1t1nisp2u58597o135cg6','172.31.1.45',1548144000,'__ci_last_regenerate|i:1548144000;'),('el7c73107gd3rph3hrhukkiuc4d4sutl','172.31.21.5',1548143951,'__ci_last_regenerate|i:1548143951;'),('71v8u0k1b1odaiupuu0mjam1ms8svmqn','172.31.21.5',1548143951,'__ci_last_regenerate|i:1548143951;'),('t602ju9qcltm6bd4dinh0jloepmvpb73','172.31.21.5',1548143951,'__ci_last_regenerate|i:1548143951;'),('927md88bu2cpngonbd3bqfdp182c5918','172.31.1.45',1548143883,'__ci_last_regenerate|i:1548143883;'),('ka3pbepreqs05chu4sruvf8hv23d3dkq','172.31.1.45',1548143882,'__ci_last_regenerate|i:1548143882;'),('9n2vvvojipej749fis92h9jmr0pip9np','172.31.1.45',1548143881,'__ci_last_regenerate|i:1548143881;'),('eh6mv5hj3n5loogadra3eng2u72a9p9p','172.31.1.45',1548143874,'__ci_last_regenerate|i:1548143874;'),('t3okg167scv21376ul0n5jqjrki3l9g5','172.31.1.45',1548143829,'__ci_last_regenerate|i:1548143829;'),('fvtbign9qeorufluka207cpagatu34f2','172.31.1.45',1548143835,'__ci_last_regenerate|i:1548143835;'),('fsrdeqs9f549qvjpm1fclahm77gv8i9k','172.31.1.45',1548143840,'__ci_last_regenerate|i:1548143840;'),('nvlsn39rs7nj1vl2n6emii6263heblmv','172.31.1.45',1548143851,'__ci_last_regenerate|i:1548143851;'),('lk7ub6dthfsulahv5umi4tcm4n4dr9p7','172.31.1.45',1548143852,'__ci_last_regenerate|i:1548143852;'),('19a40qj2eibdutacrpdht35q2c63qs8h','172.31.1.45',1548143863,'__ci_last_regenerate|i:1548143863;'),('umpps2n71nvulesk5g807sehe1jfhl27','172.31.1.45',1548143866,'__ci_last_regenerate|i:1548143866;'),('227cfh48plrjrh0lheoa96934msjql28','172.31.1.45',1548143820,'__ci_last_regenerate|i:1548143820;'),('isndhi2o5t819q1k34a0et3df4tbcgi8','172.31.1.45',1548143817,'__ci_last_regenerate|i:1548143817;'),('pl3ectqi37ep5l9e7m8i8ed23tl52su1','172.31.1.45',1548143815,'__ci_last_regenerate|i:1548143815;'),('qb0ggnamjpf154pps5rqv90nobo1mdeo','172.31.1.45',1548143814,'__ci_last_regenerate|i:1548143814;'),('8r5inf0vn1rnu0ggp1hlhh3agmdbf4eb','172.31.1.45',1548143813,'__ci_last_regenerate|i:1548143813;'),('3ovf11l4sguem27etcgl0djl8gj2s6un','172.31.1.45',1548143808,'__ci_last_regenerate|i:1548143808;'),('qnk0dl1tom02ju8mhgo5jcok2mvao417','172.31.1.45',1548143800,'__ci_last_regenerate|i:1548143800;'),('qjk6tii7ln4alhjcf10ir3d2dfvbgjc1','172.31.1.45',1548143798,'__ci_last_regenerate|i:1548143798;'),('9os6a5cqa98qfjafnjb8kdjmd9i8h2g6','172.31.1.45',1548143794,'__ci_last_regenerate|i:1548143794;'),('4ujqmuqsonr2cickjqkjrpll8fepga9o','172.31.1.45',1548143794,'__ci_last_regenerate|i:1548143794;'),('i6uq2a9onki0j0bqmote2f2ai319tss8','172.31.1.45',1548143794,'__ci_last_regenerate|i:1548143794;'),('ee7f4h2mjkdl6roj82rg7pfrjt9aa4hc','172.31.1.45',1548143906,'__ci_last_regenerate|i:1548143783;loginUserID|s:2:\"21\";code|s:7:\"SUU5FF2\";name|s:11:\"Suman Kumar\";email|s:23:\"suman.dwivedi@yahoo.com\";mobile|s:10:\"9801425555\";username|s:7:\"SUU5FF2\";image|s:11:\"default.png\";role|s:6:\"school\";loggedin|b:1;logo|s:15:\"mentor-logo.png\";'),('bemmm98jutlovunh9ntl8bo53g0oetqq','172.31.21.5',1548143720,'__ci_last_regenerate|i:1548143715;'),('qckm6lmr6pi42ehkraulfq7o35ti2nt3','172.31.21.5',1548143704,'__ci_last_regenerate|i:1548143704;'),('uedf0ebp18meja0elsj2ktkb65r3vi3e','172.31.21.5',1548143686,'__ci_last_regenerate|i:1548143681;'),('dep2draq63cp3u5cp4tn3doj7mesr3ok','172.31.21.5',1548133471,'__ci_last_regenerate|i:1548133471;'),('g47s2ivq7aq8s5sll0i0fkbuve8404ci','172.31.21.5',1548133408,'__ci_last_regenerate|i:1548133408;'),('73djgvh6r1onh535fteastqpstkg1n84','172.31.21.5',1548133466,'__ci_last_regenerate|i:1548133466;'),('k8j3126aso605g5bqfbrnucufqsja9kf','172.31.21.5',1548133468,'__ci_last_regenerate|i:1548133468;'),('f2dhglun3frfbtilq2rlfj5pirkvjcd8','172.31.21.5',1548133469,'__ci_last_regenerate|i:1548133469;'),('kkspokr55aj30pd9gvhqq2r9mokddafu','172.31.21.5',1548133341,'__ci_last_regenerate|i:1548133341;'),('s7gd0guadcoj0aete8asofbcokq1k98k','172.31.1.45',1548133232,'__ci_last_regenerate|i:1548133232;'),('5epqc9gaoj2tj9ogn247i5a69fe1v3ph','172.31.1.45',1548133249,'__ci_last_regenerate|i:1548133249;'),('6ckpj7bljm4479toa5chhbais53lu9i7','172.31.1.45',1548133258,'__ci_last_regenerate|i:1548133258;'),('67v9t665un41m81t6qih6kkpub7pboh1','172.31.1.45',1548133272,'__ci_last_regenerate|i:1548133272;'),('2sh9rqsar5tk8559ifqcdcmpoo7c8uak','172.31.1.45',1548130795,'__ci_last_regenerate|i:1548130795;'),('ufr4i78k9oiv6a8419lcap7cd8fli4nq','172.31.1.45',1548133219,'__ci_last_regenerate|i:1548133219;'),('9aennoihr5nc20pg68pgviqj4rjov7c3','172.31.1.45',1548133231,'__ci_last_regenerate|i:1548133231;'),('1sh19n6m3mqttqctdrtp9r31sfd2s1dn','172.31.1.45',1548133232,'__ci_last_regenerate|i:1548133232;'),('jpuv1adjavfq7b9fjblprvmqpv8a59an','172.31.1.45',1548130792,'__ci_last_regenerate|i:1548130792;'),('qdqdh9ur1udp9brm39intr8geltvul2k','172.31.21.5',1548118354,'__ci_last_regenerate|i:1548118354;'),('6l85vb7kdgq0jouqes9h6ugkqp1q08ts','172.31.21.5',1548082965,'__ci_last_regenerate|i:1548082965;'),('8fgid8r09svqkvmd9c92g0a55vlkgk80','172.31.1.45',1548074468,'__ci_last_regenerate|i:1548074468;'),('ip4j6h55c5d79ph43d7bb936rlthutit','172.31.1.45',1548074469,'__ci_last_regenerate|i:1548074469;'),('lr8k1de9lef9l85pif1bhq1h7kf4sh9c','172.31.1.45',1548074470,'__ci_last_regenerate|i:1548074470;'),('7it4htugu1gks6216n3tnumoml97n1s7','172.31.1.45',1548074470,'__ci_last_regenerate|i:1548074470;'),('8fnjaj1p3vhn1d38otu1hr35of20ur9k','172.31.1.45',1548074472,'__ci_last_regenerate|i:1548074472;'),('fkvu465tl2bh1t4p24s1v8md731mmgsj','172.31.1.45',1548074473,'__ci_last_regenerate|i:1548074473;'),('8v1ga2ukdca62mfpmu3b8ik12m5tt9of','172.31.1.45',1548074474,'__ci_last_regenerate|i:1548074474;'),('mdhsjccq9uf67j8cugbfq2qho0q1g55q','172.31.1.45',1548074474,'__ci_last_regenerate|i:1548074474;'),('joc0j0k8rgo8c4lkg4rkj0rv3i1mkmgd','172.31.1.45',1548074475,'__ci_last_regenerate|i:1548074475;'),('knjmsvjve3uu9nmprjm3gonp4s9681go','172.31.1.45',1548074476,'__ci_last_regenerate|i:1548074476;'),('a6m470s5eda0k4maqj3ujvklcgn27o8p','172.31.1.45',1548074477,'__ci_last_regenerate|i:1548074477;'),('63ig81b9h4tooltn9ptoh3rb49om2i79','172.31.1.45',1548074477,'__ci_last_regenerate|i:1548074477;'),('iafmfa6flj0gslfjr1ec7enihi7fipvv','172.31.1.45',1548074480,'__ci_last_regenerate|i:1548074480;'),('si2150jtvlvqg5ad780lji0in0m4iko6','172.31.1.45',1548074480,'__ci_last_regenerate|i:1548074480;'),('dhes0mpheffkf6tqulnlkel3jr5ctecd','172.31.1.45',1548074484,'__ci_last_regenerate|i:1548074484;'),('r32ndcjq0roo1te465su1vo45h40q4s6','172.31.1.45',1548074490,'__ci_last_regenerate|i:1548074490;'),('fg8l67o94hltegf0ida69i80g72c3mog','172.31.1.45',1548074491,'__ci_last_regenerate|i:1548074491;'),('hrmurtggjl3iodr0svb8l6hqs3nbamud','172.31.1.45',1548074493,'__ci_last_regenerate|i:1548074493;'),('rdolrpidp3sqb1h53fkh5ujt00acf9kr','172.31.1.45',1548074501,'__ci_last_regenerate|i:1548074501;'),('9e2fbtjras3irc1vimb8bvfo5hp66qe2','172.31.1.45',1548074503,'__ci_last_regenerate|i:1548074503;'),('bbgbp1jhgv4n0l06292mb65hcmmsvnv9','172.31.1.45',1548074505,'__ci_last_regenerate|i:1548074505;'),('t503i9m9sb1i18b9euuisofhecu5dl94','172.31.1.45',1548074527,'__ci_last_regenerate|i:1548074527;'),('2drdnncjoc5em1pnjrrkta1dhdhh3ar9','172.31.1.45',1548074529,'__ci_last_regenerate|i:1548074529;'),('iote7g9eud8nnb1tv7ud5uspds1tf7sj','172.31.1.45',1548074530,'__ci_last_regenerate|i:1548074530;'),('88knp190hkpb0mtp68h51f57lvpo9q9i','172.31.1.45',1548074537,'__ci_last_regenerate|i:1548074537;'),('1ifbt0iqu4o1ls40eh6gc6qk0fr33r5b','172.31.1.45',1548074554,'__ci_last_regenerate|i:1548074544;'),('t769e2speo7sufcf8c8g7koc995631uq','172.31.1.45',1548074569,'__ci_last_regenerate|i:1548074569;'),('8f2oniupb4j7i0rirjd5jcgvc0t2tc3e','172.31.1.45',1548074584,'__ci_last_regenerate|i:1548074584;'),('f8mbta6md7015fd2c3ugp7hfepgj7sm1','172.31.1.45',1548074588,'__ci_last_regenerate|i:1548074588;'),('53kskteooh1aia6vd3qr0mh22b4qqvhl','172.31.1.45',1548074593,'__ci_last_regenerate|i:1548074593;'),('uv1n7cb9mskapq4vcuok7lvith6mbgll','172.31.1.45',1548074595,'__ci_last_regenerate|i:1548074595;'),('mj24vd0grqgtpsv53qrhhdue69dcnn6g','172.31.1.45',1548074596,'__ci_last_regenerate|i:1548074596;'),('2a4s69tfhkd4qqo2fgopq42jf0a6idbt','172.31.1.45',1548074608,'__ci_last_regenerate|i:1548074608;'),('l6n839av3bf8d7lp1i4c2bhfni1np6d3','172.31.1.45',1548074610,'__ci_last_regenerate|i:1548074610;'),('oldanrodfrkc6uhhfh2g13d55c7v2hdu','172.31.1.45',1548074611,'__ci_last_regenerate|i:1548074611;'),('cjh0vp6me768vtjn7pr3p2mr8tir1ite','172.31.1.45',1548074611,'__ci_last_regenerate|i:1548074611;'),('oldjojo5025e2532ne3c3igk67aba0d9','172.31.1.45',1548074613,'__ci_last_regenerate|i:1548074613;'),('p5en0ae6god0fpbg0doek5ce9u0arjpr','172.31.1.45',1548074614,'__ci_last_regenerate|i:1548074614;'),('bs8r0j117lrb05lm86kkpm0n6uav96ip','172.31.1.45',1548074617,'__ci_last_regenerate|i:1548074617;'),('fr4m1u7aqieaeo11cq3apk9rsnttstio','172.31.1.45',1548074618,'__ci_last_regenerate|i:1548074618;'),('bnt970lic8bpv0q4884253esa3os7d7u','172.31.1.45',1548074619,'__ci_last_regenerate|i:1548074619;'),('sr307891mq5dospkad6j9hpep1i70qg8','172.31.1.45',1548074619,'__ci_last_regenerate|i:1548074619;'),('o1f9o932689kji1k6h25h0q4bmqbrsri','172.31.21.5',1548074622,'__ci_last_regenerate|i:1548074622;'),('pgqbca4imqefi8lprv680a8tcocmd2ca','172.31.1.45',1548074660,'__ci_last_regenerate|i:1548074660;'),('sc4e7m6tpggsfeojka8pu1jop1g1be4i','172.31.1.45',1548076083,'__ci_last_regenerate|i:1548076083;'),('npusp681iivnspasi8qfgnb4br23501n','172.31.1.45',1548076086,'__ci_last_regenerate|i:1548076086;'),('217l58h918gg9oc2ordh61aq06cq77co','172.31.21.5',1548082962,'__ci_last_regenerate|i:1548082962;'),('uu9r99gelptv4rc2mo2pfnbq2llmeqqu','172.31.1.45',1548074467,'__ci_last_regenerate|i:1548074467;'),('so8nphfh7qbrdcqsan71cv4vumq61ve3','172.31.1.45',1548074465,'__ci_last_regenerate|i:1548074465;'),('v67jbnkf6t212mtobacma2qifb1lac6t','172.31.1.45',1548074465,'__ci_last_regenerate|i:1548074465;'),('ees02h0m71edgvb7a548chc39n9s34bd','172.31.1.45',1548074463,'__ci_last_regenerate|i:1548074463;'),('058dqa9oboi1fseou2eovdjjpo70ck7p','172.31.1.45',1548074460,'__ci_last_regenerate|i:1548074460;'),('n8g7cdmj3f34lssjgieqqqcgrmbeuqbg','172.31.1.45',1548074460,'__ci_last_regenerate|i:1548074460;'),('1c22kt69s6glcl1ajj6ugohs4idfk4rq','172.31.1.45',1548074249,'__ci_last_regenerate|i:1548074249;'),('tijl75qs8krl3nv85phu53jnoqvfu9n3','172.31.1.45',1548074247,'__ci_last_regenerate|i:1548074247;'),('ce1ujuh7rpsrdehflfetov6aj0n7bs48','172.31.1.45',1548074042,'__ci_last_regenerate|i:1548074042;'),('7bj5ppmloibbqeooihv9a32kuc3mpetj','172.31.1.45',1548074039,'__ci_last_regenerate|i:1548074039;'),('7etrvcb3re5ju8d9mqtkqefg106ebkat','172.31.1.45',1548073980,'__ci_last_regenerate|i:1548073980;'),('ae5rq40sch5vnj4rc12b4rkjr33pvfv6','172.31.1.45',1548073977,'__ci_last_regenerate|i:1548073977;'),('e3dte4anr5g4ldq8u54mdekasv0vko55','172.31.21.5',1548071747,'__ci_last_regenerate|i:1548071747;'),('tlr139io18b24tp27lvac0tbrnpcf3j2','172.31.1.45',1548072054,'__ci_last_regenerate|i:1548072054;'),('2eskf10h7an7gnrphdnnr4rgr957mfe8','172.31.1.45',1548072057,'__ci_last_regenerate|i:1548072057;'),('15kmrq3fl2s9kkr91g3i0vnkh109uput','172.31.1.45',1548072236,'__ci_last_regenerate|i:1548072236;'),('qag1hlc1vkrd9qd9om2bn1etngfkfekt','172.31.1.45',1548072239,'__ci_last_regenerate|i:1548072239;'),('dqgb4d3467do7e9qr052ph2flq6l7frp','172.31.21.5',1548072630,'__ci_last_regenerate|i:1548072630;'),('vrd72cmu663uq5s335s9olr2ulr4l3n7','172.31.21.5',1548072633,'__ci_last_regenerate|i:1548072633;'),('klps5bu9fi8r2se884r6hh58q407kor8','172.31.1.45',1548072718,'__ci_last_regenerate|i:1548072718;'),('oqia3onrrb6jacjdbcg4r88bvuqm9f9m','172.31.1.45',1548072721,'__ci_last_regenerate|i:1548072721;'),('hscri101rb55e18nkq8g86jdt47uo0ud','172.31.1.45',1548072818,'__ci_last_regenerate|i:1548072818;'),('71mej0s88f43rkqhfdnmrcjm3fthj78b','172.31.1.45',1548072821,'__ci_last_regenerate|i:1548072821;'),('rkvgsqms5rfavtvk8qqe4i8ka5b7gite','172.31.21.5',1548073342,'__ci_last_regenerate|i:1548073342;'),('5muth1ea96m0nloc5q0ntl610r4iuqpe','172.31.21.5',1548073345,'__ci_last_regenerate|i:1548073345;'),('b2h6u1ig5ca3pue1q5cjhg96e476hjef','172.31.21.5',1548073750,'__ci_last_regenerate|i:1548073449;loginUserID|s:1:\"2\";code|s:7:\"ARHN86O\";name|s:14:\"Arvind School \";email|s:20:\"school1234@gmail.com\";mobile|s:10:\"9356875235\";username|s:7:\"ARHN86O\";image|s:20:\"school1545802627.jpg\";role|s:6:\"school\";loggedin|b:1;logo|s:19:\"logo15464205382.png\";'),('cqidufqg9j6d51hs9p5bva64oo7i8bcr','172.31.21.5',1548071274,'__ci_last_regenerate|i:1548071274;'),('p6mjafrbk7hvljeb60uqfb25gjvc6dki','172.31.21.5',1548071271,'__ci_last_regenerate|i:1548071271;'),('775kvu6fn6t44qnsghoj52825g16gi4u','172.31.21.5',1548071239,'__ci_last_regenerate|i:1548071239;'),('r45iusv72eoonm8080cp0jkrjkdk66pa','172.31.21.5',1548071235,'__ci_last_regenerate|i:1548071235;'),('7h2dukor3ilcnsq55scpc166720mjhkf','172.31.21.5',1548071233,'__ci_last_regenerate|i:1548071233;'),('3456k3ng1psohrh734ha39r3c17143sj','172.31.1.45',1548066960,'__ci_last_regenerate|i:1548066960;'),('drqp814o3a3kmrrhs6gn8q2a444lq5r8','172.31.1.45',1548066955,'__ci_last_regenerate|i:1548066955;'),('tbtkracbhgi1skgumhp3ran1lsr86i7s','172.31.21.5',1548066843,'__ci_last_regenerate|i:1548066843;'),('nvd2t9fr2eh0b1alpmcq1ielgp9j6khl','172.31.21.5',1548066840,'__ci_last_regenerate|i:1548066840;'),('pb2g2go2r951nqdbb2a8j16j6no5520l','172.31.21.5',1548066839,'__ci_last_regenerate|i:1548066839;'),('3d4vfprq52duuhra4lvun1lkck8kvkp3','172.31.1.45',1548066640,'__ci_last_regenerate|i:1548066640;'),('vdjq0v5qabbukkn475vvjm5tidt2431f','172.31.1.45',1548066638,'__ci_last_regenerate|i:1548066638;'),('rbphonmnb09ie19ge7spkjoiru6cllsr','172.31.1.45',1548066589,'__ci_last_regenerate|i:1548066589;'),('32h1hi5bn7k1qeiror0aih4n8olms0r6','172.31.1.45',1548066587,'__ci_last_regenerate|i:1548066587;'),('vgpsaavra4ma18fa4imc8dlkg9deosgv','172.31.21.5',1548066120,'__ci_last_regenerate|i:1548066120;'),('fqh2b8gclbv5s29fmt6vmpfoevsd0lq9','172.31.21.5',1548066117,'__ci_last_regenerate|i:1548066117;'),('5ams3rl9rbh1h476hccc9ag8vgg8nd3m','172.31.21.5',1548066114,'__ci_last_regenerate|i:1548066114;'),('16rj04ovuvjv89l42hp47vftps9efqec','172.31.1.45',1548066009,'__ci_last_regenerate|i:1548066009;'),('9a5f448m1mseu263ihtmilj78e998qsv','172.31.1.45',1548065868,'__ci_last_regenerate|i:1548065868;'),('9vjb1s98a091nm1tnd7fu37s2e45js9c','172.31.1.45',1548065894,'__ci_last_regenerate|i:1548065894;'),('g9rhggreg378el3u2gkapbrlg2bekp81','172.31.1.45',1548065897,'__ci_last_regenerate|i:1548065897;'),('djkd9k88gb35o488ggbmnk4vfb482ipv','172.31.21.5',1548065758,'__ci_last_regenerate|i:1548065758;'),('uvhhfi5j88vve7mmpv2b5h1kuk2ott2e','172.31.1.45',1548066006,'__ci_last_regenerate|i:1548066006;'),('3u0uel0h3l9mv661dk5stgigd9fir6ri','172.31.1.45',1548065416,'__ci_last_regenerate|i:1548065416;'),('rigi9l1ek0nf33j0uk98qmu82fp6mkbl','172.31.1.45',1548065405,'__ci_last_regenerate|i:1548065405;'),('3fbbnrvs9cjbus596sfnej8ah7gebbi1','172.31.1.45',1548065404,'__ci_last_regenerate|i:1548065404;'),('qilvv55nah4426fodsj7hog181lsf4lj','172.31.1.45',1548065396,'__ci_last_regenerate|i:1548065396;'),('mh2o25j3c8jgbknqes4an351nj2ma596','172.31.1.45',1548065400,'__ci_last_regenerate|i:1548065400;'),('308ds13aekc5121ijonnl34hn3lrdtfq','172.31.1.45',1548065394,'__ci_last_regenerate|i:1548065394;'),('hf95ma2vvkkjsfjl7o76rm6hu1kq8932','172.31.1.45',1548065392,'__ci_last_regenerate|i:1548065392;'),('350dd2p686d0rcphbdptllqhe9f74jdj','172.31.1.45',1548065391,'__ci_last_regenerate|i:1548065391;'),('c4l6p9lml8j1aci8bb8bg4sf45fkj9rb','172.31.1.45',1548065389,'__ci_last_regenerate|i:1548065389;'),('o2tk989c3ggfai3j84a3tefqnn2p6i1h','172.31.1.45',1548065387,'__ci_last_regenerate|i:1548065387;'),('mlgo5jtgad74daie2pr508qdjd6qmccp','172.31.1.45',1548065387,'__ci_last_regenerate|i:1548065387;'),('0gchbutft3eev1pfsqvrvngltmnpnbl1','172.31.1.45',1548065384,'__ci_last_regenerate|i:1548065384;'),('aji50si94eo61hknti9ruhbtjk4c5lt3','172.31.1.45',1548065383,'__ci_last_regenerate|i:1548065383;'),('v85lc2v1rr0c689on74i3vd558sie8ue','172.31.1.45',1548065381,'__ci_last_regenerate|i:1548065381;'),('9i3iipl9vjhm7kbdo7cibfs503caemke','172.31.1.45',1548065377,'__ci_last_regenerate|i:1548065377;'),('j6797kbuvdi0qlpe6370qb041u6seg4t','172.31.1.45',1548065378,'__ci_last_regenerate|i:1548065378;'),('39vqr61i09c7qkj5u9q9eec00ssm1nc4','172.31.1.45',1548065363,'__ci_last_regenerate|i:1548065363;'),('8lh8e0l75aa2p46tv2cgmtclf83cp3b2','172.31.1.45',1548065363,'__ci_last_regenerate|i:1548065363;'),('qjsrglcq08ac4q01kcjkdgvi5bskn1kn','172.31.1.45',1548065370,'__ci_last_regenerate|i:1548065370;'),('m4eivg667qo1h9l9atafgt8lat47d83p','172.31.1.45',1548065374,'__ci_last_regenerate|i:1548065374;'),('efdj1s2etturphoib6a5bahmjg5n0sis','172.31.21.5',1548065342,'__ci_last_regenerate|i:1548065342;'),('uo7o1h8anphj0r4kkpf3uintpd1ong6u','172.31.21.5',1548065335,'__ci_last_regenerate|i:1548065335;'),('29soe8dkmvrhqgpd99gnavkb4qd36b67','172.31.1.45',1548065202,'__ci_last_regenerate|i:1548065202;'),('s1dupflghkvoebe3t5pk7f8av22mld97','172.31.21.5',1548065146,'__ci_last_regenerate|i:1548065146;'),('i2s0lkb3jq1gllnu9gseohgshlpkkul7','172.31.1.45',1548060909,'__ci_last_regenerate|i:1548060909;'),('1nr080jr19aoqebp8dchhiv54aiq9m69','172.31.1.45',1548064121,'__ci_last_regenerate|i:1548064121;'),('8ugb966es5k2rbifrl8ksulh5ob6spo3','172.31.1.45',1548064128,'__ci_last_regenerate|i:1548064128;'),('3greumfvvrj3fl9f7t2qqc6vg3foa5rb','172.31.1.45',1548064130,'__ci_last_regenerate|i:1548064130;'),('vlk3cip93bl3qgc7ui4qg8ptjrnge6f6','172.31.1.45',1548064135,'__ci_last_regenerate|i:1548064135;'),('9vs7eefq8fd17fl79bo2r924q5b9jjl3','172.31.1.45',1548064979,'__ci_last_regenerate|i:1548064979;'),('b1kv7oqk3asc3g357pbjg505u765tu1p','172.31.1.45',1548064982,'__ci_last_regenerate|i:1548064982;'),('qegnehm5e5tflob15tqej77fnn7i3mfi','172.31.1.45',1548065030,'__ci_last_regenerate|i:1548065030;'),('3vjkbg40v2mtps55khh6oltj5gitkrll','172.31.1.45',1548065032,'__ci_last_regenerate|i:1548065032;'),('0rkqsa6tn0m3ae98cqvag6h9mdmkaq88','172.31.21.5',1548065143,'__ci_last_regenerate|i:1548065143;'),('p73g47mmj19v2qlroha8nk2p20pi66m8','172.31.1.45',1548060907,'__ci_last_regenerate|i:1548060907;'),('moqimiqcckeljibcspu3qd35vjhbip7f','172.31.1.45',1548060904,'__ci_last_regenerate|i:1548060904;'),('02rlpbom4nevr6ak285119kkjrctkik8','172.31.1.45',1548060890,'__ci_last_regenerate|i:1548060890;'),('pnjjvvbjnhc6bui3pg09mhfuhnnm70rd','172.31.1.45',1548060899,'__ci_last_regenerate|i:1548060899;'),('n078o9k6qikokonvgoo7ru863tgvkpho','172.31.1.45',1548060900,'__ci_last_regenerate|i:1548060900;'),('kgg32bds7c9ebh8ljqfvhdfa19se9qfn','172.31.1.45',1548060861,'__ci_last_regenerate|i:1548060861;'),('gepbiir1gujkhv0s7in27po9c5a7pj5b','172.31.21.5',1548060861,'__ci_last_regenerate|i:1548060861;'),('egqn5codc67vm6q01l0oo5tae2cbec2t','172.31.1.45',1548060871,'__ci_last_regenerate|i:1548060871;'),('k4usj5c7dbmp6on7ebmpbe8utn9glgft','172.31.1.45',1548060871,'__ci_last_regenerate|i:1548060871;'),('45tnhb61j76tmnim0r6sp4499d5tesb9','172.31.21.5',1548060786,'__ci_last_regenerate|i:1548060786;'),('hf26nniv6rnij4ua1nkq0q8g1vlaqm7a','172.31.21.5',1548060786,'__ci_last_regenerate|i:1548060786;'),('leq9mf6l7i2eecmsv077phci0uiru1dl','172.31.21.5',1548060869,'__ci_last_regenerate|i:1548060836;loginUserID|s:2:\"54\";code|s:7:\"HSIOSTV\";name|s:6:\"hshshs\";email|s:14:\"gzhs@gmail.com\";mobile|s:10:\"9350943816\";username|s:7:\"HSIOSTV\";image|s:11:\"default.png\";role|s:6:\"school\";loggedin|b:1;logo|s:15:\"mentor-logo.png\";'),('rdbk3mgpfau7foe2b7jf00geg6co6seg','172.31.21.5',1548060785,'__ci_last_regenerate|i:1548060785;'),('64iv8ic80s7dlbp1udi2ak47i9a4kcvh','172.31.21.5',1548060785,'__ci_last_regenerate|i:1548060785;'),('mn9bfa0rj7hajrhvorn1rtcaj6ouhfc7','172.31.21.5',1548060784,'__ci_last_regenerate|i:1548060784;'),('2dmt1mepg2i3c8rm9octa2h52c2qs1cs','172.31.21.5',1548060784,'__ci_last_regenerate|i:1548060784;'),('isea153qtqn4ifnbr3bce2r209ojvvqk','172.31.21.5',1548060783,'__ci_last_regenerate|i:1548060783;'),('t6uqitl2abg3jka03p9n15sti1ka1j63','172.31.21.5',1548060783,'__ci_last_regenerate|i:1548060783;'),('v7780vnbvfsqdgn8tb8034snj8je8iqm','172.31.21.5',1548060780,'__ci_last_regenerate|i:1548060780;'),('mt2dghhqndkinfdfmpcffu7tlbk9lnbj','172.31.21.5',1548060780,'__ci_last_regenerate|i:1548060780;'),('n0iiu71g8ubngeap91m4td87n4p4eqie','172.31.21.5',1548060782,'__ci_last_regenerate|i:1548060782;'),('jskn29vgvboh3admf186gmg0ltagosjs','172.31.21.5',1548060782,'__ci_last_regenerate|i:1548060782;'),('aue0cb4f601e1eh8df79t4omqsatmvu7','172.31.21.5',1548060779,'__ci_last_regenerate|i:1548060779;'),('07t1rk3ds86a5dk3i21g1u30d099k0gq','172.31.21.5',1548060779,'__ci_last_regenerate|i:1548060779;'),('r29g1e8t24s3itqbtdo49rbglmgga9sv','172.31.21.5',1548060779,'__ci_last_regenerate|i:1548060779;'),('dh7dck7j68m873rov5ilrt2qjik92qtb','172.31.21.5',1548060779,'__ci_last_regenerate|i:1548060779;'),('nk0es61q5tfmmgh6fof12587sqkrf8gi','172.31.21.5',1548060778,'__ci_last_regenerate|i:1548060778;'),('ji13rgrs2bo5h57770426oglr5a5q1vl','172.31.21.5',1548060778,'__ci_last_regenerate|i:1548060778;'),('7ggkn1p5frrofb2965fl3hirk7noj0pc','172.31.21.5',1548060777,'__ci_last_regenerate|i:1548060777;'),('vbdd5dgduqf50fniper37rbnhgj3ud0f','172.31.21.5',1548060777,'__ci_last_regenerate|i:1548060777;'),('fkufbpfknet9fonturpfp7nn6fg2896l','172.31.21.5',1548060776,'__ci_last_regenerate|i:1548060776;'),('lpn3qk95p3n0kkkjtlen6gnu4ghq0gd3','172.31.21.5',1548060776,'__ci_last_regenerate|i:1548060776;'),('4dnvhi60dhjrifpfhg1d7cpituqd13t4','172.31.21.5',1548060773,'__ci_last_regenerate|i:1548060773;'),('d2kbu8libu14chf5097li9u5eseeuqq7','172.31.21.5',1548060775,'__ci_last_regenerate|i:1548060775;'),('0jqp6h8oa2v2j7sb5bb4le1ib9njnc14','172.31.21.5',1548060774,'__ci_last_regenerate|i:1548060774;'),('vfn4cg4jqihc7lpmkn75cglbsh0gsjvi','172.31.21.5',1548060773,'__ci_last_regenerate|i:1548060773;'),('3gs1f1meujtpjd1e6175k4j6qv1f5m8s','172.31.21.5',1548060770,'__ci_last_regenerate|i:1548060770;'),('muktunccaf8j7ts4hommkvshfnkof1bq','172.31.21.5',1548060770,'__ci_last_regenerate|i:1548060770;'),('shjq4unjjpj0srka47f2v7ktp2dsrlel','172.31.1.45',1548060535,'__ci_last_regenerate|i:1548060535;'),('vcv8fvafeemq2i758d8hsijml6k1knml','172.31.1.45',1548060524,'__ci_last_regenerate|i:1548060524;'),('s679b5691depf4kpmfjis4v3jst8a469','172.31.1.45',1548060482,'__ci_last_regenerate|i:1548060482;'),('sk14heptr8vdkelbv747oldi6v2vvnme','172.31.1.45',1548060482,'__ci_last_regenerate|i:1548060482;'),('3b7d3balad9ld3jm65q0h5ud3b4u3074','172.31.21.5',1548060476,'__ci_last_regenerate|i:1548060476;'),('87i3qbfuhg4lj92qqqf04un2qq436ble','172.31.1.45',1548060476,'__ci_last_regenerate|i:1548060476;'),('e6tdp35rdv831vnlmkban9g7kobp9i9b','172.31.21.5',1548060403,'__ci_last_regenerate|i:1548060392;loginUserID|s:2:\"54\";code|s:7:\"HSIOSTV\";name|s:6:\"hshshs\";email|s:14:\"gzhs@gmail.com\";mobile|s:10:\"9350943816\";username|s:7:\"HSIOSTV\";image|s:11:\"default.png\";role|s:6:\"school\";loggedin|b:1;logo|s:15:\"mentor-logo.png\";'),('5mhlvov2ebg7q0fm0rr18101kv0grhis','172.31.21.5',1548060368,'__ci_last_regenerate|i:1548060368;'),('01nlj0j8aagvoogrufh0mqgf7sncda5q','172.31.21.5',1548060367,'__ci_last_regenerate|i:1548060367;'),('md2grpcosj2cme8gnopajon93v3kr136','172.31.21.5',1548060367,'__ci_last_regenerate|i:1548060367;'),('8hdhv24b320kggd67dalspet8g3u4c7p','172.31.21.5',1548060367,'__ci_last_regenerate|i:1548060367;'),('sfernf1g8trk7chq95hdvj2u4pjh66h7','172.31.21.5',1548060366,'__ci_last_regenerate|i:1548060366;'),('bun8p1f39o1s2fr8don2uc3nihve9ir4','172.31.21.5',1548060366,'__ci_last_regenerate|i:1548060366;'),('c0t5k4u2mlu6g0dvdgtajmvsq510ss4p','172.31.21.5',1548060365,'__ci_last_regenerate|i:1548060365;'),('cp2epvvsm05ru6rrhotlf024o7sj7trp','172.31.21.5',1548060364,'__ci_last_regenerate|i:1548060364;'),('mrdhdk91ifn1rjpcclemuhifk320njln','172.31.21.5',1548060363,'__ci_last_regenerate|i:1548060363;'),('d0issljnt7kd5i2rta5tm9fdnjegkut1','172.31.21.5',1548060363,'__ci_last_regenerate|i:1548060363;'),('jnhecdvlkmkjradidnc9qj4bjlhko0d8','172.31.21.5',1548060362,'__ci_last_regenerate|i:1548060362;'),('jvviiema5jcgg18tmtlo4tre4tpih80e','172.31.21.5',1548060362,'__ci_last_regenerate|i:1548060362;'),('rlj8726an4a12tq2ipncc79ppv111gdv','172.31.21.5',1548060361,'__ci_last_regenerate|i:1548060361;'),('o84gco0oouk2qqg3d3d9g74reotn1phv','172.31.21.5',1548060361,'__ci_last_regenerate|i:1548060361;'),('ftno5h20ggsrhonmorhg0u05rd6brcf8','172.31.21.5',1548060359,'__ci_last_regenerate|i:1548060359;'),('0iv9g1tspeos7mpkf7lg0rp2vfhl8g0q','172.31.21.5',1548060359,'__ci_last_regenerate|i:1548060359;'),('712ebgh03np2j6eoi0glnnkhm71q00bq','172.31.21.5',1548060349,'__ci_last_regenerate|i:1548060349;'),('heat51npdqkvf6p08pvvjt1s2t6naa39','172.31.21.5',1548060349,'__ci_last_regenerate|i:1548060349;'),('5gvhaqfaaha58crfro77bb1bfp6c67cd','172.31.21.5',1548060321,'__ci_last_regenerate|i:1548060321;'),('sl0drssjmtat9fef2u1p8ntghros3049','172.31.21.5',1548060321,'__ci_last_regenerate|i:1548060321;'),('mrcef9lccjlim657jgd2mv5er38k7qtr','172.31.1.45',1548059318,'__ci_last_regenerate|i:1548059318;'),('5cb9j8c6fe9h1g46udf5gormiudadj6p','172.31.1.45',1548059318,'__ci_last_regenerate|i:1548059318;'),('pvisgk3ks5b3e2r52p2khc2le6adc7ri','172.31.1.45',1548059316,'__ci_last_regenerate|i:1548059316;'),('qafgngb3af7eohl72d9u4gsbiheb1fpk','172.31.1.45',1548059313,'__ci_last_regenerate|i:1548059313;'),('mrrfq8q55quadgpho61aifhp3abv3bgr','172.31.1.45',1548059311,'__ci_last_regenerate|i:1548059311;'),('a3as6qrv5ob3p387vjqh2qkb01uh6a9p','172.31.1.45',1548059256,'__ci_last_regenerate|i:1548059256;'),('ir44n5blrfcueuc4gbh1hl3qt6uah80d','172.31.1.45',1548059250,'__ci_last_regenerate|i:1548059250;'),('ji0ed28gtcnn03kk4h54ohqp6bc0qcdv','172.31.1.45',1548059236,'__ci_last_regenerate|i:1548059235;'),('au6hgkujebmck09iivhpupuqfndbi4k6','172.31.1.45',1548059219,'__ci_last_regenerate|i:1548059219;'),('9uk2qmonklu831kb5jf5p26k16aq2jjn','172.31.21.5',1548059039,'__ci_last_regenerate|i:1548059039;'),('gcofnosnqbip6egme6e9setop2nrpnhk','172.31.1.45',1548058909,'__ci_last_regenerate|i:1548058909;'),('4hgkle5dr66pib4ub0sq238gsgqksbo3','172.31.1.45',1548058629,'__ci_last_regenerate|i:1548058629;'),('ckho57ulqc8r2l5iq3usccq00m73q56t','172.31.1.45',1548058627,'__ci_last_regenerate|i:1548058627;'),('nqk3jlre2p6it4ne75054p6d12c428ib','172.31.1.45',1548058627,'__ci_last_regenerate|i:1548058627;'),('a9d1mktgjei2g22hgt4lnr2p7fgtm0no','172.31.1.45',1548058628,'__ci_last_regenerate|i:1548058628;'),('92693728d3pv95dosf2nhv4m12jtpf8d','172.31.1.45',1548058628,'__ci_last_regenerate|i:1548058628;'),('i3pen3npbitcv0ch9mbqeje0i6suc3gk','172.31.1.45',1548058629,'__ci_last_regenerate|i:1548058629;'),('22sqciq427nt4c5ekhdkp9eriv7fq95d','172.31.1.45',1548058626,'__ci_last_regenerate|i:1548058626;'),('2m312305ujjha243lgmf3qc6lo0lqf18','172.31.1.45',1548058625,'__ci_last_regenerate|i:1548058625;'),('v0crenf8lsijuj4r5o5179jhdliqgt4g','172.31.1.45',1548058625,'__ci_last_regenerate|i:1548058625;'),('nc1pdatk7u41on8mcg2n6ajt1tdgi4kh','172.31.1.45',1548058626,'__ci_last_regenerate|i:1548058626;'),('sjeav6k229gqkaveobq1d7mg87dmad76','172.31.1.45',1548058580,'__ci_last_regenerate|i:1548058580;'),('92146llq53j4cs4l8vj2lesl826m4jrt','172.31.1.45',1548058580,'__ci_last_regenerate|i:1548058580;'),('t1d0ajlslgdb19olcus1d2d5au5ms5s7','172.31.1.45',1548058580,'__ci_last_regenerate|i:1548058580;'),('iuiorc07tejq4jqjckvm22rtk5od701i','172.31.1.45',1548058616,'__ci_last_regenerate|i:1548058616;'),('6ti9vfmdafqh99vj899vhf4mcu3kof3p','172.31.1.45',1548058621,'__ci_last_regenerate|i:1548058621;'),('legitl806c62kjadjac9gp4th1666dt5','172.31.1.45',1548058622,'__ci_last_regenerate|i:1548058622;'),('d0230sgrttgu336q61b7g7co6rf2ef02','172.31.1.45',1548058622,'__ci_last_regenerate|i:1548058622;'),('5rfse97br9c56ak1hnk2h05phkdupb00','172.31.1.45',1548058476,'__ci_last_regenerate|i:1548058476;'),('udoecuslo5r9rr0f1fukrngvfg015itk','172.31.1.45',1548058476,'__ci_last_regenerate|i:1548058476;'),('f7pak6kmjvm1v1ep06m9qfpkfo3o94fu','172.31.1.45',1548058552,'__ci_last_regenerate|i:1548058552;'),('quhi9310v3sj51nf6nshvb5j6797rjpi','172.31.1.45',1548058443,'__ci_last_regenerate|i:1548058443;'),('2vo6dc2o5qvmds75r39vkkqmjtop31j3','172.31.1.45',1548058443,'__ci_last_regenerate|i:1548058443;'),('nf0rqsdif955bhjkmeljvnvu0p57j5se','172.31.1.45',1548058472,'__ci_last_regenerate|i:1548058472;'),('iib1jpmejoesblogiooapqifur6hcng5','172.31.1.45',1548058476,'__ci_last_regenerate|i:1548058476;'),('6gvocinrgioebmi5oh7ksb38tk0pec31','172.31.1.45',1548058430,'__ci_last_regenerate|i:1548058430;'),('ul1b23p48g24qp09d17hkvgm8r7qgtpv','172.31.1.45',1548058430,'__ci_last_regenerate|i:1548058430;'),('4lu78p1at8n6p5hmofthf75vjgm6f4n0','172.31.1.45',1548058437,'__ci_last_regenerate|i:1548058437;'),('4jk1satphodgge54nd7l56qoidc8irbi','172.31.1.45',1548058441,'__ci_last_regenerate|i:1548058441;'),('q4j0qhnrd22j8io6ekta5hrdae49lg0n','172.31.21.5',1548058234,'__ci_last_regenerate|i:1548058229;'),('p1v32a2ka8n5qt3mm20l3j696o7vn9q6','172.31.21.5',1548058234,'__ci_last_regenerate|i:1548058234;'),('nfsj899f0mkg5qdecdrekaumjbnv8uc0','172.31.1.45',1548058369,'__ci_last_regenerate|i:1548058369;'),('45m057f3e2um5cbl2dokg36l9b7ra7tb','172.31.1.45',1548057873,'__ci_last_regenerate|i:1548057873;'),('t1euihr8ojeufe9nucv33hlgvl81a244','172.31.1.45',1548057882,'__ci_last_regenerate|i:1548057882;'),('49l5u110k2k6hq7qra76qua040ccc9on','172.31.1.45',1548057871,'__ci_last_regenerate|i:1548057871;'),('6fklktj4p1ffhv313n170od24qimfcok','172.31.1.45',1548057855,'__ci_last_regenerate|i:1548057855;'),('9lcfc3ktcj2hhfop7113tud90ae804of','172.31.1.45',1548057869,'__ci_last_regenerate|i:1548057869;'),('lch5rf4mdnogs9h1j18srokcqg0k0n7f','172.31.1.45',1548057855,'__ci_last_regenerate|i:1548057855;'),('038klo273mleflmlnolohm3qmgabi0sm','172.31.1.45',1548057854,'__ci_last_regenerate|i:1548057854;'),('1lgnmqlcdo40786d9evp4so1upi08n49','172.31.1.45',1548057817,'__ci_last_regenerate|i:1548057817;'),('2b1q5ehiejr251ajdft9o7kkmbf0gos5','172.31.1.45',1548057814,'__ci_last_regenerate|i:1548057814;'),('bud7820io7mh1d72v3qt32lb482oh5rd','172.31.1.45',1548057812,'__ci_last_regenerate|i:1548057812;'),('vnc1pmppo7f3es0gi0ct9ar9lh19ipv4','172.31.1.45',1548057775,'__ci_last_regenerate|i:1548057775;'),('unq92nr5nm1h39ibojjj8m1v01q3dbka','172.31.1.45',1548057770,'__ci_last_regenerate|i:1548057770;'),('2pq47m98tbg3hgadp39641nc8d1mq27l','172.31.21.5',1548057764,'__ci_last_regenerate|i:1548057764;'),('l1bst1hdoglg8gb0f4ft0fegh8s94qpr','172.31.21.5',1548057763,'__ci_last_regenerate|i:1548057763;'),('42cibqmo825bokhg1ih0pf16djgfvg3l','172.31.21.5',1548057762,'__ci_last_regenerate|i:1548057762;'),('kjq2emulkpu6r8n81vl8osfugh7sjhng','172.31.21.5',1548057760,'__ci_last_regenerate|i:1548057760;'),('f3c6p8lh20fsdtsab1i3fakho3fq21tm','172.31.21.5',1548057761,'__ci_last_regenerate|i:1548057761;'),('h34ht71vs1fpo2klk1kdq4njskip53dc','172.31.21.5',1548057758,'__ci_last_regenerate|i:1548057758;'),('hglu31sluqfjdpe0id52o77dbk0gkiua','172.31.1.45',1548057756,'__ci_last_regenerate|i:1548057756;'),('3upui98e16q0u5u0ub2m9epg1odtgpki','172.31.21.5',1548057756,'__ci_last_regenerate|i:1548057756;'),('teoi1kf162d2e93qctphgicoq1a4p462','172.31.21.5',1548057754,'__ci_last_regenerate|i:1548057754;'),('mcgmrds160mfs2aif3gc7qotq9861r22','172.31.21.5',1548057754,'__ci_last_regenerate|i:1548057754;'),('ljm3l756v13updlc9akg2knklnt5s6d6','172.31.1.45',1548057753,'__ci_last_regenerate|i:1548057753;'),('tkls7rbop6ohr4p3l5jgvobkf9epjutg','172.31.1.45',1548057752,'__ci_last_regenerate|i:1548057752;'),('s9j2b1s3pa4nhitest6insacgpvca4jn','172.31.1.45',1548057750,'__ci_last_regenerate|i:1548057750;'),('spqliv4aa6vnbg8vv3jo0slt733uv939','172.31.1.45',1548057748,'__ci_last_regenerate|i:1548057748;'),('pnmrk0vkc31pegmv94jol581ijj97l1v','172.31.1.45',1548057746,'__ci_last_regenerate|i:1548057746;'),('0fp91khbinpiu264trs6mh8u4bu3nug1','172.31.1.45',1548057732,'__ci_last_regenerate|i:1548057731;'),('aet2tm7pgh5pk1v6kiaeoo8q59v02rg6','172.31.1.45',1548057694,'__ci_last_regenerate|i:1548057694;'),('h5tujm2evmuk2halk02rj1gcqckvc25p','172.31.1.45',1548057691,'__ci_last_regenerate|i:1548057691;'),('vs9dg128eamsrgssn9i9dsl531ec254h','172.31.1.45',1548057690,'__ci_last_regenerate|i:1548057690;'),('b5mlb8657d1dfn01dc0n66rkm5md5l26','172.31.1.45',1548057660,'__ci_last_regenerate|i:1548057660;'),('te8e2qgn8sk2onu4tmmkg05lps18q57m','172.31.1.45',1548057659,'__ci_last_regenerate|i:1548057659;'),('4mvsn4cr8gfu4eagnuule485n0esnph7','172.31.21.5',1548057658,'__ci_last_regenerate|i:1548057658;'),('h7825tiora10927e6od7sg4n1mb9nkqt','172.31.1.45',1548057645,'__ci_last_regenerate|i:1548057645;'),('q7ek4lheennuh9q2u2qhbg0biobsnpcq','172.31.1.45',1548057645,'__ci_last_regenerate|i:1548057645;'),('mnna5i773ghjmi00r8fjn96p7fnac4qg','172.31.1.45',1548057641,'__ci_last_regenerate|i:1548057641;'),('uemj20131d5s9f7k64j91i45b1ippgkb','172.31.1.45',1548057640,'__ci_last_regenerate|i:1548057640;'),('btddhevb86tb9hfu8t5h1ed4n4v5kolg','172.31.1.45',1548057640,'__ci_last_regenerate|i:1548057640;'),('elngp85cl3a8ti8a08bc8bkk8jq2e5pf','172.31.1.45',1548057639,'__ci_last_regenerate|i:1548057639;'),('8n6gaqnpbh7bnpelbsme7vo2hgobcg50','172.31.1.45',1548057638,'__ci_last_regenerate|i:1548057638;'),('jf2iuvk669uhkti6hf3u0i19g8hchooc','172.31.1.45',1548057637,'__ci_last_regenerate|i:1548057637;');
/*!40000 ALTER TABLE `ci_sessions` ENABLE KEYS */;
UNLOCK TABLES;

--
-- Table structure for table `circular`
--

DROP TABLE IF EXISTS `circular`;
/*!40101 SET @saved_cs_client     = @@character_set_client */;
/*!40101 SET character_set_client = utf8 */;
CREATE TABLE `circular` (
  `circularID` int(11) NOT NULL AUTO_INCREMENT,
  `schoolID` int(11) NOT NULL,
  `title` varchar(255) NOT NULL,
  `description` text NOT NULL,
  `for` varchar(255) DEFAULT NULL,
  `image` varchar(255) DEFAULT NULL,
  `image_type` varchar(255) DEFAULT NULL,
  `circular_no` varchar(255) DEFAULT NULL,
  `date` date DEFAULT NULL,
  `is_active` enum('Y','N') NOT NULL,
  `added_on` datetime NOT NULL,
  PRIMARY KEY (`circularID`)
) ENGINE=MyISAM AUTO_INCREMENT=14 DEFAULT CHARSET=latin1;
/*!40101 SET character_set_client = @saved_cs_client */;

--
-- Dumping data for table `circular`
--

LOCK TABLES `circular` WRITE;
/*!40000 ALTER TABLE `circular` DISABLE KEYS */;
INSERT INTO `circular` VALUES (1,1,'Test','This is a test circular','teacher,student','Test1542445697.PNG','PNG','cir2018001','2018-10-10','Y','2018-11-17 14:38:17'),(2,2,'hhhh','zcczxvzdvdv','teacher','hhhh1542458776.jpg','jpg','cir2018002','2018-10-10','Y','2018-11-17 18:16:16'),(3,2,'rwuusvsvz','zcczxvzdvdvgsbzbs','teacher','rwuusvsvz1542459503.jpg','jpg','cir2018003','2018-10-10','Y','2018-11-17 18:28:23'),(4,1,'Test','This is a test circular','teacher,student','Test1542605903.jpg','jpg','cir2018004','2018-10-10','Y','2018-11-19 11:08:23'),(5,2,'VIXFG9B ','sggsgs','teacher,student','VIXFG9B 1542606962.jpg','jpg','1','2018-11-08','Y','2018-11-19 11:26:02'),(6,5,'Hello ','Test','teacher,student','Hello 1542703286.jpg','jpg','','2018-11-20','Y','2018-11-20 14:11:26'),(7,2,'hi','hello','teacher','hi1545052443.png','png','testing','2018-12-18','Y','2018-12-17 18:44:03'),(8,2,'team','hshshhs','teacher','team1545053522.png','png','102','2018-12-18','Y','2018-12-17 19:02:02'),(9,21,'Test','Test','student','Test1546770646.jpg','jpg','1','2019-01-06','Y','2019-01-06 16:00:46'),(10,2,'testing','testing','student','testing1546776307.jpg','jpg','101','2019-01-06','Y','2019-01-06 17:35:07'),(11,2,'testing','testing','student','testing1546776383.jpg','jpg','102','2019-01-07','Y','2019-01-06 17:36:23'),(12,36,'holiday','todays holiday','teacher,teacher','holiday1547462314.pdf','pdf','1','2019-01-14','Y','2019-01-14 16:08:34'),(13,28,'26 January ','come @ 9 am.','student','26 January 1547916996.jpg','jpg','234','2019-01-26','Y','2019-01-19 22:26:36');
/*!40000 ALTER TABLE `circular` ENABLE KEYS */;
UNLOCK TABLES;

--
-- Table structure for table `classes`
--

DROP TABLE IF EXISTS `classes`;
/*!40101 SET @saved_cs_client     = @@character_set_client */;
/*!40101 SET character_set_client = utf8 */;
CREATE TABLE `classes` (
  `classID` int(11) NOT NULL AUTO_INCREMENT,
  `schoolID` int(11) NOT NULL,
  `class` varchar(255) NOT NULL,
  `is_active` enum('Y','N') NOT NULL,
  `added_on` datetime NOT NULL,
  PRIMARY KEY (`classID`)
) ENGINE=MyISAM AUTO_INCREMENT=45 DEFAULT CHARSET=latin1;
/*!40101 SET character_set_client = @saved_cs_client */;

--
-- Dumping data for table `classes`
--

LOCK TABLES `classes` WRITE;
/*!40000 ALTER TABLE `classes` DISABLE KEYS */;
INSERT INTO `classes` VALUES (1,1,'Nursey','Y','2018-11-16 23:50:57'),(2,1,'KG','Y','2018-11-16 23:51:07'),(3,1,'1st','Y','2018-11-16 23:51:14'),(4,1,'2nd','Y','2018-11-16 23:51:20'),(5,1,'3rd','Y','2018-11-16 23:51:28'),(6,2,'1','Y','2018-11-17 12:15:20'),(7,2,'2','Y','2018-11-17 12:15:30'),(8,2,'3','Y','2018-11-17 12:15:36'),(9,5,'1','Y','2018-11-20 13:47:51'),(10,2,'4','Y','2018-12-07 16:48:30'),(11,6,'Nursary','Y','2018-12-12 17:45:41'),(12,6,'1st','Y','2018-12-12 17:45:48'),(13,6,'2nd','Y','2018-12-12 17:45:57'),(14,6,'3rd','Y','2018-12-12 17:46:05'),(15,21,'B.Ed','Y','2018-12-27 11:32:41'),(16,21,'D.El.Ed','Y','2018-12-27 11:33:17'),(17,28,'1','Y','2019-01-06 15:26:41'),(18,28,'2','Y','2019-01-06 15:26:49'),(19,26,'1','Y','2019-01-07 11:07:12'),(20,26,'2','Y','2019-01-07 11:07:17'),(21,26,'3','Y','2019-01-07 11:07:21'),(22,30,'1','Y','2019-01-08 15:21:57'),(23,31,'Nursey','Y','2019-01-12 20:11:41'),(24,31,'KG','Y','2019-01-12 20:11:47'),(25,31,'1st','Y','2019-01-12 20:11:52'),(26,31,'2nd','Y','2019-01-12 20:11:56'),(27,31,'3rd','Y','2019-01-12 20:12:01'),(28,34,'5','Y','2019-01-14 11:28:33'),(29,35,'8','Y','2019-01-14 11:57:37'),(30,36,'nursery','Y','2019-01-14 12:44:24'),(31,36,'LKG','Y','2019-01-14 12:44:37'),(32,36,'UKG','Y','2019-01-14 12:44:44'),(33,36,'1','Y','2019-01-14 12:44:51'),(34,36,'2','Y','2019-01-14 12:44:58'),(35,36,'3','Y','2019-01-14 12:45:03'),(36,36,'4','Y','2019-01-14 12:45:06'),(37,36,'5','Y','2019-01-14 12:45:08'),(38,41,'1','Y','2019-01-15 13:08:37'),(39,42,'1','Y','2019-01-15 13:37:39'),(40,50,'Nur','Y','2019-01-16 16:45:31'),(41,51,'Nur','Y','2019-01-17 10:39:14'),(42,51,'LKG','Y','2019-01-17 10:39:22'),(43,51,'UKG','Y','2019-01-17 10:39:31'),(44,54,'Nur','Y','2019-01-21 14:24:06');
/*!40000 ALTER TABLE `classes` ENABLE KEYS */;
UNLOCK TABLES;

--
-- Table structure for table `concession`
--

DROP TABLE IF EXISTS `concession`;
/*!40101 SET @saved_cs_client     = @@character_set_client */;
/*!40101 SET character_set_client = utf8 */;
CREATE TABLE `concession` (
  `concessionID` int(11) NOT NULL AUTO_INCREMENT,
  `schoolID` int(11) NOT NULL,
  `concession` varchar(255) NOT NULL,
  `feehead` varchar(255) NOT NULL,
  `percentage` int(3) NOT NULL,
  `is_active` enum('Y','N') NOT NULL,
  `added_on` datetime NOT NULL,
  `modified_on` datetime DEFAULT NULL,
  PRIMARY KEY (`concessionID`)
) ENGINE=MyISAM AUTO_INCREMENT=4 DEFAULT CHARSET=latin1;
/*!40101 SET character_set_client = @saved_cs_client */;

--
-- Dumping data for table `concession`
--

LOCK TABLES `concession` WRITE;
/*!40000 ALTER TABLE `concession` DISABLE KEYS */;
INSERT INTO `concession` VALUES (1,1,'Trust','1',20,'Y','2018-12-03 22:31:44',NULL),(2,2,'TRUST','1',20,'Y','2018-12-21 18:41:32','2018-12-31 18:29:34'),(3,28,'Trust','5',100,'Y','2019-01-06 15:47:40','2019-01-06 15:47:51');
/*!40000 ALTER TABLE `concession` ENABLE KEYS */;
UNLOCK TABLES;

--
-- Table structure for table `district`
--

DROP TABLE IF EXISTS `district`;
/*!40101 SET @saved_cs_client     = @@character_set_client */;
/*!40101 SET character_set_client = utf8 */;
CREATE TABLE `district` (
  `districtID` int(11) NOT NULL AUTO_INCREMENT,
  `stateID` int(11) NOT NULL,
  `name` varchar(255) NOT NULL,
  `added_on` datetime NOT NULL,
  PRIMARY KEY (`districtID`)
) ENGINE=MyISAM AUTO_INCREMENT=702 DEFAULT CHARSET=latin1;
/*!40101 SET character_set_client = @saved_cs_client */;

--
-- Dumping data for table `district`
--

LOCK TABLES `district` WRITE;
/*!40000 ALTER TABLE `district` DISABLE KEYS */;
INSERT INTO `district` VALUES (1,1,'NICOBARS','2018-11-29 16:24:00'),(2,1,'NORTH AND MIDDLE ANDAMAN','2018-11-30 16:24:00'),(3,1,'SOUTH ANDAMANS','2018-12-01 16:24:00'),(4,2,'ANANTAPUR','2018-12-02 16:24:00'),(5,2,'CHITTOOR','2018-12-03 16:24:00'),(6,2,'EAST GODAVARI','2018-12-04 16:24:00'),(7,2,'GUNTUR','2018-12-05 16:24:00'),(8,2,'KRISHNA','2018-12-06 16:24:00'),(9,2,'KURNOOL','2018-12-07 16:24:00'),(10,2,'PRAKASAM','2018-12-08 16:24:00'),(11,2,'SPSR NELLORE','2018-12-09 16:24:00'),(12,2,'SRIKAKULAM','2018-12-10 16:24:00'),(13,2,'VISAKHAPATANAM','2018-12-11 16:24:00'),(14,2,'VIZIANAGARAM','2018-12-12 16:24:00'),(15,2,'WEST GODAVARI','2018-12-13 16:24:00'),(16,2,'Y.S.R.','2018-12-14 16:24:00'),(17,3,'ANJAW','2018-12-15 16:24:00'),(18,3,'CHANGLANG','2018-12-16 16:24:00'),(19,3,'DIBANG VALLEY','2018-12-17 16:24:00'),(20,3,'EAST KAMENG','2018-12-18 16:24:00'),(21,3,'EAST SIANG','2018-12-19 16:24:00'),(22,3,'Kra Daadi','2018-12-20 16:24:00'),(23,3,'KURUNG KUMEY','2018-12-21 16:24:00'),(24,3,'LOHIT','2018-12-22 16:24:00'),(25,3,'LONGDING','2018-12-23 16:24:00'),(26,3,'LOWER DIBANG VALLEY','2018-12-24 16:24:00'),(27,3,'LOWER SUBANSIRI','2018-12-25 16:24:00'),(28,3,'NAMSAI','2018-12-26 16:24:00'),(29,3,'PAPUM PARE','2018-12-27 16:24:00'),(30,3,'SIANG','2018-12-28 16:24:00'),(31,3,'TAWANG','2018-12-29 16:24:00'),(32,3,'TIRAP','2018-12-30 16:24:00'),(33,3,'UPPER SIANG','2018-12-31 16:24:00'),(34,3,'UPPER SUBANSIRI','2019-01-01 16:24:00'),(35,3,'WEST KAMENG','2019-01-02 16:24:00'),(36,3,'WEST SIANG','2019-01-03 16:24:00'),(37,4,'BAKSA','2019-01-04 16:24:00'),(38,4,'BARPETA','2019-01-05 16:24:00'),(39,4,'BONGAIGAON','2019-01-06 16:24:00'),(40,4,'CACHAR','2019-01-07 16:24:00'),(41,4,'CHIRANG','2019-01-08 16:24:00'),(42,4,'DARRANG','2019-01-09 16:24:00'),(43,4,'DHEMAJI','2019-01-10 16:24:00'),(44,4,'DHUBRI','2019-01-11 16:24:00'),(45,4,'DIBRUGARH','2019-01-12 16:24:00'),(46,4,'DIMA HASAO','2019-01-13 16:24:00'),(47,4,'GOALPARA','2019-01-14 16:24:00'),(48,4,'GOLAGHAT','2019-01-15 16:24:00'),(49,4,'HAILAKANDI','2019-01-16 16:24:00'),(50,4,'JORHAT','2019-01-17 16:24:00'),(51,4,'KAMRUP','2019-01-18 16:24:00'),(52,4,'KAMRUP METRO','2019-01-19 16:24:00'),(53,4,'KARBI ANGLONG','2019-01-20 16:24:00'),(54,4,'KARIMGANJ','2019-01-21 16:24:00'),(55,4,'KOKRAJHAR','2019-01-22 16:24:00'),(56,4,'LAKHIMPUR','2019-01-23 16:24:00'),(57,4,'MARIGAON','2019-01-24 16:24:00'),(58,4,'NAGAON','2019-01-25 16:24:00'),(59,4,'NALBARI','2019-01-26 16:24:00'),(60,4,'SIVASAGAR','2019-01-27 16:24:00'),(61,4,'SONITPUR','2019-01-28 16:24:00'),(62,4,'TINSUKIA','2019-01-29 16:24:00'),(63,4,'UDALGURI','2019-01-30 16:24:00'),(64,5,'ARARIA','2019-01-31 16:24:00'),(65,5,'ARWAL','2019-02-01 16:24:00'),(66,5,'AURANGABAD','2019-02-02 16:24:00'),(67,5,'BANKA','2019-02-03 16:24:00'),(68,5,'BEGUSARAI','2019-02-04 16:24:00'),(69,5,'BHAGALPUR','2019-02-05 16:24:00'),(70,5,'BHOJPUR','2019-02-06 16:24:00'),(71,5,'BUXAR','2019-02-07 16:24:00'),(72,5,'DARBHANGA','2019-02-08 16:24:00'),(73,5,'GAYA','2019-02-09 16:24:00'),(74,5,'GOPALGANJ','2019-02-10 16:24:00'),(75,5,'JAMUI','2019-02-11 16:24:00'),(76,5,'JEHANABAD','2019-02-12 16:24:00'),(77,5,'KAIMUR (BHABUA)','2019-02-13 16:24:00'),(78,5,'KATIHAR','2019-02-14 16:24:00'),(79,5,'KHAGARIA','2019-02-15 16:24:00'),(80,5,'KISHANGANJ','2019-02-16 16:24:00'),(81,5,'LAKHISARAI','2019-02-17 16:24:00'),(82,5,'MADHEPURA','2019-02-18 16:24:00'),(83,5,'MADHUBANI','2019-02-19 16:24:00'),(84,5,'MUNGER','2019-02-20 16:24:00'),(85,5,'MUZAFFARPUR','2019-02-21 16:24:00'),(86,5,'NALANDA','2019-02-22 16:24:00'),(87,5,'NAWADA','2019-02-23 16:24:00'),(88,5,'PASHCHIM CHAMPARAN','2019-02-24 16:24:00'),(89,5,'PATNA','2019-02-25 16:24:00'),(90,5,'PURBI CHAMPARAN','2019-02-26 16:24:00'),(91,5,'PURNIA','2019-02-27 16:24:00'),(92,5,'ROHTAS','2019-02-28 16:24:00'),(93,5,'SAHARSA','2019-03-01 16:24:00'),(94,5,'SAMASTIPUR','2019-03-02 16:24:00'),(95,5,'SARAN','2019-03-03 16:24:00'),(96,5,'SHEIKHPURA','2019-03-04 16:24:00'),(97,5,'SHEOHAR','2019-03-05 16:24:00'),(98,5,'SITAMARHI','2019-03-06 16:24:00'),(99,5,'SIWAN','2019-03-07 16:24:00'),(100,5,'SUPAUL','2019-03-08 16:24:00'),(101,5,'VAISHALI','2019-03-09 16:24:00'),(102,6,'CHANDIGARH','2019-03-10 16:24:00'),(103,7,'BALOD','2019-03-11 16:24:00'),(104,7,'BALODA BAZAR','2019-03-12 16:24:00'),(105,7,'BALRAMPUR','2019-03-13 16:24:00'),(106,7,'BASTAR','2019-03-14 16:24:00'),(107,7,'BEMETARA','2019-03-15 16:24:00'),(108,7,'BIJAPUR','2019-03-16 16:24:00'),(109,7,'BILASPUR','2019-03-17 16:24:00'),(110,7,'DANTEWADA','2019-03-18 16:24:00'),(111,7,'DHAMTARI','2019-03-19 16:24:00'),(112,7,'DURG','2019-03-20 16:24:00'),(113,7,'GARIYABAND','2019-03-21 16:24:00'),(114,7,'JANJGIR-CHAMPA','2019-03-22 16:24:00'),(115,7,'JASHPUR','2019-03-23 16:24:00'),(116,7,'KABIRDHAM','2019-03-24 16:24:00'),(117,7,'KANKER','2019-03-25 16:24:00'),(118,7,'KONDAGAON','2019-03-26 16:24:00'),(119,7,'KORBA','2019-03-27 16:24:00'),(120,7,'KOREA','2019-03-28 16:24:00'),(121,7,'MAHASAMUND','2019-03-29 16:24:00'),(122,7,'MUNGELI','2019-03-30 16:24:00'),(123,7,'NARAYANPUR','2019-03-31 16:24:00'),(124,7,'RAIGARH','2019-04-01 16:24:00'),(125,7,'RAIPUR','2019-04-02 16:24:00'),(126,7,'RAJNANDGAON','2019-04-03 16:24:00'),(127,7,'SUKMA','2019-04-04 16:24:00'),(128,7,'SURAJPUR','2019-04-05 16:24:00'),(129,7,'SURGUJA','2019-04-06 16:24:00'),(130,8,'DADRA AND NAGAR HAVELI','2019-04-07 16:24:00'),(131,9,'DAMAN','2019-04-08 16:24:00'),(132,9,'DIU','2019-04-09 16:24:00'),(133,10,'CENTRAL','2019-04-10 16:24:00'),(134,10,'EAST','2019-04-11 16:24:00'),(135,10,'NEW DELHI','2019-04-12 16:24:00'),(136,10,'NORTH','2019-04-13 16:24:00'),(137,10,'NORTH EAST','2019-04-14 16:24:00'),(138,10,'NORTH WEST','2019-04-15 16:24:00'),(139,10,'SHAHDARA','2019-04-16 16:24:00'),(140,10,'SOUTH','2019-04-17 16:24:00'),(141,10,'South East','2019-04-18 16:24:00'),(142,10,'SOUTH WEST','2019-04-19 16:24:00'),(143,10,'WEST','2019-04-20 16:24:00'),(144,11,'NORTH GOA','2019-04-21 16:24:00'),(145,11,'SOUTH GOA','2019-04-22 16:24:00'),(146,12,'AHMADABAD','2019-04-23 16:24:00'),(147,12,'AMRELI','2019-04-24 16:24:00'),(148,12,'ANAND','2019-04-25 16:24:00'),(149,12,'ARVALLI','2019-04-26 16:24:00'),(150,12,'BANAS KANTHA','2019-04-27 16:24:00'),(151,12,'BHARUCH','2019-04-28 16:24:00'),(152,12,'BHAVNAGAR','2019-04-29 16:24:00'),(153,12,'BOTAD','2019-04-30 16:24:00'),(154,12,'CHHOTAUDEPUR','2019-05-01 16:24:00'),(155,12,'DANG','2019-05-02 16:24:00'),(156,12,'DEVBHUMI DWARKA','2019-05-03 16:24:00'),(157,12,'DOHAD','2019-05-04 16:24:00'),(158,12,'GANDHINAGAR','2019-05-05 16:24:00'),(159,12,'GIR SOMNATH','2019-05-06 16:24:00'),(160,12,'JAMNAGAR','2019-05-07 16:24:00'),(161,12,'JUNAGADH','2019-05-08 16:24:00'),(162,12,'KACHCHH','2019-05-09 16:24:00'),(163,12,'KHEDA','2019-05-10 16:24:00'),(164,12,'MAHESANA','2019-05-11 16:24:00'),(165,12,'Mahisagar','2019-05-12 16:24:00'),(166,12,'MORBI','2019-05-13 16:24:00'),(167,12,'NARMADA','2019-05-14 16:24:00'),(168,12,'NAVSARI','2019-05-15 16:24:00'),(169,12,'PANCH MAHALS','2019-05-16 16:24:00'),(170,12,'PATAN','2019-05-17 16:24:00'),(171,12,'PORBANDAR','2019-05-18 16:24:00'),(172,12,'RAJKOT','2019-05-19 16:24:00'),(173,12,'SABAR KANTHA','2019-05-20 16:24:00'),(174,12,'SURAT','2019-05-21 16:24:00'),(175,12,'SURENDRANAGAR','2019-05-22 16:24:00'),(176,12,'TAPI','2019-05-23 16:24:00'),(177,12,'VADODARA','2019-05-24 16:24:00'),(178,12,'VALSAD','2019-05-25 16:24:00'),(179,13,'AMBALA','2019-05-26 16:24:00'),(180,13,'BHIWANI','2019-05-27 16:24:00'),(181,13,'CHARKI DADRI','2019-05-28 16:24:00'),(182,13,'FARIDABAD','2019-05-29 16:24:00'),(183,13,'FATEHABAD','2019-05-30 16:24:00'),(184,13,'GURUGRAM','2019-05-31 16:24:00'),(185,13,'HISAR','2019-06-01 16:24:00'),(186,13,'JHAJJAR','2019-06-02 16:24:00'),(187,13,'JIND','2019-06-03 16:24:00'),(188,13,'KAITHAL','2019-06-04 16:24:00'),(189,13,'KARNAL','2019-06-05 16:24:00'),(190,13,'KURUKSHETRA','2019-06-06 16:24:00'),(191,13,'MAHENDRAGARH','2019-06-07 16:24:00'),(192,13,'MEWAT','2019-06-08 16:24:00'),(193,13,'PALWAL','2019-06-09 16:24:00'),(194,13,'PANCHKULA','2019-06-10 16:24:00'),(195,13,'PANIPAT','2019-06-11 16:24:00'),(196,13,'REWARI','2019-06-12 16:24:00'),(197,13,'ROHTAK','2019-06-13 16:24:00'),(198,13,'SIRSA','2019-06-14 16:24:00'),(199,13,'SONIPAT','2019-06-15 16:24:00'),(200,13,'YAMUNANAGAR','2019-06-16 16:24:00'),(201,14,'BILASPUR','2019-06-17 16:24:00'),(202,14,'CHAMBA','2019-06-18 16:24:00'),(203,14,'HAMIRPUR','2019-06-19 16:24:00'),(204,14,'KANGRA','2019-06-20 16:24:00'),(205,14,'KINNAUR','2019-06-21 16:24:00'),(206,14,'KULLU','2019-06-22 16:24:00'),(207,14,'LAHUL AND SPITI','2019-06-23 16:24:00'),(208,14,'MANDI','2019-06-24 16:24:00'),(209,14,'SHIMLA','2019-06-25 16:24:00'),(210,14,'SIRMAUR','2019-06-26 16:24:00'),(211,14,'SOLAN','2019-06-27 16:24:00'),(212,14,'UNA','2019-06-28 16:24:00'),(213,15,'ANANTNAG','2019-06-29 16:24:00'),(214,15,'BADGAM','2019-06-30 16:24:00'),(215,15,'BANDIPORA','2019-07-01 16:24:00'),(216,15,'BARAMULLA','2019-07-02 16:24:00'),(217,15,'DODA','2019-07-03 16:24:00'),(218,15,'GANDERBAL','2019-07-04 16:24:00'),(219,15,'JAMMU','2019-07-05 16:24:00'),(220,15,'KARGIL','2019-07-06 16:24:00'),(221,15,'KATHUA','2019-07-07 16:24:00'),(222,15,'KISHTWAR','2019-07-08 16:24:00'),(223,15,'KULGAM','2019-07-09 16:24:00'),(224,15,'KUPWARA','2019-07-10 16:24:00'),(225,15,'LEH LADAKH','2019-07-11 16:24:00'),(226,15,'POONCH','2019-07-12 16:24:00'),(227,15,'PULWAMA','2019-07-13 16:24:00'),(228,15,'RAJAURI','2019-07-14 16:24:00'),(229,15,'RAMBAN','2019-07-15 16:24:00'),(230,15,'REASI','2019-07-16 16:24:00'),(231,15,'SAMBA','2019-07-17 16:24:00'),(232,15,'SHOPIAN','2019-07-18 16:24:00'),(233,15,'SRINAGAR','2019-07-19 16:24:00'),(234,15,'UDHAMPUR','2019-07-20 16:24:00'),(235,16,'BOKARO','2019-07-21 16:24:00'),(236,16,'CHATRA','2019-07-22 16:24:00'),(237,16,'DEOGHAR','2019-07-23 16:24:00'),(238,16,'DHANBAD','2019-07-24 16:24:00'),(239,16,'DUMKA','2019-07-25 16:24:00'),(240,16,'EAST SINGHBUM','2019-07-26 16:24:00'),(241,16,'GARHWA','2019-07-27 16:24:00'),(242,16,'GIRIDIH','2019-07-28 16:24:00'),(243,16,'GODDA','2019-07-29 16:24:00'),(244,16,'GUMLA','2019-07-30 16:24:00'),(245,16,'HAZARIBAGH','2019-07-31 16:24:00'),(246,16,'JAMTARA','2019-08-01 16:24:00'),(247,16,'KHUNTI','2019-08-02 16:24:00'),(248,16,'KODERMA','2019-08-03 16:24:00'),(249,16,'LATEHAR','2019-08-04 16:24:00'),(250,16,'LOHARDAGA','2019-08-05 16:24:00'),(251,16,'PAKUR','2019-08-06 16:24:00'),(252,16,'PALAMU','2019-08-07 16:24:00'),(253,16,'RAMGARH','2019-08-08 16:24:00'),(254,16,'RANCHI','2019-08-09 16:24:00'),(255,16,'SAHEBGANJ','2019-08-10 16:24:00'),(256,16,'SARAIKELA KHARSAWAN','2019-08-11 16:24:00'),(257,16,'SIMDEGA','2019-08-12 16:24:00'),(258,16,'WEST SINGHBHUM','2019-08-13 16:24:00'),(259,17,'BAGALKOT','2019-08-14 16:24:00'),(260,17,'BALLARI','2019-08-15 16:24:00'),(261,17,'BELAGAVI','2019-08-16 16:24:00'),(262,17,'BENGALURU RURAL','2019-08-17 16:24:00'),(263,17,'BENGALURU URBAN','2019-08-18 16:24:00'),(264,17,'BIDAR','2019-08-19 16:24:00'),(265,17,'CHAMARAJANAGAR','2019-08-20 16:24:00'),(266,17,'CHIKBALLAPUR','2019-08-21 16:24:00'),(267,17,'CHIKKAMAGALURU','2019-08-22 16:24:00'),(268,17,'CHITRADURGA','2019-08-23 16:24:00'),(269,17,'DAKSHIN KANNAD','2019-08-24 16:24:00'),(270,17,'DAVANGERE','2019-08-25 16:24:00'),(271,17,'DHARWAD','2019-08-26 16:24:00'),(272,17,'GADAG','2019-08-27 16:24:00'),(273,17,'HASSAN','2019-08-28 16:24:00'),(274,17,'HAVERI','2019-08-29 16:24:00'),(275,17,'KALABURAGI','2019-08-30 16:24:00'),(276,17,'KODAGU','2019-08-31 16:24:00'),(277,17,'KOLAR','2019-09-01 16:24:00'),(278,17,'KOPPAL','2019-09-02 16:24:00'),(279,17,'MANDYA','2019-09-03 16:24:00'),(280,17,'MYSURU','2019-09-04 16:24:00'),(281,17,'RAICHUR','2019-09-05 16:24:00'),(282,17,'RAMANAGARA','2019-09-06 16:24:00'),(283,17,'SHIVAMOGGA','2019-09-07 16:24:00'),(284,17,'TUMAKURU','2019-09-08 16:24:00'),(285,17,'UDUPI','2019-09-09 16:24:00'),(286,17,'UTTAR KANNAD','2019-09-10 16:24:00'),(287,17,'VIJAYAPURA','2019-09-11 16:24:00'),(288,17,'YADGIR','2019-09-12 16:24:00'),(289,18,'ALAPPUZHA','2019-09-13 16:24:00'),(290,18,'ERNAKULAM','2019-09-14 16:24:00'),(291,18,'IDUKKI','2019-09-15 16:24:00'),(292,18,'KANNUR','2019-09-16 16:24:00'),(293,18,'KASARAGOD','2019-09-17 16:24:00'),(294,18,'KOLLAM','2019-09-18 16:24:00'),(295,18,'KOTTAYAM','2019-09-19 16:24:00'),(296,18,'KOZHIKODE','2019-09-20 16:24:00'),(297,18,'MALAPPURAM','2019-09-21 16:24:00'),(298,18,'PALAKKAD','2019-09-22 16:24:00'),(299,18,'PATHANAMTHITTA','2019-09-23 16:24:00'),(300,18,'THIRUVANANTHAPURAM','2019-09-24 16:24:00'),(301,18,'THRISSUR','2019-09-25 16:24:00'),(302,18,'WAYANAD','2019-09-26 16:24:00'),(303,19,'LAKSHADWEEP DISTRICT','2019-09-27 16:24:00'),(304,20,'AGAR MALWA','2019-09-28 16:24:00'),(305,20,'ALIRAJPUR','2019-09-29 16:24:00'),(306,20,'ANUPPUR','2019-09-30 16:24:00'),(307,20,'ASHOKNAGAR','2019-10-01 16:24:00'),(308,20,'BALAGHAT','2019-10-02 16:24:00'),(309,20,'BARWANI','2019-10-03 16:24:00'),(310,20,'BETUL','2019-10-04 16:24:00'),(311,20,'BHIND','2019-10-05 16:24:00'),(312,20,'BHOPAL','2019-10-06 16:24:00'),(313,20,'BURHANPUR','2019-10-07 16:24:00'),(314,20,'CHHATARPUR','2019-10-08 16:24:00'),(315,20,'CHHINDWARA','2019-10-09 16:24:00'),(316,20,'DAMOH','2019-10-10 16:24:00'),(317,20,'DATIA','2019-10-11 16:24:00'),(318,20,'DEWAS','2019-10-12 16:24:00'),(319,20,'DHAR','2019-10-13 16:24:00'),(320,20,'DINDORI','2019-10-14 16:24:00'),(321,20,'EAST NIMAR','2019-10-15 16:24:00'),(322,20,'GUNA','2019-10-16 16:24:00'),(323,20,'GWALIOR','2019-10-17 16:24:00'),(324,20,'HARDA','2019-10-18 16:24:00'),(325,20,'HOSHANGABAD','2019-10-19 16:24:00'),(326,20,'INDORE','2019-10-20 16:24:00'),(327,20,'JABALPUR','2019-10-21 16:24:00'),(328,20,'JHABUA','2019-10-22 16:24:00'),(329,20,'KATNI','2019-10-23 16:24:00'),(330,20,'KHARGONE','2019-10-24 16:24:00'),(331,20,'MANDLA','2019-10-25 16:24:00'),(332,20,'MANDSAUR','2019-10-26 16:24:00'),(333,20,'MORENA','2019-10-27 16:24:00'),(334,20,'NARSINGHPUR','2019-10-28 16:24:00'),(335,20,'NEEMUCH','2019-10-29 16:24:00'),(336,20,'PANNA','2019-10-30 16:24:00'),(337,20,'RAISEN','2019-10-31 16:24:00'),(338,20,'RAJGARH','2019-11-01 16:24:00'),(339,20,'RATLAM','2019-11-02 16:24:00'),(340,20,'REWA','2019-11-03 16:24:00'),(341,20,'SAGAR','2019-11-04 16:24:00'),(342,20,'SATNA','2019-11-05 16:24:00'),(343,20,'SEHORE','2019-11-06 16:24:00'),(344,20,'SEONI','2019-11-07 16:24:00'),(345,20,'SHAHDOL','2019-11-08 16:24:00'),(346,20,'SHAJAPUR','2019-11-09 16:24:00'),(347,20,'SHEOPUR','2019-11-10 16:24:00'),(348,20,'SHIVPURI','2019-11-11 16:24:00'),(349,20,'SIDHI','2019-11-12 16:24:00'),(350,20,'SINGRAULI','2019-11-13 16:24:00'),(351,20,'TIKAMGARH','2019-11-14 16:24:00'),(352,20,'UJJAIN','2019-11-15 16:24:00'),(353,20,'UMARIA','2019-11-16 16:24:00'),(354,20,'VIDISHA','2019-11-17 16:24:00'),(355,21,'AHMEDNAGAR','2019-11-18 16:24:00'),(356,21,'AKOLA','2019-11-19 16:24:00'),(357,21,'AMRAVATI','2019-11-20 16:24:00'),(358,21,'AURANGABAD','2019-11-21 16:24:00'),(359,21,'BEED','2019-11-22 16:24:00'),(360,21,'BHANDARA','2019-11-23 16:24:00'),(361,21,'BULDHANA','2019-11-24 16:24:00'),(362,21,'CHANDRAPUR','2019-11-25 16:24:00'),(363,21,'DHULE','2019-11-26 16:24:00'),(364,21,'GADCHIROLI','2019-11-27 16:24:00'),(365,21,'GONDIA','2019-11-28 16:24:00'),(366,21,'HINGOLI','2019-11-29 16:24:00'),(367,21,'JALGAON','2019-11-30 16:24:00'),(368,21,'JALNA','2019-12-01 16:24:00'),(369,21,'KOLHAPUR','2019-12-02 16:24:00'),(370,21,'LATUR','2019-12-03 16:24:00'),(371,21,'MUMBAI','2019-12-04 16:24:00'),(372,21,'MUMBAI SUBURBAN','2019-12-05 16:24:00'),(373,21,'NAGPUR','2019-12-06 16:24:00'),(374,21,'NANDED','2019-12-07 16:24:00'),(375,21,'NANDURBAR','2019-12-08 16:24:00'),(376,21,'NASHIK','2019-12-09 16:24:00'),(377,21,'OSMANABAD','2019-12-10 16:24:00'),(378,21,'PALGHAR','2019-12-11 16:24:00'),(379,21,'PARBHANI','2019-12-12 16:24:00'),(380,21,'PUNE','2019-12-13 16:24:00'),(381,21,'RAIGAD','2019-12-14 16:24:00'),(382,21,'RATNAGIRI','2019-12-15 16:24:00'),(383,21,'SANGLI','2019-12-16 16:24:00'),(384,21,'SATARA','2019-12-17 16:24:00'),(385,21,'SINDHUDURG','2019-12-18 16:24:00'),(386,21,'SOLAPUR','2019-12-19 16:24:00'),(387,21,'THANE','2019-12-20 16:24:00'),(388,21,'WARDHA','2019-12-21 16:24:00'),(389,21,'WASHIM','2019-12-22 16:24:00'),(390,21,'YAVATMAL','2019-12-23 16:24:00'),(391,22,'BISHNUPUR','2019-12-24 16:24:00'),(392,22,'CHANDEL','2019-12-25 16:24:00'),(393,22,'CHURACHANDPUR','2019-12-26 16:24:00'),(394,22,'IMPHAL EAST','2019-12-27 16:24:00'),(395,22,'IMPHAL WEST','2019-12-28 16:24:00'),(396,22,'SENAPATI','2019-12-29 16:24:00'),(397,22,'TAMENGLONG','2019-12-30 16:24:00'),(398,22,'THOUBAL','2019-12-31 16:24:00'),(399,22,'UKHRUL','2020-01-01 16:24:00'),(400,23,'EAST GARO HILLS','2020-01-02 16:24:00'),(401,23,'EAST JAINTIA HILLS','2020-01-03 16:24:00'),(402,23,'EAST KHASI HILLS','2020-01-04 16:24:00'),(403,23,'NORTH GARO HILLS','2020-01-05 16:24:00'),(404,23,'RI BHOI','2020-01-06 16:24:00'),(405,23,'SOUTH GARO HILLS','2020-01-07 16:24:00'),(406,23,'SOUTH WEST GARO HILLS','2020-01-08 16:24:00'),(407,23,'SOUTH WEST KHASI HILLS','2020-01-09 16:24:00'),(408,23,'WEST GARO HILLS','2020-01-10 16:24:00'),(409,23,'WEST JAINTIA HILLS','2020-01-11 16:24:00'),(410,23,'WEST KHASI HILLS','2020-01-12 16:24:00'),(411,24,'AIZAWL','2020-01-13 16:24:00'),(412,24,'CHAMPHAI','2020-01-14 16:24:00'),(413,24,'KOLASIB','2020-01-15 16:24:00'),(414,24,'LAWNGTLAI','2020-01-16 16:24:00'),(415,24,'LUNGLEI','2020-01-17 16:24:00'),(416,24,'MAMIT','2020-01-18 16:24:00'),(417,24,'SAIHA','2020-01-19 16:24:00'),(418,24,'SERCHHIP','2020-01-20 16:24:00'),(419,25,'DIMAPUR','2020-01-21 16:24:00'),(420,25,'KIPHIRE','2020-01-22 16:24:00'),(421,25,'KOHIMA','2020-01-23 16:24:00'),(422,25,'LONGLENG','2020-01-24 16:24:00'),(423,25,'MOKOKCHUNG','2020-01-25 16:24:00'),(424,25,'MON','2020-01-26 16:24:00'),(425,25,'PEREN','2020-01-27 16:24:00'),(426,25,'PHEK','2020-01-28 16:24:00'),(427,25,'TUENSANG','2020-01-29 16:24:00'),(428,25,'WOKHA','2020-01-30 16:24:00'),(429,25,'ZUNHEBOTO','2020-01-31 16:24:00'),(430,26,'ANUGUL','2020-02-01 16:24:00'),(431,26,'BALANGIR','2020-02-02 16:24:00'),(432,26,'BALESHWAR','2020-02-03 16:24:00'),(433,26,'BARGARH','2020-02-04 16:24:00'),(434,26,'BHADRAK','2020-02-05 16:24:00'),(435,26,'BOUDH','2020-02-06 16:24:00'),(436,26,'CUTTACK','2020-02-07 16:24:00'),(437,26,'DEOGARH','2020-02-08 16:24:00'),(438,26,'DHENKANAL','2020-02-09 16:24:00'),(439,26,'GAJAPATI','2020-02-10 16:24:00'),(440,26,'GANJAM','2020-02-11 16:24:00'),(441,26,'JAGATSINGHAPUR','2020-02-12 16:24:00'),(442,26,'JAJAPUR','2020-02-13 16:24:00'),(443,26,'JHARSUGUDA','2020-02-14 16:24:00'),(444,26,'KALAHANDI','2020-02-15 16:24:00'),(445,26,'KANDHAMAL','2020-02-16 16:24:00'),(446,26,'KENDRAPARA','2020-02-17 16:24:00'),(447,26,'KENDUJHAR','2020-02-18 16:24:00'),(448,26,'KHORDHA','2020-02-19 16:24:00'),(449,26,'KORAPUT','2020-02-20 16:24:00'),(450,26,'MALKANGIRI','2020-02-21 16:24:00'),(451,26,'MAYURBHANJ','2020-02-22 16:24:00'),(452,26,'NABARANGPUR','2020-02-23 16:24:00'),(453,26,'NAYAGARH','2020-02-24 16:24:00'),(454,26,'NUAPADA','2020-02-25 16:24:00'),(455,26,'PURI','2020-02-26 16:24:00'),(456,26,'RAYAGADA','2020-02-27 16:24:00'),(457,26,'SAMBALPUR','2020-02-28 16:24:00'),(458,26,'SONEPUR','2020-02-29 16:24:00'),(459,26,'SUNDARGARH','2020-03-01 16:24:00'),(460,27,'KARAIKAL','2020-03-02 16:24:00'),(461,27,'MAHE','2020-03-03 16:24:00'),(462,27,'PONDICHERRY','2020-03-04 16:24:00'),(463,27,'YANAM','2020-03-05 16:24:00'),(464,28,'AMRITSAR','2020-03-06 16:24:00'),(465,28,'BARNALA','2020-03-07 16:24:00'),(466,28,'BATHINDA','2020-03-08 16:24:00'),(467,28,'FARIDKOT','2020-03-09 16:24:00'),(468,28,'FATEHGARH SAHIB','2020-03-10 16:24:00'),(469,28,'FAZILKA','2020-03-11 16:24:00'),(470,28,'FIROZEPUR','2020-03-12 16:24:00'),(471,28,'GURDASPUR','2020-03-13 16:24:00'),(472,28,'HOSHIARPUR','2020-03-14 16:24:00'),(473,28,'JALANDHAR','2020-03-15 16:24:00'),(474,28,'KAPURTHALA','2020-03-16 16:24:00'),(475,28,'LUDHIANA','2020-03-17 16:24:00'),(476,28,'MANSA','2020-03-18 16:24:00'),(477,28,'MOGA','2020-03-19 16:24:00'),(478,28,'NAWANSHAHR','2020-03-20 16:24:00'),(479,28,'PATHANKOT','2020-03-21 16:24:00'),(480,28,'PATIALA','2020-03-22 16:24:00'),(481,28,'RUPNAGAR','2020-03-23 16:24:00'),(482,28,'SANGRUR','2020-03-24 16:24:00'),(483,28,'S.A.S Nagar','2020-03-25 16:24:00'),(484,28,'SRI MUKTSAR SAHIB','2020-03-26 16:24:00'),(485,28,'Tarn Taran','2020-03-27 16:24:00'),(486,29,'AJMER','2020-03-28 16:24:00'),(487,29,'ALWAR','2020-03-29 16:24:00'),(488,29,'BANSWARA','2020-03-30 16:24:00'),(489,29,'BARAN','2020-03-31 16:24:00'),(490,29,'BARMER','2020-04-01 16:24:00'),(491,29,'BHARATPUR','2020-04-02 16:24:00'),(492,29,'BHILWARA','2020-04-03 16:24:00'),(493,29,'BIKANER','2020-04-04 16:24:00'),(494,29,'BUNDI','2020-04-05 16:24:00'),(495,29,'CHITTORGARH','2020-04-06 16:24:00'),(496,29,'CHURU','2020-04-07 16:24:00'),(497,29,'DAUSA','2020-04-08 16:24:00'),(498,29,'DHOLPUR','2020-04-09 16:24:00'),(499,29,'DUNGARPUR','2020-04-10 16:24:00'),(500,29,'GANGANAGAR','2020-04-11 16:24:00'),(501,29,'HANUMANGARH','2020-04-12 16:24:00'),(502,29,'JAIPUR','2020-04-13 16:24:00'),(503,29,'JAISALMER','2020-04-14 16:24:00'),(504,29,'JALORE','2020-04-15 16:24:00'),(505,29,'JHALAWAR','2020-04-16 16:24:00'),(506,29,'JHUNJHUNU','2020-04-17 16:24:00'),(507,29,'JODHPUR','2020-04-18 16:24:00'),(508,29,'KARAULI','2020-04-19 16:24:00'),(509,29,'KOTA','2020-04-20 16:24:00'),(510,29,'NAGAUR','2020-04-21 16:24:00'),(511,29,'PALI','2020-04-22 16:24:00'),(512,29,'PRATAPGARH','2020-04-23 16:24:00'),(513,29,'RAJSAMAND','2020-04-24 16:24:00'),(514,29,'SAWAI MADHOPUR','2020-04-25 16:24:00'),(515,29,'SIKAR','2020-04-26 16:24:00'),(516,29,'SIROHI','2020-04-27 16:24:00'),(517,29,'TONK','2020-04-28 16:24:00'),(518,29,'UDAIPUR','2020-04-29 16:24:00'),(519,30,'EAST DISTRICT','2020-04-30 16:24:00'),(520,30,'NORTH DISTRICT','2020-05-01 16:24:00'),(521,30,'SOUTH DISTRICT','2020-05-02 16:24:00'),(522,30,'WEST DISTRICT','2020-05-03 16:24:00'),(523,31,'Ariyalur','2020-05-04 16:24:00'),(524,31,'CHENNAI','2020-05-05 16:24:00'),(525,31,'COIMBATORE','2020-05-06 16:24:00'),(526,31,'CUDDALORE','2020-05-07 16:24:00'),(527,31,'DHARMAPURI','2020-05-08 16:24:00'),(528,31,'DINDIGUL','2020-05-09 16:24:00'),(529,31,'ERODE','2020-05-10 16:24:00'),(530,31,'KANCHIPURAM','2020-05-11 16:24:00'),(531,31,'KANNIYAKUMARI','2020-05-12 16:24:00'),(532,31,'KARUR','2020-05-13 16:24:00'),(533,31,'KRISHNAGIRI','2020-05-14 16:24:00'),(534,31,'MADURAI','2020-05-15 16:24:00'),(535,31,'NAGAPATTINAM','2020-05-16 16:24:00'),(536,31,'NAMAKKAL','2020-05-17 16:24:00'),(537,31,'PERAMBALUR','2020-05-18 16:24:00'),(538,31,'PUDUKKOTTAI','2020-05-19 16:24:00'),(539,31,'RAMANATHAPURAM','2020-05-20 16:24:00'),(540,31,'SALEM','2020-05-21 16:24:00'),(541,31,'SIVAGANGA','2020-05-22 16:24:00'),(542,31,'THANJAVUR','2020-05-23 16:24:00'),(543,31,'THENI','2020-05-24 16:24:00'),(544,31,'THE NILGIRIS','2020-05-25 16:24:00'),(545,31,'THIRUVALLUR','2020-05-26 16:24:00'),(546,31,'THIRUVARUR','2020-05-27 16:24:00'),(547,31,'TIRUCHIRAPPALLI','2020-05-28 16:24:00'),(548,31,'TIRUNELVELI','2020-05-29 16:24:00'),(549,31,'TIRUPPUR','2020-05-30 16:24:00'),(550,31,'TIRUVANNAMALAI','2020-05-31 16:24:00'),(551,31,'TUTICORIN','2020-06-01 16:24:00'),(552,31,'VELLORE','2020-06-02 16:24:00'),(553,31,'VILLUPURAM','2020-06-03 16:24:00'),(554,31,'VIRUDHUNAGAR','2020-06-04 16:24:00'),(555,32,'ADILABAD','2020-06-05 16:24:00'),(556,32,'BHADRADRI','2020-06-06 16:24:00'),(557,32,'HYDERABAD','2020-06-07 16:24:00'),(558,32,'Jagitial','2020-06-08 16:24:00'),(559,32,'JANGOAN','2020-06-09 16:24:00'),(560,32,'JAYASHANKAR','2020-06-10 16:24:00'),(561,32,'JOGULAMBA','2020-06-11 16:24:00'),(562,32,'KAMAREDDY','2020-06-12 16:24:00'),(563,32,'KARIMNAGAR','2020-06-13 16:24:00'),(564,32,'KHAMMAM','2020-06-14 16:24:00'),(565,32,'KOMARAM BHEEM ASIFABAD','2020-06-15 16:24:00'),(566,32,'MAHABUBABAD','2020-06-16 16:24:00'),(567,32,'MAHBUBNAGAR','2020-06-17 16:24:00'),(568,32,'MANCHERIAL','2020-06-18 16:24:00'),(569,32,'MEDAK','2020-06-19 16:24:00'),(570,32,'MEDCHAL','2020-06-20 16:24:00'),(571,32,'NAGARKURNOOL','2020-06-21 16:24:00'),(572,32,'NALGONDA','2020-06-22 16:24:00'),(573,32,'Nirmal','2020-06-23 16:24:00'),(574,32,'NIZAMABAD','2020-06-24 16:24:00'),(575,32,'PEDDAPALLI','2020-06-25 16:24:00'),(576,32,'RAJANNA','2020-06-26 16:24:00'),(577,32,'RANGAREDDI','2020-06-27 16:24:00'),(578,32,'SANGAREDDY','2020-06-28 16:24:00'),(579,32,'SIDDIPET','2020-06-29 16:24:00'),(580,32,'SURYAPET','2020-06-30 16:24:00'),(581,32,'VIKARABAD','2020-07-01 16:24:00'),(582,32,'WANAPARTHY','2020-07-02 16:24:00'),(583,32,'WARANGAL','2020-07-03 16:24:00'),(584,32,'WARANGAL URBAN','2020-07-04 16:24:00'),(585,32,'YADADRI','2020-07-05 16:24:00'),(586,33,'Dhalai','2020-07-06 16:24:00'),(587,33,'Gomati','2020-07-07 16:24:00'),(588,33,'Khowai','2020-07-08 16:24:00'),(589,33,'North Tripura','2020-07-09 16:24:00'),(590,33,'Sepahijala','2020-07-10 16:24:00'),(591,33,'South Tripura','2020-07-11 16:24:00'),(592,33,'Unakoti','2020-07-12 16:24:00'),(593,33,'West Tripura','2020-07-13 16:24:00'),(594,34,'ALMORA','2020-07-14 16:24:00'),(595,34,'BAGESHWAR','2020-07-15 16:24:00'),(596,34,'CHAMOLI','2020-07-16 16:24:00'),(597,34,'CHAMPAWAT','2020-07-17 16:24:00'),(598,34,'DEHRADUN','2020-07-18 16:24:00'),(599,34,'HARIDWAR','2020-07-19 16:24:00'),(600,34,'NAINITAL','2020-07-20 16:24:00'),(601,34,'PAURI GARHWAL','2020-07-21 16:24:00'),(602,34,'PITHORAGARH','2020-07-22 16:24:00'),(603,34,'RUDRA PRAYAG','2020-07-23 16:24:00'),(604,34,'TEHRI GARHWAL','2020-07-24 16:24:00'),(605,34,'UDAM SINGH NAGAR','2020-07-25 16:24:00'),(606,34,'UTTAR KASHI','2020-07-26 16:24:00'),(607,35,'AGRA','2020-07-27 16:24:00'),(608,35,'ALIGARH','2020-07-28 16:24:00'),(609,35,'ALLAHABAD','2020-07-29 16:24:00'),(610,35,'AMBEDKAR NAGAR','2020-07-30 16:24:00'),(611,35,'Amethi','2020-07-31 16:24:00'),(612,35,'AMROHA','2020-08-01 16:24:00'),(613,35,'AURAIYA','2020-08-02 16:24:00'),(614,35,'AZAMGARH','2020-08-03 16:24:00'),(615,35,'BAGHPAT','2020-08-04 16:24:00'),(616,35,'BAHRAICH','2020-08-05 16:24:00'),(617,35,'BALLIA','2020-08-06 16:24:00'),(618,35,'BALRAMPUR','2020-08-07 16:24:00'),(619,35,'BANDA','2020-08-08 16:24:00'),(620,35,'BARABANKI','2020-08-09 16:24:00'),(621,35,'BAREILLY','2020-08-10 16:24:00'),(622,35,'BASTI','2020-08-11 16:24:00'),(623,35,'BHADOHI','2020-08-12 16:24:00'),(624,35,'BIJNOR','2020-08-13 16:24:00'),(625,35,'BUDAUN','2020-08-14 16:24:00'),(626,35,'BULANDSHAHR','2020-08-15 16:24:00'),(627,35,'CHANDAULI','2020-08-16 16:24:00'),(628,35,'CHITRAKOOT','2020-08-17 16:24:00'),(629,35,'DEORIA','2020-08-18 16:24:00'),(630,35,'ETAH','2020-08-19 16:24:00'),(631,35,'ETAWAH','2020-08-20 16:24:00'),(632,35,'FAIZABAD','2020-08-21 16:24:00'),(633,35,'FARRUKHABAD','2020-08-22 16:24:00'),(634,35,'FATEHPUR','2020-08-23 16:24:00'),(635,35,'FIROZABAD','2020-08-24 16:24:00'),(636,35,'GAUTAM BUDDHA NAGAR','2020-08-25 16:24:00'),(637,35,'GHAZIABAD','2020-08-26 16:24:00'),(638,35,'GHAZIPUR','2020-08-27 16:24:00'),(639,35,'GONDA','2020-08-28 16:24:00'),(640,35,'GORAKHPUR','2020-08-29 16:24:00'),(641,35,'HAMIRPUR','2020-08-30 16:24:00'),(642,35,'HAPUR','2020-08-31 16:24:00'),(643,35,'HARDOI','2020-09-01 16:24:00'),(644,35,'HATHRAS','2020-09-02 16:24:00'),(645,35,'JALAUN','2020-09-03 16:24:00'),(646,35,'JAUNPUR','2020-09-04 16:24:00'),(647,35,'JHANSI','2020-09-05 16:24:00'),(648,35,'KANNAUJ','2020-09-06 16:24:00'),(649,35,'KANPUR DEHAT','2020-09-07 16:24:00'),(650,35,'KANPUR NAGAR','2020-09-08 16:24:00'),(651,35,'Kasganj','2020-09-09 16:24:00'),(652,35,'KAUSHAMBI','2020-09-10 16:24:00'),(653,35,'KHERI','2020-09-11 16:24:00'),(654,35,'KUSHI NAGAR','2020-09-12 16:24:00'),(655,35,'LALITPUR','2020-09-13 16:24:00'),(656,35,'LUCKNOW','2020-09-14 16:24:00'),(657,35,'MAHARAJGANJ','2020-09-15 16:24:00'),(658,35,'MAHOBA','2020-09-16 16:24:00'),(659,35,'MAINPURI','2020-09-17 16:24:00'),(660,35,'MATHURA','2020-09-18 16:24:00'),(661,35,'MAU','2020-09-19 16:24:00'),(662,35,'MEERUT','2020-09-20 16:24:00'),(663,35,'MIRZAPUR','2020-09-21 16:24:00'),(664,35,'MORADABAD','2020-09-22 16:24:00'),(665,35,'MUZAFFARNAGAR','2020-09-23 16:24:00'),(666,35,'PILIBHIT','2020-09-24 16:24:00'),(667,35,'PRATAPGARH','2020-09-25 16:24:00'),(668,35,'RAE BARELI','2020-09-26 16:24:00'),(669,35,'RAMPUR','2020-09-27 16:24:00'),(670,35,'SAHARANPUR','2020-09-28 16:24:00'),(671,35,'SAMBHAL','2020-09-29 16:24:00'),(672,35,'SANT KABEER NAGAR','2020-09-30 16:24:00'),(673,35,'SHAHJAHANPUR','2020-10-01 16:24:00'),(674,35,'SHAMLI','2020-10-02 16:24:00'),(675,35,'SHRAVASTI','2020-10-03 16:24:00'),(676,35,'SIDDHARTH NAGAR','2020-10-04 16:24:00'),(677,35,'SITAPUR','2020-10-05 16:24:00'),(678,35,'SONBHADRA','2020-10-06 16:24:00'),(679,35,'SULTANPUR','2020-10-07 16:24:00'),(680,35,'UNNAO','2020-10-08 16:24:00'),(681,35,'VARANASI','2020-10-09 16:24:00'),(682,36,'24 PARAGANAS NORTH','2020-10-10 16:24:00'),(683,36,'24 PARAGANAS SOUTH','2020-10-11 16:24:00'),(684,36,'Alipurduar','2020-10-12 16:24:00'),(685,36,'BANKURA','2020-10-13 16:24:00'),(686,36,'BARDHAMAN','2020-10-14 16:24:00'),(687,36,'BIRBHUM','2020-10-15 16:24:00'),(688,36,'COOCHBEHAR','2020-10-16 16:24:00'),(689,36,'DARJEELING','2020-10-17 16:24:00'),(690,36,'DINAJPUR DAKSHIN','2020-10-18 16:24:00'),(691,36,'DINAJPUR UTTAR','2020-10-19 16:24:00'),(692,36,'HOOGHLY','2020-10-20 16:24:00'),(693,36,'HOWRAH','2020-10-21 16:24:00'),(694,36,'JALPAIGURI','2020-10-22 16:24:00'),(695,36,'KOLKATA','2020-10-23 16:24:00'),(696,36,'MALDAH','2020-10-24 16:24:00'),(697,36,'MEDINIPUR EAST','2020-10-25 16:24:00'),(698,36,'MEDINIPUR WEST','2020-10-26 16:24:00'),(699,36,'MURSHIDABAD','2020-10-27 16:24:00'),(700,36,'NADIA','2020-10-28 16:24:00'),(701,36,'PURULIA','2020-10-29 16:24:00');
/*!40000 ALTER TABLE `district` ENABLE KEYS */;
UNLOCK TABLES;

--
-- Table structure for table `driver`
--

DROP TABLE IF EXISTS `driver`;
/*!40101 SET @saved_cs_client     = @@character_set_client */;
/*!40101 SET character_set_client = utf8 */;
CREATE TABLE `driver` (
  `driverID` int(11) NOT NULL AUTO_INCREMENT,
  `schoolID` int(11) NOT NULL,
  `driver_name` varchar(255) NOT NULL,
  `routeID` varchar(255) NOT NULL,
  `license_no` varchar(200) NOT NULL,
  `phone` varchar(200) NOT NULL,
  `email` varchar(255) NOT NULL,
  `password` varchar(200) NOT NULL,
  `status` enum('Y','N') NOT NULL DEFAULT 'Y',
  `added_on` datetime NOT NULL,
  PRIMARY KEY (`driverID`),
  UNIQUE KEY `phone` (`phone`)
) ENGINE=MyISAM AUTO_INCREMENT=2 DEFAULT CHARSET=latin1;
/*!40101 SET character_set_client = @saved_cs_client */;

--
-- Dumping data for table `driver`
--

LOCK TABLES `driver` WRITE;
/*!40000 ALTER TABLE `driver` DISABLE KEYS */;
INSERT INTO `driver` VALUES (1,2,'Arvind','1','asdf','1234567890','driver@driver.com','aaf956a9e183479db749bfed49a7200e7a70f820e420edcd85c487fa7f596805e1bae72263d95ddc9f008d7695dc0a838ca4c5f70c2695b203c2d77d7fe5d292','Y','2019-01-17 10:50:31');
/*!40000 ALTER TABLE `driver` ENABLE KEYS */;
UNLOCK TABLES;

--
-- Table structure for table `event`
--

DROP TABLE IF EXISTS `event`;
/*!40101 SET @saved_cs_client     = @@character_set_client */;
/*!40101 SET character_set_client = utf8 */;
CREATE TABLE `event` (
  `eventID` int(11) NOT NULL AUTO_INCREMENT,
  `schoolID` int(11) NOT NULL,
  `userID` int(11) NOT NULL,
  `userType` varchar(200) NOT NULL,
  `event` varchar(200) NOT NULL,
  `start_on` datetime NOT NULL,
  `end_on` datetime NOT NULL,
  `location` varchar(255) NOT NULL,
  `event_image` varchar(255) NOT NULL,
  `description` text NOT NULL,
  `bus_required` varchar(10) NOT NULL,
  `no_of_bus` int(11) NOT NULL,
  `estimate_expense` int(11) NOT NULL,
  `fee_per_student` int(11) NOT NULL,
  `fee_per_user` int(11) NOT NULL,
  `status` varchar(100) NOT NULL,
  `added_on` datetime NOT NULL,
  PRIMARY KEY (`eventID`)
) ENGINE=MyISAM AUTO_INCREMENT=15 DEFAULT CHARSET=latin1;
/*!40101 SET character_set_client = @saved_cs_client */;

--
-- Dumping data for table `event`
--

LOCK TABLES `event` WRITE;
/*!40000 ALTER TABLE `event` DISABLE KEYS */;
INSERT INTO `event` VALUES (1,1,1,'teacher','cbncv','2018-12-18 18:22:00','2018-12-19 16:22:00','2833\'38.9\"N 7727\'08.0\"E','1545051185.jpg','fhjk','yes',2,1000000,200,100,'Y','2018-12-17 18:23:05'),(2,2,2,'teacher','dhn','2018-12-18 18:41:00','2018-12-19 18:41:00','2833\'39.4\"N 7727\'07.8\"E','1545052338.jpg','cvjj','yes',2,10000,200,200,'Y','2018-12-17 18:42:18'),(3,2,2,'teacher','fjj','2018-12-19 18:47:00','2018-12-20 22:47:00','2833\'39.4\"N 7727\'07.9\"E','1545052845.jpg','xgjk','yes',10,2000000,100,200,'Y','2018-12-17 18:50:45'),(4,2,2,'teacher','chnj','2018-12-18 01:55:00','2018-12-19 18:56:00','Royale Interiors','1545053264.jpg','fgkk','yes',2,2000000,200,200,'Y','2018-12-17 18:57:44'),(5,2,2,'school','vzvvz','2018-12-26 17:47:00','2018-12-27 17:47:00','Ace City by Ace Group','1545653837.jpg','gzgzg','yes',2,50000,299,299,'Y','2018-12-24 17:47:17'),(6,2,2,'school','ddF','2018-12-25 17:50:00','2018-12-27 17:51:00','Ace City by Ace Group','1545654040.png','czvzva','yes',1,30000000,100,101,'Y','2018-12-24 17:50:40'),(7,2,2,'school','ddF','2018-12-25 17:50:00','2018-12-27 17:51:00','Ace City by Ace Group','1545654085.png','czvzva','yes',1,30000000,100,101,'Y','2018-12-24 17:51:25'),(8,2,2,'school','','1970-01-01 05:30:00','1970-01-01 05:30:00','','1545657570.jpg','','',0,0,0,0,'Y','2018-12-24 18:49:30'),(9,2,2,'school','','1970-01-01 05:30:00','1970-01-01 05:30:00','','1545657624.jpg','','',0,0,0,0,'Y','2018-12-24 18:50:24'),(10,2,2,'teacher','gsgsg','2018-12-27 18:13:00','2018-12-29 18:13:00','Ace City by Ace Group','1545828206.jpg','gzvs','yes',1,20000,100,110,'Y','2018-12-26 18:13:26'),(11,28,7,'teacher','Game','2019-01-09 14:42:00','1970-01-01 05:30:00','','1546891992.png','cricket ','',0,0,0,0,'Y','2019-01-08 01:43:12'),(12,41,41,'school','dance','2019-01-15 13:39:00','2019-01-16 13:39:00','2645\'14.5\"N 8321\'42.2\"E','1547539769.jpg','dance','yes',1,5000,200,400,'Y','2019-01-15 13:39:29'),(13,21,14,'teacher','goa trip','2019-01-18 01:18:00','2019-01-26 01:18:00','2638\'11.3\"N 8456\'59.0\"E','1547754652.png','','venture',1,10000,100,150,'Y','2019-01-18 01:20:52'),(14,21,14,'teacher','culture program','1970-01-01 05:30:00','1970-01-01 05:30:00','','1548057731.jpg','','',0,0,0,0,'Y','2019-01-21 13:32:11');
/*!40000 ALTER TABLE `event` ENABLE KEYS */;
UNLOCK TABLES;

--
-- Table structure for table `event_activity`
--

DROP TABLE IF EXISTS `event_activity`;
/*!40101 SET @saved_cs_client     = @@character_set_client */;
/*!40101 SET character_set_client = utf8 */;
CREATE TABLE `event_activity` (
  `activityID` int(11) NOT NULL AUTO_INCREMENT,
  `eventID` int(11) NOT NULL,
  `userID` int(11) NOT NULL,
  `userType` varchar(100) NOT NULL,
  `action_type` enum('interested','going') NOT NULL DEFAULT 'interested',
  `added_on` datetime NOT NULL,
  PRIMARY KEY (`activityID`)
) ENGINE=MyISAM AUTO_INCREMENT=10 DEFAULT CHARSET=latin1;
/*!40101 SET character_set_client = @saved_cs_client */;

--
-- Dumping data for table `event_activity`
--

LOCK TABLES `event_activity` WRITE;
/*!40000 ALTER TABLE `event_activity` DISABLE KEYS */;
INSERT INTO `event_activity` VALUES (1,1,1,'teacher','interested','2018-12-17 18:24:00'),(2,1,1,'teacher','going','2018-12-17 18:24:01'),(7,12,225,'student','going','2019-01-15 13:46:16'),(6,12,225,'student','interested','2019-01-15 13:45:49'),(8,13,14,'teacher','going','2019-01-18 01:21:16');
/*!40000 ALTER TABLE `event_activity` ENABLE KEYS */;
UNLOCK TABLES;

--
-- Table structure for table `exam`
--

DROP TABLE IF EXISTS `exam`;
/*!40101 SET @saved_cs_client     = @@character_set_client */;
/*!40101 SET character_set_client = utf8 */;
CREATE TABLE `exam` (
  `examID` int(11) NOT NULL AUTO_INCREMENT,
  `schoolID` int(11) NOT NULL,
  `exam_title` varchar(50) CHARACTER SET utf8 NOT NULL,
  `exam_note` longtext CHARACTER SET utf8 NOT NULL,
  `exam_status` int(11) NOT NULL,
  `exam_class` int(11) NOT NULL,
  `exam_section` varchar(100) NOT NULL,
  `exam_date` date NOT NULL,
  `on_date` timestamp NOT NULL DEFAULT CURRENT_TIMESTAMP,
  PRIMARY KEY (`examID`)
) ENGINE=InnoDB AUTO_INCREMENT=19 DEFAULT CHARSET=latin1;
/*!40101 SET character_set_client = @saved_cs_client */;

--
-- Dumping data for table `exam`
--

LOCK TABLES `exam` WRITE;
/*!40000 ALTER TABLE `exam` DISABLE KEYS */;
INSERT INTO `exam` VALUES (1,1,'Half Yearly','Half yearly exam for all classes',1,1,'1,2','2018-12-10','2018-12-01 19:14:48'),(2,1,'Half Yearly','Half yearly exam for all classes',1,2,'3,4','2018-12-10','2018-12-01 19:14:48'),(3,1,'Half Yearly','Half yearly exam for all classes',1,3,'5,6','2018-12-10','2018-12-01 19:14:48'),(4,1,'Half Yearly','Half yearly exam for all classes',1,4,'7,8','2018-12-10','2018-12-01 19:14:48'),(5,1,'Half Yearly','Half yearly exam for all classes',1,5,'9,10,11','2018-12-10','2018-12-01 19:14:48'),(6,2,'Half Yearly','Half Yearly',0,6,'12','2018-12-31','2018-12-07 18:00:10'),(7,2,'Half Yearly','Half Yearly',1,7,'13','2018-12-31','2018-12-07 18:00:10'),(8,2,'Half Yearly','Half Yearly',1,8,'14','2018-12-31','2018-12-07 18:00:10'),(9,2,'Quarterly','Quarterly',1,6,'12','2018-12-10','2018-12-12 19:50:15'),(10,2,'Quarterly','Quarterly',1,7,'13','2018-12-10','2018-12-12 19:50:15'),(11,2,'Quarterly','Quarterly',1,8,'14','2018-12-10','2018-12-12 19:50:15'),(12,5,'Final','Final Exam 2018',0,9,'15','2018-12-11','2018-12-14 11:27:41'),(13,28,'Half Yearly','Hindi exam',1,17,'26,28','2019-01-16','2019-01-08 01:06:56'),(14,36,'quaterly','quaterly exam for our school',1,33,'34,35','2019-01-18','2019-01-14 16:48:22'),(15,36,'quaterly','quaterly exam for our school',1,34,'36,37','2019-01-18','2019-01-14 16:48:22'),(16,36,'quaterly','quaterly exam for our school',1,35,'38,39','2019-01-18','2019-01-14 16:48:22'),(17,36,'quaterly','quaterly exam for our school',1,36,'40,41','2019-01-18','2019-01-14 16:48:22'),(18,36,'quaterly','quaterly exam for our school',1,37,'42,43','2019-01-18','2019-01-14 16:48:22');
/*!40000 ALTER TABLE `exam` ENABLE KEYS */;
UNLOCK TABLES;

--
-- Table structure for table `exam_result`
--

DROP TABLE IF EXISTS `exam_result`;
/*!40101 SET @saved_cs_client     = @@character_set_client */;
/*!40101 SET character_set_client = utf8 */;
CREATE TABLE `exam_result` (
  `exam_result_id` int(11) NOT NULL AUTO_INCREMENT,
  `examID` int(11) NOT NULL,
  `studentID` int(11) NOT NULL,
  `subject` varchar(100) CHARACTER SET utf8 NOT NULL,
  `mark_obtain` varchar(100) CHARACTER SET utf8 NOT NULL,
  `total_mark` varchar(100) CHARACTER SET utf8 NOT NULL,
  `on_date` timestamp NOT NULL DEFAULT CURRENT_TIMESTAMP,
  PRIMARY KEY (`exam_result_id`)
) ENGINE=InnoDB AUTO_INCREMENT=17 DEFAULT CHARSET=latin1;
/*!40101 SET character_set_client = @saved_cs_client */;

--
-- Dumping data for table `exam_result`
--

LOCK TABLES `exam_result` WRITE;
/*!40000 ALTER TABLE `exam_result` DISABLE KEYS */;
INSERT INTO `exam_result` VALUES (1,1,3,'Hindi','46','50','2018-12-03 22:10:19'),(2,1,1,'Hindi','49','50','2018-12-03 22:10:19'),(3,6,10,'ENGLISH','25','50','2018-12-07 18:00:53'),(4,6,5,'ENGLISH','30','50','2018-12-07 18:00:53'),(5,6,2,'ENGLISH','45','50','2018-12-07 18:00:53'),(6,9,10,'ENGLISH','45','50','2018-12-12 19:50:46'),(7,9,5,'ENGLISH','50','50','2018-12-12 19:50:46'),(8,9,2,'ENGLISH','49','50','2018-12-12 19:50:46'),(9,9,10,'SCIENCE','45','50','2018-12-12 19:51:01'),(10,9,5,'SCIENCE','45','50','2018-12-12 19:51:01'),(11,9,2,'SCIENCE','45','50','2018-12-12 19:51:01'),(12,9,10,'SOCIAL SCIENCE','40','50','2018-12-12 19:51:12'),(13,9,5,'SOCIAL SCIENCE','40','50','2018-12-12 19:51:12'),(14,9,2,'SOCIAL SCIENCE','40','50','2018-12-12 19:51:12'),(15,12,4,'ENGLISH','90','100','2018-12-14 11:30:30'),(16,12,4,'Hindi','85','100','2018-12-14 11:37:07');
/*!40000 ALTER TABLE `exam_result` ENABLE KEYS */;
UNLOCK TABLES;

--
-- Table structure for table `feehead`
--

DROP TABLE IF EXISTS `feehead`;
/*!40101 SET @saved_cs_client     = @@character_set_client */;
/*!40101 SET character_set_client = utf8 */;
CREATE TABLE `feehead` (
  `feeheadID` int(11) NOT NULL AUTO_INCREMENT,
  `schoolID` int(11) NOT NULL,
  `feehead` varchar(255) NOT NULL,
  `is_active` enum('Y','N') NOT NULL,
  `added_on` datetime NOT NULL,
  `modified_on` datetime DEFAULT NULL,
  PRIMARY KEY (`feeheadID`)
) ENGINE=MyISAM AUTO_INCREMENT=8 DEFAULT CHARSET=latin1;
/*!40101 SET character_set_client = @saved_cs_client */;

--
-- Dumping data for table `feehead`
--

LOCK TABLES `feehead` WRITE;
/*!40000 ALTER TABLE `feehead` DISABLE KEYS */;
INSERT INTO `feehead` VALUES (1,2,'TUTION FEE','Y','2018-12-31 18:22:10',NULL),(2,2,'Admission Fee','Y','2018-12-31 18:22:22',NULL),(3,2,'Annual Fee','Y','2018-12-31 18:22:37',NULL),(4,2,'Exam Fee','Y','2018-12-31 18:22:46',NULL),(5,28,'TUTION FEE','Y','2019-01-06 15:44:11',NULL),(6,28,'TRANSPORT','Y','2019-01-06 15:44:19',NULL),(7,36,'2000','Y','2019-01-14 15:40:54',NULL);
/*!40000 ALTER TABLE `feehead` ENABLE KEYS */;
UNLOCK TABLES;

--
-- Table structure for table `feestructure`
--

DROP TABLE IF EXISTS `feestructure`;
/*!40101 SET @saved_cs_client     = @@character_set_client */;
/*!40101 SET character_set_client = utf8 */;
CREATE TABLE `feestructure` (
  `feestructureID` int(11) NOT NULL AUTO_INCREMENT,
  `schoolID` int(11) NOT NULL,
  `feeheadID` int(11) NOT NULL,
  `classID` int(11) NOT NULL,
  `amount` double NOT NULL,
  `added_on` datetime NOT NULL,
  `modified_on` datetime DEFAULT NULL,
  PRIMARY KEY (`feestructureID`)
) ENGINE=MyISAM AUTO_INCREMENT=21 DEFAULT CHARSET=latin1;
/*!40101 SET character_set_client = @saved_cs_client */;

--
-- Dumping data for table `feestructure`
--

LOCK TABLES `feestructure` WRITE;
/*!40000 ALTER TABLE `feestructure` DISABLE KEYS */;
INSERT INTO `feestructure` VALUES (1,2,1,6,1000,'2018-12-31 18:25:26','2019-01-02 11:11:23'),(2,2,1,7,1000,'2018-12-31 18:25:26','2019-01-02 11:11:23'),(3,2,1,8,1000,'2018-12-31 18:25:26','2019-01-02 11:11:23'),(4,2,1,10,1000,'2018-12-31 18:25:26','2019-01-02 11:11:23'),(5,2,2,6,2000,'2018-12-31 18:25:40',NULL),(6,2,2,7,2000,'2018-12-31 18:25:40',NULL),(7,2,2,8,2000,'2018-12-31 18:25:40',NULL),(8,2,2,10,2000,'2018-12-31 18:25:40',NULL),(9,2,3,6,1000,'2018-12-31 18:25:55',NULL),(10,2,3,7,1000,'2018-12-31 18:25:55',NULL),(11,2,3,8,1000,'2018-12-31 18:25:55',NULL),(12,2,3,10,1000,'2018-12-31 18:25:55',NULL),(13,2,4,6,250,'2018-12-31 18:26:10',NULL),(14,2,4,7,250,'2018-12-31 18:26:10',NULL),(15,2,4,8,250,'2018-12-31 18:26:10',NULL),(16,2,4,10,250,'2018-12-31 18:26:10',NULL),(17,28,5,17,500,'2019-01-06 15:46:18','2019-01-06 15:47:03'),(18,28,5,18,700,'2019-01-06 15:46:35',NULL),(19,28,6,17,400,'2019-01-06 15:46:49',NULL),(20,28,6,18,400,'2019-01-06 15:46:49',NULL);
/*!40000 ALTER TABLE `feestructure` ENABLE KEYS */;
UNLOCK TABLES;

--
-- Table structure for table `feetype`
--

DROP TABLE IF EXISTS `feetype`;
/*!40101 SET @saved_cs_client     = @@character_set_client */;
/*!40101 SET character_set_client = utf8 */;
CREATE TABLE `feetype` (
  `feetypeID` int(11) NOT NULL AUTO_INCREMENT,
  `schoolID` int(11) NOT NULL,
  `feetype` varchar(255) NOT NULL,
  `feehead` varchar(255) NOT NULL,
  `is_active` enum('Y','N') NOT NULL,
  `added_on` datetime NOT NULL,
  `modified_on` datetime DEFAULT NULL,
  PRIMARY KEY (`feetypeID`)
) ENGINE=MyISAM AUTO_INCREMENT=5 DEFAULT CHARSET=latin1;
/*!40101 SET character_set_client = @saved_cs_client */;

--
-- Dumping data for table `feetype`
--

LOCK TABLES `feetype` WRITE;
/*!40000 ALTER TABLE `feetype` DISABLE KEYS */;
INSERT INTO `feetype` VALUES (1,2,'Admission Time','1,2,3,4','Y','2018-12-31 18:23:12','2018-12-31 18:23:35'),(2,2,'Yearly','1,3,4','Y','2018-12-31 18:23:51',NULL),(3,2,'Monthly Fee','1','Y','2018-12-31 18:24:16',NULL),(4,28,'Regular','5,6','Y','2019-01-06 15:45:23','2019-01-06 15:45:52');
/*!40000 ALTER TABLE `feetype` ENABLE KEYS */;
UNLOCK TABLES;

--
-- Table structure for table `fine`
--

DROP TABLE IF EXISTS `fine`;
/*!40101 SET @saved_cs_client     = @@character_set_client */;
/*!40101 SET character_set_client = utf8 */;
CREATE TABLE `fine` (
  `fineID` int(11) NOT NULL AUTO_INCREMENT,
  `schoolID` int(11) NOT NULL,
  `userID` int(11) NOT NULL,
  `role` varchar(255) DEFAULT NULL,
  `type` varchar(255) DEFAULT NULL,
  `invoiceID` int(11) DEFAULT NULL,
  `amount` varchar(255) DEFAULT NULL,
  `paid` varchar(255) DEFAULT NULL,
  `due` varchar(255) DEFAULT NULL,
  `added_on` datetime DEFAULT NULL,
  `modified_on` datetime DEFAULT NULL,
  PRIMARY KEY (`fineID`)
) ENGINE=MyISAM DEFAULT CHARSET=latin1;
/*!40101 SET character_set_client = @saved_cs_client */;

--
-- Dumping data for table `fine`
--

LOCK TABLES `fine` WRITE;
/*!40000 ALTER TABLE `fine` DISABLE KEYS */;
/*!40000 ALTER TABLE `fine` ENABLE KEYS */;
UNLOCK TABLES;

--
-- Table structure for table `frame`
--

DROP TABLE IF EXISTS `frame`;
/*!40101 SET @saved_cs_client     = @@character_set_client */;
/*!40101 SET character_set_client = utf8 */;
CREATE TABLE `frame` (
  `frameID` int(11) NOT NULL AUTO_INCREMENT,
  `subID` int(11) NOT NULL,
  `image` varchar(255) NOT NULL,
  `added_on` datetime NOT NULL,
  PRIMARY KEY (`frameID`)
) ENGINE=MyISAM AUTO_INCREMENT=425 DEFAULT CHARSET=latin1;
/*!40101 SET character_set_client = @saved_cs_client */;

--
-- Dumping data for table `frame`
--

LOCK TABLES `frame` WRITE;
/*!40000 ALTER TABLE `frame` DISABLE KEYS */;
INSERT INTO `frame` VALUES (99,1,'15260142971.png','2018-05-11 10:21:37'),(100,1,'15260143301.png','2018-05-11 10:22:10'),(101,1,'15260145241.png','2018-05-11 10:25:24'),(65,2,'15244831041.png','2018-04-23 17:01:44'),(66,2,'15244831421.png','2018-04-23 17:02:22'),(108,1,'15260202841.png','2018-05-11 12:01:24'),(109,1,'15260203171.png','2018-05-11 12:01:57'),(70,2,'15244832451.png','2018-04-23 17:04:05'),(55,22,'15244824581.png','2018-04-23 16:50:58'),(64,22,'15244829581.png','2018-04-23 16:59:18'),(21,5,'15197950591.jpeg','2018-02-28 10:47:39'),(22,5,'15197950791.jpeg','2018-02-28 10:47:59'),(23,20,'15214539271.jpeg','2018-03-19 15:35:27'),(24,20,'15214539581.jpeg','2018-03-19 15:35:58'),(61,22,'15244827391.png','2018-04-23 16:55:39'),(110,1,'15260203411.png','2018-05-11 12:02:21'),(69,2,'15244832211.png','2018-04-23 17:03:41'),(56,22,'15244824961.png','2018-04-23 16:51:36'),(68,2,'15244831711.png','2018-04-23 17:02:51'),(67,2,'15244831601.png','2018-04-23 17:02:40'),(60,22,'15244826911.png','2018-04-23 16:54:51'),(59,22,'15244826581.png','2018-04-23 16:54:18'),(57,22,'15244825351.png','2018-04-23 16:52:15'),(58,22,'15244826111.png','2018-04-23 16:53:31'),(62,22,'15244828221.png','2018-04-23 16:57:02'),(63,22,'15244828751.png','2018-04-23 16:57:55'),(71,2,'15244832641.png','2018-04-23 17:04:24'),(72,2,'15244832931.png','2018-04-23 17:04:53'),(73,13,'15245407021.png','2018-04-24 09:01:42'),(74,13,'15245407521.png','2018-04-24 09:02:32'),(75,13,'15245408071.png','2018-04-24 09:03:27'),(76,13,'15245408751.png','2018-04-24 09:04:35'),(77,13,'15245409261.png','2018-04-24 09:05:26'),(78,13,'15245410701.png','2018-04-24 09:07:50'),(79,13,'15245411321.png','2018-04-24 09:08:52'),(80,13,'15247417541.png','2018-04-26 16:52:34'),(81,13,'15247418231.png','2018-04-26 16:53:43'),(82,13,'15247419141.png','2018-04-26 16:55:14'),(83,13,'15247420081.png','2018-04-26 16:56:48'),(84,13,'15247420651.png','2018-04-26 16:57:45'),(85,13,'15247421541.png','2018-04-26 16:59:14'),(86,22,'15260130541.png','2018-05-11 10:00:54'),(87,22,'15260131511.png','2018-05-11 10:02:31'),(88,22,'15260132081.png','2018-05-11 10:03:28'),(89,22,'15260132821.png','2018-05-11 10:04:42'),(90,22,'15260134301.png','2018-05-11 10:07:10'),(91,22,'15260135261.png','2018-05-11 10:08:46'),(92,22,'15260135991.png','2018-05-11 10:09:59'),(93,22,'15260136941.png','2018-05-11 10:11:34'),(94,22,'15260137471.png','2018-05-11 10:12:27'),(95,23,'15260138511.png','2018-05-11 10:14:11'),(96,23,'15260139121.png','2018-05-11 10:15:12'),(97,23,'15260139701.png','2018-05-11 10:16:10'),(98,23,'15260140131.png','2018-05-11 10:16:53'),(102,1,'15260145631.png','2018-05-11 10:26:03'),(103,1,'15260146461.png','2018-05-11 10:27:26'),(104,1,'15260146781.png','2018-05-11 10:27:58'),(105,1,'15260147241.png','2018-05-11 10:28:44'),(106,1,'15260147491.png','2018-05-11 10:29:09'),(107,1,'15260147771.png','2018-05-11 10:29:37'),(111,1,'15260203631.png','2018-05-11 12:02:43'),(112,1,'15260203921.png','2018-05-11 12:03:12'),(113,1,'15260204141.png','2018-05-11 12:03:34'),(114,1,'15260204421.png','2018-05-11 12:04:02'),(115,1,'15260204701.png','2018-05-11 12:04:30'),(116,1,'15260204971.png','2018-05-11 12:04:57'),(117,1,'15260205221.png','2018-05-11 12:05:22'),(118,1,'15260205501.png','2018-05-11 12:05:50'),(129,12,'15260247941.png','2018-05-11 13:16:34'),(120,1,'15260206241.png','2018-05-11 12:07:04'),(121,1,'15260206511.png','2018-05-11 12:07:31'),(226,12,'15309470421.png','2018-07-07 12:34:02'),(123,1,'15260207131.png','2018-05-11 12:08:33'),(124,1,'15260207431.png','2018-05-11 12:09:03'),(125,1,'15260207761.png','2018-05-11 12:09:36'),(126,1,'15260208001.png','2018-05-11 12:10:00'),(127,1,'15260208251.png','2018-05-11 12:10:25'),(130,12,'1526024857.png','2018-05-11 13:16:54'),(131,12,'15260248861.png','2018-05-11 13:18:06'),(132,12,'15260249161.png','2018-05-11 13:18:36'),(133,14,'15260250081.png','2018-05-11 13:20:08'),(134,14,'15260250391.png','2018-05-11 13:20:39'),(135,14,'15260250701.png','2018-05-11 13:21:10'),(136,14,'15260251031.png','2018-05-11 13:21:43'),(137,14,'15260251341.png','2018-05-11 13:22:14'),(138,2,'15266205181.png','2018-05-18 10:45:18'),(139,2,'15266206591.png','2018-05-18 10:47:39'),(140,2,'15266208361.png','2018-05-18 10:50:36'),(141,2,'15266208671.png','2018-05-18 10:51:07'),(142,2,'15266208921.png','2018-05-18 10:51:32'),(143,2,'15266209261.png','2018-05-18 10:52:06'),(144,2,'15266209511.png','2018-05-18 10:52:31'),(145,2,'15266209841.png','2018-05-18 10:53:04'),(146,2,'15266210091.png','2018-05-18 10:53:29'),(147,2,'15266210461.png','2018-05-18 10:54:06'),(148,2,'15266211381.png','2018-05-18 10:55:38'),(149,2,'15266211871.png','2018-05-18 10:56:27'),(150,2,'15266213081.png','2018-05-18 10:58:28'),(151,2,'15266213811.png','2018-05-18 10:59:41'),(152,2,'15266214371.png','2018-05-18 11:00:37'),(153,2,'15266214991.png','2018-05-18 11:01:39'),(154,2,'15266215431.png','2018-05-18 11:02:23'),(155,2,'15266216661.png','2018-05-18 11:04:26'),(156,2,'15266217201.png','2018-05-18 11:05:20'),(157,2,'15266217751.png','2018-05-18 11:06:15'),(158,2,'15266218071.png','2018-05-18 11:06:47'),(159,2,'15266218341.png','2018-05-18 11:07:14'),(160,2,'15266218661.png','2018-05-18 11:07:46'),(161,2,'15266218921.png','2018-05-18 11:08:12'),(162,2,'15266219181.png','2018-05-18 11:08:38'),(163,2,'15266219661.png','2018-05-18 11:09:26'),(164,2,'15266220231.png','2018-05-18 11:10:23'),(165,2,'15266220891.png','2018-05-18 11:11:29'),(166,2,'15266221711.png','2018-05-18 11:12:51'),(167,2,'15266222201.png','2018-05-18 11:13:40'),(168,2,'15266222511.png','2018-05-18 11:14:11'),(169,2,'15266222901.png','2018-05-18 11:14:50'),(170,2,'15266223221.png','2018-05-18 11:15:22'),(171,2,'15266223511.png','2018-05-18 11:15:51'),(172,2,'15266224151.png','2018-05-18 11:16:55'),(173,2,'15266224591.png','2018-05-18 11:17:39'),(174,2,'15266224941.png','2018-05-18 11:18:14'),(175,2,'15266225601.png','2018-05-18 11:19:20'),(176,2,'15266226311.png','2018-05-18 11:20:31'),(177,2,'15266226841.png','2018-05-18 11:21:24'),(178,14,'15266228781.png','2018-05-18 11:24:38'),(179,14,'15266229111.png','2018-05-18 11:25:11'),(180,14,'15266229361.png','2018-05-18 11:25:36'),(181,14,'15266232531.png','2018-05-18 11:30:53'),(182,14,'15266233081.png','2018-05-18 11:31:48'),(183,14,'15266233381.png','2018-05-18 11:32:18'),(184,14,'15266233681.png','2018-05-18 11:32:48'),(185,14,'15266234181.png','2018-05-18 11:33:38'),(186,14,'15266235831.png','2018-05-18 11:36:23'),(187,14,'15266236181.png','2018-05-18 11:36:58'),(188,14,'15266236591.png','2018-05-18 11:37:39'),(189,14,'15266237171.png','2018-05-18 11:38:37'),(190,14,'15266237701.png','2018-05-18 11:39:30'),(191,14,'15266238551.png','2018-05-18 11:40:55'),(192,14,'15266239021.png','2018-05-18 11:41:42'),(193,14,'15266239911.png','2018-05-18 11:43:11'),(194,14,'15266240431.png','2018-05-18 11:44:03'),(195,14,'15266240821.png','2018-05-18 11:44:42'),(196,14,'15266241191.png','2018-05-18 11:45:19'),(197,14,'15266241501.png','2018-05-18 11:45:50'),(199,14,'15266242471.png','2018-05-18 11:47:27'),(200,14,'15266242941.png','2018-05-18 11:48:14'),(201,14,'15266243431.png','2018-05-18 11:49:03'),(202,14,'15266244071.png','2018-05-18 11:50:07'),(203,14,'15266244491.png','2018-05-18 11:50:49'),(204,14,'15266245041.png','2018-05-18 11:51:44'),(205,19,'15275940451.png','2018-05-29 17:10:45'),(206,12,'15309407151.png','2018-07-07 10:48:35'),(207,12,'15309407421.png','2018-07-07 10:49:02'),(208,12,'15309407501.png','2018-07-07 10:49:10'),(209,12,'15309407631.png','2018-07-07 10:49:23'),(210,12,'15309407721.png','2018-07-07 10:49:32'),(211,12,'15309407831.png','2018-07-07 10:49:43'),(212,12,'15309467481.png','2018-07-07 12:29:08'),(213,12,'15309467631.png','2018-07-07 12:29:23'),(214,12,'15309467741.png','2018-07-07 12:29:34'),(215,12,'15309467911.png','2018-07-07 12:29:51'),(216,12,'15309468031.png','2018-07-07 12:30:03'),(217,12,'15309468671.png','2018-07-07 12:31:07'),(218,12,'15309468811.png','2018-07-07 12:31:21'),(219,12,'15309468951.png','2018-07-07 12:31:35'),(220,12,'15309469101.png','2018-07-07 12:31:50'),(221,12,'15309469231.png','2018-07-07 12:32:03'),(222,12,'15309469431.png','2018-07-07 12:32:23'),(223,12,'15309469571.png','2018-07-07 12:32:37'),(224,12,'15309469801.png','2018-07-07 12:33:00'),(225,12,'15309469971.png','2018-07-07 12:33:17'),(227,12,'15309470661.png','2018-07-07 12:34:26'),(228,12,'15309470821.png','2018-07-07 12:34:42'),(229,12,'15309470951.png','2018-07-07 12:34:55'),(230,12,'15309471131.png','2018-07-07 12:35:13'),(231,12,'15309471301.png','2018-07-07 12:35:30'),(232,12,'15309471451.png','2018-07-07 12:35:45'),(233,19,'15312761681.png','2018-07-11 07:59:28'),(234,19,'15312761881.png','2018-07-11 07:59:48'),(235,19,'15312762171.png','2018-07-11 08:00:17'),(236,19,'15326633901.png','2018-07-27 09:19:50'),(237,19,'15326634191.png','2018-07-27 09:20:19'),(238,19,'15326634511.png','2018-07-27 09:20:51'),(239,13,'15326639961.png','2018-07-27 09:29:56'),(240,13,'15326643901.png','2018-07-27 09:36:30'),(241,13,'15326644351.png','2018-07-27 09:37:15'),(242,13,'15326644601.png','2018-07-27 09:37:40'),(243,13,'15326645021.png','2018-07-27 09:38:22'),(244,13,'15326645461.png','2018-07-27 09:39:06'),(245,13,'15326645711.png','2018-07-27 09:39:31'),(246,13,'15326646001.png','2018-07-27 09:40:00'),(247,13,'15326646481.png','2018-07-27 09:40:48'),(248,13,'15326646951.png','2018-07-27 09:41:35'),(257,13,'15326673351.png','2018-07-27 10:25:35'),(250,13,'15326647991.png','2018-07-27 09:43:19'),(251,13,'15326648511.png','2018-07-27 09:44:11'),(252,13,'15326649251.png','2018-07-27 09:45:25'),(253,13,'15326649521.png','2018-07-27 09:45:52'),(254,13,'15326649911.png','2018-07-27 09:46:31'),(258,13,'15326673681.png','2018-07-27 10:26:08'),(256,13,'15326661391.png','2018-07-27 10:05:39'),(259,13,'15326674211.png','2018-07-27 10:27:01'),(260,13,'15326674541.png','2018-07-27 10:27:34'),(261,13,'15326674841.png','2018-07-27 10:28:04'),(262,13,'15326675181.png','2018-07-27 10:28:38'),(263,13,'15326675591.png','2018-07-27 10:29:19'),(264,13,'15326675991.png','2018-07-27 10:29:59'),(265,13,'15326677621.png','2018-07-27 10:32:42'),(266,19,'15329462711.png','2018-07-30 15:54:31'),(267,19,'15329462971.png','2018-07-30 15:54:57'),(268,19,'15329463351.png','2018-07-30 15:55:35'),(269,19,'15329463641.png','2018-07-30 15:56:04'),(270,19,'15329469461.png','2018-07-30 16:05:46'),(271,19,'15332708331.png','2018-08-03 10:03:53'),(272,19,'15332708521.png','2018-08-03 10:04:12'),(273,19,'15332708771.png','2018-08-03 10:04:37'),(274,19,'15332709191.png','2018-08-03 10:05:19'),(275,19,'15332709411.png','2018-08-03 10:05:41'),(276,19,'15332709641.png','2018-08-03 10:06:04'),(277,19,'15332709861.png','2018-08-03 10:06:26'),(278,19,'15332710151.png','2018-08-03 10:06:55'),(279,19,'15332710371.png','2018-08-03 10:07:17'),(280,19,'15332710771.png','2018-08-03 10:07:57'),(281,15,'15332717021.png','2018-08-03 10:18:22'),(282,15,'15332717221.png','2018-08-03 10:18:42'),(283,15,'15332717401.png','2018-08-03 10:19:00'),(284,15,'15332717581.png','2018-08-03 10:19:18'),(285,15,'15332717761.png','2018-08-03 10:19:36'),(286,15,'15332718011.png','2018-08-03 10:20:01'),(287,15,'15332718241.png','2018-08-03 10:20:24'),(288,15,'15332718511.png','2018-08-03 10:20:51'),(289,15,'15332718711.png','2018-08-03 10:21:11'),(290,15,'15332718961.png','2018-08-03 10:21:36'),(292,15,'15332719661.png','2018-08-03 10:22:46'),(293,15,'15332719881.png','2018-08-03 10:23:08'),(294,15,'15332720091.png','2018-08-03 10:23:29'),(295,15,'15332720391.png','2018-08-03 10:23:59'),(296,15,'15332720631.png','2018-08-03 10:24:23'),(297,15,'15332726351.png','2018-08-03 10:33:55'),(298,15,'15332748111.png','2018-08-03 11:10:11'),(299,15,'15332748351.png','2018-08-03 11:10:35'),(300,15,'15332748571.png','2018-08-03 11:10:57'),(301,15,'15332748781.png','2018-08-03 11:11:18'),(302,15,'15332749011.png','2018-08-03 11:11:41'),(303,15,'15332749221.png','2018-08-03 11:12:02'),(304,15,'15332749431.png','2018-08-03 11:12:23'),(305,16,'15332750131.png','2018-08-03 11:13:33'),(306,16,'15332750351.png','2018-08-03 11:13:55'),(307,16,'15332750701.png','2018-08-03 11:14:30'),(308,16,'15332750911.png','2018-08-03 11:14:51'),(309,16,'15332750921.png','2018-08-03 11:14:52'),(310,16,'15332751251.png','2018-08-03 11:15:25'),(311,16,'15332751391.png','2018-08-03 11:15:39'),(312,16,'15332751481.png','2018-08-03 11:15:48'),(313,16,'15332751591.png','2018-08-03 11:15:59'),(314,16,'15332751721.png','2018-08-03 11:16:12'),(315,16,'15332751861.png','2018-08-03 11:16:26'),(316,16,'15332752151.png','2018-08-03 11:16:55'),(317,16,'15332752171.png','2018-08-03 11:16:57'),(318,16,'15332752611.png','2018-08-03 11:17:41'),(319,16,'15332752951.png','2018-08-03 11:18:15'),(320,16,'15332753101.png','2018-08-03 11:18:30'),(321,16,'15332753301.png','2018-08-03 11:18:50'),(322,16,'15332753631.png','2018-08-03 11:19:23'),(326,17,'15332755541.png','2018-08-03 11:22:34'),(324,16,'15332754021.png','2018-08-03 11:20:02'),(325,16,'15332754541.png','2018-08-03 11:20:54'),(327,17,'15332755651.png','2018-08-03 11:22:45'),(328,17,'15332755881.png','2018-08-03 11:23:08'),(329,17,'15332755901.png','2018-08-03 11:23:10'),(330,17,'15332756351.png','2018-08-03 11:23:55'),(331,17,'15332756551.png','2018-08-03 11:24:15'),(332,17,'15332756581.png','2018-08-03 11:24:18'),(333,17,'15332756941.png','2018-08-03 11:24:54'),(334,17,'15332757191.png','2018-08-03 11:25:19'),(335,17,'15332757351.png','2018-08-03 11:25:35'),(336,17,'15332757811.png','2018-08-03 11:26:21'),(337,17,'15332757931.png','2018-08-03 11:26:33'),(338,17,'15332758101.png','2018-08-03 11:26:50'),(339,17,'15332758201.png','2018-08-03 11:27:00'),(340,17,'15332758371.png','2018-08-03 11:27:17'),(341,17,'15332758501.png','2018-08-03 11:27:30'),(342,17,'15332758711.png','2018-08-03 11:27:51'),(343,17,'15332758811.png','2018-08-03 11:28:01'),(344,17,'15332758951.png','2018-08-03 11:28:15'),(345,17,'15332759101.png','2018-08-03 11:28:30'),(346,17,'15332759251.png','2018-08-03 11:28:45'),(347,17,'15332759341.png','2018-08-03 11:28:54'),(348,17,'15332759611.png','2018-08-03 11:29:21'),(349,17,'15332759711.png','2018-08-03 11:29:31'),(350,17,'15332759961.png','2018-08-03 11:29:56'),(351,17,'15332760111.png','2018-08-03 11:30:11'),(352,18,'15332761001.png','2018-08-03 11:31:40'),(353,18,'15332761391.png','2018-08-03 11:32:19'),(354,18,'15332761411.png','2018-08-03 11:32:21'),(355,18,'15332761651.png','2018-08-03 11:32:45'),(356,18,'15332839791.png','2018-08-03 13:42:59'),(357,18,'15332839981.png','2018-08-03 13:43:18'),(358,18,'15332840121.png','2018-08-03 13:43:32'),(359,18,'1533284106.png','2018-08-03 13:44:03'),(360,18,'15332840691.png','2018-08-03 13:44:29'),(361,18,'15332841091.png','2018-08-03 13:45:09'),(362,18,'15332841891.png','2018-08-03 13:46:29'),(363,18,'15332842911.png','2018-08-03 13:48:11'),(364,18,'15332843001.png','2018-08-03 13:48:20'),(365,18,'15332843141.png','2018-08-03 13:48:34'),(366,18,'15332843251.png','2018-08-03 13:48:45'),(367,18,'15332843441.png','2018-08-03 13:49:04'),(368,18,'15332845121.png','2018-08-03 13:51:52'),(374,21,'15332848291.png','2018-08-03 13:57:09'),(370,18,'15332845511.png','2018-08-03 13:52:31'),(371,18,'15332845611.png','2018-08-03 13:52:41'),(372,18,'15332845751.png','2018-08-03 13:52:55'),(373,18,'15332845941.png','2018-08-03 13:53:14'),(375,21,'15332848401.png','2018-08-03 13:57:20'),(376,21,'15332848521.png','2018-08-03 13:57:32'),(377,21,'15332848651.png','2018-08-03 13:57:45'),(378,21,'15332848731.png','2018-08-03 13:57:53'),(379,21,'15332848841.png','2018-08-03 13:58:04'),(380,21,'15332848931.png','2018-08-03 13:58:13'),(381,21,'15332849031.png','2018-08-03 13:58:23'),(382,21,'15332849141.png','2018-08-03 13:58:34'),(383,21,'15332849261.png','2018-08-03 13:58:46'),(384,21,'15332849371.png','2018-08-03 13:58:57'),(399,19,'15333616161.png','2018-08-04 11:16:56'),(386,21,'15332850981.png','2018-08-03 14:01:38'),(387,21,'15332851101.png','2018-08-03 14:01:50'),(388,21,'15332851221.png','2018-08-03 14:02:02'),(389,21,'15332851361.png','2018-08-03 14:02:16'),(390,21,'15332851501.png','2018-08-03 14:02:30'),(391,21,'15332851631.png','2018-08-03 14:02:43'),(392,21,'15332851791.png','2018-08-03 14:02:59'),(393,21,'15332851911.png','2018-08-03 14:03:11'),(398,19,'15333615261.png','2018-08-04 11:15:26'),(395,21,'15332852201.png','2018-08-03 14:03:40'),(396,21,'15332852321.png','2018-08-03 14:03:52'),(397,21,'15332852431.png','2018-08-03 14:04:03'),(424,24,'15389901121.png','2018-10-08 14:45:12'),(423,24,'15389809021.png','2018-10-08 12:11:42'),(422,24,'15389808571.png','2018-10-08 12:10:57'),(421,24,'15389804721.png','2018-10-08 12:04:32'),(420,24,'15389804381.png','2018-10-08 12:03:58'),(419,24,'15389803911.png','2018-10-08 12:03:11'),(418,24,'15389803231.png','2018-10-08 12:02:03'),(417,24,'15375107331.png','2018-09-21 11:48:53'),(416,24,'15375106931.png','2018-09-21 11:48:13'),(415,24,'15375106541.png','2018-09-21 11:47:34'),(414,24,'15375104491.png','2018-09-21 11:44:09');
/*!40000 ALTER TABLE `frame` ENABLE KEYS */;
UNLOCK TABLES;

--
-- Table structure for table `frame_allowed`
--

DROP TABLE IF EXISTS `frame_allowed`;
/*!40101 SET @saved_cs_client     = @@character_set_client */;
/*!40101 SET character_set_client = utf8 */;
CREATE TABLE `frame_allowed` (
  `ID` int(11) NOT NULL AUTO_INCREMENT,
  `frameID` int(11) NOT NULL,
  `schoolID` int(11) NOT NULL,
  PRIMARY KEY (`ID`)
) ENGINE=MyISAM AUTO_INCREMENT=296 DEFAULT CHARSET=latin1;
/*!40101 SET character_set_client = @saved_cs_client */;

--
-- Dumping data for table `frame_allowed`
--

LOCK TABLES `frame_allowed` WRITE;
/*!40000 ALTER TABLE `frame_allowed` DISABLE KEYS */;
INSERT INTO `frame_allowed` VALUES (1,99,31),(2,100,31),(3,101,31),(4,102,31),(5,103,31),(6,104,31),(7,105,31),(8,106,31),(9,107,31),(10,108,31),(11,109,31),(12,110,31),(13,111,31),(14,112,31),(15,113,31),(16,114,31),(17,115,31),(18,116,31),(19,117,31),(20,118,31),(21,119,31),(22,120,31),(23,121,31),(24,122,31),(25,123,31),(26,124,31),(27,125,31),(28,126,31),(29,127,31),(30,128,31),(31,129,31),(32,130,31),(33,131,31),(34,132,31),(35,133,31),(36,134,31),(37,135,31),(38,136,31),(39,137,31),(40,138,31),(41,139,31),(42,140,31),(43,141,31),(44,142,31),(45,143,31),(46,144,31),(47,145,31),(48,146,31),(49,147,31),(50,148,31),(51,149,31),(52,150,31),(53,151,31),(54,152,31),(55,153,31),(56,154,31),(57,155,31),(58,156,31),(59,157,31),(60,158,31),(61,159,31),(62,160,31),(63,161,31),(64,162,31),(65,163,31),(66,164,31),(67,165,31),(68,166,31),(69,167,31),(70,168,31),(71,169,31),(72,170,31),(73,171,31),(74,172,31),(75,173,31),(76,174,31),(77,175,31),(78,176,31),(79,177,31),(80,178,31),(81,179,31),(82,180,31),(83,181,31),(84,182,31),(85,183,31),(86,184,31),(87,185,31),(88,186,31),(89,187,31),(90,188,31),(91,189,31),(92,190,31),(93,191,31),(94,192,31),(95,193,31),(96,194,31),(97,195,31),(98,196,31),(99,197,31),(100,198,31),(101,199,31),(102,200,31),(103,201,31),(104,202,31),(105,203,31),(106,204,31),(107,205,31),(108,206,31),(109,207,31),(110,208,31),(111,209,31),(112,210,31),(113,211,31),(114,212,31),(115,213,31),(116,214,31),(117,215,31),(118,216,31),(119,217,31),(120,218,31),(121,219,31),(122,222,31),(123,223,31),(124,224,31),(125,225,31),(126,226,31),(127,227,31),(128,228,31),(129,229,31),(130,230,31),(131,231,31),(132,232,31),(133,233,31),(134,234,31),(135,235,31),(136,236,31),(137,237,31),(138,238,31),(139,239,31),(140,240,31),(141,241,31),(142,242,31),(143,243,31),(144,244,31),(145,245,31),(146,246,31),(147,247,31),(148,248,31),(149,249,31),(150,250,31),(151,251,31),(152,252,31),(153,253,31),(154,254,31),(155,255,31),(156,256,31),(157,257,31),(158,258,31),(159,259,31),(160,260,31),(161,261,31),(162,262,31),(163,263,31),(164,264,31),(165,265,31),(166,266,31),(167,267,31),(168,268,31),(169,269,31),(170,270,31),(171,271,31),(172,272,31),(173,273,31),(174,274,31),(175,275,31),(176,276,31),(177,277,31),(178,278,31),(179,279,31),(180,280,31),(181,281,31),(182,282,31),(183,285,31),(184,286,31),(185,287,31),(186,288,31),(187,289,31),(188,290,31),(189,291,31),(190,292,31),(191,293,31),(192,294,31),(193,295,31),(194,296,31),(195,297,31),(196,298,31),(197,299,31),(198,300,31),(199,301,31),(200,302,31),(201,303,31),(202,304,31),(203,305,31),(204,306,31),(205,307,31),(206,308,31),(207,309,31),(208,310,31),(209,311,31),(210,312,31),(211,313,31),(212,314,31),(213,315,31),(214,316,31),(215,317,31),(216,318,31),(217,319,31),(218,320,31),(219,321,31),(220,322,31),(221,323,31),(222,324,31),(223,325,31),(224,326,31),(225,327,31),(226,328,31),(227,329,31),(228,330,31),(229,331,31),(230,332,31),(231,333,31),(232,334,31),(233,335,31),(234,336,31),(235,337,31),(236,338,31),(237,339,31),(238,340,31),(239,343,31),(240,344,31),(241,345,31),(242,346,31),(243,347,31),(244,348,31),(245,349,31),(246,350,31),(247,351,31),(248,352,31),(249,353,31),(250,354,31),(251,355,31),(252,356,31),(253,357,31),(254,358,31),(255,359,31),(256,360,31),(257,361,31),(258,362,31),(259,363,31),(260,364,31),(261,365,31),(262,366,31),(263,367,31),(264,368,31),(265,369,31),(266,370,31),(267,371,31),(268,372,31),(269,373,31),(270,374,31),(271,375,31),(272,376,31),(273,377,31),(274,378,31),(275,379,31),(276,380,31),(277,381,31),(278,382,31),(279,383,31),(280,384,31),(281,385,31),(282,386,31),(283,387,31),(284,388,31),(285,389,31),(286,390,31),(287,391,31),(288,392,31),(289,393,31),(290,394,31),(291,395,31),(292,396,31),(293,397,31),(294,398,31),(295,401,31);
/*!40000 ALTER TABLE `frame_allowed` ENABLE KEYS */;
UNLOCK TABLES;

--
-- Table structure for table `frame_subjects`
--

DROP TABLE IF EXISTS `frame_subjects`;
/*!40101 SET @saved_cs_client     = @@character_set_client */;
/*!40101 SET character_set_client = utf8 */;
CREATE TABLE `frame_subjects` (
  `subID` int(11) NOT NULL AUTO_INCREMENT,
  `frame_topic` varchar(200) NOT NULL,
  `is_active` varchar(200) NOT NULL,
  `added_on` datetime NOT NULL,
  PRIMARY KEY (`subID`)
) ENGINE=MyISAM AUTO_INCREMENT=25 DEFAULT CHARSET=latin1;
/*!40101 SET character_set_client = @saved_cs_client */;

--
-- Dumping data for table `frame_subjects`
--

LOCK TABLES `frame_subjects` WRITE;
/*!40000 ALTER TABLE `frame_subjects` DISABLE KEYS */;
INSERT INTO `frame_subjects` VALUES (1,'English','Y','2018-02-01 00:00:00'),(2,'Hindi','Y','2018-02-01 00:00:00'),(17,'Sanskrit','Y','2018-03-19 13:08:36'),(16,'Social studies','Y','2018-03-19 13:08:19'),(12,'Science','Y','2018-03-19 12:59:28'),(13,'Mathmatics','Y','2018-03-19 12:59:41'),(14,'Drawing','Y','2018-03-19 13:06:30'),(15,'Environmental studies','Y','2018-03-19 13:07:57'),(18,'Computer','Y','2018-03-19 13:08:51'),(19,'Activities','Y','2018-03-19 13:09:18'),(21,'General knowledge','Y','2018-03-19 13:10:25'),(22,'Spoken English','Y','2018-04-07 16:28:40'),(23,'Soft-Skills','Y','2018-04-07 16:29:16'),(24,'Festivals','Y','2018-04-07 16:35:50');
/*!40000 ALTER TABLE `frame_subjects` ENABLE KEYS */;
UNLOCK TABLES;

--
-- Table structure for table `gallery`
--

DROP TABLE IF EXISTS `gallery`;
/*!40101 SET @saved_cs_client     = @@character_set_client */;
/*!40101 SET character_set_client = utf8 */;
CREATE TABLE `gallery` (
  `galleryID` int(11) NOT NULL AUTO_INCREMENT,
  `schoolID` int(11) NOT NULL,
  `folderID` int(11) NOT NULL,
  `student` varchar(11) NOT NULL,
  `teacher` varchar(11) NOT NULL,
  `image` varchar(255) NOT NULL,
  `added_on` datetime NOT NULL,
  PRIMARY KEY (`galleryID`)
) ENGINE=MyISAM AUTO_INCREMENT=26 DEFAULT CHARSET=latin1;
/*!40101 SET character_set_client = @saved_cs_client */;

--
-- Dumping data for table `gallery`
--

LOCK TABLES `gallery` WRITE;
/*!40000 ALTER TABLE `gallery` DISABLE KEYS */;
INSERT INTO `gallery` VALUES (1,1,1,'Student1','Teacher1','default.png','2018-12-19 12:50:06'),(2,0,0,'','','','0000-00-00 00:00:00'),(25,41,5,'Y','Y','gallery15475402670.jpg','2019-01-15 13:47:47'),(24,28,3,'Y','Y','gallery15468898970.jpg','2019-01-08 01:08:17'),(11,2,2,'Y','Y','gallery15462480791.jpg','2018-12-31 14:51:19'),(12,2,2,'Y','Y','gallery15462480792.jpg','2018-12-31 14:51:19'),(13,2,2,'Y','Y','gallery15462480793.jpg','2018-12-31 14:51:19'),(14,2,2,'Y','Y','gallery15462480794.jpg','2018-12-31 14:51:19'),(15,2,2,'Y','Y','gallery15462480795.jpg','2018-12-31 14:51:19'),(16,2,2,'Y','Y','gallery15462480796.jpg','2018-12-31 14:51:19');
/*!40000 ALTER TABLE `gallery` ENABLE KEYS */;
UNLOCK TABLES;

--
-- Table structure for table `gallery_folder`
--

DROP TABLE IF EXISTS `gallery_folder`;
/*!40101 SET @saved_cs_client     = @@character_set_client */;
/*!40101 SET character_set_client = utf8 */;
CREATE TABLE `gallery_folder` (
  `folderID` int(11) NOT NULL AUTO_INCREMENT,
  `schoolID` int(11) NOT NULL,
  `folder_name` varchar(200) NOT NULL,
  `is_active` varchar(200) NOT NULL,
  `added_on` datetime NOT NULL,
  PRIMARY KEY (`folderID`)
) ENGINE=MyISAM AUTO_INCREMENT=6 DEFAULT CHARSET=latin1;
/*!40101 SET character_set_client = @saved_cs_client */;

--
-- Dumping data for table `gallery_folder`
--

LOCK TABLES `gallery_folder` WRITE;
/*!40000 ALTER TABLE `gallery_folder` DISABLE KEYS */;
INSERT INTO `gallery_folder` VALUES (1,1,'Annual Function','Y','2018-12-19 12:48:41'),(2,2,'New Year Celebration','Y','0000-00-00 00:00:00'),(3,28,'School','Y','0000-00-00 00:00:00'),(4,30,'TEST','Y','0000-00-00 00:00:00'),(5,41,'TEST','Y','0000-00-00 00:00:00');
/*!40000 ALTER TABLE `gallery_folder` ENABLE KEYS */;
UNLOCK TABLES;

--
-- Table structure for table `groups`
--

DROP TABLE IF EXISTS `groups`;
/*!40101 SET @saved_cs_client     = @@character_set_client */;
/*!40101 SET character_set_client = utf8 */;
CREATE TABLE `groups` (
  `groupID` int(11) NOT NULL AUTO_INCREMENT,
  `senderID` int(11) NOT NULL,
  `sender_role` varchar(255) NOT NULL,
  `receiverID` int(11) NOT NULL,
  `receiver_role` varchar(255) NOT NULL,
  `last_message` longtext,
  `added_on` datetime NOT NULL,
  `modified_on` datetime DEFAULT NULL,
  PRIMARY KEY (`groupID`)
) ENGINE=MyISAM AUTO_INCREMENT=37 DEFAULT CHARSET=latin1;
/*!40101 SET character_set_client = @saved_cs_client */;

--
-- Dumping data for table `groups`
--

LOCK TABLES `groups` WRITE;
/*!40000 ALTER TABLE `groups` DISABLE KEYS */;
INSERT INTO `groups` VALUES (1,1,'student',1,'teacher','hi','2018-12-06 11:54:13','2018-12-06 18:02:58'),(2,1,'student',3,'student','hi','2018-12-06 11:57:34','2018-12-06 11:58:35'),(3,2,'teacher',2,'student','xsbshs','2018-12-07 17:06:09','2018-12-12 21:46:31'),(4,2,'teacher',5,'student','ddd','2018-12-07 17:06:22','2018-12-12 21:18:41'),(5,2,'teacher',2,'school','fgg','2018-12-07 17:14:30','2018-12-27 18:40:39'),(6,4,'teacher',2,'school','hi Arvind','2018-12-07 17:51:56','2018-12-27 18:36:42'),(7,4,'teacher',2,'student','hshssu','2018-12-07 17:52:40','2019-01-08 16:19:03'),(8,2,'teacher',4,'teacher','gshshs','2018-12-07 18:24:27','2018-12-12 21:06:48'),(9,2,'school',2,'student','vzhs','2018-12-07 18:38:17','2018-12-27 18:47:15'),(10,5,'school',3,'teacher','Hii','2018-12-08 10:04:31','2019-01-04 13:50:08'),(11,4,'student',3,'teacher','fgj','2018-12-09 13:17:49','2018-12-14 11:57:00'),(12,2,'student',5,'student','cgji','2018-12-09 13:26:15','2018-12-27 18:51:28'),(13,2,'student',10,'student','hjko','2018-12-09 13:30:22','2018-12-13 11:03:37'),(14,2,'school',5,'student','hi','2018-12-12 11:39:04','2018-12-18 11:07:22'),(15,2,'school',10,'student','gi','2018-12-12 11:39:08','2018-12-18 11:07:31'),(16,5,'student',4,'teacher','vbjk','2018-12-17 15:03:39','2018-12-17 15:03:49'),(17,3,'student',1,'teacher','bbn','2018-12-17 15:29:36','2018-12-17 15:29:43'),(18,2,'student',11,'student','Test Message','2018-12-23 15:48:10','2018-12-28 17:56:41'),(22,16,'student',17,'student','','2019-01-04 13:46:10','2019-01-04 13:46:10'),(21,2,'school',11,'student','','2018-12-31 13:13:20','2018-12-31 13:13:20'),(23,218,'student',219,'student','hi','2019-01-08 00:45:40','2019-01-08 00:48:29'),(24,30,'school',220,'student','Hii','2019-01-08 15:47:05','2019-01-08 15:57:37'),(25,8,'teacher',220,'student','hii','2019-01-08 16:05:01','2019-01-08 16:07:34'),(26,7,'teacher',218,'student','satya complete home work','2019-01-08 17:53:08','2019-01-08 17:53:49'),(27,36,'school',221,'student','','2019-01-14 15:11:41','2019-01-14 15:11:41'),(28,41,'school',225,'student','test','2019-01-15 13:35:12','2019-01-15 13:35:29'),(29,14,'teacher',116,'student','hi','2019-01-17 20:46:59','2019-01-17 20:47:03'),(30,14,'teacher',117,'student','','2019-01-18 01:09:34','2019-01-18 01:09:34'),(31,14,'teacher',66,'student','','2019-01-18 08:06:40','2019-01-18 08:06:40'),(32,14,'teacher',16,'student','','2019-01-18 16:45:29','2019-01-18 16:45:29'),(33,14,'teacher',18,'student','','2019-01-19 10:58:22','2019-01-19 10:58:22'),(34,28,'school',218,'student','','2019-01-19 22:23:00','2019-01-19 22:23:00'),(35,14,'teacher',17,'student','gii','2019-01-21 12:46:42','2019-01-21 13:30:02'),(36,21,'school',17,'student','hii','2019-01-21 13:28:34','2019-01-21 13:28:48');
/*!40000 ALTER TABLE `groups` ENABLE KEYS */;
UNLOCK TABLES;

--
-- Table structure for table `invoice`
--

DROP TABLE IF EXISTS `invoice`;
/*!40101 SET @saved_cs_client     = @@character_set_client */;
/*!40101 SET character_set_client = utf8 */;
CREATE TABLE `invoice` (
  `invoiceID` int(11) NOT NULL AUTO_INCREMENT,
  `schoolID` int(11) NOT NULL,
  `session` varchar(255) DEFAULT NULL,
  `classID` int(11) NOT NULL,
  `sectionID` int(11) NOT NULL,
  `studentID` int(11) NOT NULL,
  `monthyear` varchar(255) NOT NULL,
  `status` enum('Y','N') NOT NULL,
  `due_date` date DEFAULT NULL,
  `added_on` datetime NOT NULL,
  PRIMARY KEY (`invoiceID`)
) ENGINE=MyISAM AUTO_INCREMENT=8 DEFAULT CHARSET=latin1;
/*!40101 SET character_set_client = @saved_cs_client */;

--
-- Dumping data for table `invoice`
--

LOCK TABLES `invoice` WRITE;
/*!40000 ALTER TABLE `invoice` DISABLE KEYS */;
INSERT INTO `invoice` VALUES (1,2,'2018-2019',6,12,2,'December 2018','Y','2018-12-31','2018-12-31 18:32:38'),(2,2,'2018-2019',6,12,5,'December 2018','Y','2018-12-31','2018-12-31 18:32:38'),(3,2,'2018-2019',6,12,10,'December 2018','Y','2018-12-31','2018-12-31 18:32:38'),(4,2,'2018-2019',6,12,11,'December 2018','Y','2018-12-31','2018-12-31 18:32:38'),(5,2,'2018-2019',6,12,13,'December 2018','Y','2018-12-31','2018-12-31 18:32:38'),(6,28,'2018-2019',17,26,218,'January 2019','Y','2019-01-10','2019-01-08 01:09:25'),(7,28,'2018-2019',17,26,219,'January 2019','Y','2019-01-10','2019-01-08 01:09:25');
/*!40000 ALTER TABLE `invoice` ENABLE KEYS */;
UNLOCK TABLES;

--
-- Table structure for table `invoice_fee_head`
--

DROP TABLE IF EXISTS `invoice_fee_head`;
/*!40101 SET @saved_cs_client     = @@character_set_client */;
/*!40101 SET character_set_client = utf8 */;
CREATE TABLE `invoice_fee_head` (
  `ID` int(11) NOT NULL AUTO_INCREMENT,
  `schoolID` int(11) NOT NULL,
  `studentID` int(11) NOT NULL,
  `invoiceID` int(11) NOT NULL,
  `feehead` varchar(255) NOT NULL,
  `total_amount` decimal(25,2) NOT NULL,
  `concession_type` varchar(255) DEFAULT NULL,
  `concession` decimal(25,2) DEFAULT NULL,
  `payable_amount` decimal(25,2) NOT NULL,
  `paid_amount` decimal(25,2) DEFAULT NULL,
  `due_amount` decimal(25,2) NOT NULL,
  `status` enum('Y','N') NOT NULL,
  `due_date` date DEFAULT NULL,
  `added_on` datetime NOT NULL,
  PRIMARY KEY (`ID`)
) ENGINE=MyISAM AUTO_INCREMENT=25 DEFAULT CHARSET=latin1;
/*!40101 SET character_set_client = @saved_cs_client */;

--
-- Dumping data for table `invoice_fee_head`
--

LOCK TABLES `invoice_fee_head` WRITE;
/*!40000 ALTER TABLE `invoice_fee_head` DISABLE KEYS */;
INSERT INTO `invoice_fee_head` VALUES (1,2,2,1,'TUTION FEE','1000.00','TRUST','200.00','800.00','0.00','800.00','Y','2018-12-31','2018-12-31 18:32:38'),(2,2,2,1,'Admission Fee','2000.00',' ','0.00','2000.00','0.00','2000.00','Y','2018-12-31','2018-12-31 18:32:38'),(3,2,2,1,'Annual Fee','1000.00',' ','0.00','1000.00','0.00','1000.00','Y','2018-12-31','2018-12-31 18:32:38'),(4,2,2,1,'Exam Fee','250.00',' ','0.00','250.00','0.00','250.00','Y','2018-12-31','2018-12-31 18:32:38'),(5,2,5,2,'TUTION FEE','1000.00',' ','0.00','1000.00','0.00','1000.00','Y','2018-12-31','2018-12-31 18:32:38'),(6,2,5,2,'Admission Fee','2000.00',' ','0.00','2000.00','0.00','2000.00','Y','2018-12-31','2018-12-31 18:32:38'),(7,2,5,2,'Annual Fee','1000.00',' ','0.00','1000.00','0.00','1000.00','Y','2018-12-31','2018-12-31 18:32:38'),(8,2,5,2,'Exam Fee','250.00',' ','0.00','250.00','0.00','250.00','Y','2018-12-31','2018-12-31 18:32:38'),(9,2,10,3,'TUTION FEE','1000.00','TRUST','200.00','800.00','0.00','800.00','Y','2018-12-31','2018-12-31 18:32:38'),(10,2,10,3,'Admission Fee','2000.00',' ','0.00','2000.00','0.00','2000.00','Y','2018-12-31','2018-12-31 18:32:38'),(11,2,10,3,'Annual Fee','1000.00',' ','0.00','1000.00','0.00','1000.00','Y','2018-12-31','2018-12-31 18:32:38'),(12,2,10,3,'Exam Fee','250.00',' ','0.00','250.00','0.00','250.00','Y','2018-12-31','2018-12-31 18:32:38'),(13,2,11,4,'TUTION FEE','1000.00',' ','0.00','1000.00','0.00','1000.00','Y','2018-12-31','2018-12-31 18:32:38'),(14,2,11,4,'Admission Fee','2000.00',' ','0.00','2000.00','0.00','2000.00','Y','2018-12-31','2018-12-31 18:32:38'),(15,2,11,4,'Annual Fee','1000.00',' ','0.00','1000.00','0.00','1000.00','Y','2018-12-31','2018-12-31 18:32:38'),(16,2,11,4,'Exam Fee','250.00',' ','0.00','250.00','0.00','250.00','Y','2018-12-31','2018-12-31 18:32:38'),(17,2,13,5,'TUTION FEE','1000.00',' ','0.00','1000.00','0.00','1000.00','Y','2018-12-31','2018-12-31 18:32:38'),(18,2,13,5,'Admission Fee','2000.00',' ','0.00','2000.00','0.00','2000.00','Y','2018-12-31','2018-12-31 18:32:38'),(19,2,13,5,'Annual Fee','1000.00',' ','0.00','1000.00','0.00','1000.00','Y','2018-12-31','2018-12-31 18:32:38'),(20,2,13,5,'Exam Fee','250.00',' ','0.00','250.00','0.00','250.00','Y','2018-12-31','2018-12-31 18:32:38'),(21,28,218,6,'TUTION FEE','500.00',' ','0.00','500.00','0.00','500.00','Y','2019-01-10','2019-01-08 01:09:25'),(22,28,218,6,'TRANSPORT','400.00',' ','0.00','400.00','0.00','400.00','Y','2019-01-10','2019-01-08 01:09:25'),(23,28,219,7,'TUTION FEE','500.00',' ','0.00','500.00','0.00','500.00','Y','2019-01-10','2019-01-08 01:09:25'),(24,28,219,7,'TRANSPORT','400.00',' ','0.00','400.00','0.00','400.00','Y','2019-01-10','2019-01-08 01:09:25');
/*!40000 ALTER TABLE `invoice_fee_head` ENABLE KEYS */;
UNLOCK TABLES;

--
-- Table structure for table `issue`
--

DROP TABLE IF EXISTS `issue`;
/*!40101 SET @saved_cs_client     = @@character_set_client */;
/*!40101 SET character_set_client = utf8 */;
CREATE TABLE `issue` (
  `issueID` int(11) NOT NULL AUTO_INCREMENT,
  `schoolID` int(11) NOT NULL,
  `studentID` int(11) NOT NULL,
  `bookID` int(11) NOT NULL,
  `serial_no` varchar(255) NOT NULL,
  `issue_date` date NOT NULL,
  `due_date` date NOT NULL,
  `return_date` date NOT NULL,
  `note` text NOT NULL,
  `total_fine` varchar(255) NOT NULL,
  `fine_conc` varchar(255) NOT NULL,
  `fine_remark` varchar(255) NOT NULL,
  `return_by` varchar(255) NOT NULL,
  `return_by_type` varchar(255) NOT NULL,
  PRIMARY KEY (`issueID`)
) ENGINE=MyISAM DEFAULT CHARSET=latin1;
/*!40101 SET character_set_client = @saved_cs_client */;

--
-- Dumping data for table `issue`
--

LOCK TABLES `issue` WRITE;
/*!40000 ALTER TABLE `issue` DISABLE KEYS */;
/*!40000 ALTER TABLE `issue` ENABLE KEYS */;
UNLOCK TABLES;

--
-- Table structure for table `issue_teacher`
--

DROP TABLE IF EXISTS `issue_teacher`;
/*!40101 SET @saved_cs_client     = @@character_set_client */;
/*!40101 SET character_set_client = utf8 */;
CREATE TABLE `issue_teacher` (
  `issueID` int(11) NOT NULL AUTO_INCREMENT,
  `schoolID` int(11) NOT NULL,
  `teacherID` int(11) NOT NULL,
  `bookID` int(11) NOT NULL,
  `serial_no` varchar(255) NOT NULL,
  `issue_date` date NOT NULL,
  `due_date` date NOT NULL,
  `return_date` date NOT NULL,
  `note` text NOT NULL,
  PRIMARY KEY (`issueID`)
) ENGINE=MyISAM DEFAULT CHARSET=latin1;
/*!40101 SET character_set_client = @saved_cs_client */;

--
-- Dumping data for table `issue_teacher`
--

LOCK TABLES `issue_teacher` WRITE;
/*!40000 ALTER TABLE `issue_teacher` DISABLE KEYS */;
/*!40000 ALTER TABLE `issue_teacher` ENABLE KEYS */;
UNLOCK TABLES;

--
-- Table structure for table `lost_book`
--

DROP TABLE IF EXISTS `lost_book`;
/*!40101 SET @saved_cs_client     = @@character_set_client */;
/*!40101 SET character_set_client = utf8 */;
CREATE TABLE `lost_book` (
  `lostbookID` int(11) NOT NULL AUTO_INCREMENT,
  `schoolID` int(11) NOT NULL,
  `studentID` int(11) NOT NULL,
  `bookID` int(11) NOT NULL,
  `book` varchar(255) NOT NULL,
  `author` varchar(255) NOT NULL,
  `serial_no` varchar(255) NOT NULL,
  `lost_date` date NOT NULL,
  `fine_type` varchar(255) NOT NULL,
  `fine` varchar(255) NOT NULL,
  `note` text NOT NULL,
  `status` int(11) NOT NULL,
  `received` int(11) NOT NULL,
  PRIMARY KEY (`lostbookID`)
) ENGINE=MyISAM DEFAULT CHARSET=latin1;
/*!40101 SET character_set_client = @saved_cs_client */;

--
-- Dumping data for table `lost_book`
--

LOCK TABLES `lost_book` WRITE;
/*!40000 ALTER TABLE `lost_book` DISABLE KEYS */;
/*!40000 ALTER TABLE `lost_book` ENABLE KEYS */;
UNLOCK TABLES;

--
-- Table structure for table `modules`
--

DROP TABLE IF EXISTS `modules`;
/*!40101 SET @saved_cs_client     = @@character_set_client */;
/*!40101 SET character_set_client = utf8 */;
CREATE TABLE `modules` (
  `moduleID` int(11) NOT NULL AUTO_INCREMENT,
  `module_name` varchar(255) NOT NULL,
  `module_icon` varchar(150) NOT NULL,
  `short_description` text NOT NULL,
  `price` varchar(255) NOT NULL,
  `is_active` enum('Y','N') NOT NULL,
  `added_on` datetime NOT NULL,
  PRIMARY KEY (`moduleID`)
) ENGINE=MyISAM AUTO_INCREMENT=26 DEFAULT CHARSET=latin1;
/*!40101 SET character_set_client = @saved_cs_client */;

--
-- Dumping data for table `modules`
--

LOCK TABLES `modules` WRITE;
/*!40000 ALTER TABLE `modules` DISABLE KEYS */;
INSERT INTO `modules` VALUES (1,'Homework','assignment_icon.png','This is Test Description. This is Test Description. This is Test Description. This is Test Description. This is Test Description.','0','Y','2018-10-03 00:00:00'),(2,'Attendance','attendance.png','This is Test Description. This is Test Description. This is Test Description. This is Test Description. This is Test Description.','0','Y','2018-10-03 00:00:00'),(3,'Exam & Result','exam_result.png','This is Test Description. This is Test Description. This is Test Description. This is Test Description. This is Test Description.','0','Y','2018-10-03 00:00:00'),(4,'Class Routine','class_routn.png','This is Test Description. This is Test Description. This is Test Description. This is Test Description. This is Test Description.','0','Y','2018-10-03 00:00:00'),(5,'Premium Chat','mess_staff.png','This is Test Description. This is Test Description. This is Test Description. This is Test Description. This is Test Description.','0','Y','2018-10-03 00:00:00'),(6,'Library','library.png','This is Test Description. This is Test Description. This is Test Description. This is Test Description. This is Test Description.','799','Y','2018-10-03 00:00:00'),(7,'Accounts & Fee','account.png','This is Test Description. This is Test Description. This is Test Description. This is Test Description. This is Test Description.','799','Y','2018-10-03 00:00:00'),(8,'Camera','gallery_icon.png','This is Test Description. This is Test Description. This is Test Description. This is Test Description. This is Test Description.','499','Y','2018-10-03 00:00:00'),(9,'Syllabus','syllabus.png','This is Test Description. This is Test Description. This is Test Description. This is Test Description. This is Test Description.','0','Y','2018-11-14 12:30:14'),(10,'Gallery','gallery_icon.png','This is Test Description. This is Test Description. This is Test Description. This is Test Description. This is Test Description.','0','Y','2018-11-14 12:32:27'),(11,'Announcement','tuition-and-fees.png','This is Test Description. This is Test Description. This is Test Description. This is Test Description. This is Test Description.','0','Y','2018-11-14 12:33:14'),(12,'Message to Staff','mess_staff.png','This is Test Description. This is Test Description. This is Test Description. This is Test Description. This is Test Description.','0','Y','2018-11-14 12:34:20'),(13,'Message to student','mess_student.png','This is Test Description. This is Test Description. This is Test Description. This is Test Description. This is Test Description.','0','Y','2018-11-14 12:34:46'),(14,'Contact Directory','contact_icon.png','This is Test Description. This is Test Description. This is Test Description. This is Test Description. This is Test Description.','0','Y','2018-11-14 12:35:09'),(15,'Approval','approval_icon.png','This is Test Description. This is Test Description. This is Test Description. This is Test Description. This is Test Description.','0','Y','2018-11-14 12:35:54'),(16,'Circular','circular.png','This is Test Description. This is Test Description. This is Test Description. This is Test Description. This is Test Description.','0','Y','2018-11-14 12:36:20'),(17,'Suggestion','suggestion.png','This is Test Description. This is Test Description. This is Test Description. This is Test Description. This is Test Description.','0','Y','2018-11-14 12:37:03'),(18,'Events','events.png','This is Test Description. This is Test Description. This is Test Description. This is Test Description. This is Test Description.','0','Y','2018-11-14 12:37:29'),(19,'Transport','tuition-and-fees.png','This is Test Description. This is Test Description. This is Test Description. This is Test Description. This is Test Description.','0','Y','2018-11-14 12:37:29'),(20,'Quiz','tuition-and-fees.png','This is Test Description. This is Test Description. This is Test Description. This is Test Description. This is Test Description.','0','Y','2018-11-14 12:37:29'),(21,'News','tuition-and-fees.png','This is Test Description. This is Test Description. This is Test Description. This is Test Description. This is Test Description.','0','Y','2018-11-14 12:37:29'),(22,'Online Examination System','tuition-and-fees.png','This is Test Description. This is Test Description. This is Test Description. This is Test Description. This is Test Description.','0','Y','2018-11-14 12:37:29'),(23,'Admission','tuition-and-fees.png','This is Test Description. This is Test Description. This is Test Description. This is Test Description. This is Test Description.','0','Y','2018-11-14 12:37:29'),(24,'Hostel Management','tuition-and-fees.png','This is Test Description. This is Test Description. This is Test Description. This is Test Description. This is Test Description.','0','Y','2018-11-14 12:37:29'),(25,'Polls','tuition-and-fees.png','This is Test Description. This is Test Description. This is Test Description. This is Test Description. This is Test Description.','0','Y','2018-11-14 12:37:29');
/*!40000 ALTER TABLE `modules` ENABLE KEYS */;
UNLOCK TABLES;

--
-- Table structure for table `notice`
--

DROP TABLE IF EXISTS `notice`;
/*!40101 SET @saved_cs_client     = @@character_set_client */;
/*!40101 SET character_set_client = utf8 */;
CREATE TABLE `notice` (
  `noticeID` int(11) NOT NULL AUTO_INCREMENT,
  `schoolID` int(11) NOT NULL,
  `title` varchar(150) NOT NULL,
  `notice` text NOT NULL,
  `attachment` varchar(200) NOT NULL,
  `added_on` datetime NOT NULL,
  PRIMARY KEY (`noticeID`)
) ENGINE=MyISAM AUTO_INCREMENT=6 DEFAULT CHARSET=latin1;
/*!40101 SET character_set_client = @saved_cs_client */;

--
-- Dumping data for table `notice`
--

LOCK TABLES `notice` WRITE;
/*!40000 ALTER TABLE `notice` DISABLE KEYS */;
INSERT INTO `notice` VALUES (1,2,'Test Notice','This is to inform all the student that the school will still open on Sunday.','','0000-00-00 00:00:00'),(2,2,'Hi ','test message','','0000-00-00 00:00:00'),(3,2,'class root','vzgsgsgsg','','2018-12-29 11:27:52'),(4,41,'testtest','tedt','','2019-01-15 13:42:48'),(5,28,'26 January ','Every Student come at 9 am.\n','','2019-01-19 22:15:22');
/*!40000 ALTER TABLE `notice` ENABLE KEYS */;
UNLOCK TABLES;

--
-- Table structure for table `notification`
--

DROP TABLE IF EXISTS `notification`;
/*!40101 SET @saved_cs_client     = @@character_set_client */;
/*!40101 SET character_set_client = utf8 */;
CREATE TABLE `notification` (
  `notificationID` int(11) NOT NULL AUTO_INCREMENT,
  `schoolID` int(11) NOT NULL,
  `userID` int(11) NOT NULL,
  `role` enum('school','teacher','parent','student') NOT NULL,
  `title` varchar(255) NOT NULL,
  `notification` text NOT NULL,
  `status` int(1) DEFAULT NULL,
  `added_on` datetime NOT NULL,
  PRIMARY KEY (`notificationID`)
) ENGINE=MyISAM AUTO_INCREMENT=2043 DEFAULT CHARSET=latin1;
/*!40101 SET character_set_client = @saved_cs_client */;

--
-- Dumping data for table `notification`
--

LOCK TABLES `notification` WRITE;
/*!40000 ALTER TABLE `notification` DISABLE KEYS */;
INSERT INTO `notification` VALUES (809,2,11,'student','Exam Result','Result of Half Yearly exam has been delayed.',1,'2018-12-22 16:01:15'),(6,1,1,'teacher','Routine Updated','There is a change in routine',1,'2018-12-17 17:42:30'),(8,1,1,'teacher','Routine Updated','There is a change in routine',1,'2018-12-17 17:43:40'),(808,2,10,'student','Exam Result','Result of Half Yearly exam has been delayed.',1,'2018-12-22 16:01:15'),(10,1,0,'teacher','Routine Updated','There is a change in routine',1,'2018-12-17 17:43:51'),(12,1,1,'teacher','Routine Updated','There is a change in routine',1,'2018-12-17 17:44:04'),(14,1,1,'teacher','Routine Updated','There is a change in routine',1,'2018-12-17 17:44:18'),(16,1,1,'teacher','Routine Updated','There is a change in routine',1,'2018-12-17 17:44:56'),(90,2,13,'student','Exam Result','Result of Half Yearly exam has been announced.',1,'2018-12-19 15:00:54'),(18,1,1,'teacher','Routine Updated','There is a change in routine',1,'2018-12-17 17:45:04'),(20,1,0,'teacher','Routine Updated','There is a change in routine',1,'2018-12-17 17:45:12'),(22,1,1,'teacher','Routine Updated','There is a change in routine',1,'2018-12-17 17:45:22'),(807,2,5,'student','Exam Result','Result of Half Yearly exam has been delayed.',1,'2018-12-22 16:01:15'),(88,2,10,'student','Exam Result','Result of Half Yearly exam has been announced.',1,'2018-12-19 15:00:54'),(24,1,1,'teacher','Routine Updated','There is a change in routine',1,'2018-12-17 17:45:53'),(26,1,1,'teacher','Routine Updated','There is a change in routine',1,'2018-12-17 17:46:06'),(123,2,10,'student','Exam Result','Result of Half Yearly exam has been delayed.',1,'2018-12-19 15:16:24'),(901,2,11,'student','Exam Result','Result of Half Yearly exam has been delayed.',1,'2018-12-24 13:17:09'),(1063,2,10,'student','Assignment','A new assignment has been posted.',1,'2018-12-31 12:10:37'),(31,2,10,'student','Event Added','An Event has been created in your school.',1,'2018-12-17 18:57:44'),(32,2,2,'teacher','Event Added','An Event has been created in your school.',0,'2018-12-17 18:57:44'),(33,2,4,'teacher','Event Added','An Event has been created in your school.',1,'2018-12-17 18:57:44'),(34,2,2,'teacher','Circular','There is a new circular.',0,'2018-12-17 19:02:02'),(35,2,4,'teacher','Circular','There is a new circular.',1,'2018-12-17 19:02:02'),(128,2,10,'student','Exam Result','Result of Half Yearly exam has been announced.',1,'2018-12-19 15:20:59'),(93,2,10,'student','Exam Result','Result of Half Yearly exam has been announced.',1,'2018-12-19 15:01:24'),(125,2,13,'student','Exam Result','Result of Half Yearly exam has been delayed.',1,'2018-12-19 15:16:24'),(89,2,11,'student','Exam Result','Result of Half Yearly exam has been announced.',1,'2018-12-19 15:00:54'),(1019,2,5,'student','Assignment','A new assignment has been posted.',1,'2018-12-26 14:50:19'),(1064,2,11,'student','Assignment','A new assignment has been posted.',1,'2018-12-31 12:10:37'),(40,2,10,'student','Assignment','A new assignment has been posted.',1,'2018-12-18 17:02:34'),(41,2,11,'student','Assignment','A new assignment has been posted.',1,'2018-12-18 17:02:34'),(42,2,13,'student','Assignment','A new assignment has been posted.',1,'2018-12-18 17:02:35'),(805,2,13,'student','Exam Result','Result of Half Yearly exam has been announced.',1,'2018-12-22 16:01:04'),(45,2,10,'student','Assignment','A new assignment has been posted.',1,'2018-12-18 17:04:21'),(46,2,11,'student','Assignment','A new assignment has been posted.',1,'2018-12-18 17:04:21'),(47,2,13,'student','Assignment','A new assignment has been posted.',1,'2018-12-18 17:04:22'),(804,2,11,'student','Exam Result','Result of Half Yearly exam has been announced.',1,'2018-12-22 16:01:04'),(50,2,10,'student','Assignment','A new assignment has been posted.',1,'2018-12-18 17:07:00'),(51,2,11,'student','Assignment','A new assignment has been posted.',1,'2018-12-18 17:07:00'),(120,2,13,'student','Exam Result','Result of Half Yearly exam has been announced.',1,'2018-12-19 15:15:32'),(803,2,10,'student','Exam Result','Result of Half Yearly exam has been announced.',1,'2018-12-22 16:01:04'),(55,2,10,'student','Assignment','A new assignment has been posted.',1,'2018-12-18 17:09:36'),(56,2,11,'student','Assignment','A new assignment has been posted.',1,'2018-12-18 17:09:36'),(57,2,13,'student','Assignment','A new assignment has been posted.',1,'2018-12-18 17:09:36'),(119,2,11,'student','Exam Result','Result of Half Yearly exam has been announced.',1,'2018-12-19 15:15:32'),(802,2,5,'student','Exam Result','Result of Half Yearly exam has been announced.',1,'2018-12-22 16:01:04'),(60,2,10,'student','Exam Result','Result of Half Yearly exam has been announced.',1,'2018-12-18 18:21:07'),(61,2,11,'student','Exam Result','Result of Half Yearly exam has been announced.',1,'2018-12-18 18:21:07'),(118,2,10,'student','Exam Result','Result of Half Yearly exam has been announced.',1,'2018-12-19 15:15:32'),(1017,2,13,'student','Assignment','A new assignment has been posted.',1,'2018-12-26 14:34:34'),(64,2,10,'student','Exam Result','Result of Half Yearly exam has been announced.',1,'2018-12-18 18:22:02'),(65,2,11,'student','Exam Result','Result of Half Yearly exam has been announced.',1,'2018-12-18 18:22:02'),(800,2,13,'student','Exam Result','Result of Half Yearly exam has been delayed.',1,'2018-12-22 15:45:17'),(799,2,11,'student','Exam Result','Result of Half Yearly exam has been delayed.',1,'2018-12-22 15:45:17'),(68,2,10,'student','Exam Result','Result of Half Yearly exam has been announced.',1,'2018-12-18 18:22:05'),(69,2,11,'student','Exam Result','Result of Half Yearly exam has been announced.',1,'2018-12-18 18:22:05'),(115,2,13,'student','Exam Result','Result of Half Yearly exam has been delayed.',1,'2018-12-19 15:15:05'),(798,2,10,'student','Exam Result','Result of Half Yearly exam has been delayed.',1,'2018-12-22 15:45:17'),(72,2,10,'student','Exam Result','Result of Half Yearly exam has been announced.',1,'2018-12-18 18:22:46'),(73,2,11,'student','Exam Result','Result of Half Yearly exam has been announced.',1,'2018-12-18 18:22:46'),(74,2,13,'student','Exam Result','Result of Half Yearly exam has been announced.',1,'2018-12-18 18:22:46'),(114,2,11,'student','Exam Result','Result of Half Yearly exam has been delayed.',1,'2018-12-19 15:15:05'),(797,2,5,'student','Exam Result','Result of Half Yearly exam has been delayed.',1,'2018-12-22 15:45:17'),(77,2,10,'student','Exam Result','Result of Half Yearly exam has been announced.',1,'2018-12-18 18:39:53'),(78,2,11,'student','Exam Result','Result of Half Yearly exam has been announced.',1,'2018-12-18 18:39:53'),(79,2,13,'student','Exam Result','Result of Half Yearly exam has been announced.',1,'2018-12-18 18:39:54'),(113,2,10,'student','Exam Result','Result of Half Yearly exam has been delayed.',1,'2018-12-19 15:15:05'),(899,2,5,'student','Exam Result','Result of Half Yearly exam has been delayed.',1,'2018-12-24 13:17:09'),(82,2,10,'student','Exam Result','Result of Quarterly exam has been announced.',1,'2018-12-18 18:40:59'),(83,2,11,'student','Exam Result','Result of Quarterly exam has been announced.',1,'2018-12-18 18:40:59'),(84,2,13,'student','Exam Result','Result of Quarterly exam has been announced.',1,'2018-12-18 18:40:59'),(900,2,10,'student','Exam Result','Result of Half Yearly exam has been delayed.',1,'2018-12-24 13:17:09'),(94,2,11,'student','Exam Result','Result of Half Yearly exam has been announced.',1,'2018-12-19 15:01:24'),(95,2,13,'student','Exam Result','Result of Half Yearly exam has been announced.',1,'2018-12-19 15:01:24'),(124,2,11,'student','Exam Result','Result of Half Yearly exam has been delayed.',1,'2018-12-19 15:16:24'),(98,2,10,'student','Exam Result','Result of Half Yearly exam has been announced.',1,'2018-12-19 15:05:00'),(99,2,11,'student','Exam Result','Result of Half Yearly exam has been announced.',1,'2018-12-19 15:05:00'),(100,2,13,'student','Exam Result','Result of Half Yearly exam has been announced.',1,'2018-12-19 15:05:00'),(795,2,13,'student','Exam Result','Result of Half Yearly exam has been announced.',1,'2018-12-22 14:56:07'),(794,2,11,'student','Exam Result','Result of Half Yearly exam has been announced.',1,'2018-12-22 14:56:07'),(103,2,10,'student','Exam Result','Result of Half Yearly exam has been delayed.',1,'2018-12-19 15:05:08'),(104,2,11,'student','Exam Result','Result of Half Yearly exam has been delayed.',1,'2018-12-19 15:05:08'),(105,2,13,'student','Exam Result','Result of Half Yearly exam has been delayed.',1,'2018-12-19 15:05:08'),(108,2,10,'student','Exam Result','Result of Half Yearly exam has been announced.',1,'2018-12-19 15:13:57'),(109,2,11,'student','Exam Result','Result of Half Yearly exam has been announced.',1,'2018-12-19 15:13:57'),(110,2,13,'student','Exam Result','Result of Half Yearly exam has been announced.',1,'2018-12-19 15:13:57'),(129,2,11,'student','Exam Result','Result of Half Yearly exam has been announced.',1,'2018-12-19 15:20:59'),(130,2,13,'student','Exam Result','Result of Half Yearly exam has been announced.',1,'2018-12-19 15:20:59'),(1015,2,10,'student','Assignment','A new assignment has been posted.',1,'2018-12-26 14:34:34'),(792,2,5,'student','Exam Result','Result of Half Yearly exam has been announced.',1,'2018-12-22 14:56:07'),(133,2,10,'student','Exam Result','Result of Half Yearly exam has been delayed.',1,'2018-12-19 15:21:06'),(134,2,11,'student','Exam Result','Result of Half Yearly exam has been delayed.',1,'2018-12-19 15:21:06'),(135,2,13,'student','Exam Result','Result of Half Yearly exam has been delayed.',1,'2018-12-19 15:21:06'),(793,2,10,'student','Exam Result','Result of Half Yearly exam has been announced.',1,'2018-12-22 14:56:07'),(138,2,10,'student','Exam Result','Result of Half Yearly exam has been announced.',1,'2018-12-19 15:22:22'),(139,2,11,'student','Exam Result','Result of Half Yearly exam has been announced.',1,'2018-12-19 15:22:22'),(140,2,13,'student','Exam Result','Result of Half Yearly exam has been announced.',1,'2018-12-19 15:22:22'),(1016,2,11,'student','Assignment','A new assignment has been posted.',1,'2018-12-26 14:34:34'),(143,2,10,'student','Exam Result','Result of Half Yearly exam has been delayed.',1,'2018-12-19 15:23:06'),(144,2,11,'student','Exam Result','Result of Half Yearly exam has been delayed.',1,'2018-12-19 15:23:06'),(145,2,13,'student','Exam Result','Result of Half Yearly exam has been delayed.',1,'2018-12-19 15:23:06'),(345,2,13,'student','Exam Result','Result of Half Yearly exam has been announced.',1,'2018-12-19 16:38:38'),(790,2,13,'student','Exam Result','Result of Half Yearly exam has been delayed.',1,'2018-12-22 14:46:16'),(148,2,10,'student','Exam Result','Result of Half Yearly exam has been announced.',1,'2018-12-19 15:26:19'),(149,2,11,'student','Exam Result','Result of Half Yearly exam has been announced.',1,'2018-12-19 15:26:19'),(150,2,13,'student','Exam Result','Result of Half Yearly exam has been announced.',1,'2018-12-19 15:26:19'),(344,2,11,'student','Exam Result','Result of Half Yearly exam has been announced.',1,'2018-12-19 16:38:38'),(789,2,11,'student','Exam Result','Result of Half Yearly exam has been delayed.',1,'2018-12-22 14:46:16'),(153,2,10,'student','Exam Result','Result of Half Yearly exam has been delayed.',1,'2018-12-19 15:27:07'),(154,2,11,'student','Exam Result','Result of Half Yearly exam has been delayed.',1,'2018-12-19 15:27:07'),(155,2,13,'student','Exam Result','Result of Half Yearly exam has been delayed.',1,'2018-12-19 15:27:07'),(343,2,10,'student','Exam Result','Result of Half Yearly exam has been announced.',1,'2018-12-19 16:38:38'),(788,2,10,'student','Exam Result','Result of Half Yearly exam has been delayed.',1,'2018-12-22 14:46:16'),(158,2,10,'student','Exam Result','Result of Half Yearly exam has been announced.',1,'2018-12-19 15:27:21'),(159,2,11,'student','Exam Result','Result of Half Yearly exam has been announced.',1,'2018-12-19 15:27:21'),(160,2,13,'student','Exam Result','Result of Half Yearly exam has been announced.',1,'2018-12-19 15:27:21'),(1014,2,5,'student','Assignment','A new assignment has been posted.',1,'2018-12-26 14:34:34'),(787,2,5,'student','Exam Result','Result of Half Yearly exam has been delayed.',1,'2018-12-22 14:46:16'),(163,2,10,'student','Exam Result','Result of Half Yearly exam has been delayed.',1,'2018-12-19 15:27:39'),(164,2,11,'student','Exam Result','Result of Half Yearly exam has been delayed.',1,'2018-12-19 15:27:39'),(165,2,13,'student','Exam Result','Result of Half Yearly exam has been delayed.',1,'2018-12-19 15:27:39'),(785,2,13,'student','Exam Result','Result of Half Yearly exam has been announced.',1,'2018-12-22 14:45:18'),(168,2,10,'student','Exam Result','Result of Half Yearly exam has been announced.',1,'2018-12-19 15:29:21'),(169,2,11,'student','Exam Result','Result of Half Yearly exam has been announced.',1,'2018-12-19 15:29:21'),(170,2,13,'student','Exam Result','Result of Half Yearly exam has been announced.',1,'2018-12-19 15:29:21'),(173,2,10,'student','Exam Result','Result of Half Yearly exam has been delayed.',1,'2018-12-19 15:36:57'),(174,2,11,'student','Exam Result','Result of Half Yearly exam has been delayed.',1,'2018-12-19 15:36:57'),(175,2,13,'student','Exam Result','Result of Half Yearly exam has been delayed.',1,'2018-12-19 15:36:57'),(340,2,13,'student','Exam Result','Result of Half Yearly exam has been delayed.',1,'2018-12-19 16:19:29'),(784,2,11,'student','Exam Result','Result of Half Yearly exam has been announced.',1,'2018-12-22 14:45:18'),(178,2,10,'student','Exam Result','Result of Half Yearly exam has been announced.',1,'2018-12-19 15:37:25'),(179,2,11,'student','Exam Result','Result of Half Yearly exam has been announced.',1,'2018-12-19 15:37:25'),(180,2,13,'student','Exam Result','Result of Half Yearly exam has been announced.',1,'2018-12-19 15:37:25'),(339,2,11,'student','Exam Result','Result of Half Yearly exam has been delayed.',1,'2018-12-19 16:19:29'),(783,2,10,'student','Exam Result','Result of Half Yearly exam has been announced.',1,'2018-12-22 14:45:18'),(183,2,10,'student','Exam Result','Result of Half Yearly exam has been delayed.',1,'2018-12-19 15:38:21'),(184,2,11,'student','Exam Result','Result of Half Yearly exam has been delayed.',1,'2018-12-19 15:38:21'),(185,2,13,'student','Exam Result','Result of Half Yearly exam has been delayed.',1,'2018-12-19 15:38:21'),(338,2,10,'student','Exam Result','Result of Half Yearly exam has been delayed.',1,'2018-12-19 16:19:29'),(188,2,10,'student','Exam Result','Result of Half Yearly exam has been announced.',1,'2018-12-19 15:40:20'),(189,2,11,'student','Exam Result','Result of Half Yearly exam has been announced.',1,'2018-12-19 15:40:20'),(190,2,13,'student','Exam Result','Result of Half Yearly exam has been announced.',1,'2018-12-19 15:40:20'),(782,2,5,'student','Exam Result','Result of Half Yearly exam has been announced.',1,'2018-12-22 14:45:18'),(1060,2,13,'student','Exam Result','Result of Half Yearly exam has been announced.',1,'2018-12-27 18:44:34'),(193,2,10,'student','Exam Result','Result of Half Yearly exam has been delayed.',1,'2018-12-19 15:42:09'),(194,2,11,'student','Exam Result','Result of Half Yearly exam has been delayed.',1,'2018-12-19 15:42:09'),(195,2,13,'student','Exam Result','Result of Half Yearly exam has been delayed.',1,'2018-12-19 15:42:09'),(865,2,13,'student','Exam Result','Result of Half Yearly exam has been announced.',1,'2018-12-23 22:11:06'),(780,2,13,'student','Exam Result','Result of Half Yearly exam has been delayed.',1,'2018-12-22 14:45:02'),(198,2,10,'student','Exam Result','Result of Half Yearly exam has been announced.',1,'2018-12-19 15:42:41'),(199,2,11,'student','Exam Result','Result of Half Yearly exam has been announced.',1,'2018-12-19 15:42:41'),(200,2,13,'student','Exam Result','Result of Half Yearly exam has been announced.',1,'2018-12-19 15:42:41'),(335,2,13,'student','Exam Result','Result of Half Yearly exam has been delayed.',1,'2018-12-19 16:18:53'),(779,2,11,'student','Exam Result','Result of Half Yearly exam has been delayed.',1,'2018-12-22 14:45:02'),(203,2,10,'student','Exam Result','Result of Half Yearly exam has been delayed.',1,'2018-12-19 15:43:13'),(204,2,11,'student','Exam Result','Result of Half Yearly exam has been delayed.',1,'2018-12-19 15:43:13'),(205,2,13,'student','Exam Result','Result of Half Yearly exam has been delayed.',1,'2018-12-19 15:43:13'),(334,2,11,'student','Exam Result','Result of Half Yearly exam has been delayed.',1,'2018-12-19 16:18:53'),(778,2,10,'student','Exam Result','Result of Half Yearly exam has been delayed.',1,'2018-12-22 14:45:02'),(208,2,10,'student','Exam Result','Result of Half Yearly exam has been announced.',1,'2018-12-19 15:44:00'),(209,2,11,'student','Exam Result','Result of Half Yearly exam has been announced.',1,'2018-12-19 15:44:00'),(210,2,13,'student','Exam Result','Result of Half Yearly exam has been announced.',1,'2018-12-19 15:44:00'),(333,2,10,'student','Exam Result','Result of Half Yearly exam has been delayed.',1,'2018-12-19 16:18:53'),(777,2,5,'student','Exam Result','Result of Half Yearly exam has been delayed.',1,'2018-12-22 14:45:02'),(213,2,10,'student','Exam Result','Result of Half Yearly exam has been delayed.',1,'2018-12-19 15:45:36'),(214,2,11,'student','Exam Result','Result of Half Yearly exam has been delayed.',1,'2018-12-19 15:45:36'),(215,2,13,'student','Exam Result','Result of Half Yearly exam has been delayed.',1,'2018-12-19 15:45:36'),(1012,2,13,'student','Assignment','A new assignment has been posted.',1,'2018-12-26 14:32:05'),(218,2,10,'student','Exam Result','Result of Half Yearly exam has been delayed.',1,'2018-12-19 15:48:07'),(219,2,11,'student','Exam Result','Result of Half Yearly exam has been delayed.',1,'2018-12-19 15:48:07'),(220,2,13,'student','Exam Result','Result of Half Yearly exam has been delayed.',1,'2018-12-19 15:48:07'),(864,2,11,'student','Exam Result','Result of Half Yearly exam has been announced.',1,'2018-12-23 22:11:06'),(775,2,13,'student','Exam Result','Result of Half Yearly exam has been announced.',1,'2018-12-22 14:44:17'),(223,2,10,'student','Exam Result','Result of Half Yearly exam has been delayed.',1,'2018-12-19 15:48:12'),(224,2,11,'student','Exam Result','Result of Half Yearly exam has been delayed.',1,'2018-12-19 15:48:12'),(225,2,13,'student','Exam Result','Result of Half Yearly exam has been delayed.',1,'2018-12-19 15:48:12'),(330,2,13,'student','Exam Result','Result of Half Yearly exam has been delayed.',1,'2018-12-19 16:07:48'),(228,2,10,'student','Exam Result','Result of Half Yearly exam has been announced.',1,'2018-12-19 15:48:20'),(229,2,11,'student','Exam Result','Result of Half Yearly exam has been announced.',1,'2018-12-19 15:48:20'),(230,2,13,'student','Exam Result','Result of Half Yearly exam has been announced.',1,'2018-12-19 15:48:20'),(329,2,11,'student','Exam Result','Result of Half Yearly exam has been delayed.',1,'2018-12-19 16:07:48'),(774,2,11,'student','Exam Result','Result of Half Yearly exam has been announced.',1,'2018-12-22 14:44:17'),(233,2,10,'student','Exam Result','Result of Half Yearly exam has been delayed.',1,'2018-12-19 15:48:24'),(234,2,11,'student','Exam Result','Result of Half Yearly exam has been delayed.',1,'2018-12-19 15:48:24'),(235,2,13,'student','Exam Result','Result of Half Yearly exam has been delayed.',1,'2018-12-19 15:48:24'),(328,2,10,'student','Exam Result','Result of Half Yearly exam has been delayed.',1,'2018-12-19 16:07:48'),(773,2,10,'student','Exam Result','Result of Half Yearly exam has been announced.',1,'2018-12-22 14:44:17'),(238,2,10,'student','Exam Result','Result of Half Yearly exam has been delayed.',1,'2018-12-19 15:50:57'),(239,2,11,'student','Exam Result','Result of Half Yearly exam has been delayed.',1,'2018-12-19 15:50:57'),(240,2,13,'student','Exam Result','Result of Half Yearly exam has been delayed.',1,'2018-12-19 15:50:57'),(325,2,13,'student','Exam Result','Result of Half Yearly exam has been delayed.',1,'2018-12-19 16:05:47'),(243,2,10,'student','Exam Result','Result of Half Yearly exam has been announced.',1,'2018-12-19 15:52:12'),(244,2,11,'student','Exam Result','Result of Half Yearly exam has been announced.',1,'2018-12-19 15:52:12'),(245,2,13,'student','Exam Result','Result of Half Yearly exam has been announced.',1,'2018-12-19 15:52:12'),(324,2,11,'student','Exam Result','Result of Half Yearly exam has been delayed.',1,'2018-12-19 16:05:47'),(772,2,5,'student','Exam Result','Result of Half Yearly exam has been announced.',1,'2018-12-22 14:44:17'),(248,2,10,'student','Exam Result','Result of Half Yearly exam has been delayed.',1,'2018-12-19 15:52:23'),(249,2,11,'student','Exam Result','Result of Half Yearly exam has been delayed.',1,'2018-12-19 15:52:23'),(250,2,13,'student','Exam Result','Result of Half Yearly exam has been delayed.',1,'2018-12-19 15:52:23'),(323,2,10,'student','Exam Result','Result of Half Yearly exam has been delayed.',1,'2018-12-19 16:05:47'),(1011,2,11,'student','Assignment','A new assignment has been posted.',1,'2018-12-26 14:32:05'),(253,2,10,'student','Exam Result','Result of Half Yearly exam has been delayed.',1,'2018-12-19 15:53:37'),(254,2,11,'student','Exam Result','Result of Half Yearly exam has been delayed.',1,'2018-12-19 15:53:37'),(255,2,13,'student','Exam Result','Result of Half Yearly exam has been delayed.',1,'2018-12-19 15:53:37'),(770,2,13,'student','Exam Result','Result of Half Yearly exam has been delayed.',1,'2018-12-22 14:44:01'),(769,2,11,'student','Exam Result','Result of Half Yearly exam has been delayed.',1,'2018-12-22 14:44:01'),(258,2,10,'student','Exam Result','Result of Half Yearly exam has been delayed.',1,'2018-12-19 15:54:22'),(259,2,11,'student','Exam Result','Result of Half Yearly exam has been delayed.',1,'2018-12-19 15:54:22'),(260,2,13,'student','Exam Result','Result of Half Yearly exam has been delayed.',1,'2018-12-19 15:54:22'),(768,2,10,'student','Exam Result','Result of Half Yearly exam has been delayed.',1,'2018-12-22 14:44:01'),(767,2,5,'student','Exam Result','Result of Half Yearly exam has been delayed.',1,'2018-12-22 14:44:01'),(263,2,10,'student','Exam Result','Result of Half Yearly exam has been delayed.',1,'2018-12-19 15:54:50'),(264,2,11,'student','Exam Result','Result of Half Yearly exam has been delayed.',1,'2018-12-19 15:54:50'),(265,2,13,'student','Exam Result','Result of Half Yearly exam has been delayed.',1,'2018-12-19 15:54:50'),(320,2,13,'student','Exam Result','Result of Half Yearly exam has been delayed.',1,'2018-12-19 16:05:35'),(1009,2,5,'student','Assignment','A new assignment has been posted.',1,'2018-12-26 14:32:05'),(268,2,10,'student','Exam Result','Result of Half Yearly exam has been delayed.',1,'2018-12-19 15:55:17'),(269,2,11,'student','Exam Result','Result of Half Yearly exam has been delayed.',1,'2018-12-19 15:55:17'),(270,2,13,'student','Exam Result','Result of Half Yearly exam has been delayed.',1,'2018-12-19 15:55:17'),(319,2,11,'student','Exam Result','Result of Half Yearly exam has been delayed.',1,'2018-12-19 16:05:35'),(1010,2,10,'student','Assignment','A new assignment has been posted.',1,'2018-12-26 14:32:05'),(273,2,10,'student','Exam Result','Result of Half Yearly exam has been delayed.',1,'2018-12-19 15:55:42'),(274,2,11,'student','Exam Result','Result of Half Yearly exam has been delayed.',1,'2018-12-19 15:55:42'),(275,2,13,'student','Exam Result','Result of Half Yearly exam has been delayed.',1,'2018-12-19 15:55:42'),(318,2,10,'student','Exam Result','Result of Half Yearly exam has been delayed.',1,'2018-12-19 16:05:35'),(765,2,13,'student','Exam Result','Result of Half Yearly exam has been announced.',1,'2018-12-22 14:43:14'),(278,2,10,'student','Exam Result','Result of Half Yearly exam has been delayed.',1,'2018-12-19 15:56:52'),(279,2,11,'student','Exam Result','Result of Half Yearly exam has been delayed.',1,'2018-12-19 15:56:52'),(280,2,13,'student','Exam Result','Result of Half Yearly exam has been delayed.',1,'2018-12-19 15:56:52'),(764,2,11,'student','Exam Result','Result of Half Yearly exam has been announced.',1,'2018-12-22 14:43:14'),(283,2,10,'student','Exam Result','Result of Half Yearly exam has been delayed.',1,'2018-12-19 15:57:23'),(284,2,11,'student','Exam Result','Result of Half Yearly exam has been delayed.',1,'2018-12-19 15:57:23'),(285,2,13,'student','Exam Result','Result of Half Yearly exam has been delayed.',1,'2018-12-19 15:57:23'),(315,2,13,'student','Exam Result','Result of Half Yearly exam has been delayed.',1,'2018-12-19 16:02:49'),(763,2,10,'student','Exam Result','Result of Half Yearly exam has been announced.',1,'2018-12-22 14:43:14'),(288,2,10,'student','Exam Result','Result of Half Yearly exam has been delayed.',1,'2018-12-19 15:57:46'),(289,2,11,'student','Exam Result','Result of Half Yearly exam has been delayed.',1,'2018-12-19 15:57:46'),(290,2,13,'student','Exam Result','Result of Half Yearly exam has been delayed.',1,'2018-12-19 15:57:46'),(314,2,11,'student','Exam Result','Result of Half Yearly exam has been delayed.',1,'2018-12-19 16:02:49'),(293,2,10,'student','Exam Result','Result of Half Yearly exam has been delayed.',1,'2018-12-19 15:58:48'),(294,2,11,'student','Exam Result','Result of Half Yearly exam has been delayed.',1,'2018-12-19 15:58:48'),(295,2,13,'student','Exam Result','Result of Half Yearly exam has been delayed.',1,'2018-12-19 15:58:48'),(313,2,10,'student','Exam Result','Result of Half Yearly exam has been delayed.',1,'2018-12-19 16:02:49'),(1007,2,4,'teacher','Event Added','An Event has been created in your school.',1,'2018-12-24 18:50:25'),(762,2,5,'student','Exam Result','Result of Half Yearly exam has been announced.',1,'2018-12-22 14:43:14'),(298,2,10,'student','Exam Result','Result of Half Yearly exam has been delayed.',1,'2018-12-19 15:59:36'),(299,2,11,'student','Exam Result','Result of Half Yearly exam has been delayed.',1,'2018-12-19 15:59:36'),(300,2,13,'student','Exam Result','Result of Half Yearly exam has been delayed.',1,'2018-12-19 15:59:36'),(760,2,13,'student','Exam Result','Result of Half Yearly exam has been delayed.',1,'2018-12-22 14:42:23'),(303,2,10,'student','Exam Result','Result of Half Yearly exam has been delayed.',1,'2018-12-19 16:00:33'),(304,2,11,'student','Exam Result','Result of Half Yearly exam has been delayed.',1,'2018-12-19 16:00:33'),(305,2,13,'student','Exam Result','Result of Half Yearly exam has been delayed.',1,'2018-12-19 16:00:33'),(759,2,11,'student','Exam Result','Result of Half Yearly exam has been delayed.',1,'2018-12-22 14:42:23'),(308,2,10,'student','Exam Result','Result of Half Yearly exam has been delayed.',1,'2018-12-19 16:01:40'),(309,2,11,'student','Exam Result','Result of Half Yearly exam has been delayed.',1,'2018-12-19 16:01:40'),(310,2,13,'student','Exam Result','Result of Half Yearly exam has been delayed.',1,'2018-12-19 16:01:40'),(758,2,10,'student','Exam Result','Result of Half Yearly exam has been delayed.',1,'2018-12-22 14:42:23'),(348,2,10,'student','Exam Result','Result of Half Yearly exam has been delayed.',1,'2018-12-19 16:45:08'),(349,2,11,'student','Exam Result','Result of Half Yearly exam has been delayed.',1,'2018-12-19 16:45:08'),(350,2,13,'student','Exam Result','Result of Half Yearly exam has been delayed.',1,'2018-12-19 16:45:08'),(863,2,10,'student','Exam Result','Result of Half Yearly exam has been announced.',1,'2018-12-23 22:11:06'),(353,2,10,'student','Exam Result','Result of Half Yearly exam has been announced.',1,'2018-12-19 16:45:25'),(354,2,11,'student','Exam Result','Result of Half Yearly exam has been announced.',1,'2018-12-19 16:45:25'),(355,2,13,'student','Exam Result','Result of Half Yearly exam has been announced.',1,'2018-12-19 16:45:25'),(862,2,5,'student','Exam Result','Result of Half Yearly exam has been announced.',1,'2018-12-23 22:11:06'),(1005,2,13,'student','Event Added','An Event has been created in your school.',1,'2018-12-24 18:50:25'),(757,2,5,'student','Exam Result','Result of Half Yearly exam has been delayed.',1,'2018-12-22 14:42:23'),(358,2,10,'student','Exam Result','Result of Half Yearly exam has been delayed.',1,'2018-12-19 16:46:00'),(359,2,11,'student','Exam Result','Result of Half Yearly exam has been delayed.',1,'2018-12-19 16:46:00'),(360,2,13,'student','Exam Result','Result of Half Yearly exam has been delayed.',1,'2018-12-19 16:46:00'),(1006,2,2,'teacher','Event Added','An Event has been created in your school.',0,'2018-12-24 18:50:25'),(363,2,10,'student','Exam Result','Result of Half Yearly exam has been announced.',1,'2018-12-19 16:46:35'),(364,2,11,'student','Exam Result','Result of Half Yearly exam has been announced.',1,'2018-12-19 16:46:35'),(365,2,13,'student','Exam Result','Result of Half Yearly exam has been announced.',1,'2018-12-19 16:46:35'),(860,2,13,'student','Exam Result','Result of Half Yearly exam has been delayed.',1,'2018-12-23 22:10:57'),(755,2,13,'student','Exam Result','Result of Half Yearly exam has been announced.',1,'2018-12-22 14:42:04'),(368,2,10,'student','Exam Result','Result of Half Yearly exam has been delayed.',1,'2018-12-19 16:49:05'),(369,2,11,'student','Exam Result','Result of Half Yearly exam has been delayed.',1,'2018-12-19 16:49:05'),(370,2,13,'student','Exam Result','Result of Half Yearly exam has been delayed.',1,'2018-12-19 16:49:05'),(859,2,11,'student','Exam Result','Result of Half Yearly exam has been delayed.',1,'2018-12-23 22:10:57'),(754,2,11,'student','Exam Result','Result of Half Yearly exam has been announced.',1,'2018-12-22 14:42:04'),(373,2,10,'student','Exam Result','Result of Half Yearly exam has been announced.',1,'2018-12-19 17:16:33'),(374,2,11,'student','Exam Result','Result of Half Yearly exam has been announced.',1,'2018-12-19 17:16:33'),(375,2,13,'student','Exam Result','Result of Half Yearly exam has been announced.',1,'2018-12-19 17:16:33'),(858,2,10,'student','Exam Result','Result of Half Yearly exam has been delayed.',1,'2018-12-23 22:10:57'),(378,2,10,'student','Exam Result','Result of Half Yearly exam has been delayed.',1,'2018-12-19 17:38:30'),(379,2,11,'student','Exam Result','Result of Half Yearly exam has been delayed.',1,'2018-12-19 17:38:30'),(380,2,13,'student','Exam Result','Result of Half Yearly exam has been delayed.',1,'2018-12-19 17:38:30'),(753,2,10,'student','Exam Result','Result of Half Yearly exam has been announced.',1,'2018-12-22 14:42:04'),(383,2,10,'student','Exam Result','Result of Half Yearly exam has been announced.',1,'2018-12-19 17:42:47'),(384,2,11,'student','Exam Result','Result of Half Yearly exam has been announced.',1,'2018-12-19 17:42:47'),(385,2,13,'student','Exam Result','Result of Half Yearly exam has been announced.',1,'2018-12-19 17:42:47'),(1004,2,11,'student','Event Added','An Event has been created in your school.',1,'2018-12-24 18:50:25'),(857,2,5,'student','Exam Result','Result of Half Yearly exam has been delayed.',1,'2018-12-23 22:10:57'),(752,2,5,'student','Exam Result','Result of Half Yearly exam has been announced.',1,'2018-12-22 14:42:04'),(388,2,10,'student','Exam Result','Result of Half Yearly exam has been delayed.',1,'2018-12-19 17:42:59'),(389,2,11,'student','Exam Result','Result of Half Yearly exam has been delayed.',1,'2018-12-19 17:42:59'),(390,2,13,'student','Exam Result','Result of Half Yearly exam has been delayed.',1,'2018-12-19 17:42:59'),(1003,2,10,'student','Event Added','An Event has been created in your school.',1,'2018-12-24 18:50:25'),(393,2,10,'student','Exam Result','Result of Half Yearly exam has been announced.',1,'2018-12-19 17:43:42'),(394,2,11,'student','Exam Result','Result of Half Yearly exam has been announced.',1,'2018-12-19 17:43:42'),(395,2,13,'student','Exam Result','Result of Half Yearly exam has been announced.',1,'2018-12-19 17:43:42'),(855,2,13,'student','Exam Result','Result of Half Yearly exam has been announced.',1,'2018-12-23 22:10:46'),(750,2,13,'student','Exam Result','Result of Half Yearly exam has been delayed.',1,'2018-12-22 14:41:27'),(398,2,10,'student','Exam Result','Result of Half Yearly exam has been delayed.',1,'2018-12-19 17:43:59'),(399,2,11,'student','Exam Result','Result of Half Yearly exam has been delayed.',1,'2018-12-19 17:43:59'),(400,2,13,'student','Exam Result','Result of Half Yearly exam has been delayed.',1,'2018-12-19 17:43:59'),(854,2,11,'student','Exam Result','Result of Half Yearly exam has been announced.',1,'2018-12-23 22:10:46'),(749,2,11,'student','Exam Result','Result of Half Yearly exam has been delayed.',1,'2018-12-22 14:41:27'),(403,2,10,'student','Exam Result','Result of Half Yearly exam has been announced.',1,'2018-12-19 17:44:29'),(404,2,11,'student','Exam Result','Result of Half Yearly exam has been announced.',1,'2018-12-19 17:44:29'),(405,2,13,'student','Exam Result','Result of Half Yearly exam has been announced.',1,'2018-12-19 17:44:29'),(748,2,10,'student','Exam Result','Result of Half Yearly exam has been delayed.',1,'2018-12-22 14:41:27'),(408,2,10,'student','Exam Result','Result of Half Yearly exam has been delayed.',1,'2018-12-19 17:44:48'),(409,2,11,'student','Exam Result','Result of Half Yearly exam has been delayed.',1,'2018-12-19 17:44:48'),(410,2,13,'student','Exam Result','Result of Half Yearly exam has been delayed.',1,'2018-12-19 17:44:48'),(853,2,10,'student','Exam Result','Result of Half Yearly exam has been announced.',1,'2018-12-23 22:10:46'),(413,2,10,'student','Exam Result','Result of Half Yearly exam has been delayed.',1,'2018-12-19 17:44:53'),(414,2,11,'student','Exam Result','Result of Half Yearly exam has been delayed.',1,'2018-12-19 17:44:53'),(415,2,13,'student','Exam Result','Result of Half Yearly exam has been delayed.',1,'2018-12-19 17:44:53'),(852,2,5,'student','Exam Result','Result of Half Yearly exam has been announced.',1,'2018-12-23 22:10:46'),(747,2,5,'student','Exam Result','Result of Half Yearly exam has been delayed.',1,'2018-12-22 14:41:27'),(418,2,10,'student','Exam Result','Result of Half Yearly exam has been delayed.',1,'2018-12-19 17:45:30'),(419,2,11,'student','Exam Result','Result of Half Yearly exam has been delayed.',1,'2018-12-19 17:45:30'),(420,2,13,'student','Exam Result','Result of Half Yearly exam has been delayed.',1,'2018-12-19 17:45:30'),(1002,2,5,'student','Event Added','An Event has been created in your school.',1,'2018-12-24 18:50:25'),(1059,2,11,'student','Exam Result','Result of Half Yearly exam has been announced.',1,'2018-12-27 18:44:34'),(423,2,10,'student','Exam Result','Result of Half Yearly exam has been announced.',1,'2018-12-19 17:47:11'),(424,2,11,'student','Exam Result','Result of Half Yearly exam has been announced.',1,'2018-12-19 17:47:11'),(425,2,13,'student','Exam Result','Result of Half Yearly exam has been announced.',1,'2018-12-19 17:47:11'),(850,2,13,'student','Exam Result','Result of Half Yearly exam has been delayed.',1,'2018-12-23 22:00:56'),(745,2,13,'student','Exam Result','Result of Half Yearly exam has been announced.',1,'2018-12-22 14:39:50'),(428,2,10,'student','Exam Result','Result of Half Yearly exam has been delayed.',1,'2018-12-19 17:55:05'),(429,2,11,'student','Exam Result','Result of Half Yearly exam has been delayed.',1,'2018-12-19 17:55:05'),(430,2,13,'student','Exam Result','Result of Half Yearly exam has been delayed.',1,'2018-12-19 17:55:05'),(849,2,11,'student','Exam Result','Result of Half Yearly exam has been delayed.',1,'2018-12-23 22:00:56'),(744,2,11,'student','Exam Result','Result of Half Yearly exam has been announced.',1,'2018-12-22 14:39:50'),(433,2,10,'student','Exam Result','Result of Half Yearly exam has been announced.',1,'2018-12-19 17:55:38'),(434,2,11,'student','Exam Result','Result of Half Yearly exam has been announced.',1,'2018-12-19 17:55:38'),(435,2,13,'student','Exam Result','Result of Half Yearly exam has been announced.',1,'2018-12-19 17:55:38'),(848,2,10,'student','Exam Result','Result of Half Yearly exam has been delayed.',1,'2018-12-23 22:00:56'),(438,2,10,'student','Exam Result','Result of Half Yearly exam has been delayed.',1,'2018-12-19 18:00:23'),(439,2,11,'student','Exam Result','Result of Half Yearly exam has been delayed.',1,'2018-12-19 18:00:23'),(440,2,13,'student','Exam Result','Result of Half Yearly exam has been delayed.',1,'2018-12-19 18:00:23'),(743,2,10,'student','Exam Result','Result of Half Yearly exam has been announced.',1,'2018-12-22 14:39:50'),(443,2,10,'student','Exam Result','Result of Half Yearly exam has been announced.',1,'2018-12-19 18:00:55'),(444,2,11,'student','Exam Result','Result of Half Yearly exam has been announced.',1,'2018-12-19 18:00:55'),(445,2,13,'student','Exam Result','Result of Half Yearly exam has been announced.',1,'2018-12-19 18:00:55'),(1058,2,10,'student','Exam Result','Result of Half Yearly exam has been announced.',1,'2018-12-27 18:44:34'),(847,2,5,'student','Exam Result','Result of Half Yearly exam has been delayed.',1,'2018-12-23 22:00:56'),(742,2,5,'student','Exam Result','Result of Half Yearly exam has been announced.',1,'2018-12-22 14:39:50'),(448,2,10,'student','Exam Result','Result of Half Yearly exam has been delayed.',1,'2018-12-19 18:01:24'),(449,2,11,'student','Exam Result','Result of Half Yearly exam has been delayed.',1,'2018-12-19 18:01:24'),(450,2,13,'student','Exam Result','Result of Half Yearly exam has been delayed.',1,'2018-12-19 18:01:24'),(999,2,4,'teacher','Event Added','An Event has been created in your school.',1,'2018-12-24 18:49:30'),(453,2,10,'student','Exam Result','Result of Half Yearly exam has been announced.',1,'2018-12-19 18:26:13'),(454,2,11,'student','Exam Result','Result of Half Yearly exam has been announced.',1,'2018-12-19 18:26:13'),(455,2,13,'student','Exam Result','Result of Half Yearly exam has been announced.',1,'2018-12-19 18:26:13'),(845,2,13,'student','Exam Result','Result of Half Yearly exam has been announced.',1,'2018-12-23 22:00:46'),(740,2,13,'student','Exam Result','Result of Half Yearly exam has been delayed.',1,'2018-12-22 14:39:39'),(458,2,10,'student','Exam Result','Result of Half Yearly exam has been delayed.',1,'2018-12-19 18:26:33'),(459,2,11,'student','Exam Result','Result of Half Yearly exam has been delayed.',1,'2018-12-19 18:26:33'),(460,2,13,'student','Exam Result','Result of Half Yearly exam has been delayed.',1,'2018-12-19 18:26:33'),(844,2,11,'student','Exam Result','Result of Half Yearly exam has been announced.',1,'2018-12-23 22:00:46'),(739,2,11,'student','Exam Result','Result of Half Yearly exam has been delayed.',1,'2018-12-22 14:39:39'),(463,2,10,'student','Exam Result','Result of Half Yearly exam has been announced.',1,'2018-12-19 18:26:56'),(464,2,11,'student','Exam Result','Result of Half Yearly exam has been announced.',1,'2018-12-19 18:26:56'),(465,2,13,'student','Exam Result','Result of Half Yearly exam has been announced.',1,'2018-12-19 18:26:56'),(738,2,10,'student','Exam Result','Result of Half Yearly exam has been delayed.',1,'2018-12-22 14:39:39'),(468,2,10,'student','Exam Result','Result of Half Yearly exam has been delayed.',1,'2018-12-19 18:35:14'),(469,2,11,'student','Exam Result','Result of Half Yearly exam has been delayed.',1,'2018-12-19 18:35:14'),(470,2,13,'student','Exam Result','Result of Half Yearly exam has been delayed.',1,'2018-12-19 18:35:14'),(843,2,10,'student','Exam Result','Result of Half Yearly exam has been announced.',1,'2018-12-23 22:00:46'),(473,2,10,'student','Exam Result','Result of Half Yearly exam has been announced.',1,'2018-12-19 18:35:53'),(474,2,11,'student','Exam Result','Result of Half Yearly exam has been announced.',1,'2018-12-19 18:35:53'),(475,2,13,'student','Exam Result','Result of Half Yearly exam has been announced.',1,'2018-12-19 18:35:53'),(842,2,5,'student','Exam Result','Result of Half Yearly exam has been announced.',1,'2018-12-23 22:00:46'),(997,2,13,'student','Event Added','An Event has been created in your school.',1,'2018-12-24 18:49:30'),(737,2,5,'student','Exam Result','Result of Half Yearly exam has been delayed.',1,'2018-12-22 14:39:39'),(478,2,10,'student','Exam Result','Result of Half Yearly exam has been delayed.',1,'2018-12-19 18:36:12'),(479,2,11,'student','Exam Result','Result of Half Yearly exam has been delayed.',1,'2018-12-19 18:36:12'),(480,2,13,'student','Exam Result','Result of Half Yearly exam has been delayed.',1,'2018-12-19 18:36:12'),(998,2,2,'teacher','Event Added','An Event has been created in your school.',0,'2018-12-24 18:49:30'),(483,2,10,'student','Exam Result','Result of Half Yearly exam has been announced.',1,'2018-12-19 18:38:01'),(484,2,11,'student','Exam Result','Result of Half Yearly exam has been announced.',1,'2018-12-19 18:38:01'),(485,2,13,'student','Exam Result','Result of Half Yearly exam has been announced.',1,'2018-12-19 18:38:01'),(840,2,13,'student','Exam Result','Result of Half Yearly exam has been delayed.',1,'2018-12-23 22:00:34'),(735,2,13,'student','Exam Result','Result of Half Yearly exam has been announced.',1,'2018-12-22 14:39:07'),(488,2,10,'student','Exam Result','Result of Half Yearly exam has been delayed.',1,'2018-12-19 18:38:12'),(489,2,11,'student','Exam Result','Result of Half Yearly exam has been delayed.',1,'2018-12-19 18:38:12'),(490,2,13,'student','Exam Result','Result of Half Yearly exam has been delayed.',1,'2018-12-19 18:38:12'),(839,2,11,'student','Exam Result','Result of Half Yearly exam has been delayed.',1,'2018-12-23 22:00:34'),(734,2,11,'student','Exam Result','Result of Half Yearly exam has been announced.',1,'2018-12-22 14:39:07'),(493,2,10,'student','Exam Result','Result of Half Yearly exam has been announced.',1,'2018-12-19 18:38:43'),(494,2,11,'student','Exam Result','Result of Half Yearly exam has been announced.',1,'2018-12-19 18:38:43'),(495,2,13,'student','Exam Result','Result of Half Yearly exam has been announced.',1,'2018-12-19 18:38:43'),(838,2,10,'student','Exam Result','Result of Half Yearly exam has been delayed.',1,'2018-12-23 22:00:34'),(498,2,10,'student','Exam Result','Result of Half Yearly exam has been delayed.',1,'2018-12-19 18:38:56'),(499,2,11,'student','Exam Result','Result of Half Yearly exam has been delayed.',1,'2018-12-19 18:38:56'),(500,2,13,'student','Exam Result','Result of Half Yearly exam has been delayed.',1,'2018-12-19 18:38:56'),(837,2,5,'student','Exam Result','Result of Half Yearly exam has been delayed.',1,'2018-12-23 22:00:34'),(733,2,10,'student','Exam Result','Result of Half Yearly exam has been announced.',1,'2018-12-22 14:39:07'),(503,2,10,'student','Exam Result','Result of Half Yearly exam has been announced.',1,'2018-12-19 18:39:38'),(504,2,11,'student','Exam Result','Result of Half Yearly exam has been announced.',1,'2018-12-19 18:39:38'),(505,2,13,'student','Exam Result','Result of Half Yearly exam has been announced.',1,'2018-12-19 18:39:38'),(996,2,11,'student','Event Added','An Event has been created in your school.',1,'2018-12-24 18:49:30'),(732,2,5,'student','Exam Result','Result of Half Yearly exam has been announced.',1,'2018-12-22 14:39:07'),(508,2,10,'student','Exam Result','Result of Half Yearly exam has been delayed.',1,'2018-12-19 18:39:51'),(509,2,11,'student','Exam Result','Result of Half Yearly exam has been delayed.',1,'2018-12-19 18:39:51'),(510,2,13,'student','Exam Result','Result of Half Yearly exam has been delayed.',1,'2018-12-19 18:39:51'),(835,2,13,'student','Exam Result','Result of Half Yearly exam has been announced.',1,'2018-12-23 22:00:24'),(995,2,10,'student','Event Added','An Event has been created in your school.',1,'2018-12-24 18:49:30'),(513,2,10,'student','Exam Result','Result of Half Yearly exam has been announced.',1,'2018-12-19 18:40:43'),(514,2,11,'student','Exam Result','Result of Half Yearly exam has been announced.',1,'2018-12-19 18:40:43'),(515,2,13,'student','Exam Result','Result of Half Yearly exam has been announced.',1,'2018-12-19 18:40:43'),(730,2,13,'student','Exam Result','Result of Half Yearly exam has been delayed.',1,'2018-12-22 14:38:55'),(518,2,10,'student','Exam Result','Result of Half Yearly exam has been delayed.',1,'2018-12-19 18:40:49'),(519,2,11,'student','Exam Result','Result of Half Yearly exam has been delayed.',1,'2018-12-19 18:40:49'),(520,2,13,'student','Exam Result','Result of Half Yearly exam has been delayed.',1,'2018-12-19 18:40:49'),(834,2,11,'student','Exam Result','Result of Half Yearly exam has been announced.',1,'2018-12-23 22:00:24'),(729,2,11,'student','Exam Result','Result of Half Yearly exam has been delayed.',1,'2018-12-22 14:38:55'),(523,2,10,'student','Exam Result','Result of Half Yearly exam has been delayed.',1,'2018-12-19 18:41:17'),(524,2,11,'student','Exam Result','Result of Half Yearly exam has been delayed.',1,'2018-12-19 18:41:17'),(525,2,13,'student','Exam Result','Result of Half Yearly exam has been delayed.',1,'2018-12-19 18:41:17'),(833,2,10,'student','Exam Result','Result of Half Yearly exam has been announced.',1,'2018-12-23 22:00:24'),(728,2,10,'student','Exam Result','Result of Half Yearly exam has been delayed.',1,'2018-12-22 14:38:55'),(528,2,10,'student','Exam Result','Result of Half Yearly exam has been delayed.',1,'2018-12-19 18:41:29'),(529,2,11,'student','Exam Result','Result of Half Yearly exam has been delayed.',1,'2018-12-19 18:41:29'),(530,2,13,'student','Exam Result','Result of Half Yearly exam has been delayed.',1,'2018-12-19 18:41:29'),(727,2,5,'student','Exam Result','Result of Half Yearly exam has been delayed.',1,'2018-12-22 14:38:55'),(533,2,10,'student','Exam Result','Result of Half Yearly exam has been delayed.',1,'2018-12-19 18:41:33'),(534,2,11,'student','Exam Result','Result of Half Yearly exam has been delayed.',1,'2018-12-19 18:41:33'),(535,2,13,'student','Exam Result','Result of Half Yearly exam has been delayed.',1,'2018-12-19 18:41:33'),(1057,2,5,'student','Exam Result','Result of Half Yearly exam has been announced.',1,'2018-12-27 18:44:34'),(832,2,5,'student','Exam Result','Result of Half Yearly exam has been announced.',1,'2018-12-23 22:00:24'),(1068,21,18,'student','Circular','There is a new circular.',1,'2019-01-06 16:00:46'),(538,2,10,'student','Exam Result','Result of Half Yearly exam has been delayed.',1,'2018-12-19 18:42:17'),(539,2,11,'student','Exam Result','Result of Half Yearly exam has been delayed.',1,'2018-12-19 18:42:17'),(540,2,13,'student','Exam Result','Result of Half Yearly exam has been delayed.',1,'2018-12-19 18:42:17'),(994,2,5,'student','Event Added','An Event has been created in your school.',1,'2018-12-24 18:49:30'),(543,2,10,'student','Exam Result','Result of Half Yearly exam has been delayed.',1,'2018-12-19 18:42:30'),(544,2,11,'student','Exam Result','Result of Half Yearly exam has been delayed.',1,'2018-12-19 18:42:30'),(545,2,13,'student','Exam Result','Result of Half Yearly exam has been delayed.',1,'2018-12-19 18:42:30'),(830,2,13,'student','Exam Result','Result of Half Yearly exam has been delayed.',1,'2018-12-22 16:07:20'),(725,2,13,'student','Exam Result','Result of Half Yearly exam has been announced.',1,'2018-12-22 14:38:23'),(548,2,10,'student','Exam Result','Result of Half Yearly exam has been delayed.',1,'2018-12-19 18:52:03'),(549,2,11,'student','Exam Result','Result of Half Yearly exam has been delayed.',1,'2018-12-19 18:52:03'),(550,2,13,'student','Exam Result','Result of Half Yearly exam has been delayed.',1,'2018-12-19 18:52:03'),(829,2,11,'student','Exam Result','Result of Half Yearly exam has been delayed.',1,'2018-12-22 16:07:20'),(553,2,10,'student','Exam Result','Result of Half Yearly exam has been delayed.',1,'2018-12-19 18:52:24'),(554,2,11,'student','Exam Result','Result of Half Yearly exam has been delayed.',1,'2018-12-19 18:52:24'),(555,2,13,'student','Exam Result','Result of Half Yearly exam has been delayed.',1,'2018-12-19 18:52:24'),(828,2,10,'student','Exam Result','Result of Half Yearly exam has been delayed.',1,'2018-12-22 16:07:20'),(724,2,11,'student','Exam Result','Result of Half Yearly exam has been announced.',1,'2018-12-22 14:38:23'),(558,2,10,'student','Exam Result','Result of Half Yearly exam has been delayed.',1,'2018-12-19 18:52:46'),(559,2,11,'student','Exam Result','Result of Half Yearly exam has been delayed.',1,'2018-12-19 18:52:46'),(560,2,13,'student','Exam Result','Result of Half Yearly exam has been delayed.',1,'2018-12-19 18:52:46'),(827,2,5,'student','Exam Result','Result of Half Yearly exam has been delayed.',1,'2018-12-22 16:07:20'),(723,2,10,'student','Exam Result','Result of Half Yearly exam has been announced.',1,'2018-12-22 14:38:23'),(563,2,10,'student','Exam Result','Result of Half Yearly exam has been delayed.',1,'2018-12-19 18:56:36'),(564,2,11,'student','Exam Result','Result of Half Yearly exam has been delayed.',1,'2018-12-19 18:56:36'),(565,2,13,'student','Exam Result','Result of Half Yearly exam has been delayed.',1,'2018-12-19 18:56:36'),(568,2,10,'student','Exam Result','Result of Half Yearly exam has been delayed.',1,'2018-12-19 18:57:11'),(569,2,11,'student','Exam Result','Result of Half Yearly exam has been delayed.',1,'2018-12-19 18:57:11'),(570,2,13,'student','Exam Result','Result of Half Yearly exam has been delayed.',1,'2018-12-19 18:57:11'),(722,2,5,'student','Exam Result','Result of Half Yearly exam has been announced.',1,'2018-12-22 14:38:23'),(573,2,10,'student','Exam Result','Result of Half Yearly exam has been delayed.',1,'2018-12-19 18:57:38'),(574,2,11,'student','Exam Result','Result of Half Yearly exam has been delayed.',1,'2018-12-19 18:57:38'),(575,2,13,'student','Exam Result','Result of Half Yearly exam has been delayed.',1,'2018-12-19 18:57:38'),(825,2,13,'student','Exam Result','Result of Half Yearly exam has been announced.',1,'2018-12-22 16:05:37'),(991,2,4,'teacher','Event Added','An Event has been created in your school.',1,'2018-12-24 17:51:26'),(578,2,10,'student','Exam Result','Result of Half Yearly exam has been delayed.',1,'2018-12-19 18:57:52'),(579,2,11,'student','Exam Result','Result of Half Yearly exam has been delayed.',1,'2018-12-19 18:57:52'),(580,2,13,'student','Exam Result','Result of Half Yearly exam has been delayed.',1,'2018-12-19 18:57:52'),(720,2,13,'student','Exam Result','Result of Half Yearly exam has been delayed.',1,'2018-12-22 14:38:01'),(583,2,10,'student','Exam Result','Result of Half Yearly exam has been delayed.',1,'2018-12-19 19:00:00'),(584,2,11,'student','Exam Result','Result of Half Yearly exam has been delayed.',1,'2018-12-19 19:00:00'),(585,2,13,'student','Exam Result','Result of Half Yearly exam has been delayed.',1,'2018-12-19 19:00:00'),(824,2,11,'student','Exam Result','Result of Half Yearly exam has been announced.',1,'2018-12-22 16:05:37'),(719,2,11,'student','Exam Result','Result of Half Yearly exam has been delayed.',1,'2018-12-22 14:38:01'),(588,2,10,'student','Exam Result','Result of Half Yearly exam has been delayed.',1,'2018-12-19 19:01:51'),(589,2,11,'student','Exam Result','Result of Half Yearly exam has been delayed.',1,'2018-12-19 19:01:51'),(590,2,13,'student','Exam Result','Result of Half Yearly exam has been delayed.',1,'2018-12-19 19:01:51'),(823,2,10,'student','Exam Result','Result of Half Yearly exam has been announced.',1,'2018-12-22 16:05:37'),(718,2,10,'student','Exam Result','Result of Half Yearly exam has been delayed.',1,'2018-12-22 14:38:01'),(593,2,10,'student','Exam Result','Result of Half Yearly exam has been delayed.',1,'2018-12-19 19:02:03'),(594,2,11,'student','Exam Result','Result of Half Yearly exam has been delayed.',1,'2018-12-19 19:02:03'),(595,2,13,'student','Exam Result','Result of Half Yearly exam has been delayed.',1,'2018-12-19 19:02:03'),(717,2,5,'student','Exam Result','Result of Half Yearly exam has been delayed.',1,'2018-12-22 14:38:01'),(598,2,10,'student','Exam Result','Result of Half Yearly exam has been delayed.',1,'2018-12-19 19:02:11'),(599,2,11,'student','Exam Result','Result of Half Yearly exam has been delayed.',1,'2018-12-19 19:02:11'),(600,2,13,'student','Exam Result','Result of Half Yearly exam has been delayed.',1,'2018-12-19 19:02:11'),(822,2,5,'student','Exam Result','Result of Half Yearly exam has been announced.',1,'2018-12-22 16:05:37'),(988,2,11,'student','Event Added','An Event has been created in your school.',1,'2018-12-24 17:51:26'),(603,2,10,'student','Exam Result','Result of Half Yearly exam has been delayed.',1,'2018-12-19 19:02:13'),(604,2,11,'student','Exam Result','Result of Half Yearly exam has been delayed.',1,'2018-12-19 19:02:13'),(605,2,13,'student','Exam Result','Result of Half Yearly exam has been delayed.',1,'2018-12-19 19:02:13'),(990,2,2,'teacher','Event Added','An Event has been created in your school.',0,'2018-12-24 17:51:26'),(989,2,13,'student','Event Added','An Event has been created in your school.',1,'2018-12-24 17:51:26'),(608,2,10,'student','Exam Result','Result of Half Yearly exam has been delayed.',1,'2018-12-19 19:02:14'),(609,2,11,'student','Exam Result','Result of Half Yearly exam has been delayed.',1,'2018-12-19 19:02:14'),(610,2,13,'student','Exam Result','Result of Half Yearly exam has been delayed.',1,'2018-12-19 19:02:14'),(820,2,13,'student','Exam Result','Result of Half Yearly exam has been delayed.',1,'2018-12-22 16:05:22'),(715,2,13,'student','Exam Result','Result of Half Yearly exam has been announced.',1,'2018-12-22 14:37:23'),(613,2,10,'student','Exam Result','Result of Half Yearly exam has been delayed.',1,'2018-12-19 19:02:15'),(614,2,11,'student','Exam Result','Result of Half Yearly exam has been delayed.',1,'2018-12-19 19:02:15'),(615,2,13,'student','Exam Result','Result of Half Yearly exam has been delayed.',1,'2018-12-19 19:02:15'),(819,2,11,'student','Exam Result','Result of Half Yearly exam has been delayed.',1,'2018-12-22 16:05:22'),(714,2,11,'student','Exam Result','Result of Half Yearly exam has been announced.',1,'2018-12-22 14:37:23'),(618,2,10,'student','Exam Result','Result of Half Yearly exam has been announced.',1,'2018-12-19 19:02:32'),(619,2,11,'student','Exam Result','Result of Half Yearly exam has been announced.',1,'2018-12-19 19:02:32'),(620,2,13,'student','Exam Result','Result of Half Yearly exam has been announced.',1,'2018-12-19 19:02:32'),(818,2,10,'student','Exam Result','Result of Half Yearly exam has been delayed.',1,'2018-12-22 16:05:22'),(623,2,10,'student','Exam Result','Result of Half Yearly exam has been delayed.',1,'2018-12-19 19:03:09'),(624,2,11,'student','Exam Result','Result of Half Yearly exam has been delayed.',1,'2018-12-19 19:03:09'),(625,2,13,'student','Exam Result','Result of Half Yearly exam has been delayed.',1,'2018-12-19 19:03:09'),(713,2,10,'student','Exam Result','Result of Half Yearly exam has been announced.',1,'2018-12-22 14:37:23'),(628,2,10,'student','Exam Result','Result of Half Yearly exam has been announced.',1,'2018-12-19 19:03:40'),(629,2,11,'student','Exam Result','Result of Half Yearly exam has been announced.',1,'2018-12-19 19:03:40'),(630,2,13,'student','Exam Result','Result of Half Yearly exam has been announced.',1,'2018-12-19 19:03:40'),(987,2,10,'student','Event Added','An Event has been created in your school.',1,'2018-12-24 17:51:26'),(817,2,5,'student','Exam Result','Result of Half Yearly exam has been delayed.',1,'2018-12-22 16:05:22'),(712,2,5,'student','Exam Result','Result of Half Yearly exam has been announced.',1,'2018-12-22 14:37:23'),(633,2,10,'student','Exam Result','Result of Half Yearly exam has been delayed.',1,'2018-12-19 19:04:53'),(634,2,11,'student','Exam Result','Result of Half Yearly exam has been delayed.',1,'2018-12-19 19:04:53'),(635,2,13,'student','Exam Result','Result of Half Yearly exam has been delayed.',1,'2018-12-19 19:04:53'),(986,2,5,'student','Event Added','An Event has been created in your school.',1,'2018-12-24 17:51:26'),(638,2,10,'student','Exam Result','Result of Half Yearly exam has been announced.',1,'2018-12-19 19:15:43'),(639,2,11,'student','Exam Result','Result of Half Yearly exam has been announced.',1,'2018-12-19 19:15:43'),(640,2,13,'student','Exam Result','Result of Half Yearly exam has been announced.',1,'2018-12-19 19:15:43'),(815,2,13,'student','Exam Result','Result of Half Yearly exam has been announced.',1,'2018-12-22 16:01:25'),(710,2,13,'student','Exam Result','Result of Half Yearly exam has been delayed.',1,'2018-12-22 14:37:10'),(643,2,10,'student','Exam Result','Result of Half Yearly exam has been delayed.',1,'2018-12-19 19:15:59'),(644,2,11,'student','Exam Result','Result of Half Yearly exam has been delayed.',1,'2018-12-19 19:15:59'),(645,2,13,'student','Exam Result','Result of Half Yearly exam has been delayed.',1,'2018-12-19 19:15:59'),(814,2,11,'student','Exam Result','Result of Half Yearly exam has been announced.',1,'2018-12-22 16:01:25'),(709,2,11,'student','Exam Result','Result of Half Yearly exam has been delayed.',1,'2018-12-22 14:37:10'),(648,2,10,'student','Exam Result','Result of Half Yearly exam has been announced.',1,'2018-12-19 19:16:18'),(649,2,11,'student','Exam Result','Result of Half Yearly exam has been announced.',1,'2018-12-19 19:16:18'),(650,2,13,'student','Exam Result','Result of Half Yearly exam has been announced.',1,'2018-12-19 19:16:18'),(708,2,10,'student','Exam Result','Result of Half Yearly exam has been delayed.',1,'2018-12-22 14:37:10'),(653,2,10,'student','Exam Result','Result of Half Yearly exam has been delayed.',1,'2018-12-19 19:16:41'),(654,2,11,'student','Exam Result','Result of Half Yearly exam has been delayed.',1,'2018-12-19 19:16:41'),(655,2,13,'student','Exam Result','Result of Half Yearly exam has been delayed.',1,'2018-12-19 19:16:41'),(813,2,10,'student','Exam Result','Result of Half Yearly exam has been announced.',1,'2018-12-22 16:01:25'),(658,2,10,'student','Exam Result','Result of Half Yearly exam has been announced.',1,'2018-12-19 19:16:47'),(659,2,11,'student','Exam Result','Result of Half Yearly exam has been announced.',1,'2018-12-19 19:16:47'),(660,2,13,'student','Exam Result','Result of Half Yearly exam has been announced.',1,'2018-12-19 19:16:47'),(812,2,5,'student','Exam Result','Result of Half Yearly exam has been announced.',1,'2018-12-22 16:01:25'),(707,2,5,'student','Exam Result','Result of Half Yearly exam has been delayed.',1,'2018-12-22 14:37:10'),(663,2,10,'student','Exam Result','Result of Half Yearly exam has been delayed.',1,'2018-12-19 19:17:05'),(664,2,11,'student','Exam Result','Result of Half Yearly exam has been delayed.',1,'2018-12-19 19:17:05'),(665,2,13,'student','Exam Result','Result of Half Yearly exam has been delayed.',1,'2018-12-19 19:17:05'),(1062,2,5,'student','Assignment','A new assignment has been posted.',1,'2018-12-31 12:10:37'),(1843,21,17,'student','Event Added','An Event has been created in your school.',1,'2019-01-21 13:32:11'),(668,2,10,'student','Exam Result','Result of Half Yearly exam has been announced.',1,'2018-12-19 19:17:14'),(669,2,11,'student','Exam Result','Result of Half Yearly exam has been announced.',1,'2018-12-19 19:17:14'),(670,2,13,'student','Exam Result','Result of Half Yearly exam has been announced.',1,'2018-12-19 19:17:14'),(700,2,13,'student','Exam Result','Result of Half Yearly exam has been delayed.',1,'2018-12-19 19:30:27'),(705,2,13,'student','Exam Result','Result of Half Yearly exam has been announced.',1,'2018-12-22 14:36:41'),(673,2,10,'student','Exam Result','Result of Half Yearly exam has been delayed.',1,'2018-12-19 19:18:05'),(674,2,11,'student','Exam Result','Result of Half Yearly exam has been delayed.',1,'2018-12-19 19:18:05'),(675,2,13,'student','Exam Result','Result of Half Yearly exam has been delayed.',1,'2018-12-19 19:18:05'),(699,2,11,'student','Exam Result','Result of Half Yearly exam has been delayed.',1,'2018-12-19 19:30:27'),(704,2,11,'student','Exam Result','Result of Half Yearly exam has been announced.',1,'2018-12-22 14:36:41'),(678,2,10,'student','Exam Result','Result of Half Yearly exam has been announced.',1,'2018-12-19 19:18:17'),(679,2,11,'student','Exam Result','Result of Half Yearly exam has been announced.',1,'2018-12-19 19:18:17'),(680,2,13,'student','Exam Result','Result of Half Yearly exam has been announced.',1,'2018-12-19 19:18:17'),(698,2,10,'student','Exam Result','Result of Half Yearly exam has been delayed.',1,'2018-12-19 19:30:27'),(683,2,10,'student','Exam Result','Result of Half Yearly exam has been delayed.',1,'2018-12-19 19:28:45'),(684,2,11,'student','Exam Result','Result of Half Yearly exam has been delayed.',1,'2018-12-19 19:28:45'),(685,2,13,'student','Exam Result','Result of Half Yearly exam has been delayed.',1,'2018-12-19 19:28:45'),(703,2,10,'student','Exam Result','Result of Half Yearly exam has been announced.',1,'2018-12-22 14:36:41'),(702,2,5,'student','Exam Result','Result of Half Yearly exam has been announced.',1,'2018-12-22 14:36:41'),(688,2,10,'student','Exam Result','Result of Half Yearly exam has been delayed.',1,'2018-12-19 19:29:00'),(689,2,11,'student','Exam Result','Result of Half Yearly exam has been delayed.',1,'2018-12-19 19:29:00'),(690,2,13,'student','Exam Result','Result of Half Yearly exam has been delayed.',1,'2018-12-19 19:29:00'),(810,2,13,'student','Exam Result','Result of Half Yearly exam has been delayed.',1,'2018-12-22 16:01:15'),(983,2,4,'teacher','Event Added','An Event has been created in your school.',1,'2018-12-24 17:50:41'),(693,2,10,'student','Exam Result','Result of Half Yearly exam has been announced.',1,'2018-12-19 19:30:12'),(694,2,11,'student','Exam Result','Result of Half Yearly exam has been announced.',1,'2018-12-19 19:30:12'),(695,2,13,'student','Exam Result','Result of Half Yearly exam has been announced.',1,'2018-12-19 19:30:12'),(867,2,5,'student','Exam Result','Result of Half Yearly exam has been delayed.',1,'2018-12-23 22:18:19'),(868,2,10,'student','Exam Result','Result of Half Yearly exam has been delayed.',1,'2018-12-23 22:18:19'),(869,2,11,'student','Exam Result','Result of Half Yearly exam has been delayed.',1,'2018-12-23 22:18:19'),(870,2,13,'student','Exam Result','Result of Half Yearly exam has been delayed.',1,'2018-12-23 22:18:19'),(902,2,13,'student','Exam Result','Result of Half Yearly exam has been delayed.',1,'2018-12-24 13:17:09'),(872,2,5,'student','Exam Result','Result of Half Yearly exam has been announced.',1,'2018-12-23 22:42:24'),(873,2,10,'student','Exam Result','Result of Half Yearly exam has been announced.',1,'2018-12-23 22:42:24'),(874,2,11,'student','Exam Result','Result of Half Yearly exam has been announced.',1,'2018-12-23 22:42:24'),(875,2,13,'student','Exam Result','Result of Half Yearly exam has been announced.',1,'2018-12-23 22:42:24'),(877,2,5,'student','Exam Result','Result of Half Yearly exam has been delayed.',1,'2018-12-23 22:42:37'),(878,2,10,'student','Exam Result','Result of Half Yearly exam has been delayed.',1,'2018-12-23 22:42:37'),(879,2,11,'student','Exam Result','Result of Half Yearly exam has been delayed.',1,'2018-12-23 22:42:37'),(880,2,13,'student','Exam Result','Result of Half Yearly exam has been delayed.',1,'2018-12-23 22:42:37'),(982,2,2,'teacher','Event Added','An Event has been created in your school.',0,'2018-12-24 17:50:41'),(904,2,5,'student','Exam Result','Result of Half Yearly exam has been announced.',1,'2018-12-24 13:19:35'),(882,2,5,'student','Exam Result','Result of Half Yearly exam has been announced.',1,'2018-12-23 22:42:48'),(883,2,10,'student','Exam Result','Result of Half Yearly exam has been announced.',1,'2018-12-23 22:42:48'),(884,2,11,'student','Exam Result','Result of Half Yearly exam has been announced.',1,'2018-12-23 22:42:48'),(885,2,13,'student','Exam Result','Result of Half Yearly exam has been announced.',1,'2018-12-23 22:42:48'),(981,2,13,'student','Event Added','An Event has been created in your school.',1,'2018-12-24 17:50:41'),(887,2,5,'student','Exam Result','Result of Half Yearly exam has been delayed.',1,'2018-12-23 22:43:22'),(888,2,10,'student','Exam Result','Result of Half Yearly exam has been delayed.',1,'2018-12-23 22:43:22'),(889,2,11,'student','Exam Result','Result of Half Yearly exam has been delayed.',1,'2018-12-23 22:43:22'),(890,2,13,'student','Exam Result','Result of Half Yearly exam has been delayed.',1,'2018-12-23 22:43:22'),(980,2,11,'student','Event Added','An Event has been created in your school.',1,'2018-12-24 17:50:41'),(892,2,5,'student','Exam Result','Result of Half Yearly exam has been announced.',1,'2018-12-23 22:43:34'),(893,2,10,'student','Exam Result','Result of Half Yearly exam has been announced.',1,'2018-12-23 22:43:34'),(894,2,11,'student','Exam Result','Result of Half Yearly exam has been announced.',1,'2018-12-23 22:43:34'),(895,2,13,'student','Exam Result','Result of Half Yearly exam has been announced.',1,'2018-12-23 22:43:34'),(905,2,10,'student','Exam Result','Result of Half Yearly exam has been announced.',1,'2018-12-24 13:19:35'),(906,2,11,'student','Exam Result','Result of Half Yearly exam has been announced.',1,'2018-12-24 13:19:35'),(907,2,13,'student','Exam Result','Result of Half Yearly exam has been announced.',1,'2018-12-24 13:19:35'),(979,2,10,'student','Event Added','An Event has been created in your school.',1,'2018-12-24 17:50:41'),(909,2,5,'student','Exam Result','Result of Half Yearly exam has been delayed.',1,'2018-12-24 13:19:46'),(910,2,10,'student','Exam Result','Result of Half Yearly exam has been delayed.',1,'2018-12-24 13:19:46'),(911,2,11,'student','Exam Result','Result of Half Yearly exam has been delayed.',1,'2018-12-24 13:19:46'),(912,2,13,'student','Exam Result','Result of Half Yearly exam has been delayed.',1,'2018-12-24 13:19:46'),(978,2,5,'student','Event Added','An Event has been created in your school.',1,'2018-12-24 17:50:41'),(914,2,5,'student','Exam Result','Result of Half Yearly exam has been announced.',1,'2018-12-24 13:20:00'),(915,2,10,'student','Exam Result','Result of Half Yearly exam has been announced.',1,'2018-12-24 13:20:00'),(916,2,11,'student','Exam Result','Result of Half Yearly exam has been announced.',1,'2018-12-24 13:20:00'),(917,2,13,'student','Exam Result','Result of Half Yearly exam has been announced.',1,'2018-12-24 13:20:00'),(1055,2,13,'student','Exam Result','Result of Half Yearly exam has been delayed.',1,'2018-12-27 18:44:18'),(919,2,5,'student','Exam Result','Result of Half Yearly exam has been delayed.',1,'2018-12-24 13:20:18'),(920,2,10,'student','Exam Result','Result of Half Yearly exam has been delayed.',1,'2018-12-24 13:20:18'),(921,2,11,'student','Exam Result','Result of Half Yearly exam has been delayed.',1,'2018-12-24 13:20:18'),(922,2,13,'student','Exam Result','Result of Half Yearly exam has been delayed.',1,'2018-12-24 13:20:18'),(924,2,5,'student','Exam Result','Result of Half Yearly exam has been announced.',1,'2018-12-24 13:20:28'),(925,2,10,'student','Exam Result','Result of Half Yearly exam has been announced.',1,'2018-12-24 13:20:28'),(926,2,11,'student','Exam Result','Result of Half Yearly exam has been announced.',1,'2018-12-24 13:20:28'),(927,2,13,'student','Exam Result','Result of Half Yearly exam has been announced.',1,'2018-12-24 13:20:28'),(975,2,4,'teacher','Event Added','An Event has been created in your school.',1,'2018-12-24 17:47:18'),(929,2,5,'student','Exam Result','Result of Half Yearly exam has been delayed.',1,'2018-12-24 13:20:42'),(930,2,10,'student','Exam Result','Result of Half Yearly exam has been delayed.',1,'2018-12-24 13:20:42'),(931,2,11,'student','Exam Result','Result of Half Yearly exam has been delayed.',1,'2018-12-24 13:20:42'),(932,2,13,'student','Exam Result','Result of Half Yearly exam has been delayed.',1,'2018-12-24 13:20:42'),(974,2,2,'teacher','Event Added','An Event has been created in your school.',0,'2018-12-24 17:47:18'),(934,2,5,'student','Exam Result','Result of Half Yearly exam has been announced.',1,'2018-12-24 13:21:07'),(935,2,10,'student','Exam Result','Result of Half Yearly exam has been announced.',1,'2018-12-24 13:21:07'),(936,2,11,'student','Exam Result','Result of Half Yearly exam has been announced.',1,'2018-12-24 13:21:07'),(937,2,13,'student','Exam Result','Result of Half Yearly exam has been announced.',1,'2018-12-24 13:21:07'),(973,2,13,'student','Event Added','An Event has been created in your school.',1,'2018-12-24 17:47:18'),(939,2,5,'student','Exam Result','Result of Half Yearly exam has been delayed.',1,'2018-12-24 13:21:12'),(940,2,10,'student','Exam Result','Result of Half Yearly exam has been delayed.',1,'2018-12-24 13:21:12'),(941,2,11,'student','Exam Result','Result of Half Yearly exam has been delayed.',1,'2018-12-24 13:21:12'),(942,2,13,'student','Exam Result','Result of Half Yearly exam has been delayed.',1,'2018-12-24 13:21:12'),(972,2,11,'student','Event Added','An Event has been created in your school.',1,'2018-12-24 17:47:18'),(944,2,5,'student','Exam Result','Result of Half Yearly exam has been announced.',1,'2018-12-24 13:21:23'),(945,2,10,'student','Exam Result','Result of Half Yearly exam has been announced.',1,'2018-12-24 13:21:23'),(946,2,11,'student','Exam Result','Result of Half Yearly exam has been announced.',1,'2018-12-24 13:21:23'),(947,2,13,'student','Exam Result','Result of Half Yearly exam has been announced.',1,'2018-12-24 13:21:23'),(971,2,10,'student','Event Added','An Event has been created in your school.',1,'2018-12-24 17:47:18'),(949,2,5,'student','Exam Result','Result of Half Yearly exam has been delayed.',1,'2018-12-24 13:21:43'),(950,2,10,'student','Exam Result','Result of Half Yearly exam has been delayed.',1,'2018-12-24 13:21:43'),(951,2,11,'student','Exam Result','Result of Half Yearly exam has been delayed.',1,'2018-12-24 13:21:43'),(952,2,13,'student','Exam Result','Result of Half Yearly exam has been delayed.',1,'2018-12-24 13:21:43'),(970,2,5,'student','Event Added','An Event has been created in your school.',1,'2018-12-24 17:47:18'),(954,2,5,'student','Exam Result','Result of Half Yearly exam has been announced.',1,'2018-12-24 13:21:56'),(955,2,10,'student','Exam Result','Result of Half Yearly exam has been announced.',1,'2018-12-24 13:21:56'),(956,2,11,'student','Exam Result','Result of Half Yearly exam has been announced.',1,'2018-12-24 13:21:56'),(957,2,13,'student','Exam Result','Result of Half Yearly exam has been announced.',1,'2018-12-24 13:21:56'),(959,2,5,'student','Exam Result','Result of Half Yearly exam has been delayed.',1,'2018-12-24 13:22:07'),(960,2,10,'student','Exam Result','Result of Half Yearly exam has been delayed.',1,'2018-12-24 13:22:07'),(961,2,11,'student','Exam Result','Result of Half Yearly exam has been delayed.',1,'2018-12-24 13:22:07'),(962,2,13,'student','Exam Result','Result of Half Yearly exam has been delayed.',1,'2018-12-24 13:22:07'),(1065,2,13,'student','Assignment','A new assignment has been posted.',1,'2018-12-31 12:10:37'),(964,2,5,'student','Exam Result','Result of Half Yearly exam has been announced.',1,'2018-12-24 13:22:20'),(965,2,10,'student','Exam Result','Result of Half Yearly exam has been announced.',1,'2018-12-24 13:22:20'),(966,2,11,'student','Exam Result','Result of Half Yearly exam has been announced.',1,'2018-12-24 13:22:20'),(967,2,13,'student','Exam Result','Result of Half Yearly exam has been announced.',1,'2018-12-24 13:22:20'),(1020,2,10,'student','Assignment','A new assignment has been posted.',1,'2018-12-26 14:50:19'),(1021,2,11,'student','Assignment','A new assignment has been posted.',1,'2018-12-26 14:50:19'),(1022,2,13,'student','Assignment','A new assignment has been posted.',1,'2018-12-26 14:50:19'),(1054,2,11,'student','Exam Result','Result of Half Yearly exam has been delayed.',1,'2018-12-27 18:44:18'),(1024,2,5,'student','Assignment','A new assignment has been posted.',1,'2018-12-26 14:50:40'),(1025,2,10,'student','Assignment','A new assignment has been posted.',1,'2018-12-26 14:50:40'),(1026,2,11,'student','Assignment','A new assignment has been posted.',1,'2018-12-26 14:50:40'),(1027,2,13,'student','Assignment','A new assignment has been posted.',1,'2018-12-26 14:50:40'),(1053,2,10,'student','Exam Result','Result of Half Yearly exam has been delayed.',1,'2018-12-27 18:44:18'),(1029,2,5,'student','Assignment','A new assignment has been posted.',1,'2018-12-26 14:56:48'),(1030,2,10,'student','Assignment','A new assignment has been posted.',1,'2018-12-26 14:56:48'),(1031,2,11,'student','Assignment','A new assignment has been posted.',1,'2018-12-26 14:56:48'),(1032,2,13,'student','Assignment','A new assignment has been posted.',1,'2018-12-26 14:56:48'),(1034,2,5,'student','Assignment','A new assignment has been posted.',1,'2018-12-26 14:57:48'),(1035,2,10,'student','Assignment','A new assignment has been posted.',1,'2018-12-26 14:57:48'),(1036,2,11,'student','Assignment','A new assignment has been posted.',1,'2018-12-26 14:57:48'),(1037,2,13,'student','Assignment','A new assignment has been posted.',1,'2018-12-26 14:57:49'),(1061,2,2,'student','Assignment','A new assignment has been posted.',0,'2018-12-31 12:10:37'),(1052,2,5,'student','Exam Result','Result of Half Yearly exam has been delayed.',1,'2018-12-27 18:44:18'),(1040,2,5,'student','Event Added','An Event has been created in your school.',1,'2018-12-26 18:13:27'),(1041,2,10,'student','Event Added','An Event has been created in your school.',1,'2018-12-26 18:13:27'),(1042,2,11,'student','Event Added','An Event has been created in your school.',1,'2018-12-26 18:13:27'),(1043,2,13,'student','Event Added','An Event has been created in your school.',1,'2018-12-26 18:13:27'),(1044,2,2,'teacher','Event Added','An Event has been created in your school.',0,'2018-12-26 18:13:27'),(1045,2,4,'teacher','Event Added','An Event has been created in your school.',1,'2018-12-26 18:13:27'),(1047,2,5,'student','Assignment','A new assignment has been posted.',1,'2018-12-26 18:15:38'),(1048,2,10,'student','Assignment','A new assignment has been posted.',1,'2018-12-26 18:15:38'),(1049,2,11,'student','Assignment','A new assignment has been posted.',1,'2018-12-26 18:15:38'),(1050,2,13,'student','Assignment','A new assignment has been posted.',1,'2018-12-26 18:15:38'),(1069,21,19,'student','Circular','There is a new circular.',1,'2019-01-06 16:00:46'),(1070,21,20,'student','Circular','There is a new circular.',1,'2019-01-06 16:00:46'),(1071,21,21,'student','Circular','There is a new circular.',1,'2019-01-06 16:00:46'),(1072,21,22,'student','Circular','There is a new circular.',1,'2019-01-06 16:00:46'),(1073,21,23,'student','Circular','There is a new circular.',1,'2019-01-06 16:00:46'),(1074,21,24,'student','Circular','There is a new circular.',1,'2019-01-06 16:00:46'),(1075,21,25,'student','Circular','There is a new circular.',1,'2019-01-06 16:00:46'),(1076,21,26,'student','Circular','There is a new circular.',1,'2019-01-06 16:00:46'),(1077,21,27,'student','Circular','There is a new circular.',1,'2019-01-06 16:00:46'),(1078,21,28,'student','Circular','There is a new circular.',1,'2019-01-06 16:00:46'),(1079,21,29,'student','Circular','There is a new circular.',1,'2019-01-06 16:00:46'),(1080,21,30,'student','Circular','There is a new circular.',1,'2019-01-06 16:00:46'),(1081,21,31,'student','Circular','There is a new circular.',1,'2019-01-06 16:00:46'),(1082,21,32,'student','Circular','There is a new circular.',1,'2019-01-06 16:00:46'),(1083,21,33,'student','Circular','There is a new circular.',1,'2019-01-06 16:00:46'),(1084,21,34,'student','Circular','There is a new circular.',1,'2019-01-06 16:00:46'),(1085,21,35,'student','Circular','There is a new circular.',1,'2019-01-06 16:00:47'),(1086,21,36,'student','Circular','There is a new circular.',1,'2019-01-06 16:00:47'),(1087,21,37,'student','Circular','There is a new circular.',1,'2019-01-06 16:00:47'),(1088,21,38,'student','Circular','There is a new circular.',1,'2019-01-06 16:00:47'),(1089,21,39,'student','Circular','There is a new circular.',1,'2019-01-06 16:00:47'),(1090,21,40,'student','Circular','There is a new circular.',1,'2019-01-06 16:00:47'),(1091,21,41,'student','Circular','There is a new circular.',1,'2019-01-06 16:00:47'),(1092,21,42,'student','Circular','There is a new circular.',1,'2019-01-06 16:00:47'),(1093,21,43,'student','Circular','There is a new circular.',1,'2019-01-06 16:00:47'),(1094,21,44,'student','Circular','There is a new circular.',1,'2019-01-06 16:00:47'),(1095,21,45,'student','Circular','There is a new circular.',1,'2019-01-06 16:00:47'),(1096,21,46,'student','Circular','There is a new circular.',1,'2019-01-06 16:00:47'),(1097,21,47,'student','Circular','There is a new circular.',1,'2019-01-06 16:00:47'),(1098,21,48,'student','Circular','There is a new circular.',1,'2019-01-06 16:00:47'),(1099,21,49,'student','Circular','There is a new circular.',1,'2019-01-06 16:00:47'),(1100,21,50,'student','Circular','There is a new circular.',1,'2019-01-06 16:00:47'),(1101,21,51,'student','Circular','There is a new circular.',1,'2019-01-06 16:00:47'),(1102,21,52,'student','Circular','There is a new circular.',1,'2019-01-06 16:00:47'),(1103,21,53,'student','Circular','There is a new circular.',1,'2019-01-06 16:00:47'),(1104,21,54,'student','Circular','There is a new circular.',1,'2019-01-06 16:00:47'),(1105,21,55,'student','Circular','There is a new circular.',1,'2019-01-06 16:00:47'),(1106,21,56,'student','Circular','There is a new circular.',1,'2019-01-06 16:00:47'),(1107,21,57,'student','Circular','There is a new circular.',1,'2019-01-06 16:00:47'),(1108,21,58,'student','Circular','There is a new circular.',1,'2019-01-06 16:00:47'),(1109,21,59,'student','Circular','There is a new circular.',1,'2019-01-06 16:00:47'),(1110,21,60,'student','Circular','There is a new circular.',1,'2019-01-06 16:00:47'),(1111,21,61,'student','Circular','There is a new circular.',1,'2019-01-06 16:00:47'),(1112,21,62,'student','Circular','There is a new circular.',1,'2019-01-06 16:00:47'),(1113,21,63,'student','Circular','There is a new circular.',1,'2019-01-06 16:00:47'),(1114,21,64,'student','Circular','There is a new circular.',1,'2019-01-06 16:00:47'),(1115,21,65,'student','Circular','There is a new circular.',1,'2019-01-06 16:00:47'),(1116,21,66,'student','Circular','There is a new circular.',1,'2019-01-06 16:00:47'),(1117,21,67,'student','Circular','There is a new circular.',1,'2019-01-06 16:00:47'),(1118,21,68,'student','Circular','There is a new circular.',1,'2019-01-06 16:00:47'),(1119,21,69,'student','Circular','There is a new circular.',1,'2019-01-06 16:00:47'),(1120,21,70,'student','Circular','There is a new circular.',1,'2019-01-06 16:00:47'),(1121,21,71,'student','Circular','There is a new circular.',1,'2019-01-06 16:00:47'),(1122,21,72,'student','Circular','There is a new circular.',1,'2019-01-06 16:00:47'),(1123,21,73,'student','Circular','There is a new circular.',1,'2019-01-06 16:00:47'),(1124,21,74,'student','Circular','There is a new circular.',1,'2019-01-06 16:00:47'),(1125,21,75,'student','Circular','There is a new circular.',1,'2019-01-06 16:00:47'),(1126,21,76,'student','Circular','There is a new circular.',1,'2019-01-06 16:00:47'),(1127,21,77,'student','Circular','There is a new circular.',1,'2019-01-06 16:00:47'),(1128,21,78,'student','Circular','There is a new circular.',1,'2019-01-06 16:00:47'),(1129,21,79,'student','Circular','There is a new circular.',1,'2019-01-06 16:00:47'),(1130,21,80,'student','Circular','There is a new circular.',1,'2019-01-06 16:00:47'),(1131,21,81,'student','Circular','There is a new circular.',1,'2019-01-06 16:00:47'),(1132,21,82,'student','Circular','There is a new circular.',1,'2019-01-06 16:00:47'),(1133,21,83,'student','Circular','There is a new circular.',1,'2019-01-06 16:00:47'),(1134,21,84,'student','Circular','There is a new circular.',1,'2019-01-06 16:00:47'),(1135,21,85,'student','Circular','There is a new circular.',1,'2019-01-06 16:00:47'),(1136,21,86,'student','Circular','There is a new circular.',1,'2019-01-06 16:00:47'),(1137,21,87,'student','Circular','There is a new circular.',1,'2019-01-06 16:00:47'),(1138,21,88,'student','Circular','There is a new circular.',1,'2019-01-06 16:00:47'),(1139,21,89,'student','Circular','There is a new circular.',1,'2019-01-06 16:00:47'),(1140,21,90,'student','Circular','There is a new circular.',1,'2019-01-06 16:00:47'),(1141,21,91,'student','Circular','There is a new circular.',1,'2019-01-06 16:00:47'),(1142,21,92,'student','Circular','There is a new circular.',1,'2019-01-06 16:00:47'),(1143,21,93,'student','Circular','There is a new circular.',1,'2019-01-06 16:00:47'),(1144,21,94,'student','Circular','There is a new circular.',1,'2019-01-06 16:00:47'),(1145,21,95,'student','Circular','There is a new circular.',1,'2019-01-06 16:00:47'),(1146,21,96,'student','Circular','There is a new circular.',1,'2019-01-06 16:00:47'),(1147,21,97,'student','Circular','There is a new circular.',1,'2019-01-06 16:00:47'),(1148,21,98,'student','Circular','There is a new circular.',1,'2019-01-06 16:00:47'),(1149,21,99,'student','Circular','There is a new circular.',1,'2019-01-06 16:00:47'),(1150,21,100,'student','Circular','There is a new circular.',1,'2019-01-06 16:00:47'),(1151,21,101,'student','Circular','There is a new circular.',1,'2019-01-06 16:00:47'),(1152,21,102,'student','Circular','There is a new circular.',1,'2019-01-06 16:00:47'),(1153,21,103,'student','Circular','There is a new circular.',1,'2019-01-06 16:00:47'),(1154,21,104,'student','Circular','There is a new circular.',1,'2019-01-06 16:00:47'),(1155,21,105,'student','Circular','There is a new circular.',1,'2019-01-06 16:00:47'),(1156,21,106,'student','Circular','There is a new circular.',1,'2019-01-06 16:00:47'),(1157,21,107,'student','Circular','There is a new circular.',1,'2019-01-06 16:00:47'),(1158,21,108,'student','Circular','There is a new circular.',1,'2019-01-06 16:00:47'),(1159,21,109,'student','Circular','There is a new circular.',1,'2019-01-06 16:00:47'),(1160,21,110,'student','Circular','There is a new circular.',1,'2019-01-06 16:00:47'),(1161,21,111,'student','Circular','There is a new circular.',1,'2019-01-06 16:00:47'),(1162,21,112,'student','Circular','There is a new circular.',1,'2019-01-06 16:00:47'),(1163,21,113,'student','Circular','There is a new circular.',1,'2019-01-06 16:00:47'),(1164,21,114,'student','Circular','There is a new circular.',1,'2019-01-06 16:00:47'),(1165,21,115,'student','Circular','There is a new circular.',1,'2019-01-06 16:00:47'),(1166,21,116,'student','Circular','There is a new circular.',1,'2019-01-06 16:00:47'),(1167,21,117,'student','Circular','There is a new circular.',1,'2019-01-06 16:00:47'),(1168,21,118,'student','Circular','There is a new circular.',1,'2019-01-06 16:00:47'),(1169,21,119,'student','Circular','There is a new circular.',1,'2019-01-06 16:00:47'),(1170,21,120,'student','Circular','There is a new circular.',1,'2019-01-06 16:00:47'),(1171,21,121,'student','Circular','There is a new circular.',1,'2019-01-06 16:00:47'),(1172,21,122,'student','Circular','There is a new circular.',1,'2019-01-06 16:00:47'),(1173,21,123,'student','Circular','There is a new circular.',1,'2019-01-06 16:00:47'),(1174,21,124,'student','Circular','There is a new circular.',1,'2019-01-06 16:00:47'),(1175,21,125,'student','Circular','There is a new circular.',1,'2019-01-06 16:00:47'),(1176,21,126,'student','Circular','There is a new circular.',1,'2019-01-06 16:00:47'),(1177,21,127,'student','Circular','There is a new circular.',1,'2019-01-06 16:00:47'),(1178,21,128,'student','Circular','There is a new circular.',1,'2019-01-06 16:00:47'),(1179,21,129,'student','Circular','There is a new circular.',1,'2019-01-06 16:00:47'),(1180,21,130,'student','Circular','There is a new circular.',1,'2019-01-06 16:00:47'),(1181,21,131,'student','Circular','There is a new circular.',1,'2019-01-06 16:00:47'),(1182,21,132,'student','Circular','There is a new circular.',1,'2019-01-06 16:00:47'),(1183,21,133,'student','Circular','There is a new circular.',1,'2019-01-06 16:00:47'),(1184,21,134,'student','Circular','There is a new circular.',1,'2019-01-06 16:00:47'),(1185,21,135,'student','Circular','There is a new circular.',1,'2019-01-06 16:00:47'),(1186,21,136,'student','Circular','There is a new circular.',1,'2019-01-06 16:00:47'),(1187,21,137,'student','Circular','There is a new circular.',1,'2019-01-06 16:00:47'),(1188,21,138,'student','Circular','There is a new circular.',1,'2019-01-06 16:00:47'),(1189,21,139,'student','Circular','There is a new circular.',1,'2019-01-06 16:00:47'),(1190,21,140,'student','Circular','There is a new circular.',1,'2019-01-06 16:00:47'),(1191,21,141,'student','Circular','There is a new circular.',1,'2019-01-06 16:00:47'),(1192,21,142,'student','Circular','There is a new circular.',1,'2019-01-06 16:00:47'),(1193,21,143,'student','Circular','There is a new circular.',1,'2019-01-06 16:00:47'),(1194,21,144,'student','Circular','There is a new circular.',1,'2019-01-06 16:00:47'),(1195,21,145,'student','Circular','There is a new circular.',1,'2019-01-06 16:00:47'),(1196,21,146,'student','Circular','There is a new circular.',1,'2019-01-06 16:00:47'),(1197,21,147,'student','Circular','There is a new circular.',1,'2019-01-06 16:00:47'),(1198,21,148,'student','Circular','There is a new circular.',1,'2019-01-06 16:00:47'),(1199,21,149,'student','Circular','There is a new circular.',1,'2019-01-06 16:00:47'),(1200,21,150,'student','Circular','There is a new circular.',1,'2019-01-06 16:00:47'),(1201,21,151,'student','Circular','There is a new circular.',1,'2019-01-06 16:00:47'),(1202,21,152,'student','Circular','There is a new circular.',1,'2019-01-06 16:00:47'),(1203,21,153,'student','Circular','There is a new circular.',1,'2019-01-06 16:00:47'),(1204,21,154,'student','Circular','There is a new circular.',1,'2019-01-06 16:00:47'),(1205,21,155,'student','Circular','There is a new circular.',1,'2019-01-06 16:00:47'),(1206,21,156,'student','Circular','There is a new circular.',1,'2019-01-06 16:00:47'),(1207,21,157,'student','Circular','There is a new circular.',1,'2019-01-06 16:00:47'),(1208,21,158,'student','Circular','There is a new circular.',1,'2019-01-06 16:00:47'),(1209,21,159,'student','Circular','There is a new circular.',1,'2019-01-06 16:00:47'),(1210,21,160,'student','Circular','There is a new circular.',1,'2019-01-06 16:00:47'),(1211,21,161,'student','Circular','There is a new circular.',1,'2019-01-06 16:00:47'),(1212,21,162,'student','Circular','There is a new circular.',1,'2019-01-06 16:00:47'),(1213,21,163,'student','Circular','There is a new circular.',1,'2019-01-06 16:00:47'),(1214,21,164,'student','Circular','There is a new circular.',1,'2019-01-06 16:00:47'),(1215,21,165,'student','Circular','There is a new circular.',1,'2019-01-06 16:00:47'),(1216,21,166,'student','Circular','There is a new circular.',1,'2019-01-06 16:00:47'),(1217,21,167,'student','Circular','There is a new circular.',1,'2019-01-06 16:00:47'),(1218,21,168,'student','Circular','There is a new circular.',1,'2019-01-06 16:00:47'),(1219,21,169,'student','Circular','There is a new circular.',1,'2019-01-06 16:00:47'),(1220,21,170,'student','Circular','There is a new circular.',1,'2019-01-06 16:00:47'),(1221,21,171,'student','Circular','There is a new circular.',1,'2019-01-06 16:00:47'),(1222,21,172,'student','Circular','There is a new circular.',1,'2019-01-06 16:00:47'),(1223,21,173,'student','Circular','There is a new circular.',1,'2019-01-06 16:00:47'),(1224,21,174,'student','Circular','There is a new circular.',1,'2019-01-06 16:00:47'),(1225,21,175,'student','Circular','There is a new circular.',1,'2019-01-06 16:00:47'),(1226,21,176,'student','Circular','There is a new circular.',1,'2019-01-06 16:00:47'),(1227,21,177,'student','Circular','There is a new circular.',1,'2019-01-06 16:00:47'),(1228,21,178,'student','Circular','There is a new circular.',1,'2019-01-06 16:00:47'),(1229,21,179,'student','Circular','There is a new circular.',1,'2019-01-06 16:00:47'),(1230,21,180,'student','Circular','There is a new circular.',1,'2019-01-06 16:00:47'),(1231,21,181,'student','Circular','There is a new circular.',1,'2019-01-06 16:00:47'),(1232,21,182,'student','Circular','There is a new circular.',1,'2019-01-06 16:00:47'),(1233,21,183,'student','Circular','There is a new circular.',1,'2019-01-06 16:00:47'),(1234,21,184,'student','Circular','There is a new circular.',1,'2019-01-06 16:00:47'),(1235,21,185,'student','Circular','There is a new circular.',1,'2019-01-06 16:00:47'),(1236,21,186,'student','Circular','There is a new circular.',1,'2019-01-06 16:00:47'),(1237,21,187,'student','Circular','There is a new circular.',1,'2019-01-06 16:00:47'),(1238,21,188,'student','Circular','There is a new circular.',1,'2019-01-06 16:00:47'),(1239,21,189,'student','Circular','There is a new circular.',1,'2019-01-06 16:00:47'),(1240,21,190,'student','Circular','There is a new circular.',1,'2019-01-06 16:00:47'),(1241,21,191,'student','Circular','There is a new circular.',1,'2019-01-06 16:00:47'),(1242,21,192,'student','Circular','There is a new circular.',1,'2019-01-06 16:00:47'),(1243,21,193,'student','Circular','There is a new circular.',1,'2019-01-06 16:00:47'),(1244,21,194,'student','Circular','There is a new circular.',1,'2019-01-06 16:00:47'),(1245,21,195,'student','Circular','There is a new circular.',1,'2019-01-06 16:00:47'),(1246,21,196,'student','Circular','There is a new circular.',1,'2019-01-06 16:00:47'),(1247,21,197,'student','Circular','There is a new circular.',1,'2019-01-06 16:00:47'),(1248,21,198,'student','Circular','There is a new circular.',1,'2019-01-06 16:00:47'),(1249,21,199,'student','Circular','There is a new circular.',1,'2019-01-06 16:00:47'),(1250,21,200,'student','Circular','There is a new circular.',1,'2019-01-06 16:00:47'),(1251,21,201,'student','Circular','There is a new circular.',1,'2019-01-06 16:00:47'),(1252,21,202,'student','Circular','There is a new circular.',1,'2019-01-06 16:00:47'),(1253,21,203,'student','Circular','There is a new circular.',1,'2019-01-06 16:00:47'),(1254,21,204,'student','Circular','There is a new circular.',1,'2019-01-06 16:00:47'),(1255,21,205,'student','Circular','There is a new circular.',1,'2019-01-06 16:00:47'),(1256,21,206,'student','Circular','There is a new circular.',1,'2019-01-06 16:00:47'),(1257,21,207,'student','Circular','There is a new circular.',1,'2019-01-06 16:00:47'),(1258,21,208,'student','Circular','There is a new circular.',1,'2019-01-06 16:00:47'),(1259,21,209,'student','Circular','There is a new circular.',1,'2019-01-06 16:00:47'),(1260,21,210,'student','Circular','There is a new circular.',1,'2019-01-06 16:00:47'),(1261,21,211,'student','Circular','There is a new circular.',1,'2019-01-06 16:00:47'),(1262,21,212,'student','Circular','There is a new circular.',1,'2019-01-06 16:00:47'),(1263,21,213,'student','Circular','There is a new circular.',1,'2019-01-06 16:00:47'),(1264,21,214,'student','Circular','There is a new circular.',1,'2019-01-06 16:00:47'),(1265,21,215,'student','Circular','There is a new circular.',1,'2019-01-06 16:00:47'),(1267,2,2,'school','Approval','A new request for student has been arrived.',0,'2019-01-06 16:18:57'),(1268,2,2,'school','Approval','A new request for teacher has been arrived.',0,'2019-01-06 16:20:09'),(1269,2,2,'student','Circular','There is a new circular.',1,'2019-01-06 17:35:08'),(1270,2,5,'student','Circular','There is a new circular.',1,'2019-01-06 17:35:08'),(1271,2,10,'student','Circular','There is a new circular.',1,'2019-01-06 17:35:08'),(1272,2,11,'student','Circular','There is a new circular.',1,'2019-01-06 17:35:08'),(1273,2,13,'student','Circular','There is a new circular.',1,'2019-01-06 17:35:08'),(1274,2,2,'student','Circular','There is a new circular.',1,'2019-01-06 17:36:23'),(1275,2,5,'student','Circular','There is a new circular.',1,'2019-01-06 17:36:23'),(1276,2,10,'student','Circular','There is a new circular.',1,'2019-01-06 17:36:23'),(1277,2,11,'student','Circular','There is a new circular.',1,'2019-01-06 17:36:23'),(1278,2,13,'student','Circular','There is a new circular.',1,'2019-01-06 17:36:23'),(1279,2,2,'school','Approval','A new request for student has been arrived.',0,'2019-01-07 15:27:56'),(1282,28,28,'school','Approval','A new request for teacher has been arrived.',0,'2019-01-08 01:32:31'),(1283,28,218,'student','Assignment','A new assignment has been posted.',0,'2019-01-08 01:39:56'),(1284,28,219,'student','Assignment','A new assignment has been posted.',1,'2019-01-08 01:39:56'),(1290,30,0,'teacher','Routine Updated','There is a change in routine',1,'2019-01-08 15:34:14'),(1286,28,218,'student','Event Added','An Event has been created in your school.',0,'2019-01-08 01:43:12'),(1287,28,219,'student','Event Added','An Event has been created in your school.',1,'2019-01-08 01:43:12'),(1295,2,2,'student','Mentor','Use mentor for Free',1,'2019-01-09 16:27:22'),(1289,28,28,'school','Approval','A new request for parent has been arrived.',1,'2019-01-08 08:43:26'),(1291,30,0,'teacher','Routine Updated','There is a change in routine',1,'2019-01-08 15:34:25'),(1296,2,5,'student','Mentor','Use mentor for Free',1,'2019-01-09 16:27:22'),(1294,28,28,'school','Suggestion','A new Suggestion has been posted by teacher (Rahi)',1,'2019-01-08 17:55:26'),(1297,2,10,'student','Mentor','Use mentor for Free',1,'2019-01-09 16:27:22'),(1298,2,11,'student','Mentor','Use mentor for Free',1,'2019-01-09 16:27:22'),(1299,2,13,'student','Mentor','Use mentor for Free',1,'2019-01-09 16:27:22'),(1300,2,14,'student','Mentor','Use mentor for Free',1,'2019-01-09 16:27:22'),(1301,2,216,'student','Mentor','Use mentor for Free',1,'2019-01-09 16:27:22'),(1302,2,217,'student','Mentor','Use mentor for Free',1,'2019-01-09 16:27:22'),(1303,2,2,'teacher','Mentor','Use mentor for Free',1,'2019-01-09 16:29:59'),(1304,2,4,'teacher','Mentor','Use mentor for Free',1,'2019-01-09 16:29:59'),(1305,2,6,'teacher','Mentor','Use mentor for Free',1,'2019-01-09 16:29:59'),(1306,2,2,'student','testingh','helli',1,'2019-01-10 11:01:27'),(1307,2,5,'student','testingh','helli',1,'2019-01-10 11:01:27'),(1308,2,10,'student','testingh','helli',1,'2019-01-10 11:01:27'),(1309,2,11,'student','testingh','helli',1,'2019-01-10 11:01:27'),(1310,2,13,'student','testingh','helli',1,'2019-01-10 11:01:27'),(1311,2,14,'student','testingh','helli',1,'2019-01-10 11:01:27'),(1312,2,216,'student','testingh','helli',1,'2019-01-10 11:01:27'),(1313,2,217,'student','testingh','helli',1,'2019-01-10 11:01:27'),(1314,2,2,'student','testing','hello',1,'2019-01-10 11:02:50'),(1315,2,5,'student','testing','hello',1,'2019-01-10 11:02:50'),(1316,2,10,'student','testing','hello',1,'2019-01-10 11:02:50'),(1317,2,11,'student','testing','hello',1,'2019-01-10 11:02:50'),(1318,2,13,'student','testing','hello',1,'2019-01-10 11:02:50'),(1319,2,14,'student','testing','hello',1,'2019-01-10 11:02:50'),(1320,2,216,'student','testing','hello',1,'2019-01-10 11:02:50'),(1321,2,217,'student','testing','hello',1,'2019-01-10 11:02:50'),(1322,2,2,'teacher','rrr','cffd',1,'2019-01-10 11:05:55'),(1323,2,4,'teacher','rrr','cffd',1,'2019-01-10 11:05:55'),(1324,2,6,'teacher','rrr','cffd',1,'2019-01-10 11:05:55'),(1325,2,2,'student','Tesingvsb','vzvzbs',1,'2019-01-10 11:50:22'),(1326,2,5,'student','Tesingvsb','vzvzbs',1,'2019-01-10 11:50:22'),(1327,2,10,'student','Tesingvsb','vzvzbs',1,'2019-01-10 11:50:22'),(1328,2,11,'student','Tesingvsb','vzvzbs',1,'2019-01-10 11:50:22'),(1329,2,13,'student','Tesingvsb','vzvzbs',1,'2019-01-10 11:50:22'),(1330,2,14,'student','Tesingvsb','vzvzbs',1,'2019-01-10 11:50:22'),(1331,2,216,'student','Tesingvsb','vzvzbs',1,'2019-01-10 11:50:22'),(1332,2,217,'student','Tesingvsb','vzvzbs',1,'2019-01-10 11:50:22'),(1333,2,2,'student','good morning','every one',1,'2019-01-10 12:14:11'),(1334,2,5,'student','good morning','every one',1,'2019-01-10 12:14:11'),(1335,2,10,'student','good morning','every one',1,'2019-01-10 12:14:11'),(1336,2,11,'student','good morning','every one',1,'2019-01-10 12:14:11'),(1337,2,13,'student','good morning','every one',1,'2019-01-10 12:14:11'),(1338,2,14,'student','good morning','every one',1,'2019-01-10 12:14:11'),(1339,2,216,'student','good morning','every one',1,'2019-01-10 12:14:11'),(1340,2,217,'student','good morning','every one',1,'2019-01-10 12:14:11'),(1341,2,2,'student','hello','every one',1,'2019-01-10 12:14:51'),(1342,2,5,'student','hello','every one',1,'2019-01-10 12:14:51'),(1343,2,10,'student','hello','every one',1,'2019-01-10 12:14:51'),(1344,2,11,'student','hello','every one',1,'2019-01-10 12:14:51'),(1345,2,13,'student','hello','every one',1,'2019-01-10 12:14:51'),(1346,2,14,'student','hello','every one',1,'2019-01-10 12:14:51'),(1347,2,216,'student','hello','every one',1,'2019-01-10 12:14:51'),(1348,2,217,'student','hello','every one',1,'2019-01-10 12:14:51'),(1349,2,2,'student','every','good he',1,'2019-01-10 12:19:02'),(1350,2,5,'student','every','good he',1,'2019-01-10 12:19:02'),(1351,2,10,'student','every','good he',1,'2019-01-10 12:19:02'),(1352,2,11,'student','every','good he',1,'2019-01-10 12:19:02'),(1353,2,13,'student','every','good he',1,'2019-01-10 12:19:02'),(1354,2,14,'student','every','good he',1,'2019-01-10 12:19:02'),(1355,2,216,'student','every','good he',1,'2019-01-10 12:19:02'),(1356,2,217,'student','every','good he',1,'2019-01-10 12:19:02'),(1357,2,2,'student','fdhsg','zvvsbs',1,'2019-01-10 12:24:23'),(1358,2,5,'student','fdhsg','zvvsbs',1,'2019-01-10 12:24:23'),(1359,2,10,'student','fdhsg','zvvsbs',1,'2019-01-10 12:24:23'),(1360,2,11,'student','fdhsg','zvvsbs',1,'2019-01-10 12:24:23'),(1361,2,13,'student','fdhsg','zvvsbs',1,'2019-01-10 12:24:23'),(1362,2,14,'student','fdhsg','zvvsbs',1,'2019-01-10 12:24:23'),(1363,2,216,'student','fdhsg','zvvsbs',1,'2019-01-10 12:24:23'),(1364,2,217,'student','fdhsg','zvvsbs',1,'2019-01-10 12:24:23'),(1365,2,2,'student','fsgsgs','gGsagg',1,'2019-01-10 12:31:54'),(1366,2,5,'student','fsgsgs','gGsagg',1,'2019-01-10 12:31:54'),(1367,2,10,'student','fsgsgs','gGsagg',1,'2019-01-10 12:31:54'),(1368,2,11,'student','fsgsgs','gGsagg',1,'2019-01-10 12:31:54'),(1369,2,13,'student','fsgsgs','gGsagg',1,'2019-01-10 12:31:54'),(1370,2,14,'student','fsgsgs','gGsagg',1,'2019-01-10 12:31:54'),(1371,2,216,'student','fsgsgs','gGsagg',1,'2019-01-10 12:31:54'),(1372,2,217,'student','fsgsgs','gGsagg',1,'2019-01-10 12:31:54'),(1373,2,2,'student','Hello ','Hi was day and is ',1,'2019-01-10 12:38:21'),(1374,2,5,'student','Hello ','Hi was day and is ',1,'2019-01-10 12:38:21'),(1375,2,10,'student','Hello ','Hi was day and is ',1,'2019-01-10 12:38:21'),(1376,2,11,'student','Hello ','Hi was day and is ',1,'2019-01-10 12:38:21'),(1377,2,13,'student','Hello ','Hi was day and is ',1,'2019-01-10 12:38:21'),(1378,2,14,'student','Hello ','Hi was day and is ',1,'2019-01-10 12:38:21'),(1379,2,216,'student','Hello ','Hi was day and is ',1,'2019-01-10 12:38:21'),(1380,2,217,'student','Hello ','Hi was day and is ',1,'2019-01-10 12:38:21'),(1381,2,2,'student','zhhzh','gzbzb',1,'2019-01-10 12:38:47'),(1382,2,5,'student','zhhzh','gzbzb',1,'2019-01-10 12:38:47'),(1383,2,10,'student','zhhzh','gzbzb',1,'2019-01-10 12:38:47'),(1384,2,11,'student','zhhzh','gzbzb',1,'2019-01-10 12:38:47'),(1385,2,13,'student','zhhzh','gzbzb',1,'2019-01-10 12:38:47'),(1386,2,14,'student','zhhzh','gzbzb',1,'2019-01-10 12:38:47'),(1387,2,216,'student','zhhzh','gzbzb',1,'2019-01-10 12:38:47'),(1388,2,217,'student','zhhzh','gzbzb',1,'2019-01-10 12:38:47'),(1389,36,36,'school','Approval','A new request for teacher has been arrived.',1,'2019-01-14 13:46:03'),(1390,36,36,'school','Approval','A new request for teacher has been arrived.',1,'2019-01-14 13:51:10'),(1391,36,36,'school','Approval','A new request for teacher has been arrived.',1,'2019-01-14 13:55:18'),(1392,36,36,'school','Approval','A new request for teacher has been arrived.',1,'2019-01-14 13:58:11'),(1393,36,11,'teacher','Routine Updated','There is a change in routine',1,'2019-01-14 14:37:33'),(1394,36,10,'teacher','Routine Updated','There is a change in routine',1,'2019-01-14 14:53:08'),(1395,36,9,'teacher','Routine Updated','There is a change in routine',1,'2019-01-14 14:53:23'),(1396,36,12,'teacher','Routine Updated','There is a change in routine',1,'2019-01-14 14:53:36'),(1397,36,36,'school','Approval','A new request for student has been arrived.',1,'2019-01-14 14:59:41'),(1398,36,36,'school','Approval','A new request for student has been arrived.',1,'2019-01-14 15:09:26'),(1399,36,221,'student','holiday','happy mkrsnkranti today is holiday',1,'2019-01-14 15:39:45'),(1400,36,9,'teacher','Circular','There is a new circular.',1,'2019-01-14 16:08:34'),(1401,36,10,'teacher','Circular','There is a new circular.',1,'2019-01-14 16:08:34'),(1402,36,11,'teacher','Circular','There is a new circular.',1,'2019-01-14 16:08:34'),(1403,36,12,'teacher','Circular','There is a new circular.',1,'2019-01-14 16:08:34'),(1404,36,36,'school','Approval','A new request for student has been arrived.',1,'2019-01-14 16:36:45'),(1405,31,31,'school','Approval','A new request for teacher has been arrived.',1,'2019-01-15 12:01:13'),(1406,2,2,'school','Approval','A new request for parent has been arrived.',1,'2019-01-15 12:07:35'),(1407,31,31,'school','Approval','A new request for student has been arrived.',1,'2019-01-15 12:08:59'),(1410,41,41,'school','Event Added','An Event has been created in your school',1,'2019-01-15 13:39:29'),(1412,41,41,'school','Suggestion','A new Suggestion has been posted by student (vibhas)',1,'2019-01-15 13:46:58'),(1413,41,0,'teacher','Routine Updated','There is a change in routine',1,'2019-01-15 13:50:58'),(1414,41,225,'student','Routine Updated','There is a change in routine',1,'2019-01-15 13:50:58'),(1415,41,0,'teacher','Routine Updated','There is a change in routine',1,'2019-01-15 13:51:10'),(1416,41,225,'student','Routine Updated','There is a change in routine',1,'2019-01-15 13:51:10'),(1417,28,7,'teacher','Routine Updated','There is a change in routine',1,'2019-01-16 13:45:44'),(1418,28,218,'student','Routine Updated','There is a change in routine',1,'2019-01-16 13:45:44'),(1419,28,219,'student','Routine Updated','There is a change in routine',1,'2019-01-16 13:45:44'),(1420,28,7,'teacher','Routine Updated','There is a change in routine',1,'2019-01-16 13:48:17'),(1421,28,218,'student','Routine Updated','There is a change in routine',1,'2019-01-16 13:48:17'),(1422,28,219,'student','Routine Updated','There is a change in routine',1,'2019-01-16 13:48:17'),(1423,2,2,'school','Approval','A new request for parent has been arrived.',1,'2019-01-16 15:15:45'),(1424,2,2,'school','Approval','A new request for parent has been arrived.',1,'2019-01-16 16:02:54'),(1425,2,2,'school','Approval','A new request for  has been arrived.',0,'2019-01-16 16:17:26'),(1426,2,2,'school','Approval','A new request for student has been arrived.',1,'2019-01-16 18:13:16'),(1427,21,21,'school','Approval','A new request for teacher has been arrived.',0,'2019-01-17 20:09:10'),(1429,21,21,'school','Event Added','An Event has been created in your school',1,'2019-01-18 01:20:52'),(1430,21,16,'student','Event Added','An Event has been created in your school.',1,'2019-01-18 01:20:52'),(1842,21,16,'student','Event Added','An Event has been created in your school.',1,'2019-01-21 13:32:11'),(1432,21,18,'student','Event Added','An Event has been created in your school.',1,'2019-01-18 01:20:52'),(1433,21,19,'student','Event Added','An Event has been created in your school.',1,'2019-01-18 01:20:52'),(1434,21,20,'student','Event Added','An Event has been created in your school.',1,'2019-01-18 01:20:52'),(1435,21,21,'student','Event Added','An Event has been created in your school.',1,'2019-01-18 01:20:52'),(1436,21,22,'student','Event Added','An Event has been created in your school.',1,'2019-01-18 01:20:52'),(1437,21,23,'student','Event Added','An Event has been created in your school.',1,'2019-01-18 01:20:52'),(1438,21,24,'student','Event Added','An Event has been created in your school.',1,'2019-01-18 01:20:52'),(1439,21,25,'student','Event Added','An Event has been created in your school.',1,'2019-01-18 01:20:52'),(1440,21,26,'student','Event Added','An Event has been created in your school.',1,'2019-01-18 01:20:52'),(1441,21,27,'student','Event Added','An Event has been created in your school.',1,'2019-01-18 01:20:52'),(1442,21,28,'student','Event Added','An Event has been created in your school.',1,'2019-01-18 01:20:52'),(1443,21,29,'student','Event Added','An Event has been created in your school.',1,'2019-01-18 01:20:52'),(1444,21,30,'student','Event Added','An Event has been created in your school.',1,'2019-01-18 01:20:52'),(1445,21,31,'student','Event Added','An Event has been created in your school.',1,'2019-01-18 01:20:52'),(1446,21,32,'student','Event Added','An Event has been created in your school.',1,'2019-01-18 01:20:52'),(1447,21,33,'student','Event Added','An Event has been created in your school.',1,'2019-01-18 01:20:52'),(1448,21,34,'student','Event Added','An Event has been created in your school.',1,'2019-01-18 01:20:52'),(1449,21,35,'student','Event Added','An Event has been created in your school.',1,'2019-01-18 01:20:52'),(1450,21,36,'student','Event Added','An Event has been created in your school.',1,'2019-01-18 01:20:52'),(1451,21,37,'student','Event Added','An Event has been created in your school.',1,'2019-01-18 01:20:52'),(1452,21,38,'student','Event Added','An Event has been created in your school.',1,'2019-01-18 01:20:52'),(1453,21,39,'student','Event Added','An Event has been created in your school.',1,'2019-01-18 01:20:52'),(1454,21,40,'student','Event Added','An Event has been created in your school.',1,'2019-01-18 01:20:52'),(1455,21,41,'student','Event Added','An Event has been created in your school.',1,'2019-01-18 01:20:52'),(1456,21,42,'student','Event Added','An Event has been created in your school.',1,'2019-01-18 01:20:52'),(1457,21,43,'student','Event Added','An Event has been created in your school.',1,'2019-01-18 01:20:52'),(1458,21,44,'student','Event Added','An Event has been created in your school.',1,'2019-01-18 01:20:52'),(1459,21,45,'student','Event Added','An Event has been created in your school.',1,'2019-01-18 01:20:52'),(1460,21,46,'student','Event Added','An Event has been created in your school.',1,'2019-01-18 01:20:52'),(1461,21,47,'student','Event Added','An Event has been created in your school.',1,'2019-01-18 01:20:52'),(1462,21,48,'student','Event Added','An Event has been created in your school.',1,'2019-01-18 01:20:52'),(1463,21,49,'student','Event Added','An Event has been created in your school.',1,'2019-01-18 01:20:52'),(1464,21,50,'student','Event Added','An Event has been created in your school.',1,'2019-01-18 01:20:52'),(1465,21,51,'student','Event Added','An Event has been created in your school.',1,'2019-01-18 01:20:52'),(1466,21,52,'student','Event Added','An Event has been created in your school.',1,'2019-01-18 01:20:52'),(1467,21,53,'student','Event Added','An Event has been created in your school.',1,'2019-01-18 01:20:52'),(1468,21,54,'student','Event Added','An Event has been created in your school.',1,'2019-01-18 01:20:52'),(1469,21,55,'student','Event Added','An Event has been created in your school.',1,'2019-01-18 01:20:52'),(1470,21,56,'student','Event Added','An Event has been created in your school.',1,'2019-01-18 01:20:52'),(1471,21,57,'student','Event Added','An Event has been created in your school.',1,'2019-01-18 01:20:52'),(1472,21,58,'student','Event Added','An Event has been created in your school.',1,'2019-01-18 01:20:52'),(1473,21,59,'student','Event Added','An Event has been created in your school.',1,'2019-01-18 01:20:52'),(1474,21,60,'student','Event Added','An Event has been created in your school.',1,'2019-01-18 01:20:52'),(1475,21,61,'student','Event Added','An Event has been created in your school.',1,'2019-01-18 01:20:52'),(1476,21,62,'student','Event Added','An Event has been created in your school.',1,'2019-01-18 01:20:52'),(1477,21,63,'student','Event Added','An Event has been created in your school.',1,'2019-01-18 01:20:52'),(1478,21,64,'student','Event Added','An Event has been created in your school.',1,'2019-01-18 01:20:52'),(1479,21,65,'student','Event Added','An Event has been created in your school.',1,'2019-01-18 01:20:52'),(1480,21,66,'student','Event Added','An Event has been created in your school.',1,'2019-01-18 01:20:52'),(1481,21,67,'student','Event Added','An Event has been created in your school.',1,'2019-01-18 01:20:52'),(1482,21,68,'student','Event Added','An Event has been created in your school.',1,'2019-01-18 01:20:52'),(1483,21,69,'student','Event Added','An Event has been created in your school.',1,'2019-01-18 01:20:52'),(1484,21,70,'student','Event Added','An Event has been created in your school.',1,'2019-01-18 01:20:52'),(1485,21,71,'student','Event Added','An Event has been created in your school.',1,'2019-01-18 01:20:52'),(1486,21,72,'student','Event Added','An Event has been created in your school.',1,'2019-01-18 01:20:52'),(1487,21,73,'student','Event Added','An Event has been created in your school.',1,'2019-01-18 01:20:52'),(1488,21,74,'student','Event Added','An Event has been created in your school.',1,'2019-01-18 01:20:52'),(1489,21,75,'student','Event Added','An Event has been created in your school.',1,'2019-01-18 01:20:52'),(1490,21,76,'student','Event Added','An Event has been created in your school.',1,'2019-01-18 01:20:52'),(1491,21,77,'student','Event Added','An Event has been created in your school.',1,'2019-01-18 01:20:52'),(1492,21,78,'student','Event Added','An Event has been created in your school.',1,'2019-01-18 01:20:52'),(1493,21,79,'student','Event Added','An Event has been created in your school.',1,'2019-01-18 01:20:52'),(1494,21,80,'student','Event Added','An Event has been created in your school.',1,'2019-01-18 01:20:52'),(1495,21,81,'student','Event Added','An Event has been created in your school.',1,'2019-01-18 01:20:52'),(1496,21,82,'student','Event Added','An Event has been created in your school.',1,'2019-01-18 01:20:52'),(1497,21,83,'student','Event Added','An Event has been created in your school.',1,'2019-01-18 01:20:52'),(1498,21,84,'student','Event Added','An Event has been created in your school.',1,'2019-01-18 01:20:52'),(1499,21,85,'student','Event Added','An Event has been created in your school.',1,'2019-01-18 01:20:52'),(1500,21,86,'student','Event Added','An Event has been created in your school.',1,'2019-01-18 01:20:52'),(1501,21,87,'student','Event Added','An Event has been created in your school.',1,'2019-01-18 01:20:52'),(1502,21,88,'student','Event Added','An Event has been created in your school.',1,'2019-01-18 01:20:52'),(1503,21,89,'student','Event Added','An Event has been created in your school.',1,'2019-01-18 01:20:52'),(1504,21,90,'student','Event Added','An Event has been created in your school.',1,'2019-01-18 01:20:52'),(1505,21,91,'student','Event Added','An Event has been created in your school.',1,'2019-01-18 01:20:52'),(1506,21,92,'student','Event Added','An Event has been created in your school.',1,'2019-01-18 01:20:52'),(1507,21,93,'student','Event Added','An Event has been created in your school.',1,'2019-01-18 01:20:52'),(1508,21,94,'student','Event Added','An Event has been created in your school.',1,'2019-01-18 01:20:52'),(1509,21,95,'student','Event Added','An Event has been created in your school.',1,'2019-01-18 01:20:52'),(1510,21,96,'student','Event Added','An Event has been created in your school.',1,'2019-01-18 01:20:52'),(1511,21,97,'student','Event Added','An Event has been created in your school.',1,'2019-01-18 01:20:52'),(1512,21,98,'student','Event Added','An Event has been created in your school.',1,'2019-01-18 01:20:52'),(1513,21,99,'student','Event Added','An Event has been created in your school.',1,'2019-01-18 01:20:52'),(1514,21,100,'student','Event Added','An Event has been created in your school.',1,'2019-01-18 01:20:52'),(1515,21,101,'student','Event Added','An Event has been created in your school.',1,'2019-01-18 01:20:52'),(1516,21,102,'student','Event Added','An Event has been created in your school.',1,'2019-01-18 01:20:52'),(1517,21,103,'student','Event Added','An Event has been created in your school.',1,'2019-01-18 01:20:52'),(1518,21,104,'student','Event Added','An Event has been created in your school.',1,'2019-01-18 01:20:52'),(1519,21,105,'student','Event Added','An Event has been created in your school.',1,'2019-01-18 01:20:52'),(1520,21,106,'student','Event Added','An Event has been created in your school.',1,'2019-01-18 01:20:52'),(1521,21,107,'student','Event Added','An Event has been created in your school.',1,'2019-01-18 01:20:52'),(1522,21,108,'student','Event Added','An Event has been created in your school.',1,'2019-01-18 01:20:52'),(1523,21,109,'student','Event Added','An Event has been created in your school.',1,'2019-01-18 01:20:52'),(1524,21,110,'student','Event Added','An Event has been created in your school.',1,'2019-01-18 01:20:52'),(1525,21,111,'student','Event Added','An Event has been created in your school.',1,'2019-01-18 01:20:52'),(1526,21,112,'student','Event Added','An Event has been created in your school.',1,'2019-01-18 01:20:52'),(1527,21,113,'student','Event Added','An Event has been created in your school.',1,'2019-01-18 01:20:52'),(1528,21,114,'student','Event Added','An Event has been created in your school.',1,'2019-01-18 01:20:52'),(1529,21,115,'student','Event Added','An Event has been created in your school.',1,'2019-01-18 01:20:52'),(1530,21,116,'student','Event Added','An Event has been created in your school.',1,'2019-01-18 01:20:52'),(1531,21,117,'student','Event Added','An Event has been created in your school.',1,'2019-01-18 01:20:52'),(1532,21,118,'student','Event Added','An Event has been created in your school.',1,'2019-01-18 01:20:52'),(1533,21,119,'student','Event Added','An Event has been created in your school.',1,'2019-01-18 01:20:52'),(1534,21,120,'student','Event Added','An Event has been created in your school.',1,'2019-01-18 01:20:52'),(1535,21,121,'student','Event Added','An Event has been created in your school.',1,'2019-01-18 01:20:52'),(1536,21,122,'student','Event Added','An Event has been created in your school.',1,'2019-01-18 01:20:52'),(1537,21,123,'student','Event Added','An Event has been created in your school.',1,'2019-01-18 01:20:52'),(1538,21,124,'student','Event Added','An Event has been created in your school.',1,'2019-01-18 01:20:52'),(1539,21,125,'student','Event Added','An Event has been created in your school.',1,'2019-01-18 01:20:52'),(1540,21,126,'student','Event Added','An Event has been created in your school.',1,'2019-01-18 01:20:52'),(1541,21,127,'student','Event Added','An Event has been created in your school.',1,'2019-01-18 01:20:52'),(1542,21,128,'student','Event Added','An Event has been created in your school.',1,'2019-01-18 01:20:52'),(1543,21,129,'student','Event Added','An Event has been created in your school.',1,'2019-01-18 01:20:52'),(1544,21,130,'student','Event Added','An Event has been created in your school.',1,'2019-01-18 01:20:52'),(1545,21,131,'student','Event Added','An Event has been created in your school.',1,'2019-01-18 01:20:52'),(1546,21,132,'student','Event Added','An Event has been created in your school.',1,'2019-01-18 01:20:52'),(1547,21,133,'student','Event Added','An Event has been created in your school.',1,'2019-01-18 01:20:52'),(1548,21,134,'student','Event Added','An Event has been created in your school.',1,'2019-01-18 01:20:52'),(1549,21,135,'student','Event Added','An Event has been created in your school.',1,'2019-01-18 01:20:52'),(1550,21,136,'student','Event Added','An Event has been created in your school.',1,'2019-01-18 01:20:52'),(1551,21,137,'student','Event Added','An Event has been created in your school.',1,'2019-01-18 01:20:52'),(1552,21,138,'student','Event Added','An Event has been created in your school.',1,'2019-01-18 01:20:52'),(1553,21,139,'student','Event Added','An Event has been created in your school.',1,'2019-01-18 01:20:52'),(1554,21,140,'student','Event Added','An Event has been created in your school.',1,'2019-01-18 01:20:52'),(1555,21,141,'student','Event Added','An Event has been created in your school.',1,'2019-01-18 01:20:52'),(1556,21,142,'student','Event Added','An Event has been created in your school.',1,'2019-01-18 01:20:52'),(1557,21,143,'student','Event Added','An Event has been created in your school.',1,'2019-01-18 01:20:52'),(1558,21,144,'student','Event Added','An Event has been created in your school.',1,'2019-01-18 01:20:52'),(1559,21,145,'student','Event Added','An Event has been created in your school.',1,'2019-01-18 01:20:52'),(1560,21,146,'student','Event Added','An Event has been created in your school.',1,'2019-01-18 01:20:52'),(1561,21,147,'student','Event Added','An Event has been created in your school.',1,'2019-01-18 01:20:52'),(1562,21,148,'student','Event Added','An Event has been created in your school.',1,'2019-01-18 01:20:52'),(1563,21,149,'student','Event Added','An Event has been created in your school.',1,'2019-01-18 01:20:52'),(1564,21,150,'student','Event Added','An Event has been created in your school.',1,'2019-01-18 01:20:52'),(1565,21,151,'student','Event Added','An Event has been created in your school.',1,'2019-01-18 01:20:52'),(1566,21,152,'student','Event Added','An Event has been created in your school.',1,'2019-01-18 01:20:52'),(1567,21,153,'student','Event Added','An Event has been created in your school.',1,'2019-01-18 01:20:53'),(1568,21,154,'student','Event Added','An Event has been created in your school.',1,'2019-01-18 01:20:53'),(1569,21,155,'student','Event Added','An Event has been created in your school.',1,'2019-01-18 01:20:53'),(1570,21,156,'student','Event Added','An Event has been created in your school.',1,'2019-01-18 01:20:53'),(1571,21,157,'student','Event Added','An Event has been created in your school.',1,'2019-01-18 01:20:53'),(1572,21,158,'student','Event Added','An Event has been created in your school.',1,'2019-01-18 01:20:53'),(1573,21,159,'student','Event Added','An Event has been created in your school.',1,'2019-01-18 01:20:53'),(1574,21,160,'student','Event Added','An Event has been created in your school.',1,'2019-01-18 01:20:53'),(1575,21,161,'student','Event Added','An Event has been created in your school.',1,'2019-01-18 01:20:53'),(1576,21,162,'student','Event Added','An Event has been created in your school.',1,'2019-01-18 01:20:53'),(1577,21,163,'student','Event Added','An Event has been created in your school.',1,'2019-01-18 01:20:53'),(1578,21,164,'student','Event Added','An Event has been created in your school.',1,'2019-01-18 01:20:53'),(1579,21,165,'student','Event Added','An Event has been created in your school.',1,'2019-01-18 01:20:53'),(1580,21,166,'student','Event Added','An Event has been created in your school.',1,'2019-01-18 01:20:53'),(1581,21,167,'student','Event Added','An Event has been created in your school.',1,'2019-01-18 01:20:53'),(1582,21,168,'student','Event Added','An Event has been created in your school.',1,'2019-01-18 01:20:53'),(1583,21,169,'student','Event Added','An Event has been created in your school.',1,'2019-01-18 01:20:53'),(1584,21,170,'student','Event Added','An Event has been created in your school.',1,'2019-01-18 01:20:53'),(1585,21,171,'student','Event Added','An Event has been created in your school.',1,'2019-01-18 01:20:53'),(1586,21,172,'student','Event Added','An Event has been created in your school.',1,'2019-01-18 01:20:53'),(1587,21,173,'student','Event Added','An Event has been created in your school.',1,'2019-01-18 01:20:53'),(1588,21,174,'student','Event Added','An Event has been created in your school.',1,'2019-01-18 01:20:53'),(1589,21,175,'student','Event Added','An Event has been created in your school.',1,'2019-01-18 01:20:53'),(1590,21,176,'student','Event Added','An Event has been created in your school.',1,'2019-01-18 01:20:53'),(1591,21,177,'student','Event Added','An Event has been created in your school.',1,'2019-01-18 01:20:53'),(1592,21,178,'student','Event Added','An Event has been created in your school.',1,'2019-01-18 01:20:53'),(1593,21,179,'student','Event Added','An Event has been created in your school.',1,'2019-01-18 01:20:53'),(1594,21,180,'student','Event Added','An Event has been created in your school.',1,'2019-01-18 01:20:53'),(1595,21,181,'student','Event Added','An Event has been created in your school.',1,'2019-01-18 01:20:53'),(1596,21,182,'student','Event Added','An Event has been created in your school.',1,'2019-01-18 01:20:53'),(1597,21,183,'student','Event Added','An Event has been created in your school.',1,'2019-01-18 01:20:53'),(1598,21,184,'student','Event Added','An Event has been created in your school.',1,'2019-01-18 01:20:53'),(1599,21,185,'student','Event Added','An Event has been created in your school.',1,'2019-01-18 01:20:53'),(1600,21,186,'student','Event Added','An Event has been created in your school.',1,'2019-01-18 01:20:53'),(1601,21,187,'student','Event Added','An Event has been created in your school.',1,'2019-01-18 01:20:53'),(1602,21,188,'student','Event Added','An Event has been created in your school.',1,'2019-01-18 01:20:53'),(1603,21,189,'student','Event Added','An Event has been created in your school.',1,'2019-01-18 01:20:53'),(1604,21,190,'student','Event Added','An Event has been created in your school.',1,'2019-01-18 01:20:53'),(1605,21,191,'student','Event Added','An Event has been created in your school.',1,'2019-01-18 01:20:53'),(1606,21,192,'student','Event Added','An Event has been created in your school.',1,'2019-01-18 01:20:53'),(1607,21,193,'student','Event Added','An Event has been created in your school.',1,'2019-01-18 01:20:53'),(1608,21,194,'student','Event Added','An Event has been created in your school.',1,'2019-01-18 01:20:53'),(1609,21,195,'student','Event Added','An Event has been created in your school.',1,'2019-01-18 01:20:53'),(1610,21,196,'student','Event Added','An Event has been created in your school.',1,'2019-01-18 01:20:53'),(1611,21,197,'student','Event Added','An Event has been created in your school.',1,'2019-01-18 01:20:53'),(1612,21,198,'student','Event Added','An Event has been created in your school.',1,'2019-01-18 01:20:53'),(1613,21,199,'student','Event Added','An Event has been created in your school.',1,'2019-01-18 01:20:53'),(1614,21,200,'student','Event Added','An Event has been created in your school.',1,'2019-01-18 01:20:53'),(1615,21,201,'student','Event Added','An Event has been created in your school.',1,'2019-01-18 01:20:53'),(1616,21,202,'student','Event Added','An Event has been created in your school.',1,'2019-01-18 01:20:53'),(1617,21,203,'student','Event Added','An Event has been created in your school.',1,'2019-01-18 01:20:53'),(1618,21,204,'student','Event Added','An Event has been created in your school.',1,'2019-01-18 01:20:53'),(1619,21,205,'student','Event Added','An Event has been created in your school.',1,'2019-01-18 01:20:53'),(1620,21,206,'student','Event Added','An Event has been created in your school.',1,'2019-01-18 01:20:53'),(1621,21,207,'student','Event Added','An Event has been created in your school.',1,'2019-01-18 01:20:53'),(1622,21,208,'student','Event Added','An Event has been created in your school.',1,'2019-01-18 01:20:53'),(1623,21,209,'student','Event Added','An Event has been created in your school.',1,'2019-01-18 01:20:53'),(1624,21,210,'student','Event Added','An Event has been created in your school.',1,'2019-01-18 01:20:53'),(1625,21,211,'student','Event Added','An Event has been created in your school.',1,'2019-01-18 01:20:53'),(1626,21,212,'student','Event Added','An Event has been created in your school.',1,'2019-01-18 01:20:53'),(1627,21,213,'student','Event Added','An Event has been created in your school.',1,'2019-01-18 01:20:53'),(1628,21,214,'student','Event Added','An Event has been created in your school.',1,'2019-01-18 01:20:53'),(1629,21,215,'student','Event Added','An Event has been created in your school.',1,'2019-01-18 01:20:53'),(1631,21,21,'school','Suggestion','A new Suggestion has been posted by teacher (Dinanath Kumar)',1,'2019-01-18 01:30:20'),(1632,21,21,'school','Suggestion','A new Suggestion has been posted by teacher (Dinanath Kumar)',0,'2019-01-18 01:31:32'),(1633,28,218,'student','26 January ','come @ 9 am',0,'2019-01-19 22:23:52'),(1634,28,219,'student','26 January ','come @ 9 am',1,'2019-01-19 22:23:52'),(1635,28,218,'student','Circular','There is a new circular.',0,'2019-01-19 22:26:36'),(1636,28,219,'student','Circular','There is a new circular.',1,'2019-01-19 22:26:36'),(1637,28,218,'student','Assignment','A new assignment has been posted.',1,'2019-01-19 22:35:49'),(1638,28,219,'student','Assignment','A new assignment has been posted.',1,'2019-01-19 22:35:49'),(1639,28,218,'student','Assignment','A new assignment has been posted.',1,'2019-01-19 22:36:39'),(1640,28,219,'student','Assignment','A new assignment has been posted.',1,'2019-01-19 22:36:39'),(1641,21,16,'student','School Timing','There is a change in school timing',1,'2019-01-21 13:11:57'),(1841,21,21,'school','Event Added','An Event has been created in your school',1,'2019-01-21 13:32:11'),(1643,21,18,'student','School Timing','There is a change in school timing',1,'2019-01-21 13:11:57'),(1644,21,19,'student','School Timing','There is a change in school timing',1,'2019-01-21 13:11:57'),(1645,21,20,'student','School Timing','There is a change in school timing',1,'2019-01-21 13:11:57'),(1646,21,21,'student','School Timing','There is a change in school timing',1,'2019-01-21 13:11:57'),(1647,21,22,'student','School Timing','There is a change in school timing',1,'2019-01-21 13:11:57'),(1648,21,23,'student','School Timing','There is a change in school timing',1,'2019-01-21 13:11:57'),(1649,21,24,'student','School Timing','There is a change in school timing',1,'2019-01-21 13:11:57'),(1650,21,25,'student','School Timing','There is a change in school timing',1,'2019-01-21 13:11:57'),(1651,21,26,'student','School Timing','There is a change in school timing',1,'2019-01-21 13:11:57'),(1652,21,27,'student','School Timing','There is a change in school timing',1,'2019-01-21 13:11:57'),(1653,21,28,'student','School Timing','There is a change in school timing',1,'2019-01-21 13:11:57'),(1654,21,29,'student','School Timing','There is a change in school timing',1,'2019-01-21 13:11:57'),(1655,21,30,'student','School Timing','There is a change in school timing',1,'2019-01-21 13:11:57'),(1656,21,31,'student','School Timing','There is a change in school timing',1,'2019-01-21 13:11:57'),(1657,21,32,'student','School Timing','There is a change in school timing',1,'2019-01-21 13:11:57'),(1658,21,33,'student','School Timing','There is a change in school timing',1,'2019-01-21 13:11:57'),(1659,21,34,'student','School Timing','There is a change in school timing',1,'2019-01-21 13:11:57'),(1660,21,35,'student','School Timing','There is a change in school timing',1,'2019-01-21 13:11:57'),(1661,21,36,'student','School Timing','There is a change in school timing',1,'2019-01-21 13:11:57'),(1662,21,37,'student','School Timing','There is a change in school timing',1,'2019-01-21 13:11:57'),(1663,21,38,'student','School Timing','There is a change in school timing',1,'2019-01-21 13:11:57'),(1664,21,39,'student','School Timing','There is a change in school timing',1,'2019-01-21 13:11:57'),(1665,21,40,'student','School Timing','There is a change in school timing',1,'2019-01-21 13:11:57'),(1666,21,41,'student','School Timing','There is a change in school timing',1,'2019-01-21 13:11:57'),(1667,21,42,'student','School Timing','There is a change in school timing',1,'2019-01-21 13:11:57'),(1668,21,43,'student','School Timing','There is a change in school timing',1,'2019-01-21 13:11:57'),(1669,21,44,'student','School Timing','There is a change in school timing',1,'2019-01-21 13:11:57'),(1670,21,45,'student','School Timing','There is a change in school timing',1,'2019-01-21 13:11:57'),(1671,21,46,'student','School Timing','There is a change in school timing',1,'2019-01-21 13:11:57'),(1672,21,47,'student','School Timing','There is a change in school timing',1,'2019-01-21 13:11:57'),(1673,21,48,'student','School Timing','There is a change in school timing',1,'2019-01-21 13:11:57'),(1674,21,49,'student','School Timing','There is a change in school timing',1,'2019-01-21 13:11:57'),(1675,21,50,'student','School Timing','There is a change in school timing',1,'2019-01-21 13:11:57'),(1676,21,51,'student','School Timing','There is a change in school timing',1,'2019-01-21 13:11:57'),(1677,21,52,'student','School Timing','There is a change in school timing',1,'2019-01-21 13:11:57'),(1678,21,53,'student','School Timing','There is a change in school timing',1,'2019-01-21 13:11:57'),(1679,21,54,'student','School Timing','There is a change in school timing',1,'2019-01-21 13:11:57'),(1680,21,55,'student','School Timing','There is a change in school timing',1,'2019-01-21 13:11:57'),(1681,21,56,'student','School Timing','There is a change in school timing',1,'2019-01-21 13:11:57'),(1682,21,57,'student','School Timing','There is a change in school timing',1,'2019-01-21 13:11:57'),(1683,21,58,'student','School Timing','There is a change in school timing',1,'2019-01-21 13:11:57'),(1684,21,59,'student','School Timing','There is a change in school timing',1,'2019-01-21 13:11:57'),(1685,21,60,'student','School Timing','There is a change in school timing',1,'2019-01-21 13:11:57'),(1686,21,61,'student','School Timing','There is a change in school timing',1,'2019-01-21 13:11:57'),(1687,21,62,'student','School Timing','There is a change in school timing',1,'2019-01-21 13:11:57'),(1688,21,63,'student','School Timing','There is a change in school timing',1,'2019-01-21 13:11:57'),(1689,21,64,'student','School Timing','There is a change in school timing',1,'2019-01-21 13:11:57'),(1690,21,65,'student','School Timing','There is a change in school timing',1,'2019-01-21 13:11:57'),(1691,21,66,'student','School Timing','There is a change in school timing',1,'2019-01-21 13:11:57'),(1692,21,67,'student','School Timing','There is a change in school timing',1,'2019-01-21 13:11:57'),(1693,21,68,'student','School Timing','There is a change in school timing',1,'2019-01-21 13:11:57'),(1694,21,69,'student','School Timing','There is a change in school timing',1,'2019-01-21 13:11:57'),(1695,21,70,'student','School Timing','There is a change in school timing',1,'2019-01-21 13:11:57'),(1696,21,71,'student','School Timing','There is a change in school timing',1,'2019-01-21 13:11:57'),(1697,21,72,'student','School Timing','There is a change in school timing',1,'2019-01-21 13:11:57'),(1698,21,73,'student','School Timing','There is a change in school timing',1,'2019-01-21 13:11:57'),(1699,21,74,'student','School Timing','There is a change in school timing',1,'2019-01-21 13:11:57'),(1700,21,75,'student','School Timing','There is a change in school timing',1,'2019-01-21 13:11:57'),(1701,21,76,'student','School Timing','There is a change in school timing',1,'2019-01-21 13:11:57'),(1702,21,77,'student','School Timing','There is a change in school timing',1,'2019-01-21 13:11:57'),(1703,21,78,'student','School Timing','There is a change in school timing',1,'2019-01-21 13:11:57'),(1704,21,79,'student','School Timing','There is a change in school timing',1,'2019-01-21 13:11:57'),(1705,21,80,'student','School Timing','There is a change in school timing',1,'2019-01-21 13:11:57'),(1706,21,81,'student','School Timing','There is a change in school timing',1,'2019-01-21 13:11:57'),(1707,21,82,'student','School Timing','There is a change in school timing',1,'2019-01-21 13:11:57'),(1708,21,83,'student','School Timing','There is a change in school timing',1,'2019-01-21 13:11:57'),(1709,21,84,'student','School Timing','There is a change in school timing',1,'2019-01-21 13:11:57'),(1710,21,85,'student','School Timing','There is a change in school timing',1,'2019-01-21 13:11:57'),(1711,21,86,'student','School Timing','There is a change in school timing',1,'2019-01-21 13:11:57'),(1712,21,87,'student','School Timing','There is a change in school timing',1,'2019-01-21 13:11:57'),(1713,21,88,'student','School Timing','There is a change in school timing',1,'2019-01-21 13:11:57'),(1714,21,89,'student','School Timing','There is a change in school timing',1,'2019-01-21 13:11:57'),(1715,21,90,'student','School Timing','There is a change in school timing',1,'2019-01-21 13:11:57'),(1716,21,91,'student','School Timing','There is a change in school timing',1,'2019-01-21 13:11:57'),(1717,21,92,'student','School Timing','There is a change in school timing',1,'2019-01-21 13:11:57'),(1718,21,93,'student','School Timing','There is a change in school timing',1,'2019-01-21 13:11:57'),(1719,21,94,'student','School Timing','There is a change in school timing',1,'2019-01-21 13:11:57'),(1720,21,95,'student','School Timing','There is a change in school timing',1,'2019-01-21 13:11:57'),(1721,21,96,'student','School Timing','There is a change in school timing',1,'2019-01-21 13:11:57'),(1722,21,97,'student','School Timing','There is a change in school timing',1,'2019-01-21 13:11:57'),(1723,21,98,'student','School Timing','There is a change in school timing',1,'2019-01-21 13:11:57'),(1724,21,99,'student','School Timing','There is a change in school timing',1,'2019-01-21 13:11:57'),(1725,21,100,'student','School Timing','There is a change in school timing',1,'2019-01-21 13:11:57'),(1726,21,101,'student','School Timing','There is a change in school timing',1,'2019-01-21 13:11:57'),(1727,21,102,'student','School Timing','There is a change in school timing',1,'2019-01-21 13:11:57'),(1728,21,103,'student','School Timing','There is a change in school timing',1,'2019-01-21 13:11:57'),(1729,21,104,'student','School Timing','There is a change in school timing',1,'2019-01-21 13:11:57'),(1730,21,105,'student','School Timing','There is a change in school timing',1,'2019-01-21 13:11:57'),(1731,21,106,'student','School Timing','There is a change in school timing',1,'2019-01-21 13:11:57'),(1732,21,107,'student','School Timing','There is a change in school timing',1,'2019-01-21 13:11:57'),(1733,21,108,'student','School Timing','There is a change in school timing',1,'2019-01-21 13:11:57'),(1734,21,109,'student','School Timing','There is a change in school timing',1,'2019-01-21 13:11:57'),(1735,21,110,'student','School Timing','There is a change in school timing',1,'2019-01-21 13:11:57'),(1736,21,111,'student','School Timing','There is a change in school timing',1,'2019-01-21 13:11:57'),(1737,21,112,'student','School Timing','There is a change in school timing',1,'2019-01-21 13:11:57'),(1738,21,113,'student','School Timing','There is a change in school timing',1,'2019-01-21 13:11:57'),(1739,21,114,'student','School Timing','There is a change in school timing',1,'2019-01-21 13:11:57'),(1740,21,115,'student','School Timing','There is a change in school timing',1,'2019-01-21 13:11:57'),(1741,21,116,'student','School Timing','There is a change in school timing',1,'2019-01-21 13:11:57'),(1742,21,117,'student','School Timing','There is a change in school timing',1,'2019-01-21 13:11:57'),(1743,21,118,'student','School Timing','There is a change in school timing',1,'2019-01-21 13:11:57'),(1744,21,119,'student','School Timing','There is a change in school timing',1,'2019-01-21 13:11:57'),(1745,21,120,'student','School Timing','There is a change in school timing',1,'2019-01-21 13:11:57'),(1746,21,121,'student','School Timing','There is a change in school timing',1,'2019-01-21 13:11:57'),(1747,21,122,'student','School Timing','There is a change in school timing',1,'2019-01-21 13:11:57'),(1748,21,123,'student','School Timing','There is a change in school timing',1,'2019-01-21 13:11:57'),(1749,21,124,'student','School Timing','There is a change in school timing',1,'2019-01-21 13:11:57'),(1750,21,125,'student','School Timing','There is a change in school timing',1,'2019-01-21 13:11:57'),(1751,21,126,'student','School Timing','There is a change in school timing',1,'2019-01-21 13:11:57'),(1752,21,127,'student','School Timing','There is a change in school timing',1,'2019-01-21 13:11:57'),(1753,21,128,'student','School Timing','There is a change in school timing',1,'2019-01-21 13:11:57'),(1754,21,129,'student','School Timing','There is a change in school timing',1,'2019-01-21 13:11:57'),(1755,21,130,'student','School Timing','There is a change in school timing',1,'2019-01-21 13:11:57'),(1756,21,131,'student','School Timing','There is a change in school timing',1,'2019-01-21 13:11:57'),(1757,21,132,'student','School Timing','There is a change in school timing',1,'2019-01-21 13:11:57'),(1758,21,133,'student','School Timing','There is a change in school timing',1,'2019-01-21 13:11:57'),(1759,21,134,'student','School Timing','There is a change in school timing',1,'2019-01-21 13:11:57'),(1760,21,135,'student','School Timing','There is a change in school timing',1,'2019-01-21 13:11:57'),(1761,21,136,'student','School Timing','There is a change in school timing',1,'2019-01-21 13:11:57'),(1762,21,137,'student','School Timing','There is a change in school timing',1,'2019-01-21 13:11:57'),(1763,21,138,'student','School Timing','There is a change in school timing',1,'2019-01-21 13:11:57'),(1764,21,139,'student','School Timing','There is a change in school timing',1,'2019-01-21 13:11:57'),(1765,21,140,'student','School Timing','There is a change in school timing',1,'2019-01-21 13:11:57'),(1766,21,141,'student','School Timing','There is a change in school timing',1,'2019-01-21 13:11:57'),(1767,21,142,'student','School Timing','There is a change in school timing',1,'2019-01-21 13:11:57'),(1768,21,143,'student','School Timing','There is a change in school timing',1,'2019-01-21 13:11:57'),(1769,21,144,'student','School Timing','There is a change in school timing',1,'2019-01-21 13:11:57'),(1770,21,145,'student','School Timing','There is a change in school timing',1,'2019-01-21 13:11:57'),(1771,21,146,'student','School Timing','There is a change in school timing',1,'2019-01-21 13:11:57'),(1772,21,147,'student','School Timing','There is a change in school timing',1,'2019-01-21 13:11:57'),(1773,21,148,'student','School Timing','There is a change in school timing',1,'2019-01-21 13:11:57'),(1774,21,149,'student','School Timing','There is a change in school timing',1,'2019-01-21 13:11:57'),(1775,21,150,'student','School Timing','There is a change in school timing',1,'2019-01-21 13:11:57'),(1776,21,151,'student','School Timing','There is a change in school timing',1,'2019-01-21 13:11:57'),(1777,21,152,'student','School Timing','There is a change in school timing',1,'2019-01-21 13:11:57'),(1778,21,153,'student','School Timing','There is a change in school timing',1,'2019-01-21 13:11:57'),(1779,21,154,'student','School Timing','There is a change in school timing',1,'2019-01-21 13:11:57'),(1780,21,155,'student','School Timing','There is a change in school timing',1,'2019-01-21 13:11:57'),(1781,21,156,'student','School Timing','There is a change in school timing',1,'2019-01-21 13:11:57'),(1782,21,157,'student','School Timing','There is a change in school timing',1,'2019-01-21 13:11:57'),(1783,21,158,'student','School Timing','There is a change in school timing',1,'2019-01-21 13:11:57'),(1784,21,159,'student','School Timing','There is a change in school timing',1,'2019-01-21 13:11:57'),(1785,21,160,'student','School Timing','There is a change in school timing',1,'2019-01-21 13:11:57'),(1786,21,161,'student','School Timing','There is a change in school timing',1,'2019-01-21 13:11:57'),(1787,21,162,'student','School Timing','There is a change in school timing',1,'2019-01-21 13:11:57'),(1788,21,163,'student','School Timing','There is a change in school timing',1,'2019-01-21 13:11:57'),(1789,21,164,'student','School Timing','There is a change in school timing',1,'2019-01-21 13:11:57'),(1790,21,165,'student','School Timing','There is a change in school timing',1,'2019-01-21 13:11:57'),(1791,21,166,'student','School Timing','There is a change in school timing',1,'2019-01-21 13:11:57'),(1792,21,167,'student','School Timing','There is a change in school timing',1,'2019-01-21 13:11:57'),(1793,21,168,'student','School Timing','There is a change in school timing',1,'2019-01-21 13:11:57'),(1794,21,169,'student','School Timing','There is a change in school timing',1,'2019-01-21 13:11:57'),(1795,21,170,'student','School Timing','There is a change in school timing',1,'2019-01-21 13:11:57'),(1796,21,171,'student','School Timing','There is a change in school timing',1,'2019-01-21 13:11:57'),(1797,21,172,'student','School Timing','There is a change in school timing',1,'2019-01-21 13:11:57'),(1798,21,173,'student','School Timing','There is a change in school timing',1,'2019-01-21 13:11:57'),(1799,21,174,'student','School Timing','There is a change in school timing',1,'2019-01-21 13:11:57'),(1800,21,175,'student','School Timing','There is a change in school timing',1,'2019-01-21 13:11:57'),(1801,21,176,'student','School Timing','There is a change in school timing',1,'2019-01-21 13:11:57'),(1802,21,177,'student','School Timing','There is a change in school timing',1,'2019-01-21 13:11:57'),(1803,21,178,'student','School Timing','There is a change in school timing',1,'2019-01-21 13:11:57'),(1804,21,179,'student','School Timing','There is a change in school timing',1,'2019-01-21 13:11:57'),(1805,21,180,'student','School Timing','There is a change in school timing',1,'2019-01-21 13:11:57'),(1806,21,181,'student','School Timing','There is a change in school timing',1,'2019-01-21 13:11:57'),(1807,21,182,'student','School Timing','There is a change in school timing',1,'2019-01-21 13:11:57'),(1808,21,183,'student','School Timing','There is a change in school timing',1,'2019-01-21 13:11:57'),(1809,21,184,'student','School Timing','There is a change in school timing',1,'2019-01-21 13:11:57'),(1810,21,185,'student','School Timing','There is a change in school timing',1,'2019-01-21 13:11:57'),(1811,21,186,'student','School Timing','There is a change in school timing',1,'2019-01-21 13:11:57'),(1812,21,187,'student','School Timing','There is a change in school timing',1,'2019-01-21 13:11:57'),(1813,21,188,'student','School Timing','There is a change in school timing',1,'2019-01-21 13:11:57'),(1814,21,189,'student','School Timing','There is a change in school timing',1,'2019-01-21 13:11:57'),(1815,21,190,'student','School Timing','There is a change in school timing',1,'2019-01-21 13:11:57'),(1816,21,191,'student','School Timing','There is a change in school timing',1,'2019-01-21 13:11:57'),(1817,21,192,'student','School Timing','There is a change in school timing',1,'2019-01-21 13:11:57'),(1818,21,193,'student','School Timing','There is a change in school timing',1,'2019-01-21 13:11:57'),(1819,21,194,'student','School Timing','There is a change in school timing',1,'2019-01-21 13:11:57'),(1820,21,195,'student','School Timing','There is a change in school timing',1,'2019-01-21 13:11:57'),(1821,21,196,'student','School Timing','There is a change in school timing',1,'2019-01-21 13:11:57'),(1822,21,197,'student','School Timing','There is a change in school timing',1,'2019-01-21 13:11:57'),(1823,21,198,'student','School Timing','There is a change in school timing',1,'2019-01-21 13:11:57'),(1824,21,199,'student','School Timing','There is a change in school timing',1,'2019-01-21 13:11:57'),(1825,21,200,'student','School Timing','There is a change in school timing',1,'2019-01-21 13:11:57'),(1826,21,201,'student','School Timing','There is a change in school timing',1,'2019-01-21 13:11:57'),(1827,21,202,'student','School Timing','There is a change in school timing',1,'2019-01-21 13:11:57'),(1828,21,203,'student','School Timing','There is a change in school timing',1,'2019-01-21 13:11:57'),(1829,21,204,'student','School Timing','There is a change in school timing',1,'2019-01-21 13:11:57'),(1830,21,205,'student','School Timing','There is a change in school timing',1,'2019-01-21 13:11:57'),(1831,21,206,'student','School Timing','There is a change in school timing',1,'2019-01-21 13:11:57'),(1832,21,207,'student','School Timing','There is a change in school timing',1,'2019-01-21 13:11:57'),(1833,21,208,'student','School Timing','There is a change in school timing',1,'2019-01-21 13:11:57'),(1834,21,209,'student','School Timing','There is a change in school timing',1,'2019-01-21 13:11:57'),(1835,21,210,'student','School Timing','There is a change in school timing',1,'2019-01-21 13:11:57'),(1836,21,211,'student','School Timing','There is a change in school timing',1,'2019-01-21 13:11:57'),(1837,21,212,'student','School Timing','There is a change in school timing',1,'2019-01-21 13:11:57'),(1838,21,213,'student','School Timing','There is a change in school timing',1,'2019-01-21 13:11:57'),(1839,21,214,'student','School Timing','There is a change in school timing',1,'2019-01-21 13:11:57'),(1840,21,215,'student','School Timing','There is a change in school timing',1,'2019-01-21 13:11:57'),(1844,21,18,'student','Event Added','An Event has been created in your school.',1,'2019-01-21 13:32:11'),(1845,21,19,'student','Event Added','An Event has been created in your school.',1,'2019-01-21 13:32:11'),(1846,21,20,'student','Event Added','An Event has been created in your school.',1,'2019-01-21 13:32:11'),(1847,21,21,'student','Event Added','An Event has been created in your school.',1,'2019-01-21 13:32:11'),(1848,21,22,'student','Event Added','An Event has been created in your school.',1,'2019-01-21 13:32:11'),(1849,21,23,'student','Event Added','An Event has been created in your school.',1,'2019-01-21 13:32:11'),(1850,21,24,'student','Event Added','An Event has been created in your school.',1,'2019-01-21 13:32:11'),(1851,21,25,'student','Event Added','An Event has been created in your school.',1,'2019-01-21 13:32:11'),(1852,21,26,'student','Event Added','An Event has been created in your school.',1,'2019-01-21 13:32:11'),(1853,21,27,'student','Event Added','An Event has been created in your school.',1,'2019-01-21 13:32:11'),(1854,21,28,'student','Event Added','An Event has been created in your school.',1,'2019-01-21 13:32:11'),(1855,21,29,'student','Event Added','An Event has been created in your school.',1,'2019-01-21 13:32:11'),(1856,21,30,'student','Event Added','An Event has been created in your school.',1,'2019-01-21 13:32:11'),(1857,21,31,'student','Event Added','An Event has been created in your school.',1,'2019-01-21 13:32:11'),(1858,21,32,'student','Event Added','An Event has been created in your school.',1,'2019-01-21 13:32:11'),(1859,21,33,'student','Event Added','An Event has been created in your school.',1,'2019-01-21 13:32:11'),(1860,21,34,'student','Event Added','An Event has been created in your school.',1,'2019-01-21 13:32:11'),(1861,21,35,'student','Event Added','An Event has been created in your school.',1,'2019-01-21 13:32:11'),(1862,21,36,'student','Event Added','An Event has been created in your school.',1,'2019-01-21 13:32:11'),(1863,21,37,'student','Event Added','An Event has been created in your school.',1,'2019-01-21 13:32:11'),(1864,21,38,'student','Event Added','An Event has been created in your school.',1,'2019-01-21 13:32:11'),(1865,21,39,'student','Event Added','An Event has been created in your school.',1,'2019-01-21 13:32:11'),(1866,21,40,'student','Event Added','An Event has been created in your school.',1,'2019-01-21 13:32:11'),(1867,21,41,'student','Event Added','An Event has been created in your school.',1,'2019-01-21 13:32:11'),(1868,21,42,'student','Event Added','An Event has been created in your school.',1,'2019-01-21 13:32:11'),(1869,21,43,'student','Event Added','An Event has been created in your school.',1,'2019-01-21 13:32:11'),(1870,21,44,'student','Event Added','An Event has been created in your school.',1,'2019-01-21 13:32:11'),(1871,21,45,'student','Event Added','An Event has been created in your school.',1,'2019-01-21 13:32:11'),(1872,21,46,'student','Event Added','An Event has been created in your school.',1,'2019-01-21 13:32:11'),(1873,21,47,'student','Event Added','An Event has been created in your school.',1,'2019-01-21 13:32:11'),(1874,21,48,'student','Event Added','An Event has been created in your school.',1,'2019-01-21 13:32:11'),(1875,21,49,'student','Event Added','An Event has been created in your school.',1,'2019-01-21 13:32:11'),(1876,21,50,'student','Event Added','An Event has been created in your school.',1,'2019-01-21 13:32:11'),(1877,21,51,'student','Event Added','An Event has been created in your school.',1,'2019-01-21 13:32:11'),(1878,21,52,'student','Event Added','An Event has been created in your school.',1,'2019-01-21 13:32:11'),(1879,21,53,'student','Event Added','An Event has been created in your school.',1,'2019-01-21 13:32:11'),(1880,21,54,'student','Event Added','An Event has been created in your school.',1,'2019-01-21 13:32:11'),(1881,21,55,'student','Event Added','An Event has been created in your school.',1,'2019-01-21 13:32:11'),(1882,21,56,'student','Event Added','An Event has been created in your school.',1,'2019-01-21 13:32:11'),(1883,21,57,'student','Event Added','An Event has been created in your school.',1,'2019-01-21 13:32:11'),(1884,21,58,'student','Event Added','An Event has been created in your school.',1,'2019-01-21 13:32:11'),(1885,21,59,'student','Event Added','An Event has been created in your school.',1,'2019-01-21 13:32:11'),(1886,21,60,'student','Event Added','An Event has been created in your school.',1,'2019-01-21 13:32:11'),(1887,21,61,'student','Event Added','An Event has been created in your school.',1,'2019-01-21 13:32:11'),(1888,21,62,'student','Event Added','An Event has been created in your school.',1,'2019-01-21 13:32:11'),(1889,21,63,'student','Event Added','An Event has been created in your school.',1,'2019-01-21 13:32:11'),(1890,21,64,'student','Event Added','An Event has been created in your school.',1,'2019-01-21 13:32:11'),(1891,21,65,'student','Event Added','An Event has been created in your school.',1,'2019-01-21 13:32:11'),(1892,21,66,'student','Event Added','An Event has been created in your school.',1,'2019-01-21 13:32:11'),(1893,21,67,'student','Event Added','An Event has been created in your school.',1,'2019-01-21 13:32:11'),(1894,21,68,'student','Event Added','An Event has been created in your school.',1,'2019-01-21 13:32:11'),(1895,21,69,'student','Event Added','An Event has been created in your school.',1,'2019-01-21 13:32:11'),(1896,21,70,'student','Event Added','An Event has been created in your school.',1,'2019-01-21 13:32:11'),(1897,21,71,'student','Event Added','An Event has been created in your school.',1,'2019-01-21 13:32:11'),(1898,21,72,'student','Event Added','An Event has been created in your school.',1,'2019-01-21 13:32:11'),(1899,21,73,'student','Event Added','An Event has been created in your school.',1,'2019-01-21 13:32:11'),(1900,21,74,'student','Event Added','An Event has been created in your school.',1,'2019-01-21 13:32:11'),(1901,21,75,'student','Event Added','An Event has been created in your school.',1,'2019-01-21 13:32:11'),(1902,21,76,'student','Event Added','An Event has been created in your school.',1,'2019-01-21 13:32:11'),(1903,21,77,'student','Event Added','An Event has been created in your school.',1,'2019-01-21 13:32:11'),(1904,21,78,'student','Event Added','An Event has been created in your school.',1,'2019-01-21 13:32:11'),(1905,21,79,'student','Event Added','An Event has been created in your school.',1,'2019-01-21 13:32:11'),(1906,21,80,'student','Event Added','An Event has been created in your school.',1,'2019-01-21 13:32:11'),(1907,21,81,'student','Event Added','An Event has been created in your school.',1,'2019-01-21 13:32:11'),(1908,21,82,'student','Event Added','An Event has been created in your school.',1,'2019-01-21 13:32:11'),(1909,21,83,'student','Event Added','An Event has been created in your school.',1,'2019-01-21 13:32:11'),(1910,21,84,'student','Event Added','An Event has been created in your school.',1,'2019-01-21 13:32:11'),(1911,21,85,'student','Event Added','An Event has been created in your school.',1,'2019-01-21 13:32:11'),(1912,21,86,'student','Event Added','An Event has been created in your school.',1,'2019-01-21 13:32:11'),(1913,21,87,'student','Event Added','An Event has been created in your school.',1,'2019-01-21 13:32:11'),(1914,21,88,'student','Event Added','An Event has been created in your school.',1,'2019-01-21 13:32:11'),(1915,21,89,'student','Event Added','An Event has been created in your school.',1,'2019-01-21 13:32:11'),(1916,21,90,'student','Event Added','An Event has been created in your school.',1,'2019-01-21 13:32:11'),(1917,21,91,'student','Event Added','An Event has been created in your school.',1,'2019-01-21 13:32:11'),(1918,21,92,'student','Event Added','An Event has been created in your school.',1,'2019-01-21 13:32:11'),(1919,21,93,'student','Event Added','An Event has been created in your school.',1,'2019-01-21 13:32:11'),(1920,21,94,'student','Event Added','An Event has been created in your school.',1,'2019-01-21 13:32:11'),(1921,21,95,'student','Event Added','An Event has been created in your school.',1,'2019-01-21 13:32:11'),(1922,21,96,'student','Event Added','An Event has been created in your school.',1,'2019-01-21 13:32:11'),(1923,21,97,'student','Event Added','An Event has been created in your school.',1,'2019-01-21 13:32:11'),(1924,21,98,'student','Event Added','An Event has been created in your school.',1,'2019-01-21 13:32:11'),(1925,21,99,'student','Event Added','An Event has been created in your school.',1,'2019-01-21 13:32:11'),(1926,21,100,'student','Event Added','An Event has been created in your school.',1,'2019-01-21 13:32:11'),(1927,21,101,'student','Event Added','An Event has been created in your school.',1,'2019-01-21 13:32:11'),(1928,21,102,'student','Event Added','An Event has been created in your school.',1,'2019-01-21 13:32:11'),(1929,21,103,'student','Event Added','An Event has been created in your school.',1,'2019-01-21 13:32:11'),(1930,21,104,'student','Event Added','An Event has been created in your school.',1,'2019-01-21 13:32:11'),(1931,21,105,'student','Event Added','An Event has been created in your school.',1,'2019-01-21 13:32:11'),(1932,21,106,'student','Event Added','An Event has been created in your school.',1,'2019-01-21 13:32:11'),(1933,21,107,'student','Event Added','An Event has been created in your school.',1,'2019-01-21 13:32:11'),(1934,21,108,'student','Event Added','An Event has been created in your school.',1,'2019-01-21 13:32:11'),(1935,21,109,'student','Event Added','An Event has been created in your school.',1,'2019-01-21 13:32:11'),(1936,21,110,'student','Event Added','An Event has been created in your school.',1,'2019-01-21 13:32:11'),(1937,21,111,'student','Event Added','An Event has been created in your school.',1,'2019-01-21 13:32:11'),(1938,21,112,'student','Event Added','An Event has been created in your school.',1,'2019-01-21 13:32:11'),(1939,21,113,'student','Event Added','An Event has been created in your school.',1,'2019-01-21 13:32:11'),(1940,21,114,'student','Event Added','An Event has been created in your school.',1,'2019-01-21 13:32:11'),(1941,21,115,'student','Event Added','An Event has been created in your school.',1,'2019-01-21 13:32:11'),(1942,21,116,'student','Event Added','An Event has been created in your school.',1,'2019-01-21 13:32:11'),(1943,21,117,'student','Event Added','An Event has been created in your school.',1,'2019-01-21 13:32:11'),(1944,21,118,'student','Event Added','An Event has been created in your school.',1,'2019-01-21 13:32:11'),(1945,21,119,'student','Event Added','An Event has been created in your school.',1,'2019-01-21 13:32:11'),(1946,21,120,'student','Event Added','An Event has been created in your school.',1,'2019-01-21 13:32:11'),(1947,21,121,'student','Event Added','An Event has been created in your school.',1,'2019-01-21 13:32:11'),(1948,21,122,'student','Event Added','An Event has been created in your school.',1,'2019-01-21 13:32:11'),(1949,21,123,'student','Event Added','An Event has been created in your school.',1,'2019-01-21 13:32:11'),(1950,21,124,'student','Event Added','An Event has been created in your school.',1,'2019-01-21 13:32:11'),(1951,21,125,'student','Event Added','An Event has been created in your school.',1,'2019-01-21 13:32:11'),(1952,21,126,'student','Event Added','An Event has been created in your school.',1,'2019-01-21 13:32:11'),(1953,21,127,'student','Event Added','An Event has been created in your school.',1,'2019-01-21 13:32:11'),(1954,21,128,'student','Event Added','An Event has been created in your school.',1,'2019-01-21 13:32:11'),(1955,21,129,'student','Event Added','An Event has been created in your school.',1,'2019-01-21 13:32:11'),(1956,21,130,'student','Event Added','An Event has been created in your school.',1,'2019-01-21 13:32:11'),(1957,21,131,'student','Event Added','An Event has been created in your school.',1,'2019-01-21 13:32:11'),(1958,21,132,'student','Event Added','An Event has been created in your school.',1,'2019-01-21 13:32:11'),(1959,21,133,'student','Event Added','An Event has been created in your school.',1,'2019-01-21 13:32:11'),(1960,21,134,'student','Event Added','An Event has been created in your school.',1,'2019-01-21 13:32:11'),(1961,21,135,'student','Event Added','An Event has been created in your school.',1,'2019-01-21 13:32:11'),(1962,21,136,'student','Event Added','An Event has been created in your school.',1,'2019-01-21 13:32:11'),(1963,21,137,'student','Event Added','An Event has been created in your school.',1,'2019-01-21 13:32:11'),(1964,21,138,'student','Event Added','An Event has been created in your school.',1,'2019-01-21 13:32:11'),(1965,21,139,'student','Event Added','An Event has been created in your school.',1,'2019-01-21 13:32:11'),(1966,21,140,'student','Event Added','An Event has been created in your school.',1,'2019-01-21 13:32:11'),(1967,21,141,'student','Event Added','An Event has been created in your school.',1,'2019-01-21 13:32:11'),(1968,21,142,'student','Event Added','An Event has been created in your school.',1,'2019-01-21 13:32:11'),(1969,21,143,'student','Event Added','An Event has been created in your school.',1,'2019-01-21 13:32:11'),(1970,21,144,'student','Event Added','An Event has been created in your school.',1,'2019-01-21 13:32:11'),(1971,21,145,'student','Event Added','An Event has been created in your school.',1,'2019-01-21 13:32:11'),(1972,21,146,'student','Event Added','An Event has been created in your school.',1,'2019-01-21 13:32:11'),(1973,21,147,'student','Event Added','An Event has been created in your school.',1,'2019-01-21 13:32:11'),(1974,21,148,'student','Event Added','An Event has been created in your school.',1,'2019-01-21 13:32:11'),(1975,21,149,'student','Event Added','An Event has been created in your school.',1,'2019-01-21 13:32:11'),(1976,21,150,'student','Event Added','An Event has been created in your school.',1,'2019-01-21 13:32:11'),(1977,21,151,'student','Event Added','An Event has been created in your school.',1,'2019-01-21 13:32:11'),(1978,21,152,'student','Event Added','An Event has been created in your school.',1,'2019-01-21 13:32:11'),(1979,21,153,'student','Event Added','An Event has been created in your school.',1,'2019-01-21 13:32:11'),(1980,21,154,'student','Event Added','An Event has been created in your school.',1,'2019-01-21 13:32:11'),(1981,21,155,'student','Event Added','An Event has been created in your school.',1,'2019-01-21 13:32:11'),(1982,21,156,'student','Event Added','An Event has been created in your school.',1,'2019-01-21 13:32:11'),(1983,21,157,'student','Event Added','An Event has been created in your school.',1,'2019-01-21 13:32:11'),(1984,21,158,'student','Event Added','An Event has been created in your school.',1,'2019-01-21 13:32:11'),(1985,21,159,'student','Event Added','An Event has been created in your school.',1,'2019-01-21 13:32:11'),(1986,21,160,'student','Event Added','An Event has been created in your school.',1,'2019-01-21 13:32:11'),(1987,21,161,'student','Event Added','An Event has been created in your school.',1,'2019-01-21 13:32:11'),(1988,21,162,'student','Event Added','An Event has been created in your school.',1,'2019-01-21 13:32:11'),(1989,21,163,'student','Event Added','An Event has been created in your school.',1,'2019-01-21 13:32:11'),(1990,21,164,'student','Event Added','An Event has been created in your school.',1,'2019-01-21 13:32:11'),(1991,21,165,'student','Event Added','An Event has been created in your school.',1,'2019-01-21 13:32:11'),(1992,21,166,'student','Event Added','An Event has been created in your school.',1,'2019-01-21 13:32:11'),(1993,21,167,'student','Event Added','An Event has been created in your school.',1,'2019-01-21 13:32:11'),(1994,21,168,'student','Event Added','An Event has been created in your school.',1,'2019-01-21 13:32:11'),(1995,21,169,'student','Event Added','An Event has been created in your school.',1,'2019-01-21 13:32:11'),(1996,21,170,'student','Event Added','An Event has been created in your school.',1,'2019-01-21 13:32:11'),(1997,21,171,'student','Event Added','An Event has been created in your school.',1,'2019-01-21 13:32:11'),(1998,21,172,'student','Event Added','An Event has been created in your school.',1,'2019-01-21 13:32:11'),(1999,21,173,'student','Event Added','An Event has been created in your school.',1,'2019-01-21 13:32:11'),(2000,21,174,'student','Event Added','An Event has been created in your school.',1,'2019-01-21 13:32:11'),(2001,21,175,'student','Event Added','An Event has been created in your school.',1,'2019-01-21 13:32:11'),(2002,21,176,'student','Event Added','An Event has been created in your school.',1,'2019-01-21 13:32:11'),(2003,21,177,'student','Event Added','An Event has been created in your school.',1,'2019-01-21 13:32:11'),(2004,21,178,'student','Event Added','An Event has been created in your school.',1,'2019-01-21 13:32:11'),(2005,21,179,'student','Event Added','An Event has been created in your school.',1,'2019-01-21 13:32:11'),(2006,21,180,'student','Event Added','An Event has been created in your school.',1,'2019-01-21 13:32:11'),(2007,21,181,'student','Event Added','An Event has been created in your school.',1,'2019-01-21 13:32:11'),(2008,21,182,'student','Event Added','An Event has been created in your school.',1,'2019-01-21 13:32:11'),(2009,21,183,'student','Event Added','An Event has been created in your school.',1,'2019-01-21 13:32:11'),(2010,21,184,'student','Event Added','An Event has been created in your school.',1,'2019-01-21 13:32:11'),(2011,21,185,'student','Event Added','An Event has been created in your school.',1,'2019-01-21 13:32:11'),(2012,21,186,'student','Event Added','An Event has been created in your school.',1,'2019-01-21 13:32:11'),(2013,21,187,'student','Event Added','An Event has been created in your school.',1,'2019-01-21 13:32:11'),(2014,21,188,'student','Event Added','An Event has been created in your school.',1,'2019-01-21 13:32:11'),(2015,21,189,'student','Event Added','An Event has been created in your school.',1,'2019-01-21 13:32:11'),(2016,21,190,'student','Event Added','An Event has been created in your school.',1,'2019-01-21 13:32:11'),(2017,21,191,'student','Event Added','An Event has been created in your school.',1,'2019-01-21 13:32:11'),(2018,21,192,'student','Event Added','An Event has been created in your school.',1,'2019-01-21 13:32:11'),(2019,21,193,'student','Event Added','An Event has been created in your school.',1,'2019-01-21 13:32:11'),(2020,21,194,'student','Event Added','An Event has been created in your school.',1,'2019-01-21 13:32:11'),(2021,21,195,'student','Event Added','An Event has been created in your school.',1,'2019-01-21 13:32:11'),(2022,21,196,'student','Event Added','An Event has been created in your school.',1,'2019-01-21 13:32:11'),(2023,21,197,'student','Event Added','An Event has been created in your school.',1,'2019-01-21 13:32:11'),(2024,21,198,'student','Event Added','An Event has been created in your school.',1,'2019-01-21 13:32:11'),(2025,21,199,'student','Event Added','An Event has been created in your school.',1,'2019-01-21 13:32:11'),(2026,21,200,'student','Event Added','An Event has been created in your school.',1,'2019-01-21 13:32:11'),(2027,21,201,'student','Event Added','An Event has been created in your school.',1,'2019-01-21 13:32:11'),(2028,21,202,'student','Event Added','An Event has been created in your school.',1,'2019-01-21 13:32:11'),(2029,21,203,'student','Event Added','An Event has been created in your school.',1,'2019-01-21 13:32:11'),(2030,21,204,'student','Event Added','An Event has been created in your school.',1,'2019-01-21 13:32:11'),(2031,21,205,'student','Event Added','An Event has been created in your school.',1,'2019-01-21 13:32:11'),(2032,21,206,'student','Event Added','An Event has been created in your school.',1,'2019-01-21 13:32:11'),(2033,21,207,'student','Event Added','An Event has been created in your school.',1,'2019-01-21 13:32:11'),(2034,21,208,'student','Event Added','An Event has been created in your school.',1,'2019-01-21 13:32:11'),(2035,21,209,'student','Event Added','An Event has been created in your school.',1,'2019-01-21 13:32:11'),(2036,21,210,'student','Event Added','An Event has been created in your school.',1,'2019-01-21 13:32:11'),(2037,21,211,'student','Event Added','An Event has been created in your school.',1,'2019-01-21 13:32:11'),(2038,21,212,'student','Event Added','An Event has been created in your school.',1,'2019-01-21 13:32:11'),(2039,21,213,'student','Event Added','An Event has been created in your school.',1,'2019-01-21 13:32:11'),(2040,21,214,'student','Event Added','An Event has been created in your school.',1,'2019-01-21 13:32:11'),(2041,21,215,'student','Event Added','An Event has been created in your school.',1,'2019-01-21 13:32:11');
/*!40000 ALTER TABLE `notification` ENABLE KEYS */;
UNLOCK TABLES;

--
-- Table structure for table `other_roles`
--

DROP TABLE IF EXISTS `other_roles`;
/*!40101 SET @saved_cs_client     = @@character_set_client */;
/*!40101 SET character_set_client = utf8 */;
CREATE TABLE `other_roles` (
  `roleID` int(11) NOT NULL AUTO_INCREMENT,
  `schoolID` int(11) NOT NULL,
  `role` varchar(255) NOT NULL,
  `modules` varchar(255) DEFAULT NULL,
  `added_on` datetime DEFAULT NULL,
  `modified_on` datetime DEFAULT NULL,
  PRIMARY KEY (`roleID`)
) ENGINE=MyISAM AUTO_INCREMENT=2 DEFAULT CHARSET=latin1;
/*!40101 SET character_set_client = @saved_cs_client */;

--
-- Dumping data for table `other_roles`
--

LOCK TABLES `other_roles` WRITE;
/*!40000 ALTER TABLE `other_roles` DISABLE KEYS */;
INSERT INTO `other_roles` VALUES (1,54,'Accountant','1,2,4,9,11,12,13,14','2019-01-21 10:41:48','2019-01-21 10:41:48');
/*!40000 ALTER TABLE `other_roles` ENABLE KEYS */;
UNLOCK TABLES;

--
-- Table structure for table `other_staff`
--

DROP TABLE IF EXISTS `other_staff`;
/*!40101 SET @saved_cs_client     = @@character_set_client */;
/*!40101 SET character_set_client = utf8 */;
CREATE TABLE `other_staff` (
  `staffID` int(11) NOT NULL AUTO_INCREMENT,
  `schoolID` int(11) NOT NULL,
  `school_code` varchar(255) NOT NULL,
  `name` varchar(255) NOT NULL,
  `address` varchar(255) NOT NULL,
  `email` varchar(255) NOT NULL,
  `phone` varchar(255) NOT NULL,
  `image` varchar(255) DEFAULT NULL,
  `username` varchar(255) NOT NULL,
  `password` varchar(255) NOT NULL,
  `roleID` int(11) NOT NULL,
  `groupID` int(11) DEFAULT NULL,
  `is_active` enum('Y','N') NOT NULL,
  `added_on` datetime NOT NULL,
  PRIMARY KEY (`staffID`)
) ENGINE=MyISAM AUTO_INCREMENT=2 DEFAULT CHARSET=latin1;
/*!40101 SET character_set_client = @saved_cs_client */;

--
-- Dumping data for table `other_staff`
--

LOCK TABLES `other_staff` WRITE;
/*!40000 ALTER TABLE `other_staff` DISABLE KEYS */;
INSERT INTO `other_staff` VALUES (1,54,'HSIOSTV','Staff','Address1','staff@staff.com','1234567890',NULL,'staff','96bcc3886898c1b1c79a0d56848ab90d72f9d795f52f2357cd50b7f1f51e61a1f372aa6bf252fa9eb19f0aa18f0ef8f440af743415535d53ea0ec53f8784d5ab',1,NULL,'Y','2019-01-21 10:42:45');
/*!40000 ALTER TABLE `other_staff` ENABLE KEYS */;
UNLOCK TABLES;

--
-- Table structure for table `package`
--

DROP TABLE IF EXISTS `package`;
/*!40101 SET @saved_cs_client     = @@character_set_client */;
/*!40101 SET character_set_client = utf8 */;
CREATE TABLE `package` (
  `packageID` int(11) NOT NULL AUTO_INCREMENT,
  `package` varchar(255) NOT NULL,
  `modules` varchar(255) NOT NULL,
  `price` int(11) DEFAULT NULL,
  `image` varchar(255) DEFAULT NULL,
  PRIMARY KEY (`packageID`)
) ENGINE=MyISAM AUTO_INCREMENT=4 DEFAULT CHARSET=latin1;
/*!40101 SET character_set_client = @saved_cs_client */;

--
-- Dumping data for table `package`
--

LOCK TABLES `package` WRITE;
/*!40000 ALTER TABLE `package` DISABLE KEYS */;
INSERT INTO `package` VALUES (1,'Lite Version','1,2,4,9,11,12,13,14,15,16,17,18',200,NULL),(2,'Standard Version','1,2,3,4,7,9,10,11,12,13,14,15,16,17,18,19,20,21',300,NULL),(3,'Premium Version','1,2,3,4,5,6,7,9,10,11,12,13,14,15,16,17,18,19,20,21,22,23,24,25',400,NULL);
/*!40000 ALTER TABLE `package` ENABLE KEYS */;
UNLOCK TABLES;

--
-- Table structure for table `parent`
--

DROP TABLE IF EXISTS `parent`;
/*!40101 SET @saved_cs_client     = @@character_set_client */;
/*!40101 SET character_set_client = utf8 */;
CREATE TABLE `parent` (
  `parentID` int(11) NOT NULL AUTO_INCREMENT,
  `schoolID` int(11) NOT NULL,
  `school_code` varchar(255) NOT NULL,
  `name` varchar(255) NOT NULL,
  `email` varchar(255) NOT NULL,
  `phone` varchar(255) NOT NULL,
  `image` varchar(255) DEFAULT NULL,
  `address` text NOT NULL,
  `username` varchar(255) NOT NULL,
  `password` varchar(255) NOT NULL,
  `is_active` enum('Y','N','R','D') NOT NULL,
  `added_on` datetime NOT NULL,
  PRIMARY KEY (`parentID`)
) ENGINE=MyISAM AUTO_INCREMENT=206 DEFAULT CHARSET=latin1;
/*!40101 SET character_set_client = @saved_cs_client */;

--
-- Dumping data for table `parent`
--

LOCK TABLES `parent` WRITE;
/*!40000 ALTER TABLE `parent` DISABLE KEYS */;
INSERT INTO `parent` VALUES (1,21,'SUU5FF2','Ashok Kumar','parent@snsiti.com','1234567890','','Motihari','P17090003','96bcc3886898c1b1c79a0d56848ab90d72f9d795f52f2357cd50b7f1f51e61a1f372aa6bf252fa9eb19f0aa18f0ef8f440af743415535d53ea0ec53f8784d5ab','Y','2018-12-27 00:00:00'),(2,21,'SUU5FF2','Ajay Kumar Singh','parent@snsiti.com','1234567890','','Motihari','P17090002','96bcc3886898c1b1c79a0d56848ab90d72f9d795f52f2357cd50b7f1f51e61a1f372aa6bf252fa9eb19f0aa18f0ef8f440af743415535d53ea0ec53f8784d5ab','Y','2018-12-27 00:00:00'),(3,21,'SUU5FF2','Hridyanand Tiwari','parent@snsiti.com','1234567890','','Motihari','P17090007','96bcc3886898c1b1c79a0d56848ab90d72f9d795f52f2357cd50b7f1f51e61a1f372aa6bf252fa9eb19f0aa18f0ef8f440af743415535d53ea0ec53f8784d5ab','Y','2018-12-27 00:00:00'),(4,21,'SUU5FF2','Subodh Kumar','parent@snsiti.com','1234567890','','Motihari','P17090006','96bcc3886898c1b1c79a0d56848ab90d72f9d795f52f2357cd50b7f1f51e61a1f372aa6bf252fa9eb19f0aa18f0ef8f440af743415535d53ea0ec53f8784d5ab','Y','2018-12-27 00:00:00'),(5,21,'SUU5FF2','Bashir Ahmad','parent@snsiti.com','1234567890','','Motihari','P17090005','96bcc3886898c1b1c79a0d56848ab90d72f9d795f52f2357cd50b7f1f51e61a1f372aa6bf252fa9eb19f0aa18f0ef8f440af743415535d53ea0ec53f8784d5ab','Y','2018-12-27 00:00:00'),(6,21,'SUU5FF2','Basudev Sharma','parent@snsiti.com','1234567890','','Motihari','P17090008','96bcc3886898c1b1c79a0d56848ab90d72f9d795f52f2357cd50b7f1f51e61a1f372aa6bf252fa9eb19f0aa18f0ef8f440af743415535d53ea0ec53f8784d5ab','Y','2018-12-27 00:00:00'),(7,21,'SUU5FF2','Braj Kishor Prasad','parent@snsiti.com','1234567890','','Motihari','P17090011','96bcc3886898c1b1c79a0d56848ab90d72f9d795f52f2357cd50b7f1f51e61a1f372aa6bf252fa9eb19f0aa18f0ef8f440af743415535d53ea0ec53f8784d5ab','Y','2018-12-27 00:00:00'),(8,21,'SUU5FF2','Deepak Prasad Srivastav','parent@snsiti.com','1234567890','','Motihari','P17090012','96bcc3886898c1b1c79a0d56848ab90d72f9d795f52f2357cd50b7f1f51e61a1f372aa6bf252fa9eb19f0aa18f0ef8f440af743415535d53ea0ec53f8784d5ab','Y','2018-12-27 00:00:00'),(9,21,'SUU5FF2','Jiwa Nand ','parent@snsiti.com','1234567890','','Motihari','P17090013','96bcc3886898c1b1c79a0d56848ab90d72f9d795f52f2357cd50b7f1f51e61a1f372aa6bf252fa9eb19f0aa18f0ef8f440af743415535d53ea0ec53f8784d5ab','Y','2018-12-27 00:00:00'),(10,21,'SUU5FF2','Anil Kumar Pandey','parent@snsiti.com','1234567890','','Motihari','P17090001','96bcc3886898c1b1c79a0d56848ab90d72f9d795f52f2357cd50b7f1f51e61a1f372aa6bf252fa9eb19f0aa18f0ef8f440af743415535d53ea0ec53f8784d5ab','Y','2018-12-27 00:00:00'),(11,21,'SUU5FF2','Radha Prasad','parent@snsiti.com','1234567890','','Motihari','P17090014','96bcc3886898c1b1c79a0d56848ab90d72f9d795f52f2357cd50b7f1f51e61a1f372aa6bf252fa9eb19f0aa18f0ef8f440af743415535d53ea0ec53f8784d5ab','Y','2018-12-27 00:00:00'),(12,21,'SUU5FF2','Nageshwar Singh','parent@snsiti.com','1234567890','','Motihari','P17090015','96bcc3886898c1b1c79a0d56848ab90d72f9d795f52f2357cd50b7f1f51e61a1f372aa6bf252fa9eb19f0aa18f0ef8f440af743415535d53ea0ec53f8784d5ab','Y','2018-12-27 00:00:00'),(13,21,'SUU5FF2','Jitendra Kr Singh','parent@snsiti.com','1234567890','','Motihari','P17090016','96bcc3886898c1b1c79a0d56848ab90d72f9d795f52f2357cd50b7f1f51e61a1f372aa6bf252fa9eb19f0aa18f0ef8f440af743415535d53ea0ec53f8784d5ab','Y','2018-12-27 00:00:00'),(14,21,'SUU5FF2','Rajeev Kumar Bharti','parent@snsiti.com','1234567890','','Motihari','P17090017','96bcc3886898c1b1c79a0d56848ab90d72f9d795f52f2357cd50b7f1f51e61a1f372aa6bf252fa9eb19f0aa18f0ef8f440af743415535d53ea0ec53f8784d5ab','Y','2018-12-27 00:00:00'),(15,21,'SUU5FF2','Lalbabu Prasad','parent@snsiti.com','1234567890','','Motihari','P17090019','96bcc3886898c1b1c79a0d56848ab90d72f9d795f52f2357cd50b7f1f51e61a1f372aa6bf252fa9eb19f0aa18f0ef8f440af743415535d53ea0ec53f8784d5ab','Y','2018-12-27 00:00:00'),(16,21,'SUU5FF2','Lal Bahadur Baitha','parent@snsiti.com','1234567890','','Motihari','P17090021','96bcc3886898c1b1c79a0d56848ab90d72f9d795f52f2357cd50b7f1f51e61a1f372aa6bf252fa9eb19f0aa18f0ef8f440af743415535d53ea0ec53f8784d5ab','Y','2018-12-27 00:00:00'),(17,21,'SUU5FF2','Baban Singh','parent@snsiti.com','1234567890','','Motihari','P17090020','96bcc3886898c1b1c79a0d56848ab90d72f9d795f52f2357cd50b7f1f51e61a1f372aa6bf252fa9eb19f0aa18f0ef8f440af743415535d53ea0ec53f8784d5ab','Y','2018-12-27 00:00:00'),(18,21,'SUU5FF2','Rajendra Pandey','parent@snsiti.com','1234567890','','Motihari','P17090004','96bcc3886898c1b1c79a0d56848ab90d72f9d795f52f2357cd50b7f1f51e61a1f372aa6bf252fa9eb19f0aa18f0ef8f440af743415535d53ea0ec53f8784d5ab','Y','2018-12-27 00:00:00'),(19,21,'SUU5FF2','Binod Bihari Tiwari','parent@snsiti.com','1234567890','','Motihari','P17090023','96bcc3886898c1b1c79a0d56848ab90d72f9d795f52f2357cd50b7f1f51e61a1f372aa6bf252fa9eb19f0aa18f0ef8f440af743415535d53ea0ec53f8784d5ab','Y','2018-12-27 00:00:00'),(20,21,'SUU5FF2','Kanhaiya Singh','parent@snsiti.com','1234567890','','Motihari','P17090025','96bcc3886898c1b1c79a0d56848ab90d72f9d795f52f2357cd50b7f1f51e61a1f372aa6bf252fa9eb19f0aa18f0ef8f440af743415535d53ea0ec53f8784d5ab','Y','2018-12-27 00:00:00'),(21,21,'SUU5FF2','Shiv Shankar Tiwari','parent@snsiti.com','1234567890','','Motihari','P17090024','96bcc3886898c1b1c79a0d56848ab90d72f9d795f52f2357cd50b7f1f51e61a1f372aa6bf252fa9eb19f0aa18f0ef8f440af743415535d53ea0ec53f8784d5ab','Y','2018-12-27 00:00:00'),(22,21,'SUU5FF2','Vasdev Singh','parent@snsiti.com','1234567890','','Motihari','P17090027','96bcc3886898c1b1c79a0d56848ab90d72f9d795f52f2357cd50b7f1f51e61a1f372aa6bf252fa9eb19f0aa18f0ef8f440af743415535d53ea0ec53f8784d5ab','Y','2018-12-27 00:00:00'),(23,21,'SUU5FF2','Praveen Kumar Varma','parent@snsiti.com','1234567890','','Motihari','P17090010','96bcc3886898c1b1c79a0d56848ab90d72f9d795f52f2357cd50b7f1f51e61a1f372aa6bf252fa9eb19f0aa18f0ef8f440af743415535d53ea0ec53f8784d5ab','Y','2018-12-27 00:00:00'),(24,21,'SUU5FF2','Krishna Baitha','parent@snsiti.com','1234567890','','Motihari','P17090029','96bcc3886898c1b1c79a0d56848ab90d72f9d795f52f2357cd50b7f1f51e61a1f372aa6bf252fa9eb19f0aa18f0ef8f440af743415535d53ea0ec53f8784d5ab','Y','2018-12-27 00:00:00'),(25,21,'SUU5FF2','Ram Nath Rai','parent@snsiti.com','1234567890','','Motihari','P17090031','96bcc3886898c1b1c79a0d56848ab90d72f9d795f52f2357cd50b7f1f51e61a1f372aa6bf252fa9eb19f0aa18f0ef8f440af743415535d53ea0ec53f8784d5ab','Y','2018-12-27 00:00:00'),(26,21,'SUU5FF2','Lalbabu Prasad Yadav','parent@snsiti.com','1234567890','','Motihari','P17090026','96bcc3886898c1b1c79a0d56848ab90d72f9d795f52f2357cd50b7f1f51e61a1f372aa6bf252fa9eb19f0aa18f0ef8f440af743415535d53ea0ec53f8784d5ab','Y','2018-12-27 00:00:00'),(27,21,'SUU5FF2','Shiva Kant Pandey','parent@snsiti.com','1234567890','','Motihari','P17090032','96bcc3886898c1b1c79a0d56848ab90d72f9d795f52f2357cd50b7f1f51e61a1f372aa6bf252fa9eb19f0aa18f0ef8f440af743415535d53ea0ec53f8784d5ab','Y','2018-12-27 00:00:00'),(28,21,'SUU5FF2','Nek Mohammad','parent@snsiti.com','1234567890','','Motihari','P17090036','96bcc3886898c1b1c79a0d56848ab90d72f9d795f52f2357cd50b7f1f51e61a1f372aa6bf252fa9eb19f0aa18f0ef8f440af743415535d53ea0ec53f8784d5ab','Y','2018-12-27 00:00:00'),(29,21,'SUU5FF2','Rajesh Kumar','parent@snsiti.com','1234567890','','Motihari','P17090038','96bcc3886898c1b1c79a0d56848ab90d72f9d795f52f2357cd50b7f1f51e61a1f372aa6bf252fa9eb19f0aa18f0ef8f440af743415535d53ea0ec53f8784d5ab','Y','2018-12-27 00:00:00'),(30,21,'SUU5FF2','Durga Ray','parent@snsiti.com','1234567890','','Motihari','P17090037','96bcc3886898c1b1c79a0d56848ab90d72f9d795f52f2357cd50b7f1f51e61a1f372aa6bf252fa9eb19f0aa18f0ef8f440af743415535d53ea0ec53f8784d5ab','Y','2018-12-27 00:00:00'),(31,21,'SUU5FF2','Mankeshwar Ram','parent@snsiti.com','1234567890','','Motihari','P17090035','96bcc3886898c1b1c79a0d56848ab90d72f9d795f52f2357cd50b7f1f51e61a1f372aa6bf252fa9eb19f0aa18f0ef8f440af743415535d53ea0ec53f8784d5ab','Y','2018-12-27 00:00:00'),(32,21,'SUU5FF2','Madan Ram','parent@snsiti.com','1234567890','','Motihari','P17090034','96bcc3886898c1b1c79a0d56848ab90d72f9d795f52f2357cd50b7f1f51e61a1f372aa6bf252fa9eb19f0aa18f0ef8f440af743415535d53ea0ec53f8784d5ab','Y','2018-12-27 00:00:00'),(33,21,'SUU5FF2','Rakesh Kumar','parent@snsiti.com','1234567890','','Motihari','P17090033','96bcc3886898c1b1c79a0d56848ab90d72f9d795f52f2357cd50b7f1f51e61a1f372aa6bf252fa9eb19f0aa18f0ef8f440af743415535d53ea0ec53f8784d5ab','Y','2018-12-27 00:00:00'),(34,21,'SUU5FF2','Ramnath Prasad','parent@snsiti.com','1234567890','','Motihari','P17090030','96bcc3886898c1b1c79a0d56848ab90d72f9d795f52f2357cd50b7f1f51e61a1f372aa6bf252fa9eb19f0aa18f0ef8f440af743415535d53ea0ec53f8784d5ab','Y','2018-12-27 00:00:00'),(35,21,'SUU5FF2','Shailendra Kumar','parent@snsiti.com','1234567890','','Motihari','P17090044','96bcc3886898c1b1c79a0d56848ab90d72f9d795f52f2357cd50b7f1f51e61a1f372aa6bf252fa9eb19f0aa18f0ef8f440af743415535d53ea0ec53f8784d5ab','Y','2018-12-27 00:00:00'),(36,21,'SUU5FF2','Bhikhari Bhagat','parent@snsiti.com','1234567890','','Motihari','P17090042','96bcc3886898c1b1c79a0d56848ab90d72f9d795f52f2357cd50b7f1f51e61a1f372aa6bf252fa9eb19f0aa18f0ef8f440af743415535d53ea0ec53f8784d5ab','Y','2018-12-27 00:00:00'),(37,21,'SUU5FF2','Dwarika Sahani','parent@snsiti.com','1234567890','','Motihari','P17090046','96bcc3886898c1b1c79a0d56848ab90d72f9d795f52f2357cd50b7f1f51e61a1f372aa6bf252fa9eb19f0aa18f0ef8f440af743415535d53ea0ec53f8784d5ab','Y','2018-12-27 00:00:00'),(38,21,'SUU5FF2','Chhatri Ram','parent@snsiti.com','1234567890','','Motihari','P17090045','96bcc3886898c1b1c79a0d56848ab90d72f9d795f52f2357cd50b7f1f51e61a1f372aa6bf252fa9eb19f0aa18f0ef8f440af743415535d53ea0ec53f8784d5ab','Y','2018-12-27 00:00:00'),(39,21,'SUU5FF2','Santosh Kumar Singh','parent@snsiti.com','1234567890','','Motihari','P17090049','96bcc3886898c1b1c79a0d56848ab90d72f9d795f52f2357cd50b7f1f51e61a1f372aa6bf252fa9eb19f0aa18f0ef8f440af743415535d53ea0ec53f8784d5ab','Y','2018-12-27 00:00:00'),(40,21,'SUU5FF2','Shambhu Prasad','parent@snsiti.com','1234567890','','Motihari','P17090051','96bcc3886898c1b1c79a0d56848ab90d72f9d795f52f2357cd50b7f1f51e61a1f372aa6bf252fa9eb19f0aa18f0ef8f440af743415535d53ea0ec53f8784d5ab','Y','2018-12-27 00:00:00'),(41,21,'SUU5FF2','Hari Shankar Singh','parent@snsiti.com','1234567890','','Motihari','P17090054','96bcc3886898c1b1c79a0d56848ab90d72f9d795f52f2357cd50b7f1f51e61a1f372aa6bf252fa9eb19f0aa18f0ef8f440af743415535d53ea0ec53f8784d5ab','Y','2018-12-27 00:00:00'),(42,21,'SUU5FF2','Ramnaresh Kumar','parent@snsiti.com','1234567890','','Motihari','P17090057','96bcc3886898c1b1c79a0d56848ab90d72f9d795f52f2357cd50b7f1f51e61a1f372aa6bf252fa9eb19f0aa18f0ef8f440af743415535d53ea0ec53f8784d5ab','Y','2018-12-27 00:00:00'),(43,21,'SUU5FF2','Kashi Lal Sah','parent@snsiti.com','1234567890','','Motihari','P17090053','96bcc3886898c1b1c79a0d56848ab90d72f9d795f52f2357cd50b7f1f51e61a1f372aa6bf252fa9eb19f0aa18f0ef8f440af743415535d53ea0ec53f8784d5ab','Y','2018-12-27 00:00:00'),(44,21,'SUU5FF2','Ravi Shankar Singh','parent@snsiti.com','1234567890','','Motihari','P17090055','96bcc3886898c1b1c79a0d56848ab90d72f9d795f52f2357cd50b7f1f51e61a1f372aa6bf252fa9eb19f0aa18f0ef8f440af743415535d53ea0ec53f8784d5ab','Y','2018-12-27 00:00:00'),(45,21,'SUU5FF2','Mahmud Alam','parent@snsiti.com','1234567890','','Motihari','P17090052','96bcc3886898c1b1c79a0d56848ab90d72f9d795f52f2357cd50b7f1f51e61a1f372aa6bf252fa9eb19f0aa18f0ef8f440af743415535d53ea0ec53f8784d5ab','Y','2018-12-27 00:00:00'),(46,21,'SUU5FF2','Rakesh Chaudhur','parent@snsiti.com','1234567890','','Motihari','P17090061','96bcc3886898c1b1c79a0d56848ab90d72f9d795f52f2357cd50b7f1f51e61a1f372aa6bf252fa9eb19f0aa18f0ef8f440af743415535d53ea0ec53f8784d5ab','Y','2018-12-27 00:00:00'),(47,21,'SUU5FF2','Shailendra Kumar Singh','parent@snsiti.com','1234567890','','Motihari','P17090060','96bcc3886898c1b1c79a0d56848ab90d72f9d795f52f2357cd50b7f1f51e61a1f372aa6bf252fa9eb19f0aa18f0ef8f440af743415535d53ea0ec53f8784d5ab','Y','2018-12-27 00:00:00'),(48,21,'SUU5FF2','Vishwanath Bhagat','parent@snsiti.com','1234567890','','Motihari','P17090058','96bcc3886898c1b1c79a0d56848ab90d72f9d795f52f2357cd50b7f1f51e61a1f372aa6bf252fa9eb19f0aa18f0ef8f440af743415535d53ea0ec53f8784d5ab','Y','2018-12-27 00:00:00'),(49,21,'SUU5FF2','Nand Kishor Singh','parent@snsiti.com','1234567890','','Motihari','P17090062','96bcc3886898c1b1c79a0d56848ab90d72f9d795f52f2357cd50b7f1f51e61a1f372aa6bf252fa9eb19f0aa18f0ef8f440af743415535d53ea0ec53f8784d5ab','Y','2018-12-27 00:00:00'),(50,21,'SUU5FF2','Kanhaiya Kumar','parent@snsiti.com','1234567890','','Motihari','P17090064','96bcc3886898c1b1c79a0d56848ab90d72f9d795f52f2357cd50b7f1f51e61a1f372aa6bf252fa9eb19f0aa18f0ef8f440af743415535d53ea0ec53f8784d5ab','Y','2018-12-27 00:00:00'),(51,21,'SUU5FF2','Kanhaiya Kumar','parent@snsiti.com','1234567890','','Motihari','P17090065','96bcc3886898c1b1c79a0d56848ab90d72f9d795f52f2357cd50b7f1f51e61a1f372aa6bf252fa9eb19f0aa18f0ef8f440af743415535d53ea0ec53f8784d5ab','Y','2018-12-27 00:00:00'),(52,21,'SUU5FF2','Rambhavan Baitha','parent@snsiti.com','1234567890','','Motihari','P17090063','96bcc3886898c1b1c79a0d56848ab90d72f9d795f52f2357cd50b7f1f51e61a1f372aa6bf252fa9eb19f0aa18f0ef8f440af743415535d53ea0ec53f8784d5ab','Y','2018-12-27 00:00:00'),(53,21,'SUU5FF2','Hari Kant Bharti','parent@snsiti.com','1234567890','','Motihari','P17090066','96bcc3886898c1b1c79a0d56848ab90d72f9d795f52f2357cd50b7f1f51e61a1f372aa6bf252fa9eb19f0aa18f0ef8f440af743415535d53ea0ec53f8784d5ab','Y','2018-12-27 00:00:00'),(54,21,'SUU5FF2','Awadhesh Kumar','parent@snsiti.com','1234567890','','Motihari','P17090067','96bcc3886898c1b1c79a0d56848ab90d72f9d795f52f2357cd50b7f1f51e61a1f372aa6bf252fa9eb19f0aa18f0ef8f440af743415535d53ea0ec53f8784d5ab','Y','2018-12-27 00:00:00'),(55,21,'SUU5FF2','Madan Mohan Prasad','parent@snsiti.com','1234567890','','Motihari','P17090069','96bcc3886898c1b1c79a0d56848ab90d72f9d795f52f2357cd50b7f1f51e61a1f372aa6bf252fa9eb19f0aa18f0ef8f440af743415535d53ea0ec53f8784d5ab','Y','2018-12-27 00:00:00'),(56,21,'SUU5FF2','Narayan Prasad','parent@snsiti.com','1234567890','','Motihari','P17090071','96bcc3886898c1b1c79a0d56848ab90d72f9d795f52f2357cd50b7f1f51e61a1f372aa6bf252fa9eb19f0aa18f0ef8f440af743415535d53ea0ec53f8784d5ab','Y','2018-12-27 00:00:00'),(57,21,'SUU5FF2','Shatrughna Sah','parent@snsiti.com','1234567890','','Motihari','P17090068','96bcc3886898c1b1c79a0d56848ab90d72f9d795f52f2357cd50b7f1f51e61a1f372aa6bf252fa9eb19f0aa18f0ef8f440af743415535d53ea0ec53f8784d5ab','Y','2018-12-27 00:00:00'),(58,21,'SUU5FF2','Shrikant Bharti','parent@snsiti.com','1234567890','','Motihari','P17090050','96bcc3886898c1b1c79a0d56848ab90d72f9d795f52f2357cd50b7f1f51e61a1f372aa6bf252fa9eb19f0aa18f0ef8f440af743415535d53ea0ec53f8784d5ab','Y','2018-12-27 00:00:00'),(59,21,'SUU5FF2','Lt.Anand Bihari Varma','parent@snsiti.com','1234567890','','Motihari','P17090076','96bcc3886898c1b1c79a0d56848ab90d72f9d795f52f2357cd50b7f1f51e61a1f372aa6bf252fa9eb19f0aa18f0ef8f440af743415535d53ea0ec53f8784d5ab','Y','2018-12-27 00:00:00'),(60,21,'SUU5FF2','Ramdat Pandit','parent@snsiti.com','1234567890','','Motihari','P17090078','96bcc3886898c1b1c79a0d56848ab90d72f9d795f52f2357cd50b7f1f51e61a1f372aa6bf252fa9eb19f0aa18f0ef8f440af743415535d53ea0ec53f8784d5ab','Y','2018-12-27 00:00:00'),(61,21,'SUU5FF2','Arun Kumar Singh','parent@snsiti.com','1234567890','','Motihari','P17090070','96bcc3886898c1b1c79a0d56848ab90d72f9d795f52f2357cd50b7f1f51e61a1f372aa6bf252fa9eb19f0aa18f0ef8f440af743415535d53ea0ec53f8784d5ab','Y','2018-12-27 00:00:00'),(62,21,'SUU5FF2','Puranwasi Das','parent@snsiti.com','1234567890','','Motihari','P17090048','96bcc3886898c1b1c79a0d56848ab90d72f9d795f52f2357cd50b7f1f51e61a1f372aa6bf252fa9eb19f0aa18f0ef8f440af743415535d53ea0ec53f8784d5ab','Y','2018-12-27 00:00:00'),(63,21,'SUU5FF2','Paras Nath Shrivastava','parent@snsiti.com','1234567890','','Motihari','P17090047','96bcc3886898c1b1c79a0d56848ab90d72f9d795f52f2357cd50b7f1f51e61a1f372aa6bf252fa9eb19f0aa18f0ef8f440af743415535d53ea0ec53f8784d5ab','Y','2018-12-27 00:00:00'),(64,21,'SUU5FF2','Shankar Pandit','parent@snsiti.com','1234567890','','Motihari','P17090073','96bcc3886898c1b1c79a0d56848ab90d72f9d795f52f2357cd50b7f1f51e61a1f372aa6bf252fa9eb19f0aa18f0ef8f440af743415535d53ea0ec53f8784d5ab','Y','2018-12-27 00:00:00'),(65,21,'SUU5FF2','Vishnu Singh','parent@snsiti.com','1234567890','','Motihari','P17090079','96bcc3886898c1b1c79a0d56848ab90d72f9d795f52f2357cd50b7f1f51e61a1f372aa6bf252fa9eb19f0aa18f0ef8f440af743415535d53ea0ec53f8784d5ab','Y','2018-12-27 00:00:00'),(66,21,'SUU5FF2','Ram Niwas Saxena','parent@snsiti.com','1234567890','','Motihari','P17090081','96bcc3886898c1b1c79a0d56848ab90d72f9d795f52f2357cd50b7f1f51e61a1f372aa6bf252fa9eb19f0aa18f0ef8f440af743415535d53ea0ec53f8784d5ab','Y','2018-12-27 00:00:00'),(67,21,'SUU5FF2','Md Nazim','parent@snsiti.com','1234567890','','Motihari','P17090082','96bcc3886898c1b1c79a0d56848ab90d72f9d795f52f2357cd50b7f1f51e61a1f372aa6bf252fa9eb19f0aa18f0ef8f440af743415535d53ea0ec53f8784d5ab','Y','2018-12-27 00:00:00'),(68,21,'SUU5FF2','Daroga Ram','parent@snsiti.com','1234567890','','Motihari','P17090084','96bcc3886898c1b1c79a0d56848ab90d72f9d795f52f2357cd50b7f1f51e61a1f372aa6bf252fa9eb19f0aa18f0ef8f440af743415535d53ea0ec53f8784d5ab','Y','2018-12-27 00:00:00'),(69,21,'SUU5FF2','Rama Kant Singh','parent@snsiti.com','1234567890','','Motihari','P17090085','96bcc3886898c1b1c79a0d56848ab90d72f9d795f52f2357cd50b7f1f51e61a1f372aa6bf252fa9eb19f0aa18f0ef8f440af743415535d53ea0ec53f8784d5ab','Y','2018-12-27 00:00:00'),(70,21,'SUU5FF2','Ramesh Singh','parent@snsiti.com','1234567890','','Motihari','P17090043','96bcc3886898c1b1c79a0d56848ab90d72f9d795f52f2357cd50b7f1f51e61a1f372aa6bf252fa9eb19f0aa18f0ef8f440af743415535d53ea0ec53f8784d5ab','Y','2018-12-27 00:00:00'),(71,21,'SUU5FF2','Shailendra Kumar','parent@snsiti.com','1234567890','','Motihari','P17090089','96bcc3886898c1b1c79a0d56848ab90d72f9d795f52f2357cd50b7f1f51e61a1f372aa6bf252fa9eb19f0aa18f0ef8f440af743415535d53ea0ec53f8784d5ab','Y','2018-12-27 00:00:00'),(72,21,'SUU5FF2','Shambhu Ram','parent@snsiti.com','1234567890','','Motihari','P17090056','96bcc3886898c1b1c79a0d56848ab90d72f9d795f52f2357cd50b7f1f51e61a1f372aa6bf252fa9eb19f0aa18f0ef8f440af743415535d53ea0ec53f8784d5ab','Y','2018-12-27 00:00:00'),(73,21,'SUU5FF2','Devendra Pandey','parent@snsiti.com','1234567890','','Motihari','P17090090','96bcc3886898c1b1c79a0d56848ab90d72f9d795f52f2357cd50b7f1f51e61a1f372aa6bf252fa9eb19f0aa18f0ef8f440af743415535d53ea0ec53f8784d5ab','Y','2018-12-27 00:00:00'),(74,21,'SUU5FF2','Vijay Kumar','parent@snsiti.com','1234567890','','Motihari','P17090091','96bcc3886898c1b1c79a0d56848ab90d72f9d795f52f2357cd50b7f1f51e61a1f372aa6bf252fa9eb19f0aa18f0ef8f440af743415535d53ea0ec53f8784d5ab','Y','2018-12-27 00:00:00'),(75,21,'SUU5FF2','Parma Thakur','parent@snsiti.com','1234567890','','Motihari','P17090039','96bcc3886898c1b1c79a0d56848ab90d72f9d795f52f2357cd50b7f1f51e61a1f372aa6bf252fa9eb19f0aa18f0ef8f440af743415535d53ea0ec53f8784d5ab','Y','2018-12-27 00:00:00'),(76,21,'SUU5FF2','Shree Pandit','parent@snsiti.com','1234567890','','Motihari','P17090092','96bcc3886898c1b1c79a0d56848ab90d72f9d795f52f2357cd50b7f1f51e61a1f372aa6bf252fa9eb19f0aa18f0ef8f440af743415535d53ea0ec53f8784d5ab','Y','2018-12-27 00:00:00'),(77,21,'SUU5FF2','Chhote Lal Patel','parent@snsiti.com','1234567890','','Motihari','P17090093','96bcc3886898c1b1c79a0d56848ab90d72f9d795f52f2357cd50b7f1f51e61a1f372aa6bf252fa9eb19f0aa18f0ef8f440af743415535d53ea0ec53f8784d5ab','Y','2018-12-27 00:00:00'),(78,21,'SUU5FF2','Uday Mangal Singh','parent@snsiti.com','1234567890','','Motihari','P17090094','96bcc3886898c1b1c79a0d56848ab90d72f9d795f52f2357cd50b7f1f51e61a1f372aa6bf252fa9eb19f0aa18f0ef8f440af743415535d53ea0ec53f8784d5ab','Y','2018-12-27 00:00:00'),(79,21,'SUU5FF2','Iswar Singh','parent@snsiti.com','1234567890','','Motihari','P17090096','96bcc3886898c1b1c79a0d56848ab90d72f9d795f52f2357cd50b7f1f51e61a1f372aa6bf252fa9eb19f0aa18f0ef8f440af743415535d53ea0ec53f8784d5ab','Y','2018-12-27 00:00:00'),(80,21,'SUU5FF2','Rama Kant Paswan','parent@snsiti.com','1234567890','','Motihari','P17090095','96bcc3886898c1b1c79a0d56848ab90d72f9d795f52f2357cd50b7f1f51e61a1f372aa6bf252fa9eb19f0aa18f0ef8f440af743415535d53ea0ec53f8784d5ab','Y','2018-12-27 00:00:00'),(81,21,'SUU5FF2','Shiv Kewat','parent@snsiti.com','1234567890','','Motihari','P17090098','96bcc3886898c1b1c79a0d56848ab90d72f9d795f52f2357cd50b7f1f51e61a1f372aa6bf252fa9eb19f0aa18f0ef8f440af743415535d53ea0ec53f8784d5ab','Y','2018-12-27 00:00:00'),(82,21,'SUU5FF2','Ramdeo Prasad','parent@snsiti.com','1234567890','','Motihari','P17090099','96bcc3886898c1b1c79a0d56848ab90d72f9d795f52f2357cd50b7f1f51e61a1f372aa6bf252fa9eb19f0aa18f0ef8f440af743415535d53ea0ec53f8784d5ab','Y','2018-12-27 00:00:00'),(83,21,'SUU5FF2','Aklu Chaudhari','parent@snsiti.com','1234567890','','Motihari','P17090088','96bcc3886898c1b1c79a0d56848ab90d72f9d795f52f2357cd50b7f1f51e61a1f372aa6bf252fa9eb19f0aa18f0ef8f440af743415535d53ea0ec53f8784d5ab','Y','2018-12-27 00:00:00'),(84,21,'SUU5FF2','Shiv Shankar Singh','parent@snsiti.com','1234567890','','Motihari','P17090102','96bcc3886898c1b1c79a0d56848ab90d72f9d795f52f2357cd50b7f1f51e61a1f372aa6bf252fa9eb19f0aa18f0ef8f440af743415535d53ea0ec53f8784d5ab','Y','2018-12-27 00:00:00'),(85,21,'SUU5FF2','Sakal Deo Prasad','parent@snsiti.com','1234567890','','Motihari','P17090101','96bcc3886898c1b1c79a0d56848ab90d72f9d795f52f2357cd50b7f1f51e61a1f372aa6bf252fa9eb19f0aa18f0ef8f440af743415535d53ea0ec53f8784d5ab','Y','2018-12-27 00:00:00'),(86,21,'SUU5FF2','Ramadhar Bhagat','parent@snsiti.com','1234567890','','Motihari','P17090103','96bcc3886898c1b1c79a0d56848ab90d72f9d795f52f2357cd50b7f1f51e61a1f372aa6bf252fa9eb19f0aa18f0ef8f440af743415535d53ea0ec53f8784d5ab','Y','2018-12-27 00:00:00'),(87,21,'SUU5FF2','Kanhaiya Singh','parent@snsiti.com','1234567890','','Motihari','P17090105','96bcc3886898c1b1c79a0d56848ab90d72f9d795f52f2357cd50b7f1f51e61a1f372aa6bf252fa9eb19f0aa18f0ef8f440af743415535d53ea0ec53f8784d5ab','Y','2018-12-27 00:00:00'),(88,21,'SUU5FF2','Mohan Paswan','parent@snsiti.com','1234567890','','Motihari','P17090104','96bcc3886898c1b1c79a0d56848ab90d72f9d795f52f2357cd50b7f1f51e61a1f372aa6bf252fa9eb19f0aa18f0ef8f440af743415535d53ea0ec53f8784d5ab','Y','2018-12-27 00:00:00'),(89,21,'SUU5FF2','Dinanath Ojha','parent@snsiti.com','1234567890','','Motihari','P17090107','96bcc3886898c1b1c79a0d56848ab90d72f9d795f52f2357cd50b7f1f51e61a1f372aa6bf252fa9eb19f0aa18f0ef8f440af743415535d53ea0ec53f8784d5ab','Y','2018-12-27 00:00:00'),(90,21,'SUU5FF2','Shambhu Sharan','parent@snsiti.com','1234567890','','Motihari','P17090108','96bcc3886898c1b1c79a0d56848ab90d72f9d795f52f2357cd50b7f1f51e61a1f372aa6bf252fa9eb19f0aa18f0ef8f440af743415535d53ea0ec53f8784d5ab','Y','2018-12-27 00:00:00'),(91,21,'SUU5FF2','Rajeshwar Chaubey','parent@snsiti.com','1234567890','','Motihari','P17090106','96bcc3886898c1b1c79a0d56848ab90d72f9d795f52f2357cd50b7f1f51e61a1f372aa6bf252fa9eb19f0aa18f0ef8f440af743415535d53ea0ec53f8784d5ab','Y','2018-12-27 00:00:00'),(92,21,'SUU5FF2','Motilal Sah','parent@snsiti.com','1234567890','','Motihari','P17090109','96bcc3886898c1b1c79a0d56848ab90d72f9d795f52f2357cd50b7f1f51e61a1f372aa6bf252fa9eb19f0aa18f0ef8f440af743415535d53ea0ec53f8784d5ab','Y','2018-12-27 00:00:00'),(93,21,'SUU5FF2','Banke Lal Gupta','parent@snsiti.com','1234567890','','Motihari','P17090097','96bcc3886898c1b1c79a0d56848ab90d72f9d795f52f2357cd50b7f1f51e61a1f372aa6bf252fa9eb19f0aa18f0ef8f440af743415535d53ea0ec53f8784d5ab','Y','2018-12-27 00:00:00'),(94,21,'SUU5FF2','Laxman Prasad Gupta','parent@snsiti.com','1234567890','','Motihari','P17090075','96bcc3886898c1b1c79a0d56848ab90d72f9d795f52f2357cd50b7f1f51e61a1f372aa6bf252fa9eb19f0aa18f0ef8f440af743415535d53ea0ec53f8784d5ab','Y','2018-12-27 00:00:00'),(95,21,'SUU5FF2','Sukrit Ram','parent@snsiti.com','1234567890','','Motihari','P19070110','96bcc3886898c1b1c79a0d56848ab90d72f9d795f52f2357cd50b7f1f51e61a1f372aa6bf252fa9eb19f0aa18f0ef8f440af743415535d53ea0ec53f8784d5ab','Y','2018-12-27 00:00:00'),(96,21,'SUU5FF2','Shankar Bhagwan Gaur','parent@snsiti.com','1234567890','','Motihari','P17090111','96bcc3886898c1b1c79a0d56848ab90d72f9d795f52f2357cd50b7f1f51e61a1f372aa6bf252fa9eb19f0aa18f0ef8f440af743415535d53ea0ec53f8784d5ab','Y','2018-12-27 00:00:00'),(97,21,'SUU5FF2','Madan Mohan Pd, Srivastava','parent@snsiti.com','1234567890','','Motihari','P17090112','96bcc3886898c1b1c79a0d56848ab90d72f9d795f52f2357cd50b7f1f51e61a1f372aa6bf252fa9eb19f0aa18f0ef8f440af743415535d53ea0ec53f8784d5ab','Y','2018-12-27 00:00:00'),(98,21,'SUU5FF2','Sanjay Kumar','parent@snsiti.com','1234567890','','Motihari','P17090018','96bcc3886898c1b1c79a0d56848ab90d72f9d795f52f2357cd50b7f1f51e61a1f372aa6bf252fa9eb19f0aa18f0ef8f440af743415535d53ea0ec53f8784d5ab','Y','2018-12-27 00:00:00'),(99,21,'SUU5FF2','Vijay Kumar Srivastava','parent@snsiti.com','1234567890','','Motihari','P17090028','96bcc3886898c1b1c79a0d56848ab90d72f9d795f52f2357cd50b7f1f51e61a1f372aa6bf252fa9eb19f0aa18f0ef8f440af743415535d53ea0ec53f8784d5ab','Y','2018-12-27 00:00:00'),(100,21,'SUU5FF2','Ajay Kumar Verma','parent@snsiti.com','1234567890','','Motihari','P17090040','96bcc3886898c1b1c79a0d56848ab90d72f9d795f52f2357cd50b7f1f51e61a1f372aa6bf252fa9eb19f0aa18f0ef8f440af743415535d53ea0ec53f8784d5ab','Y','2018-12-27 00:00:00'),(101,21,'SUU5FF2','Jagat Thakur','parent@snsiti.com','1234567890','','Motihari','P17090059','96bcc3886898c1b1c79a0d56848ab90d72f9d795f52f2357cd50b7f1f51e61a1f372aa6bf252fa9eb19f0aa18f0ef8f440af743415535d53ea0ec53f8784d5ab','Y','2018-12-27 00:00:00'),(102,21,'SUU5FF2','Sonelal Sah','parent@snsiti.com','1234567890','','Motihari','P17090080','96bcc3886898c1b1c79a0d56848ab90d72f9d795f52f2357cd50b7f1f51e61a1f372aa6bf252fa9eb19f0aa18f0ef8f440af743415535d53ea0ec53f8784d5ab','Y','2018-12-27 00:00:00'),(103,21,'SUU5FF2','Ravi Bhushan Prasad','parent@snsiti.com','1234567890','','Motihari','P17090087','96bcc3886898c1b1c79a0d56848ab90d72f9d795f52f2357cd50b7f1f51e61a1f372aa6bf252fa9eb19f0aa18f0ef8f440af743415535d53ea0ec53f8784d5ab','Y','2018-12-27 00:00:00'),(104,21,'SUU5FF2','Md Salim Quraishi','parent@snsiti.com','1234567890','','Motihari','P17090100','96bcc3886898c1b1c79a0d56848ab90d72f9d795f52f2357cd50b7f1f51e61a1f372aa6bf252fa9eb19f0aa18f0ef8f440af743415535d53ea0ec53f8784d5ab','Y','2018-12-27 00:00:00'),(105,21,'SUU5FF2','Md Maksud','parent@snsiti.com','1234567890','','Motihari','P17090083','96bcc3886898c1b1c79a0d56848ab90d72f9d795f52f2357cd50b7f1f51e61a1f372aa6bf252fa9eb19f0aa18f0ef8f440af743415535d53ea0ec53f8784d5ab','Y','2018-12-27 00:00:00'),(106,21,'SUU5FF2','Nandkishor Prasad','parent@snsiti.com','1234567890','','Motihari','P17090113','96bcc3886898c1b1c79a0d56848ab90d72f9d795f52f2357cd50b7f1f51e61a1f372aa6bf252fa9eb19f0aa18f0ef8f440af743415535d53ea0ec53f8784d5ab','Y','2018-12-27 00:00:00'),(107,21,'SUU5FF2','Ram Vilash Prasad','parent@snsiti.com','1234567890','','Motihari','P17090114','96bcc3886898c1b1c79a0d56848ab90d72f9d795f52f2357cd50b7f1f51e61a1f372aa6bf252fa9eb19f0aa18f0ef8f440af743415535d53ea0ec53f8784d5ab','Y','2018-12-27 00:00:00'),(108,21,'SUU5FF2','Gajendra Yadav','parent@snsiti.com','1234567890','','Motihari','P17090115','96bcc3886898c1b1c79a0d56848ab90d72f9d795f52f2357cd50b7f1f51e61a1f372aa6bf252fa9eb19f0aa18f0ef8f440af743415535d53ea0ec53f8784d5ab','Y','2018-12-27 00:00:00'),(109,21,'SUU5FF2','Braj Kishor Dwivedy','parent@snsiti.com','1234567890','','Motihari','P17090116','96bcc3886898c1b1c79a0d56848ab90d72f9d795f52f2357cd50b7f1f51e61a1f372aa6bf252fa9eb19f0aa18f0ef8f440af743415535d53ea0ec53f8784d5ab','Y','2018-12-27 00:00:00'),(110,21,'SUU5FF2','Upendra Ray','parent@snsiti.com','1234567890','','Motihari','P17090117','96bcc3886898c1b1c79a0d56848ab90d72f9d795f52f2357cd50b7f1f51e61a1f372aa6bf252fa9eb19f0aa18f0ef8f440af743415535d53ea0ec53f8784d5ab','Y','2018-12-27 00:00:00'),(111,21,'SUU5FF2','Birendra Kumar Singh','parent@snsiti.com','1234567890','','Motihari','P17090118','96bcc3886898c1b1c79a0d56848ab90d72f9d795f52f2357cd50b7f1f51e61a1f372aa6bf252fa9eb19f0aa18f0ef8f440af743415535d53ea0ec53f8784d5ab','Y','2018-12-27 00:00:00'),(112,21,'SUU5FF2','Bigeshwar Mahato','parent@snsiti.com','1234567890','','Motihari','P17090119','96bcc3886898c1b1c79a0d56848ab90d72f9d795f52f2357cd50b7f1f51e61a1f372aa6bf252fa9eb19f0aa18f0ef8f440af743415535d53ea0ec53f8784d5ab','Y','2018-12-27 00:00:00'),(113,21,'SUU5FF2','Bhupendra Narayan Singh','parent@snsiti.com','1234567890','','Motihari','P17090120','96bcc3886898c1b1c79a0d56848ab90d72f9d795f52f2357cd50b7f1f51e61a1f372aa6bf252fa9eb19f0aa18f0ef8f440af743415535d53ea0ec53f8784d5ab','Y','2018-12-27 00:00:00'),(114,21,'SUU5FF2','Shambhu Prasad Yadav','parent@snsiti.com','1234567890','','Motihari','P17090121','96bcc3886898c1b1c79a0d56848ab90d72f9d795f52f2357cd50b7f1f51e61a1f372aa6bf252fa9eb19f0aa18f0ef8f440af743415535d53ea0ec53f8784d5ab','Y','2018-12-27 00:00:00'),(115,21,'SUU5FF2','Jitan Rai','parent@snsiti.com','1234567890','','Motihari','P17090122','96bcc3886898c1b1c79a0d56848ab90d72f9d795f52f2357cd50b7f1f51e61a1f372aa6bf252fa9eb19f0aa18f0ef8f440af743415535d53ea0ec53f8784d5ab','Y','2018-12-27 00:00:00'),(116,21,'SUU5FF2','Dwarika Sahani','parent@snsiti.com','1234567890','','Motihari','P17090123','96bcc3886898c1b1c79a0d56848ab90d72f9d795f52f2357cd50b7f1f51e61a1f372aa6bf252fa9eb19f0aa18f0ef8f440af743415535d53ea0ec53f8784d5ab','Y','2018-12-27 00:00:00'),(117,21,'SUU5FF2','Shah Alam','parent@snsiti.com','1234567890','','Motihari','P17090124','96bcc3886898c1b1c79a0d56848ab90d72f9d795f52f2357cd50b7f1f51e61a1f372aa6bf252fa9eb19f0aa18f0ef8f440af743415535d53ea0ec53f8784d5ab','Y','2018-12-27 00:00:00'),(118,21,'SUU5FF2','Arvind Kuamar','parent@snsiti.com','1234567890','','Motihari','P17090125','96bcc3886898c1b1c79a0d56848ab90d72f9d795f52f2357cd50b7f1f51e61a1f372aa6bf252fa9eb19f0aa18f0ef8f440af743415535d53ea0ec53f8784d5ab','Y','2018-12-27 00:00:00'),(119,21,'SUU5FF2','Neeraj Kumar Tripathi','parent@snsiti.com','1234567890','','Motihari','P17090126','96bcc3886898c1b1c79a0d56848ab90d72f9d795f52f2357cd50b7f1f51e61a1f372aa6bf252fa9eb19f0aa18f0ef8f440af743415535d53ea0ec53f8784d5ab','Y','2018-12-27 00:00:00'),(120,21,'SUU5FF2','Ramadhar Ram','parent@snsiti.com','1234567890','','Motihari','P17090127','96bcc3886898c1b1c79a0d56848ab90d72f9d795f52f2357cd50b7f1f51e61a1f372aa6bf252fa9eb19f0aa18f0ef8f440af743415535d53ea0ec53f8784d5ab','Y','2018-12-27 00:00:00'),(121,21,'SUU5FF2','Md Salamuddin','parent@snsiti.com','1234567890','','Motihari','P17090128','96bcc3886898c1b1c79a0d56848ab90d72f9d795f52f2357cd50b7f1f51e61a1f372aa6bf252fa9eb19f0aa18f0ef8f440af743415535d53ea0ec53f8784d5ab','Y','2018-12-27 00:00:00'),(122,21,'SUU5FF2','Arun Kumar','parent@snsiti.com','1234567890','','Motihari','P17090129','96bcc3886898c1b1c79a0d56848ab90d72f9d795f52f2357cd50b7f1f51e61a1f372aa6bf252fa9eb19f0aa18f0ef8f440af743415535d53ea0ec53f8784d5ab','Y','2018-12-27 00:00:00'),(123,21,'SUU5FF2','Chandra Mohan Singh','parent@snsiti.com','1234567890','','Motihari','P17090130','96bcc3886898c1b1c79a0d56848ab90d72f9d795f52f2357cd50b7f1f51e61a1f372aa6bf252fa9eb19f0aa18f0ef8f440af743415535d53ea0ec53f8784d5ab','Y','2018-12-27 00:00:00'),(124,21,'SUU5FF2','Manoj Kumar Singh','parent@snsiti.com','1234567890','','Motihari','P17090131','96bcc3886898c1b1c79a0d56848ab90d72f9d795f52f2357cd50b7f1f51e61a1f372aa6bf252fa9eb19f0aa18f0ef8f440af743415535d53ea0ec53f8784d5ab','Y','2018-12-27 00:00:00'),(125,21,'SUU5FF2','Ramjee Thakur','parent@snsiti.com','1234567890','','Motihari','P17090132','96bcc3886898c1b1c79a0d56848ab90d72f9d795f52f2357cd50b7f1f51e61a1f372aa6bf252fa9eb19f0aa18f0ef8f440af743415535d53ea0ec53f8784d5ab','Y','2018-12-27 00:00:00'),(126,21,'SUU5FF2','Baijnath Prasad','parent@snsiti.com','1234567890','','Motihari','P17090133','96bcc3886898c1b1c79a0d56848ab90d72f9d795f52f2357cd50b7f1f51e61a1f372aa6bf252fa9eb19f0aa18f0ef8f440af743415535d53ea0ec53f8784d5ab','Y','2018-12-27 00:00:00'),(127,21,'SUU5FF2','Harivansh Sukla','parent@snsiti.com','1234567890','','Motihari','P17090134','96bcc3886898c1b1c79a0d56848ab90d72f9d795f52f2357cd50b7f1f51e61a1f372aa6bf252fa9eb19f0aa18f0ef8f440af743415535d53ea0ec53f8784d5ab','Y','2018-12-27 00:00:00'),(128,21,'SUU5FF2','Shivbalak Thakur ','parent@snsiti.com','1234567890','','Motihari','P17090135','96bcc3886898c1b1c79a0d56848ab90d72f9d795f52f2357cd50b7f1f51e61a1f372aa6bf252fa9eb19f0aa18f0ef8f440af743415535d53ea0ec53f8784d5ab','Y','2018-12-27 00:00:00'),(129,21,'SUU5FF2','Mohan Lal Sah','parent@snsiti.com','1234567890','','Motihari','P17090136','96bcc3886898c1b1c79a0d56848ab90d72f9d795f52f2357cd50b7f1f51e61a1f372aa6bf252fa9eb19f0aa18f0ef8f440af743415535d53ea0ec53f8784d5ab','Y','2018-12-27 00:00:00'),(130,21,'SUU5FF2','Rajendra Patel ','parent@snsiti.com','1234567890','','Motihari','P17090137','96bcc3886898c1b1c79a0d56848ab90d72f9d795f52f2357cd50b7f1f51e61a1f372aa6bf252fa9eb19f0aa18f0ef8f440af743415535d53ea0ec53f8784d5ab','Y','2018-12-27 00:00:00'),(131,21,'SUU5FF2','Ramdhyan Baitha','parent@snsiti.com','1234567890','','Motihari','P17090138','96bcc3886898c1b1c79a0d56848ab90d72f9d795f52f2357cd50b7f1f51e61a1f372aa6bf252fa9eb19f0aa18f0ef8f440af743415535d53ea0ec53f8784d5ab','Y','2018-12-27 00:00:00'),(132,21,'SUU5FF2','Md Tahir Hussain','parent@snsiti.com','1234567890','','Motihari','P17090139','96bcc3886898c1b1c79a0d56848ab90d72f9d795f52f2357cd50b7f1f51e61a1f372aa6bf252fa9eb19f0aa18f0ef8f440af743415535d53ea0ec53f8784d5ab','Y','2018-12-27 00:00:00'),(133,21,'SUU5FF2','Shivnath Ram','parent@snsiti.com','1234567890','','Motihari','P17090140','96bcc3886898c1b1c79a0d56848ab90d72f9d795f52f2357cd50b7f1f51e61a1f372aa6bf252fa9eb19f0aa18f0ef8f440af743415535d53ea0ec53f8784d5ab','Y','2018-12-27 00:00:00'),(134,21,'SUU5FF2','Ravindra Nath Tiwari','parent@snsiti.com','1234567890','','Motihari','P17090141','96bcc3886898c1b1c79a0d56848ab90d72f9d795f52f2357cd50b7f1f51e61a1f372aa6bf252fa9eb19f0aa18f0ef8f440af743415535d53ea0ec53f8784d5ab','Y','2018-12-27 00:00:00'),(135,21,'SUU5FF2','Sakal Dew Sahani','parent@snsiti.com','1234567890','','Motihari','P17090142','96bcc3886898c1b1c79a0d56848ab90d72f9d795f52f2357cd50b7f1f51e61a1f372aa6bf252fa9eb19f0aa18f0ef8f440af743415535d53ea0ec53f8784d5ab','Y','2018-12-27 00:00:00'),(136,21,'SUU5FF2','Harishchandra Yadav','parent@snsiti.com','1234567890','','Motihari','P17090143','96bcc3886898c1b1c79a0d56848ab90d72f9d795f52f2357cd50b7f1f51e61a1f372aa6bf252fa9eb19f0aa18f0ef8f440af743415535d53ea0ec53f8784d5ab','Y','2018-12-27 00:00:00'),(137,21,'SUU5FF2','Manindra Kishor Singh','parent@snsiti.com','1234567890','','Motihari','P17090144','96bcc3886898c1b1c79a0d56848ab90d72f9d795f52f2357cd50b7f1f51e61a1f372aa6bf252fa9eb19f0aa18f0ef8f440af743415535d53ea0ec53f8784d5ab','Y','2018-12-27 00:00:00'),(138,21,'SUU5FF2','Badri Yadav','parent@snsiti.com','1234567890','','Motihari','P17090145','96bcc3886898c1b1c79a0d56848ab90d72f9d795f52f2357cd50b7f1f51e61a1f372aa6bf252fa9eb19f0aa18f0ef8f440af743415535d53ea0ec53f8784d5ab','Y','2018-12-27 00:00:00'),(139,21,'SUU5FF2','Rameshwar Singh','parent@snsiti.com','1234567890','','Motihari','P17090146','96bcc3886898c1b1c79a0d56848ab90d72f9d795f52f2357cd50b7f1f51e61a1f372aa6bf252fa9eb19f0aa18f0ef8f440af743415535d53ea0ec53f8784d5ab','Y','2018-12-27 00:00:00'),(140,21,'SUU5FF2','Sachidanand Satyarthi','parent@snsiti.com','1234567890','','Motihari','P17090147','96bcc3886898c1b1c79a0d56848ab90d72f9d795f52f2357cd50b7f1f51e61a1f372aa6bf252fa9eb19f0aa18f0ef8f440af743415535d53ea0ec53f8784d5ab','Y','2018-12-27 00:00:00'),(141,21,'SUU5FF2','Haidar Ali','parent@snsiti.com','1234567890','','Motihari','P17090148','96bcc3886898c1b1c79a0d56848ab90d72f9d795f52f2357cd50b7f1f51e61a1f372aa6bf252fa9eb19f0aa18f0ef8f440af743415535d53ea0ec53f8784d5ab','Y','2018-12-27 00:00:00'),(142,21,'SUU5FF2','Nagendra Pandey','parent@snsiti.com','1234567890','','Motihari','P17090149','96bcc3886898c1b1c79a0d56848ab90d72f9d795f52f2357cd50b7f1f51e61a1f372aa6bf252fa9eb19f0aa18f0ef8f440af743415535d53ea0ec53f8784d5ab','Y','2018-12-27 00:00:00'),(143,21,'SUU5FF2','Ajay Kumar','parent@snsiti.com','1234567890','','Motihari','P17090215','96bcc3886898c1b1c79a0d56848ab90d72f9d795f52f2357cd50b7f1f51e61a1f372aa6bf252fa9eb19f0aa18f0ef8f440af743415535d53ea0ec53f8784d5ab','Y','2018-12-27 00:00:00'),(144,21,'SUU5FF2','Kamal Dev Giri','parent@snsiti.com','1234567890','','Motihari','P17090151','96bcc3886898c1b1c79a0d56848ab90d72f9d795f52f2357cd50b7f1f51e61a1f372aa6bf252fa9eb19f0aa18f0ef8f440af743415535d53ea0ec53f8784d5ab','Y','2018-12-27 00:00:00'),(145,21,'SUU5FF2','Radheshyam Prasad','parent@snsiti.com','1234567890','','Motihari','P17090152','96bcc3886898c1b1c79a0d56848ab90d72f9d795f52f2357cd50b7f1f51e61a1f372aa6bf252fa9eb19f0aa18f0ef8f440af743415535d53ea0ec53f8784d5ab','Y','2018-12-27 00:00:00'),(146,21,'SUU5FF2','Ram Prawesh Sah','parent@snsiti.com','1234567890','','Motihari','P17090153','96bcc3886898c1b1c79a0d56848ab90d72f9d795f52f2357cd50b7f1f51e61a1f372aa6bf252fa9eb19f0aa18f0ef8f440af743415535d53ea0ec53f8784d5ab','Y','2018-12-27 00:00:00'),(147,21,'SUU5FF2','Ramesh Das','parent@snsiti.com','1234567890','','Motihari','P17090155','96bcc3886898c1b1c79a0d56848ab90d72f9d795f52f2357cd50b7f1f51e61a1f372aa6bf252fa9eb19f0aa18f0ef8f440af743415535d53ea0ec53f8784d5ab','Y','2018-12-27 00:00:00'),(148,21,'SUU5FF2','Bunnilal Paswan','parent@snsiti.com','1234567890','','Motihari','P17090156','96bcc3886898c1b1c79a0d56848ab90d72f9d795f52f2357cd50b7f1f51e61a1f372aa6bf252fa9eb19f0aa18f0ef8f440af743415535d53ea0ec53f8784d5ab','Y','2018-12-27 00:00:00'),(149,21,'SUU5FF2','Sri Raj Kumar','parent@snsiti.com','1234567890','','Motihari','P17090157','96bcc3886898c1b1c79a0d56848ab90d72f9d795f52f2357cd50b7f1f51e61a1f372aa6bf252fa9eb19f0aa18f0ef8f440af743415535d53ea0ec53f8784d5ab','Y','2018-12-27 00:00:00'),(150,21,'SUU5FF2','Upendra Singh','parent@snsiti.com','1234567890','','Motihari','P17090158','96bcc3886898c1b1c79a0d56848ab90d72f9d795f52f2357cd50b7f1f51e61a1f372aa6bf252fa9eb19f0aa18f0ef8f440af743415535d53ea0ec53f8784d5ab','Y','2018-12-27 00:00:00'),(151,21,'SUU5FF2','Shahid Akthar','parent@snsiti.com','1234567890','','Motihari','P17090159','96bcc3886898c1b1c79a0d56848ab90d72f9d795f52f2357cd50b7f1f51e61a1f372aa6bf252fa9eb19f0aa18f0ef8f440af743415535d53ea0ec53f8784d5ab','Y','2018-12-27 00:00:00'),(152,21,'SUU5FF2','Mukhtar Prasad','parent@snsiti.com','1234567890','','Motihari','P17090160','96bcc3886898c1b1c79a0d56848ab90d72f9d795f52f2357cd50b7f1f51e61a1f372aa6bf252fa9eb19f0aa18f0ef8f440af743415535d53ea0ec53f8784d5ab','Y','2018-12-27 00:00:00'),(153,21,'SUU5FF2','Suryadev Kunar','parent@snsiti.com','1234567890','','Motihari','P17090161','96bcc3886898c1b1c79a0d56848ab90d72f9d795f52f2357cd50b7f1f51e61a1f372aa6bf252fa9eb19f0aa18f0ef8f440af743415535d53ea0ec53f8784d5ab','Y','2018-12-27 00:00:00'),(154,21,'SUU5FF2','Yogendra Pathak','parent@snsiti.com','1234567890','','Motihari','P17090162','96bcc3886898c1b1c79a0d56848ab90d72f9d795f52f2357cd50b7f1f51e61a1f372aa6bf252fa9eb19f0aa18f0ef8f440af743415535d53ea0ec53f8784d5ab','Y','2018-12-27 00:00:00'),(155,21,'SUU5FF2','Vinod Kumar Singh','parent@snsiti.com','1234567890','','Motihari','P17090163','96bcc3886898c1b1c79a0d56848ab90d72f9d795f52f2357cd50b7f1f51e61a1f372aa6bf252fa9eb19f0aa18f0ef8f440af743415535d53ea0ec53f8784d5ab','Y','2018-12-27 00:00:00'),(156,21,'SUU5FF2','Brajmohan Giri','parent@snsiti.com','1234567890','','Motihari','P17090164','96bcc3886898c1b1c79a0d56848ab90d72f9d795f52f2357cd50b7f1f51e61a1f372aa6bf252fa9eb19f0aa18f0ef8f440af743415535d53ea0ec53f8784d5ab','Y','2018-12-27 00:00:00'),(157,21,'SUU5FF2','Harendra Pandey','parent@snsiti.com','1234567890','','Motihari','P17090165','96bcc3886898c1b1c79a0d56848ab90d72f9d795f52f2357cd50b7f1f51e61a1f372aa6bf252fa9eb19f0aa18f0ef8f440af743415535d53ea0ec53f8784d5ab','Y','2018-12-27 00:00:00'),(158,21,'SUU5FF2','Nandlal Thakur','parent@snsiti.com','1234567890','','Motihari','P17090166','96bcc3886898c1b1c79a0d56848ab90d72f9d795f52f2357cd50b7f1f51e61a1f372aa6bf252fa9eb19f0aa18f0ef8f440af743415535d53ea0ec53f8784d5ab','Y','2018-12-27 00:00:00'),(159,21,'SUU5FF2','Chandrashekhar Sharma','parent@snsiti.com','1234567890','','Motihari','P17090214','96bcc3886898c1b1c79a0d56848ab90d72f9d795f52f2357cd50b7f1f51e61a1f372aa6bf252fa9eb19f0aa18f0ef8f440af743415535d53ea0ec53f8784d5ab','Y','2018-12-27 00:00:00'),(160,21,'SUU5FF2','Krishna Prasad','parent@snsiti.com','1234567890','','Motihari','P17090168','96bcc3886898c1b1c79a0d56848ab90d72f9d795f52f2357cd50b7f1f51e61a1f372aa6bf252fa9eb19f0aa18f0ef8f440af743415535d53ea0ec53f8784d5ab','Y','2018-12-27 00:00:00'),(161,21,'SUU5FF2','Deenanath Pandey','parent@snsiti.com','1234567890','','Motihari','P17090169','96bcc3886898c1b1c79a0d56848ab90d72f9d795f52f2357cd50b7f1f51e61a1f372aa6bf252fa9eb19f0aa18f0ef8f440af743415535d53ea0ec53f8784d5ab','Y','2018-12-27 00:00:00'),(162,21,'SUU5FF2','Arun Kumar Chaubey','parent@snsiti.com','1234567890','','Motihari','P17090170','96bcc3886898c1b1c79a0d56848ab90d72f9d795f52f2357cd50b7f1f51e61a1f372aa6bf252fa9eb19f0aa18f0ef8f440af743415535d53ea0ec53f8784d5ab','Y','2018-12-27 00:00:00'),(163,21,'SUU5FF2','Rajendra Prasad Yadav','parent@snsiti.com','1234567890','','Motihari','P17090171','96bcc3886898c1b1c79a0d56848ab90d72f9d795f52f2357cd50b7f1f51e61a1f372aa6bf252fa9eb19f0aa18f0ef8f440af743415535d53ea0ec53f8784d5ab','Y','2018-12-27 00:00:00'),(164,21,'SUU5FF2','Ram Narayan Singh','parent@snsiti.com','1234567890','','Motihari','P17090173','96bcc3886898c1b1c79a0d56848ab90d72f9d795f52f2357cd50b7f1f51e61a1f372aa6bf252fa9eb19f0aa18f0ef8f440af743415535d53ea0ec53f8784d5ab','Y','2018-12-27 00:00:00'),(165,21,'SUU5FF2','Kamal Prasad Kushwaha','parent@snsiti.com','1234567890','','Motihari','P17090175','96bcc3886898c1b1c79a0d56848ab90d72f9d795f52f2357cd50b7f1f51e61a1f372aa6bf252fa9eb19f0aa18f0ef8f440af743415535d53ea0ec53f8784d5ab','Y','2018-12-27 00:00:00'),(166,21,'SUU5FF2','Jhulan Prasad','parent@snsiti.com','1234567890','','Motihari','P17090176','96bcc3886898c1b1c79a0d56848ab90d72f9d795f52f2357cd50b7f1f51e61a1f372aa6bf252fa9eb19f0aa18f0ef8f440af743415535d53ea0ec53f8784d5ab','Y','2018-12-27 00:00:00'),(167,21,'SUU5FF2','Motilal Sah','parent@snsiti.com','1234567890','','Motihari','P17090174','96bcc3886898c1b1c79a0d56848ab90d72f9d795f52f2357cd50b7f1f51e61a1f372aa6bf252fa9eb19f0aa18f0ef8f440af743415535d53ea0ec53f8784d5ab','Y','2018-12-27 00:00:00'),(168,21,'SUU5FF2','Sipahi Yadav','parent@snsiti.com','1234567890','','Motihari','P17090177','96bcc3886898c1b1c79a0d56848ab90d72f9d795f52f2357cd50b7f1f51e61a1f372aa6bf252fa9eb19f0aa18f0ef8f440af743415535d53ea0ec53f8784d5ab','Y','2018-12-27 00:00:00'),(169,21,'SUU5FF2','Sudheer Singh','parent@snsiti.com','1234567890','','Motihari','P17090178','96bcc3886898c1b1c79a0d56848ab90d72f9d795f52f2357cd50b7f1f51e61a1f372aa6bf252fa9eb19f0aa18f0ef8f440af743415535d53ea0ec53f8784d5ab','Y','2018-12-27 00:00:00'),(170,21,'SUU5FF2','Ravindra Nath Tiwari','parent@snsiti.com','1234567890','','Motihari','P17090179','96bcc3886898c1b1c79a0d56848ab90d72f9d795f52f2357cd50b7f1f51e61a1f372aa6bf252fa9eb19f0aa18f0ef8f440af743415535d53ea0ec53f8784d5ab','Y','2018-12-27 00:00:00'),(171,21,'SUU5FF2','Ram Barai Thakur','parent@snsiti.com','1234567890','','Motihari','P17090172','96bcc3886898c1b1c79a0d56848ab90d72f9d795f52f2357cd50b7f1f51e61a1f372aa6bf252fa9eb19f0aa18f0ef8f440af743415535d53ea0ec53f8784d5ab','Y','2018-12-27 00:00:00'),(172,21,'SUU5FF2','Ramekbal Singh','parent@snsiti.com','1234567890','','Motihari','P17090180','96bcc3886898c1b1c79a0d56848ab90d72f9d795f52f2357cd50b7f1f51e61a1f372aa6bf252fa9eb19f0aa18f0ef8f440af743415535d53ea0ec53f8784d5ab','Y','2018-12-27 00:00:00'),(173,21,'SUU5FF2','Sanjay Kumar Singh','parent@snsiti.com','1234567890','','Motihari','P17090181','96bcc3886898c1b1c79a0d56848ab90d72f9d795f52f2357cd50b7f1f51e61a1f372aa6bf252fa9eb19f0aa18f0ef8f440af743415535d53ea0ec53f8784d5ab','Y','2018-12-27 00:00:00'),(174,21,'SUU5FF2','Rajesh Tiwari','parent@snsiti.com','1234567890','','Motihari','P17090183','96bcc3886898c1b1c79a0d56848ab90d72f9d795f52f2357cd50b7f1f51e61a1f372aa6bf252fa9eb19f0aa18f0ef8f440af743415535d53ea0ec53f8784d5ab','Y','2018-12-27 00:00:00'),(175,21,'SUU5FF2','Shyam Sundar Gupta','parent@snsiti.com','1234567890','','Motihari','P17090184','96bcc3886898c1b1c79a0d56848ab90d72f9d795f52f2357cd50b7f1f51e61a1f372aa6bf252fa9eb19f0aa18f0ef8f440af743415535d53ea0ec53f8784d5ab','Y','2018-12-27 00:00:00'),(176,21,'SUU5FF2','Vijay Kumar','parent@snsiti.com','1234567890','','Motihari','P17090185','96bcc3886898c1b1c79a0d56848ab90d72f9d795f52f2357cd50b7f1f51e61a1f372aa6bf252fa9eb19f0aa18f0ef8f440af743415535d53ea0ec53f8784d5ab','Y','2018-12-27 00:00:00'),(177,21,'SUU5FF2','Anil Kumar Mishra','parent@snsiti.com','1234567890','','Motihari','P17090186','96bcc3886898c1b1c79a0d56848ab90d72f9d795f52f2357cd50b7f1f51e61a1f372aa6bf252fa9eb19f0aa18f0ef8f440af743415535d53ea0ec53f8784d5ab','Y','2018-12-27 00:00:00'),(178,21,'SUU5FF2','Daroga Prasad Yadav','parent@snsiti.com','1234567890','','Motihari','P17090187','96bcc3886898c1b1c79a0d56848ab90d72f9d795f52f2357cd50b7f1f51e61a1f372aa6bf252fa9eb19f0aa18f0ef8f440af743415535d53ea0ec53f8784d5ab','Y','2018-12-27 00:00:00'),(179,21,'SUU5FF2','Brijkishore Dwivedy','parent@snsiti.com','1234567890','','Motihari','P17090188','96bcc3886898c1b1c79a0d56848ab90d72f9d795f52f2357cd50b7f1f51e61a1f372aa6bf252fa9eb19f0aa18f0ef8f440af743415535d53ea0ec53f8784d5ab','Y','2018-12-27 00:00:00'),(180,21,'SUU5FF2','Chandra Mohan Singh','parent@snsiti.com','1234567890','','Motihari','P17090189','96bcc3886898c1b1c79a0d56848ab90d72f9d795f52f2357cd50b7f1f51e61a1f372aa6bf252fa9eb19f0aa18f0ef8f440af743415535d53ea0ec53f8784d5ab','Y','2018-12-27 00:00:00'),(181,21,'SUU5FF2','Nawal Kishor Prasad','parent@snsiti.com','1234567890','','Motihari','P17090190','96bcc3886898c1b1c79a0d56848ab90d72f9d795f52f2357cd50b7f1f51e61a1f372aa6bf252fa9eb19f0aa18f0ef8f440af743415535d53ea0ec53f8784d5ab','Y','2018-12-27 00:00:00'),(182,21,'SUU5FF2','Awadhesh Kumar Dubey','parent@snsiti.com','1234567890','','Motihari','P17090191','96bcc3886898c1b1c79a0d56848ab90d72f9d795f52f2357cd50b7f1f51e61a1f372aa6bf252fa9eb19f0aa18f0ef8f440af743415535d53ea0ec53f8784d5ab','Y','2018-12-27 00:00:00'),(183,21,'SUU5FF2','Ramjee Prasad','parent@snsiti.com','1234567890','','Motihari','P17090192','96bcc3886898c1b1c79a0d56848ab90d72f9d795f52f2357cd50b7f1f51e61a1f372aa6bf252fa9eb19f0aa18f0ef8f440af743415535d53ea0ec53f8784d5ab','Y','2018-12-27 00:00:00'),(184,21,'SUU5FF2','Gireesh Kumar Tiwari','parent@snsiti.com','1234567890','','Motihari','P17090197','96bcc3886898c1b1c79a0d56848ab90d72f9d795f52f2357cd50b7f1f51e61a1f372aa6bf252fa9eb19f0aa18f0ef8f440af743415535d53ea0ec53f8784d5ab','Y','2018-12-27 00:00:00'),(185,21,'SUU5FF2','Navin Kumar Shivastava','parent@snsiti.com','1234567890','','Motihari','P17090193','96bcc3886898c1b1c79a0d56848ab90d72f9d795f52f2357cd50b7f1f51e61a1f372aa6bf252fa9eb19f0aa18f0ef8f440af743415535d53ea0ec53f8784d5ab','Y','2018-12-27 00:00:00'),(186,21,'SUU5FF2','Ram Dayal Singh','parent@snsiti.com','1234567890','','Motihari','P17090196','96bcc3886898c1b1c79a0d56848ab90d72f9d795f52f2357cd50b7f1f51e61a1f372aa6bf252fa9eb19f0aa18f0ef8f440af743415535d53ea0ec53f8784d5ab','Y','2018-12-27 00:00:00'),(187,21,'SUU5FF2','Arvind Sharma','parent@snsiti.com','1234567890','','Motihari','P17090200','96bcc3886898c1b1c79a0d56848ab90d72f9d795f52f2357cd50b7f1f51e61a1f372aa6bf252fa9eb19f0aa18f0ef8f440af743415535d53ea0ec53f8784d5ab','Y','2018-12-27 00:00:00'),(188,21,'SUU5FF2','Indu Bhushan Singh','parent@snsiti.com','1234567890','','Motihari','P17090198','96bcc3886898c1b1c79a0d56848ab90d72f9d795f52f2357cd50b7f1f51e61a1f372aa6bf252fa9eb19f0aa18f0ef8f440af743415535d53ea0ec53f8784d5ab','Y','2018-12-27 00:00:00'),(189,21,'SUU5FF2','Ashok Kumar Hajra','parent@snsiti.com','1234567890','','Motihari','P17090201','96bcc3886898c1b1c79a0d56848ab90d72f9d795f52f2357cd50b7f1f51e61a1f372aa6bf252fa9eb19f0aa18f0ef8f440af743415535d53ea0ec53f8784d5ab','Y','2018-12-27 00:00:00'),(190,21,'SUU5FF2','Rameshwar Sah','parent@snsiti.com','1234567890','','Motihari','P17090202','96bcc3886898c1b1c79a0d56848ab90d72f9d795f52f2357cd50b7f1f51e61a1f372aa6bf252fa9eb19f0aa18f0ef8f440af743415535d53ea0ec53f8784d5ab','Y','2018-12-27 00:00:00'),(191,21,'SUU5FF2','Shyam Sundar Baitha','parent@snsiti.com','1234567890','','Motihari','P17090195','96bcc3886898c1b1c79a0d56848ab90d72f9d795f52f2357cd50b7f1f51e61a1f372aa6bf252fa9eb19f0aa18f0ef8f440af743415535d53ea0ec53f8784d5ab','Y','2018-12-27 00:00:00'),(192,21,'SUU5FF2','Lt.Ramesh Mishra','parent@snsiti.com','1234567890','','Motihari','P17090203','96bcc3886898c1b1c79a0d56848ab90d72f9d795f52f2357cd50b7f1f51e61a1f372aa6bf252fa9eb19f0aa18f0ef8f440af743415535d53ea0ec53f8784d5ab','Y','2018-12-27 00:00:00'),(193,21,'SUU5FF2','Harendra Singh','parent@snsiti.com','1234567890','','Motihari','P17090204','96bcc3886898c1b1c79a0d56848ab90d72f9d795f52f2357cd50b7f1f51e61a1f372aa6bf252fa9eb19f0aa18f0ef8f440af743415535d53ea0ec53f8784d5ab','Y','2018-12-27 00:00:00'),(194,21,'SUU5FF2','Lt.Anjani Prasad Shrivastava','parent@snsiti.com','1234567890','','Motihari','P17090206','96bcc3886898c1b1c79a0d56848ab90d72f9d795f52f2357cd50b7f1f51e61a1f372aa6bf252fa9eb19f0aa18f0ef8f440af743415535d53ea0ec53f8784d5ab','Y','2018-12-27 00:00:00'),(195,21,'SUU5FF2','Chandrika Prasad Singh','parent@snsiti.com','1234567890','','Motihari','P17090208','96bcc3886898c1b1c79a0d56848ab90d72f9d795f52f2357cd50b7f1f51e61a1f372aa6bf252fa9eb19f0aa18f0ef8f440af743415535d53ea0ec53f8784d5ab','Y','2018-12-27 00:00:00'),(196,21,'SUU5FF2','Niwas Tiwari','parent@snsiti.com','1234567890','','Motihari','P17090213','96bcc3886898c1b1c79a0d56848ab90d72f9d795f52f2357cd50b7f1f51e61a1f372aa6bf252fa9eb19f0aa18f0ef8f440af743415535d53ea0ec53f8784d5ab','Y','2018-12-27 00:00:00'),(197,21,'SUU5FF2','Shri Narayan Singh','parent@snsiti.com','1234567890','','Motihari','P17090210','96bcc3886898c1b1c79a0d56848ab90d72f9d795f52f2357cd50b7f1f51e61a1f372aa6bf252fa9eb19f0aa18f0ef8f440af743415535d53ea0ec53f8784d5ab','Y','2018-12-27 00:00:00'),(198,21,'SUU5FF2','Rajesh Kumar','parent@snsiti.com','1234567890','','Motihari','P17090211','96bcc3886898c1b1c79a0d56848ab90d72f9d795f52f2357cd50b7f1f51e61a1f372aa6bf252fa9eb19f0aa18f0ef8f440af743415535d53ea0ec53f8784d5ab','Y','2018-12-27 00:00:00'),(199,21,'SUU5FF2','Shri Vinay Kumar Chubey','parent@snsiti.com','1234567890','','Motihari','P17090207','96bcc3886898c1b1c79a0d56848ab90d72f9d795f52f2357cd50b7f1f51e61a1f372aa6bf252fa9eb19f0aa18f0ef8f440af743415535d53ea0ec53f8784d5ab','Y','2018-12-27 00:00:00'),(200,21,'SUU5FF2','Ratan Lal Sharma','parent@snsiti.com','1234567890','','Motihari','P17090212','96bcc3886898c1b1c79a0d56848ab90d72f9d795f52f2357cd50b7f1f51e61a1f372aa6bf252fa9eb19f0aa18f0ef8f440af743415535d53ea0ec53f8784d5ab','Y','2018-12-27 00:00:00'),(201,28,'AK3Y3K0','Rakesh Ranjan','rakesh@gmail.com','7543015219',NULL,'Patna , Patna , Bihar, 800001','RAML7ZG','96bcc3886898c1b1c79a0d56848ab90d72f9d795f52f2357cd50b7f1f51e61a1f372aa6bf252fa9eb19f0aa18f0ef8f440af743415535d53ea0ec53f8784d5ab','Y','2019-01-08 08:43:26'),(202,2,'ARHN86O','Parent1','parent@gmail.com','9350943816',NULL,'hshshdh, hsshsh, hshzhhs, 979798','PAWFXOL','aaf956a9e183479db749bfed49a7200e7a70f820e420edcd85c487fa7f596805e1bae72263d95ddc9f008d7695dc0a838ca4c5f70c2695b203c2d77d7fe5d292','Y','2019-01-15 12:07:34'),(203,2,'ARHN86O','parent2','parent@gmail.com','9350943816',NULL,'aggsgs, gsgshs, syysys, 54545','PAQT0U6','aaf956a9e183479db749bfed49a7200e7a70f820e420edcd85c487fa7f596805e1bae72263d95ddc9f008d7695dc0a838ca4c5f70c2695b203c2d77d7fe5d292','Y','2019-01-16 15:15:42'),(204,2,'ARHN86O','Parent1','parent@gmail.com','9350943816','','hshshdh, hsshsh, hshzhhs, 979798','PAWFXOL','aaf956a9e183479db749bfed49a7200e7a70f820e420edcd85c487fa7f596805e1bae72263d95ddc9f008d7695dc0a838ca4c5f70c2695b203c2d77d7fe5d292','Y','2019-01-15 12:07:34'),(205,2,'ARHN86O','Parent2','parent@parent.com','7809012352',NULL,'Manas Vihar Colony, Sarvodaya Nagar, Lucknow, Uttar Pradesh, 226016','PAAGNFC','aaf956a9e183479db749bfed49a7200e7a70f820e420edcd85c487fa7f596805e1bae72263d95ddc9f008d7695dc0a838ca4c5f70c2695b203c2d77d7fe5d292','Y','2019-01-16 16:02:48');
/*!40000 ALTER TABLE `parent` ENABLE KEYS */;
UNLOCK TABLES;

--
-- Table structure for table `route`
--

DROP TABLE IF EXISTS `route`;
/*!40101 SET @saved_cs_client     = @@character_set_client */;
/*!40101 SET character_set_client = utf8 */;
CREATE TABLE `route` (
  `routeID` int(11) NOT NULL AUTO_INCREMENT,
  `schoolID` int(11) NOT NULL,
  `route` varchar(255) NOT NULL,
  `description` varchar(255) NOT NULL,
  `lastpoint_latlong` varchar(200) NOT NULL,
  `school_latlong` varchar(200) NOT NULL,
  `added_on` datetime NOT NULL,
  PRIMARY KEY (`routeID`)
) ENGINE=MyISAM AUTO_INCREMENT=2 DEFAULT CHARSET=latin1;
/*!40101 SET character_set_client = @saved_cs_client */;

--
-- Dumping data for table `route`
--

LOCK TABLES `route` WRITE;
/*!40000 ALTER TABLE `route` DISABLE KEYS */;
INSERT INTO `route` VALUES (1,2,'A','Golf Course to ACE City','28.560798, 77.452191','28.5794171, 77.3187469','2019-01-17 10:54:38');
/*!40000 ALTER TABLE `route` ENABLE KEYS */;
UNLOCK TABLES;

--
-- Table structure for table `routine`
--

DROP TABLE IF EXISTS `routine`;
/*!40101 SET @saved_cs_client     = @@character_set_client */;
/*!40101 SET character_set_client = utf8 */;
CREATE TABLE `routine` (
  `routineID` int(11) NOT NULL AUTO_INCREMENT,
  `schoolID` int(11) NOT NULL,
  `classID` int(11) NOT NULL,
  `sectionID` int(11) NOT NULL,
  `day` enum('MONDAY','TUESDAY','WEDNESDAY','THURSDAY','FRIDAY','SATURDAY','SUNDAY') NOT NULL,
  `lecture` int(11) NOT NULL,
  `subjectID` int(11) DEFAULT NULL,
  `teacherID` int(11) DEFAULT NULL,
  `added_on` datetime NOT NULL,
  `modified_on` datetime DEFAULT NULL,
  PRIMARY KEY (`routineID`)
) ENGINE=MyISAM AUTO_INCREMENT=24 DEFAULT CHARSET=latin1;
/*!40101 SET character_set_client = @saved_cs_client */;

--
-- Dumping data for table `routine`
--

LOCK TABLES `routine` WRITE;
/*!40000 ALTER TABLE `routine` DISABLE KEYS */;
INSERT INTO `routine` VALUES (1,5,9,15,'TUESDAY',8,1,3,'2018-11-20 13:51:17','2018-11-20 13:59:58'),(2,1,1,1,'MONDAY',1,2,1,'2018-12-04 11:38:07','2018-12-17 17:43:40'),(3,1,1,1,'MONDAY',2,2,1,'2018-12-04 11:38:20','2018-12-04 11:38:20'),(4,1,1,1,'TUESDAY',2,2,1,'2018-12-04 11:38:31','2018-12-04 11:38:31'),(5,1,1,1,'TUESDAY',1,2,1,'2018-12-04 11:38:43','2018-12-17 17:44:18'),(6,2,6,12,'MONDAY',1,3,2,'2018-12-07 16:52:32','2018-12-07 17:50:05'),(7,2,6,12,'TUESDAY',2,4,4,'2018-12-07 17:01:22','2018-12-07 17:50:54'),(8,2,6,12,'TUESDAY',3,3,2,'2018-12-07 17:01:31','2018-12-07 17:50:35'),(9,2,6,12,'MONDAY',2,4,4,'2018-12-07 17:50:16','2018-12-07 17:50:16'),(10,2,6,12,'MONDAY',3,5,2,'2018-12-07 17:50:27','2018-12-07 17:50:27'),(11,2,6,12,'TUESDAY',1,3,2,'2018-12-07 17:50:43','2018-12-07 17:50:43'),(12,2,6,12,'TUESDAY',4,4,4,'2018-12-07 17:51:05','2018-12-07 17:51:05'),(13,2,6,12,'FRIDAY',7,5,4,'2018-12-07 17:51:15','2018-12-07 17:51:15'),(14,1,1,1,'MONDAY',3,2,1,'2018-12-17 17:43:51','2018-12-17 17:46:06'),(15,1,1,1,'TUESDAY',6,2,1,'2018-12-17 17:45:12','2018-12-17 17:45:22'),(16,1,1,1,'MONDAY',4,2,1,'2018-12-17 17:45:52','2018-12-17 17:45:52'),(17,30,22,31,'MONDAY',1,8,0,'2019-01-08 15:34:14','2019-01-08 15:34:25'),(18,36,33,34,'MONDAY',1,10,10,'2019-01-14 14:37:33','2019-01-14 14:53:08'),(19,36,33,34,'MONDAY',2,12,9,'2019-01-14 14:53:23','2019-01-14 14:53:23'),(20,36,33,34,'MONDAY',3,11,12,'2019-01-14 14:53:36','2019-01-14 14:53:36'),(21,41,38,46,'MONDAY',1,30,0,'2019-01-15 13:50:58','2019-01-15 13:51:10'),(22,28,17,26,'MONDAY',1,7,7,'2019-01-16 13:45:44','2019-01-16 13:45:44'),(23,28,17,26,'MONDAY',2,31,7,'2019-01-16 13:48:17','2019-01-16 13:48:17');
/*!40000 ALTER TABLE `routine` ENABLE KEYS */;
UNLOCK TABLES;

--
-- Table structure for table `school_academic`
--

DROP TABLE IF EXISTS `school_academic`;
/*!40101 SET @saved_cs_client     = @@character_set_client */;
/*!40101 SET character_set_client = utf8 */;
CREATE TABLE `school_academic` (
  `academicID` int(11) NOT NULL AUTO_INCREMENT,
  `schoolID` int(11) NOT NULL,
  `school_code` varchar(255) NOT NULL,
  `session_start` varchar(255) NOT NULL,
  `session_end` varchar(255) NOT NULL,
  `is_active` enum('Y','N') NOT NULL,
  `added_on` datetime NOT NULL,
  PRIMARY KEY (`academicID`)
) ENGINE=MyISAM DEFAULT CHARSET=latin1;
/*!40101 SET character_set_client = @saved_cs_client */;

--
-- Dumping data for table `school_academic`
--

LOCK TABLES `school_academic` WRITE;
/*!40000 ALTER TABLE `school_academic` DISABLE KEYS */;
/*!40000 ALTER TABLE `school_academic` ENABLE KEYS */;
UNLOCK TABLES;

--
-- Table structure for table `school_config`
--

DROP TABLE IF EXISTS `school_config`;
/*!40101 SET @saved_cs_client     = @@character_set_client */;
/*!40101 SET character_set_client = utf8 */;
CREATE TABLE `school_config` (
  `configID` int(11) NOT NULL AUTO_INCREMENT,
  `schoolID` int(11) NOT NULL,
  `school_name` varchar(255) DEFAULT NULL,
  `school_prefix` varchar(255) DEFAULT NULL,
  `logo` varchar(255) DEFAULT NULL,
  `default_attendance` enum('subject','daywise') DEFAULT 'daywise',
  `default_academic_year` varchar(255) DEFAULT NULL,
  `principal_name` varchar(255) DEFAULT NULL,
  `email` varchar(255) DEFAULT NULL,
  `phone` varchar(255) DEFAULT NULL,
  `per_day_fine` varchar(255) DEFAULT NULL,
  `per_student_subscription_amount` varchar(255) NOT NULL,
  `fees_fine_amt` varchar(255) DEFAULT NULL,
  `fees_fine_config` enum('month','day') DEFAULT NULL,
  `last_modified_on` datetime DEFAULT NULL,
  PRIMARY KEY (`configID`)
) ENGINE=MyISAM AUTO_INCREMENT=53 DEFAULT CHARSET=latin1;
/*!40101 SET character_set_client = @saved_cs_client */;

--
-- Dumping data for table `school_config`
--

LOCK TABLES `school_config` WRITE;
/*!40000 ALTER TABLE `school_config` DISABLE KEYS */;
INSERT INTO `school_config` VALUES (1,1,'H.A.L School','HAL',NULL,'daywise','2018-2019','Samiksha Aggarwal','samiksha.cool@halsaa.in','9818396512','10','1','100','month','2018-11-16 23:44:26'),(2,2,'school play','ARV','logo15464205382.png','daywise','2018-2019','Sr rajan','rajan@gmail.com','8639856356','10','400','10','day','2018-11-17 12:08:13'),(3,4,'tsgsg','vgsg',NULL,'daywise','2018-2019','fagsgs','aa@gmail.com','9635698563','10','1','10','month','2018-11-17 12:55:07'),(4,5,'iti','iti1',NULL,'daywise','2018-2019','xyz','xyz','123456','10','1','30','month','2018-11-20 13:40:27'),(5,0,'SCNLTDV','123456',NULL,'subject','2018-19','fhjdjfj','fbgjngkjdhgjdngkl','ios','10','1','10','month','2018-12-12 17:38:23'),(6,6,'School 1','SCH',NULL,'subject','2018-19','Principal 1','principal@principal.com','1234567890','10','1','10','month','2019-01-05 12:03:09'),(7,7,'MEMORIAL','M S',NULL,'daywise','2018-2019','R.S.LAK','msmpsmotihari@gmail.com','8789273828','10','1','100','day','2018-12-17 13:23:44'),(8,8,'rps public school','rps',NULL,'daywise','2018-2019','D k singh','vibhas1326@gmail.com','9905225636','10','1','10','day','2018-12-23 14:42:54'),(9,9,'ideal college','ideal ',NULL,'daywise','2018-2019','murari kaushal','mackkaushal@gmail.com','7379591974','10','1','50000','day','2018-12-24 10:21:43'),(10,10,'school','sc2',NULL,'daywise','2018-2019','xyz','xyz@gmail.com','9635632658','10','1','10','month','2018-12-24 10:27:12'),(11,11,'school','school2',NULL,'daywise','2018-2019','asdf','asdf@gmail.com','9874563256','10','1','10','day','2018-12-24 10:33:41'),(12,12,'Test School','TEST',NULL,'daywise','2018-2019','principal','principal@test.com','1234567890','10','1','10','day','2018-12-24 10:40:32'),(13,15,'school4','school4',NULL,'daywise','2018-2019','asdf','asdf@gmail.com','9863256865','10','1','10','day','2018-12-24 11:20:59'),(14,13,' svzv','fsgsg',NULL,'daywise','2018-2019',' s zv','asf@gmail.com','9356845325','10','1','10','day','2018-12-24 11:49:09'),(15,16,'SCHOOO','SHOOL5',NULL,'daywise','2018-2019','xyx','xyz@gmail.com','8546325698','10','1','10','day','2018-12-27 10:01:42'),(16,17,'dps','dps',NULL,'daywise','2018-2019','ggg','ggg@g.c','9638527412','10','1','10','day','2018-12-27 11:11:51'),(17,18,'vzvzv','fsfsg',NULL,'daywise','2018-2019','zvvzv','addada@gmail.com','8458758845','10','1','10','day','2018-12-27 11:17:44'),(18,19,'ffffffgf','mmmmmm',NULL,'daywise','2018-2019','dddffff','zsf@gmail.com','9886578348','10','1','10','day','2018-12-27 11:23:16'),(19,20,'vzbbz','gsgsg',NULL,'daywise','2018-2019','vVG','vVVG@gmail.com','8784949948','10','1','10','day','2018-12-27 11:25:24'),(20,21,'S.N.S. Teachers Training College','SNS',NULL,'daywise','2018-2019','Suman Dwivedi','suman.dwivedi@yahoo.com','9801425555','10','1','0','day','2018-12-27 11:28:26'),(21,22,'cfgg',' vvgf',NULL,'daywise','2018-2019','cv c','ssd@gmail.com','9872981805','10','1','10','day','2018-12-27 11:28:54'),(22,23,'csvgz','csgsg',NULL,'daywise','2018-2019','hsgshs','adafa@gmail.com','8454646464','10','1','10','day','2018-12-27 11:40:17'),(23,24,'asffa','asdd',NULL,'daywise','2018-2019','affafa','asdd@gmail.com','9354658745','10','1','10','day','2018-12-27 11:53:19'),(24,25,'cavav','sfafa',NULL,'daywise','2018-2019','avvH','dafaf@gmail.com','9356452865','10','1','10','day','2019-01-05 22:15:16'),(25,26,'gshsh','bshsh',NULL,'daywise','2018-2019','gzhsh','gagsg@gmail.com','9358454646','10','1','10','day','2019-01-05 22:39:35'),(26,27,'dps Patna','dps',NULL,'subject','2018-2019','Mishra','vibhas1326@gmail.com ','9431016052','10','1','50','month','2019-01-05 23:31:17'),(27,28,'dav patna','DAV','logo154694736428.png','daywise','2018-2019','ak sinha','aksinha@gmail.com','7543015219','10','400','50','month','2019-01-06 15:24:49'),(28,30,'dav siwan','dav',NULL,'daywise','2018-2019','arif','arif@gmail.com ','7903003123','10','1','50','month','2019-01-08 15:17:18'),(29,31,'H.A.L SR SCHOOL','HA',NULL,'subject','2018-2019','Aryabhatt','arya@halsaa.in','9818396512','10','1','500','day','2019-01-12 19:57:00'),(30,32,'fcvg','ccc',NULL,'daywise','2018-2019','fggg','fdd@gmail.com','9350943816','10','1','10','day','2019-01-12 20:14:36'),(31,34,'hellens public','school',NULL,'daywise','2020-2021','A.k.verma','akverma@gmail.com','7762043802','10','1','20','day','2019-01-14 11:26:12'),(32,35,'Dolphins public','school',NULL,'daywise','2018-2019','V.k.verma','vk@gmail.com','7733930397','10','1','10','day','2019-01-14 11:56:00'),(33,36,'shantiniketan','shantiniketan',NULL,'daywise','2018-2019','shanti','shantiniketan123@gmail.com','7903003123','10','1','10','day','2019-01-14 12:32:34'),(34,37,'czvzvz','vzbzvvzvvz',NULL,'daywise','2018-2019','zcvzv','fagsg@gmail.com','9678484048','10','1','10','day','2019-01-14 16:39:01'),(35,38,'vgzgzg','gzhzh',NULL,'daywise','2018-2019','vzhzbz','gsgsg@gmail.com','9764645994','10','1','10','day','2019-01-14 16:44:48'),(36,39,'gsgsv','gshdg',NULL,'daywise','2018-2019','gsgzv','fsgag@gmail.com','9794848448','10','1','10','day','2019-01-14 16:51:49'),(37,40,'gzvzvvz','gsgsg',NULL,'daywise','2018-2019','bzgzh','gsgz@gmail.com','9497848558','10','1','10','day','2019-01-14 17:16:34'),(38,41,'St andrews','St aps',NULL,'daywise','2018-2019','josef','gg@gmail.com','9311620027','10','1','30','month','2019-01-15 12:57:13'),(39,42,'vVzvV','gzgG',NULL,'daywise','2018-2019','vVV','vGsg@gmail.com','9767679497','10','1','10','day','2019-01-15 13:33:51'),(40,43,'czvzvz','vzbbzb',NULL,'daywise','2018-2019','vzbzbz','vzgzv@gmail.com','9794974997','10','1','10','day','2019-01-15 13:40:45'),(41,44,'vVbzb','ghzhz',NULL,'daywise','2018-2019','hHzbzzb','zggsg@gmail.com','9797979797','10','1','10','day','2019-01-15 13:48:50'),(42,45,'vsvzsb','gsgzhhz',NULL,'daywise','2018-2019','gzhzg','gzgzhzh','646764','10','1','10','day','2019-01-15 13:50:50'),(43,46,'vzvzvz','gzgzg',NULL,'daywise','2018-2019','gsvsv','gsgsg@gmail.com','9764649797','10','1','10','day','2019-01-15 14:26:49'),(44,47,'vzgzgz','gsgsg',NULL,'daywise','2018-2019','shzhhz','vzgsgs','757676','10','1','10','day','2019-01-15 14:29:27'),(45,48,'vsvzvvz','syhzhs',NULL,'daywise','2018-2019','zvbzbz','vzvsg@,gmail.com','9768484879','10','200','10','day','2019-01-16 14:47:01'),(46,49,'gzgsgsg','gsgshs',NULL,'daywise','2018-2019','gsvsgs','sggs@gmail.com','7964545484','10','1','10','day','2019-01-16 14:57:13'),(47,50,'School','SCH',NULL,'daywise','2018-2019','principal','principal@principal.com','1234567890','10','1','100','month','2019-01-16 16:38:21'),(48,51,'c bj','chh',NULL,'daywise','2018-2019','cvhj','cghj@bjj.ghj','1234567890','10','1','10','month','2019-01-16 17:56:08'),(49,52,'zggzgz','gshsh',NULL,'daywise','2018-2019','gsgshsh','gsgs@gnail.com','8797979497','10','400','10','day','2019-01-16 18:15:09'),(50,53,'gbsbz','hshdh',NULL,'daywise','2018-2019','yshsh','vsgs@gmail.com','9764646565','10','1','10','day','2019-01-18 18:38:09'),(51,54,'vxbzhz','vsbxh',NULL,'daywise','2018-2019','yshxhz','gzgzg@gmail.com','9358846940','10','200','10','day','2019-01-18 18:52:27'),(52,55,NULL,NULL,NULL,'daywise',NULL,NULL,NULL,NULL,NULL,'200',NULL,NULL,NULL);
/*!40000 ALTER TABLE `school_config` ENABLE KEYS */;
UNLOCK TABLES;

--
-- Table structure for table `school_contacts`
--

DROP TABLE IF EXISTS `school_contacts`;
/*!40101 SET @saved_cs_client     = @@character_set_client */;
/*!40101 SET character_set_client = utf8 */;
CREATE TABLE `school_contacts` (
  `contactID` int(11) NOT NULL AUTO_INCREMENT,
  `schoolID` int(11) NOT NULL,
  `name` varchar(255) NOT NULL,
  `designation` varchar(255) NOT NULL,
  `phone` varchar(255) NOT NULL,
  `is_active` enum('Y','N') NOT NULL DEFAULT 'Y',
  `added_on` datetime NOT NULL,
  PRIMARY KEY (`contactID`)
) ENGINE=InnoDB AUTO_INCREMENT=12 DEFAULT CHARSET=latin1;
/*!40101 SET character_set_client = @saved_cs_client */;

--
-- Dumping data for table `school_contacts`
--

LOCK TABLES `school_contacts` WRITE;
/*!40000 ALTER TABLE `school_contacts` DISABLE KEYS */;
INSERT INTO `school_contacts` VALUES (1,2,'Principal1','Principal','1234567890','Y','2018-12-12 19:55:50'),(2,2,'Vice Principal - 1','Vice Principal','123','Y','2018-12-12 19:57:48'),(3,5,'Suman Kumar','Director','1234567890','Y','2018-12-14 11:24:26'),(4,1,'Principal1','Principal','1234567890','Y','2018-12-17 15:27:45'),(5,21,'Suman Kumar','Director','9801425555','Y','2019-01-04 13:47:20'),(6,36,'SANKAR G','teacher','12244','Y','2019-01-14 13:26:07'),(7,36,'SHEKAR G','teacher','5656','Y','2019-01-14 13:26:28'),(8,36,'vikash','student','5567','Y','2019-01-14 13:26:42'),(9,36,'parabhu','student','34546','Y','2019-01-14 14:40:20'),(10,36,'patil','teacher','787847547','Y','2019-01-14 14:40:46'),(11,28,'A. K Sinha','Principal','5765445330','Y','2019-01-16 13:46:49');
/*!40000 ALTER TABLE `school_contacts` ENABLE KEYS */;
UNLOCK TABLES;

--
-- Table structure for table `school_registration`
--

DROP TABLE IF EXISTS `school_registration`;
/*!40101 SET @saved_cs_client     = @@character_set_client */;
/*!40101 SET character_set_client = utf8 */;
CREATE TABLE `school_registration` (
  `schoolID` int(11) NOT NULL AUTO_INCREMENT,
  `school_code` varchar(255) NOT NULL,
  `name` varchar(255) NOT NULL,
  `email` varchar(255) NOT NULL,
  `phone` varchar(255) NOT NULL,
  `image` varchar(255) DEFAULT NULL,
  `address` text NOT NULL,
  `username` varchar(255) NOT NULL,
  `password` varchar(255) NOT NULL,
  `subscription_status` enum('Y','N') NOT NULL,
  `is_active` enum('Y','N') NOT NULL,
  `is_config_setup` enum('Y','N') NOT NULL,
  `is_approved` enum('Y','N') NOT NULL,
  `added_on` datetime NOT NULL,
  `modified_on` datetime DEFAULT NULL,
  PRIMARY KEY (`schoolID`)
) ENGINE=MyISAM AUTO_INCREMENT=56 DEFAULT CHARSET=latin1;
/*!40101 SET character_set_client = @saved_cs_client */;

--
-- Dumping data for table `school_registration`
--

LOCK TABLES `school_registration` WRITE;
/*!40000 ALTER TABLE `school_registration` DISABLE KEYS */;
INSERT INTO `school_registration` VALUES (1,'HAK9KF8','HAL','halsaa@gmail.com','9818396512','school1545040325.jpg','H.A.L Colony , Faizabad Road,, Lucknow, Uttar Pradesh, 226010','HAK9KF8','96bcc3886898c1b1c79a0d56848ab90d72f9d795f52f2357cd50b7f1f51e61a1f372aa6bf252fa9eb19f0aa18f0ef8f440af743415535d53ea0ec53f8784d5ab','Y','Y','Y','Y','2018-11-16 23:41:50','2018-12-17 15:22:05'),(2,'ARHN86O','Arvind School ','school1234@gmail.com','9356875235','school1545802627.jpg','delhi , delhi , delhi , 201110','ARHN86O','aaf956a9e183479db749bfed49a7200e7a70f820e420edcd85c487fa7f596805e1bae72263d95ddc9f008d7695dc0a838ca4c5f70c2695b203c2d77d7fe5d292','Y','Y','Y','Y','2018-11-17 12:07:07','2018-12-26 11:07:07'),(3,'GSIU4JP','gshdh','gsgsgs@gmail.com','9949865328',NULL,'asdff, adsdd, fsfsgs, 965385','GSIU4JP','aaf956a9e183479db749bfed49a7200e7a70f820e420edcd85c487fa7f596805e1bae72263d95ddc9f008d7695dc0a838ca4c5f70c2695b203c2d77d7fe5d292','N','Y','N','Y','2018-11-17 12:44:07','2018-11-17 12:44:07'),(4,'FSR7GNP','fsgsg','school1234@gmail.com','9458485588',NULL,'asdff, fafsgs, fagsgsf, 365888','FSR7GNP','aaf956a9e183479db749bfed49a7200e7a70f820e420edcd85c487fa7f596805e1bae72263d95ddc9f008d7695dc0a838ca4c5f70c2695b203c2d77d7fe5d292','Y','Y','Y','Y','2018-11-17 12:54:39','2018-11-17 12:54:39'),(5,'IT8L9ON','iti','vibhas1326@gmail.com','9311620027',NULL,'Patna , Patna, bihar, 800013','IT8L9ON','96bcc3886898c1b1c79a0d56848ab90d72f9d795f52f2357cd50b7f1f51e61a1f372aa6bf252fa9eb19f0aa18f0ef8f440af743415535d53ea0ec53f8784d5ab','Y','Y','Y','Y','2018-11-20 13:38:00','2018-11-20 13:38:00'),(6,'SCNLTDV','School','school@school.com','1234567890',NULL,'Full Address','SCNLTDV','96bcc3886898c1b1c79a0d56848ab90d72f9d795f52f2357cd50b7f1f51e61a1f372aa6bf252fa9eb19f0aa18f0ef8f440af743415535d53ea0ec53f8784d5ab','Y','Y','Y','Y','2018-12-12 16:27:11','2018-12-12 16:27:11'),(7,'M SYEOW','M S MEMORIAL PUBLIC SCHOOL','msmpsmotihari@gmail.com','8789273828',NULL,'Balganga , Motihari, Bihar, 845437','M SYEOW','bd741d9884130d869cd78b610126540d090d0f38c20fbb79a1ef94c4f701b9e83eaf52f774d24ee4e275180e90c81ce56ca00c0a7bce26943b6765398744e1a9','Y','Y','Y','Y','2018-12-17 13:22:12','2018-12-17 13:22:12'),(8,'RPXHQR1','rps','rps@gmail.com','9311620027',NULL,'patna, patna, Bihar, 800001','RPXHQR1','96bcc3886898c1b1c79a0d56848ab90d72f9d795f52f2357cd50b7f1f51e61a1f372aa6bf252fa9eb19f0aa18f0ef8f440af743415535d53ea0ec53f8784d5ab','Y','Y','Y','Y','2018-12-23 14:40:35','2018-12-23 14:40:35'),(9,'IDVGPJZ','ideal college','mackkaushal@gmail.com','7379591974',NULL,'C30, Ghaziabad, Uttar Pradesh, 201015','IDVGPJZ','bf3e13e1a2d0b140d5bb7128abfbb4544f23c4099f9d750853cc23343fb61572cb11d24eaf2400f8c839546e1597307688d4360ba87bbe356f44e0a6e3959dd4','Y','Y','Y','Y','2018-12-24 10:20:02','2018-12-24 10:20:02'),(10,'SCZUZBC','school1','school@gmail.com','9568745325',NULL,'noida, delhi, delhi, 102102','SCZUZBC','aaf956a9e183479db749bfed49a7200e7a70f820e420edcd85c487fa7f596805e1bae72263d95ddc9f008d7695dc0a838ca4c5f70c2695b203c2d77d7fe5d292','Y','Y','Y','Y','2018-12-24 10:26:16','2018-12-24 10:26:16'),(11,'SCE1IMB','schoil2','school2@gmIl.com','8796325698',NULL,'Delhi, Delhi, Delhi, 102398','SCE1IMB','aaf956a9e183479db749bfed49a7200e7a70f820e420edcd85c487fa7f596805e1bae72263d95ddc9f008d7695dc0a838ca4c5f70c2695b203c2d77d7fe5d292','Y','Y','Y','Y','2018-12-24 10:32:00','2018-12-24 10:32:00'),(12,'SC2CIW9','school test','test@test.com','1234567890',NULL,'Manas Vihar Colony, Sarvodaya Nagar, Lucknow, Uttar Pradesh, 226016','SC2CIW9','aaf956a9e183479db749bfed49a7200e7a70f820e420edcd85c487fa7f596805e1bae72263d95ddc9f008d7695dc0a838ca4c5f70c2695b203c2d77d7fe5d292','Y','Y','Y','Y','2018-12-24 10:39:14','2018-12-24 10:39:14'),(13,'SCEDPUJ','school3','sc3@gmail.com','8963256874',NULL,'asdf, sdFa, fssas, 254875','SCEDPUJ','aaf956a9e183479db749bfed49a7200e7a70f820e420edcd85c487fa7f596805e1bae72263d95ddc9f008d7695dc0a838ca4c5f70c2695b203c2d77d7fe5d292','Y','Y','Y','Y','2018-12-24 10:42:12','2018-12-24 10:42:12'),(14,'SC1Q11G','school3','sc3@gmail.com','8963256874',NULL,'asdf, sdFa, fssas, 254875','SC1Q11G','aaf956a9e183479db749bfed49a7200e7a70f820e420edcd85c487fa7f596805e1bae72263d95ddc9f008d7695dc0a838ca4c5f70c2695b203c2d77d7fe5d292','N','Y','N','Y','2018-12-24 11:12:39','2018-12-24 11:12:39'),(15,'SCTHS8M','school4','school4@gmsil.com','8632569856',NULL,'delhi, delhi, delhi, 420986','SCTHS8M','aaf956a9e183479db749bfed49a7200e7a70f820e420edcd85c487fa7f596805e1bae72263d95ddc9f008d7695dc0a838ca4c5f70c2695b203c2d77d7fe5d292','Y','Y','Y','Y','2018-12-24 11:20:16','2018-12-24 11:20:16'),(16,'SC1OI7R','school5','school5@gmail.com','9658965235',NULL,'Delhi , delhi, delhi, 865325','SC1OI7R','aaf956a9e183479db749bfed49a7200e7a70f820e420edcd85c487fa7f596805e1bae72263d95ddc9f008d7695dc0a838ca4c5f70c2695b203c2d77d7fe5d292','Y','Y','Y','Y','2018-12-27 10:00:27','2018-12-27 10:00:27'),(17,'DPFTTD9','dps','dps@gmail.com','9638528523',NULL,'ffff, delhi, delhi, 110092','DPFTTD9','96bcc3886898c1b1c79a0d56848ab90d72f9d795f52f2357cd50b7f1f51e61a1f372aa6bf252fa9eb19f0aa18f0ef8f440af743415535d53ea0ec53f8784d5ab','N','Y','Y','Y','2018-12-27 10:54:38','2018-12-27 10:54:38'),(18,'DPV75FR','dps','dps@gmail.com','9638528523',NULL,'ffff, delhi, delhi, 110092','DPV75FR','96bcc3886898c1b1c79a0d56848ab90d72f9d795f52f2357cd50b7f1f51e61a1f372aa6bf252fa9eb19f0aa18f0ef8f440af743415535d53ea0ec53f8784d5ab','N','Y','Y','Y','2018-12-27 11:17:10','2018-12-27 11:17:10'),(19,'DPOI1OD','dps','dps@gmail.com','9638528523',NULL,'ffff, delhi, delhi, 110092','DPOI1OD','96bcc3886898c1b1c79a0d56848ab90d72f9d795f52f2357cd50b7f1f51e61a1f372aa6bf252fa9eb19f0aa18f0ef8f440af743415535d53ea0ec53f8784d5ab','N','Y','Y','Y','2018-12-27 11:20:19','2018-12-27 11:20:19'),(20,'GSEXE5J','gsgsg','adfa@gmail.com','9358762548',NULL,'gzvz, vzvzv, vzvzbz, 887594','GSEXE5J','aaf956a9e183479db749bfed49a7200e7a70f820e420edcd85c487fa7f596805e1bae72263d95ddc9f008d7695dc0a838ca4c5f70c2695b203c2d77d7fe5d292','N','Y','Y','Y','2018-12-27 11:25:02','2018-12-27 11:25:02'),(21,'SUU5FF2','Suman Kumar','suman.dwivedi@yahoo.com','9801425555',NULL,'Motihari','SUU5FF2','96bcc3886898c1b1c79a0d56848ab90d72f9d795f52f2357cd50b7f1f51e61a1f372aa6bf252fa9eb19f0aa18f0ef8f440af743415535d53ea0ec53f8784d5ab','Y','Y','Y','Y','2018-12-27 11:25:17','2018-12-27 11:25:17'),(22,'FGFEWVN','fgg','xdfg@gmail.com','9865848858',NULL,'cfgghh, cfgh, vc b, 885598','FGFEWVN','aaf956a9e183479db749bfed49a7200e7a70f820e420edcd85c487fa7f596805e1bae72263d95ddc9f008d7695dc0a838ca4c5f70c2695b203c2d77d7fe5d292','N','Y','Y','Y','2018-12-27 11:28:27','2018-12-27 11:28:27'),(23,'GZ6MV7A','gzhshs','dafa@gmsil.com','9856548959',NULL,'sggsgs, gsgssh, gsgzhz, 979797','GZ6MV7A','aaf956a9e183479db749bfed49a7200e7a70f820e420edcd85c487fa7f596805e1bae72263d95ddc9f008d7695dc0a838ca4c5f70c2695b203c2d77d7fe5d292','Y','Y','Y','Y','2018-12-27 11:39:56','2018-12-27 11:39:56'),(24,'DP75JJD','dps','dps@gmail.com','9854635897',NULL,'delhi, delhi, delhi, 110011','DP75JJD','aaf956a9e183479db749bfed49a7200e7a70f820e420edcd85c487fa7f596805e1bae72263d95ddc9f008d7695dc0a838ca4c5f70c2695b203c2d77d7fe5d292','Y','Y','Y','Y','2018-12-27 11:50:57','2018-12-27 11:50:57'),(25,'FSWLOZA','fsgzgz','cafsg@gmail.com','9818235537',NULL,'gsgssg, gsgsg, gsgsg, 546434','FSWLOZA','aaf956a9e183479db749bfed49a7200e7a70f820e420edcd85c487fa7f596805e1bae72263d95ddc9f008d7695dc0a838ca4c5f70c2695b203c2d77d7fe5d292','Y','Y','Y','Y','2019-01-05 22:13:57','2019-01-05 22:13:57'),(26,'GS2GFN8','gsgshs','fagsg@gmail.com','9818235537',NULL,'vsvsg, vsvsbs, hshsh, 849467','GS2GFN8','aaf956a9e183479db749bfed49a7200e7a70f820e420edcd85c487fa7f596805e1bae72263d95ddc9f008d7695dc0a838ca4c5f70c2695b203c2d77d7fe5d292','Y','Y','Y','Y','2019-01-05 22:39:11','2019-01-05 22:39:11'),(27,'VIPXWZY','vibhas','vibhas1326@gmail.com','9311620027',NULL,'boring road , Patna, bihar, 800013','VIPXWZY','96bcc3886898c1b1c79a0d56848ab90d72f9d795f52f2357cd50b7f1f51e61a1f372aa6bf252fa9eb19f0aa18f0ef8f440af743415535d53ea0ec53f8784d5ab','Y','Y','Y','Y','2019-01-05 23:29:38','2019-01-05 23:29:38'),(28,'AK3Y3K0','ak sinha','aksinha@gmail.com','7543015219',NULL,'patna, patna, bihar, 800001','AK3Y3K0','96bcc3886898c1b1c79a0d56848ab90d72f9d795f52f2357cd50b7f1f51e61a1f372aa6bf252fa9eb19f0aa18f0ef8f440af743415535d53ea0ec53f8784d5ab','Y','Y','Y','Y','2019-01-06 15:22:12','2019-01-06 15:22:12'),(29,'BZ5Y49V','bzhzb','gGzg@gmail.com','9818235537',NULL,'sgsgs, zcvz, vzvzb, 979485','BZ5Y49V','aaf956a9e183479db749bfed49a7200e7a70f820e420edcd85c487fa7f596805e1bae72263d95ddc9f008d7695dc0a838ca4c5f70c2695b203c2d77d7fe5d292','N','Y','N','Y','2019-01-06 16:21:15','2019-01-06 16:21:15'),(30,'ARROK6P','arif','arif@gmail.com','7903003123',NULL,'siwan, siwan, bihar, 841428','ARROK6P','96bcc3886898c1b1c79a0d56848ab90d72f9d795f52f2357cd50b7f1f51e61a1f372aa6bf252fa9eb19f0aa18f0ef8f440af743415535d53ea0ec53f8784d5ab','Y','Y','Y','Y','2019-01-08 15:15:28','2019-01-08 15:15:28'),(31,'SUXQRWY','Sunil Thakur ','thakur5sunil@gmail.com','9818396512',NULL,'A-63, Lucknow, Uttar Pradesh , 226010','SUXQRWY','ad08860be6b2380c6f67ea30333fbb6c4309c89a8cc62ac53a1585fda34b667aa190c272362823b57cdcb4fe2d6b3f8aedf940627a59c50edcce8ee1f5f484ba','Y','Y','Y','Y','2019-01-12 19:54:25','2019-01-12 19:54:25'),(32,'VVDY30R','vvvv','asd@gmail.com','9350943816',NULL,'sdff, ffgg, ffgh, 858865','VVDY30R','aaf956a9e183479db749bfed49a7200e7a70f820e420edcd85c487fa7f596805e1bae72263d95ddc9f008d7695dc0a838ca4c5f70c2695b203c2d77d7fe5d292','N','Y','Y','Y','2019-01-12 20:11:19','2019-01-12 20:11:19'),(33,'VVL31PP','vvvv','asd@gmail.com','9350943816',NULL,'sdff, ffgg, ffgh, 935884','VVL31PP','aaf956a9e183479db749bfed49a7200e7a70f820e420edcd85c487fa7f596805e1bae72263d95ddc9f008d7695dc0a838ca4c5f70c2695b203c2d77d7fe5d292','N','Y','N','Y','2019-01-12 20:18:55','2019-01-12 20:18:55'),(34,'ANJ7NYT','Anisha','anishashrivastava20@gmail.com','7733930397',NULL,'patna, patna, bihar, 800020','ANJ7NYT','96bcc3886898c1b1c79a0d56848ab90d72f9d795f52f2357cd50b7f1f51e61a1f372aa6bf252fa9eb19f0aa18f0ef8f440af743415535d53ea0ec53f8784d5ab','Y','Y','Y','Y','2019-01-14 11:22:40','2019-01-14 11:22:40'),(35,'ANZO6Q0','anisha1','anishashrivastava20@gmail.com','7733930397',NULL,'patna, Patna, Bihar, 800020','ANZO6Q0','96bcc3886898c1b1c79a0d56848ab90d72f9d795f52f2357cd50b7f1f51e61a1f372aa6bf252fa9eb19f0aa18f0ef8f440af743415535d53ea0ec53f8784d5ab','Y','Y','Y','Y','2019-01-14 11:52:29','2019-01-14 11:52:29'),(36,'ARBMHFJ','arif','arifalamg19981@gmail.com','7903003123',NULL,'jila parisad siwan, siwan, bihar, 841428','ARBMHFJ','203ea2bf8cc465c633c3eb4a557c66170e93531c5c3e4b875083c792361e643f8325aadb57501a5a9f65f2c9049bfd1be0ced245ec7ec1088f4e1427887ca140','Y','Y','Y','Y','2019-01-14 12:28:46','2019-01-14 12:28:46'),(37,'VZF8QTU','vzvvsh','czgsf@gmaik.com','9818235537',NULL,'vzhsh, vzvzv, zhhshs, 494644','VZF8QTU','aaf956a9e183479db749bfed49a7200e7a70f820e420edcd85c487fa7f596805e1bae72263d95ddc9f008d7695dc0a838ca4c5f70c2695b203c2d77d7fe5d292','N','Y','Y','Y','2019-01-14 16:38:11','2019-01-14 16:38:11'),(38,'GGLY52F','ggshsg','gsgzg@gmail.com','9818235537',NULL,'gzhzhz, gzzgz, gzgzgz, 976797','GGLY52F','aaf956a9e183479db749bfed49a7200e7a70f820e420edcd85c487fa7f596805e1bae72263d95ddc9f008d7695dc0a838ca4c5f70c2695b203c2d77d7fe5d292','N','Y','Y','Y','2019-01-14 16:44:20','2019-01-14 16:44:20'),(39,'GSNRTQ8','gshdg','fsgsg@gmail.com','9818235537',NULL,'gsgzgs, gsgsgs, ysgzg, 575764','GSNRTQ8','aaf956a9e183479db749bfed49a7200e7a70f820e420edcd85c487fa7f596805e1bae72263d95ddc9f008d7695dc0a838ca4c5f70c2695b203c2d77d7fe5d292','N','Y','Y','Y','2019-01-14 16:51:04','2019-01-14 16:51:04'),(40,'FS00DZM','fsgsgs','fsgsg@gmail.com','9818235537',NULL,'vzvzvz, sggzgz, gsgzg, 575757','FS00DZM','aaf956a9e183479db749bfed49a7200e7a70f820e420edcd85c487fa7f596805e1bae72263d95ddc9f008d7695dc0a838ca4c5f70c2695b203c2d77d7fe5d292','N','Y','Y','Y','2019-01-14 17:16:13','2019-01-14 17:16:13'),(41,'VI9VYQH','vinay','vinaygkp180@gmail.com','9311620027',NULL,'gkp, gorakhpur , up, 273001','VI9VYQH','96bcc3886898c1b1c79a0d56848ab90d72f9d795f52f2357cd50b7f1f51e61a1f372aa6bf252fa9eb19f0aa18f0ef8f440af743415535d53ea0ec53f8784d5ab','Y','Y','Y','Y','2019-01-15 12:54:50','2019-01-15 12:54:50'),(42,'SC3BIY2','school1','school1@gmail.com','9350943816',NULL,'hzgzhz, agagg, gzzhz, 978757','SC3BIY2','aaf956a9e183479db749bfed49a7200e7a70f820e420edcd85c487fa7f596805e1bae72263d95ddc9f008d7695dc0a838ca4c5f70c2695b203c2d77d7fe5d292','N','Y','Y','Y','2019-01-15 13:33:26','2019-01-15 13:33:26'),(43,'SCPG3CQ','schook2','fssg@gmail.com','9350943816',NULL,'vzbshzh, vzvzbzb, hzgshzh, 456797','SCPG3CQ','aaf956a9e183479db749bfed49a7200e7a70f820e420edcd85c487fa7f596805e1bae72263d95ddc9f008d7695dc0a838ca4c5f70c2695b203c2d77d7fe5d292','N','Y','Y','Y','2019-01-15 13:40:21','2019-01-15 13:40:21'),(44,'SCEFAMX','school3','sgGzg@gmail.com','9350943816',NULL,'hzhzh, gzhzh, hHzhz, 766767','SCEFAMX','aaf956a9e183479db749bfed49a7200e7a70f820e420edcd85c487fa7f596805e1bae72263d95ddc9f008d7695dc0a838ca4c5f70c2695b203c2d77d7fe5d292','N','Y','Y','Y','2019-01-15 13:48:28','2019-01-15 13:48:28'),(45,'GS5US3Z','gshshs','fsgshsh@gmail.com','9350943816',NULL,'dvvsbsbzb, gzvssbhz, zghshshz, 876464','GS5US3Z','aaf956a9e183479db749bfed49a7200e7a70f820e420edcd85c487fa7f596805e1bae72263d95ddc9f008d7695dc0a838ca4c5f70c2695b203c2d77d7fe5d292','N','Y','Y','Y','2019-01-15 13:50:33','2019-01-15 13:50:33'),(46,'SCHMAJG','schiol4','schiol@gmail.com','9350943816',NULL,'gsgshs, gsgsh, gzgsgzg, 967849','SCHMAJG','aaf956a9e183479db749bfed49a7200e7a70f820e420edcd85c487fa7f596805e1bae72263d95ddc9f008d7695dc0a838ca4c5f70c2695b203c2d77d7fe5d292','N','Y','Y','Y','2019-01-15 14:26:27','2019-01-15 14:26:27'),(47,'GSP5YJA','gsgshz','gzgsg@gmail.com','9350943816',NULL,'svhshz, gsgsgs, sggzgzg, 675454','GSP5YJA','aaf956a9e183479db749bfed49a7200e7a70f820e420edcd85c487fa7f596805e1bae72263d95ddc9f008d7695dc0a838ca4c5f70c2695b203c2d77d7fe5d292','N','Y','Y','Y','2019-01-15 14:29:12','2019-01-15 14:29:12'),(48,'SC6K7M1','school5','sffag@gmail.com','9350943816',NULL,'good svgs, good he, good with e, 766467','SC6K7M1','aaf956a9e183479db749bfed49a7200e7a70f820e420edcd85c487fa7f596805e1bae72263d95ddc9f008d7695dc0a838ca4c5f70c2695b203c2d77d7fe5d292','N','Y','Y','Y','2019-01-16 14:46:39','2019-01-16 14:46:39'),(49,'SC9N2IS','school6','fsggs@gmail.com','9350943816',NULL,'sgghsh, gsgsgs, syysys, 346464','SC9N2IS','aaf956a9e183479db749bfed49a7200e7a70f820e420edcd85c487fa7f596805e1bae72263d95ddc9f008d7695dc0a838ca4c5f70c2695b203c2d77d7fe5d292','N','Y','Y','Y','2019-01-16 14:56:51','2019-01-16 14:56:51'),(50,'SCO2DYR','School2','school@school.com','7809012352',NULL,'Manas Vihar Colony, Sarvodaya Nagar, Lucknow, Uttar Pradesh, 226016','SCO2DYR','aaf956a9e183479db749bfed49a7200e7a70f820e420edcd85c487fa7f596805e1bae72263d95ddc9f008d7695dc0a838ca4c5f70c2695b203c2d77d7fe5d292','Y','Y','Y','Y','2019-01-16 16:36:46','2019-01-16 16:36:46'),(51,'SCOLEK3','School','svvhh@fgh.vvh','7809012352',NULL,'afgh, fghj, vghj, 889999','SCOLEK3','aaf956a9e183479db749bfed49a7200e7a70f820e420edcd85c487fa7f596805e1bae72263d95ddc9f008d7695dc0a838ca4c5f70c2695b203c2d77d7fe5d292','Y','Y','Y','Y','2019-01-16 17:55:34','2019-01-16 17:55:34'),(52,'BS7RPXP','bshsh','gsgsg@gmail.vom','9350943816',NULL,'vshxhd, gsbsh, vsgsgz, 458484','BS7RPXP','aaf956a9e183479db749bfed49a7200e7a70f820e420edcd85c487fa7f596805e1bae72263d95ddc9f008d7695dc0a838ca4c5f70c2695b203c2d77d7fe5d292','N','Y','Y','Y','2019-01-16 18:14:45','2019-01-16 18:14:45'),(53,'HSH1TGX','hsbzzh','gzbzb@gmail.com','9350943816',NULL,'sgshshhshsh, bsbsb, hzbxh, 649768','HSH1TGX','aaf956a9e183479db749bfed49a7200e7a70f820e420edcd85c487fa7f596805e1bae72263d95ddc9f008d7695dc0a838ca4c5f70c2695b203c2d77d7fe5d292','N','Y','Y','Y','2019-01-18 18:37:45','2019-01-18 18:37:45'),(54,'HSIOSTV','hshshs','gzhs@gmail.com','9350943816',NULL,'vsvd, gsgsh, gshsh, 549495','HSIOSTV','aaf956a9e183479db749bfed49a7200e7a70f820e420edcd85c487fa7f596805e1bae72263d95ddc9f008d7695dc0a838ca4c5f70c2695b203c2d77d7fe5d292','N','Y','Y','N','2019-01-18 18:52:04','2019-01-18 18:52:04'),(55,'GSP9N7F','gshshsh','bzbzbz@gmail.com','9350943816',NULL,'1234, gshshshs, vsbzbzb, 979797','GSP9N7F','aaf956a9e183479db749bfed49a7200e7a70f820e420edcd85c487fa7f596805e1bae72263d95ddc9f008d7695dc0a838ca4c5f70c2695b203c2d77d7fe5d292','N','Y','N','Y','2019-01-21 13:57:15','2019-01-21 13:57:15');
/*!40000 ALTER TABLE `school_registration` ENABLE KEYS */;
UNLOCK TABLES;

--
-- Table structure for table `school_subscription_history`
--

DROP TABLE IF EXISTS `school_subscription_history`;
/*!40101 SET @saved_cs_client     = @@character_set_client */;
/*!40101 SET character_set_client = utf8 */;
CREATE TABLE `school_subscription_history` (
  `historyID` int(11) NOT NULL AUTO_INCREMENT,
  `schoolID` int(11) NOT NULL,
  `school_code` varchar(255) NOT NULL,
  `modules` varchar(255) NOT NULL,
  `amount` varchar(255) NOT NULL,
  `is_paid` enum('Y','N') NOT NULL,
  `start_date` date NOT NULL,
  `end_date` date NOT NULL,
  `grace_day` int(11) NOT NULL,
  `is_active` varchar(10) NOT NULL DEFAULT 'Y',
  `added_on` datetime NOT NULL,
  PRIMARY KEY (`historyID`)
) ENGINE=MyISAM AUTO_INCREMENT=39 DEFAULT CHARSET=latin1;
/*!40101 SET character_set_client = @saved_cs_client */;

--
-- Dumping data for table `school_subscription_history`
--

LOCK TABLES `school_subscription_history` WRITE;
/*!40000 ALTER TABLE `school_subscription_history` DISABLE KEYS */;
INSERT INTO `school_subscription_history` VALUES (1,1,'HAK9KF8','1,2,3,4,5,6,7,8,9,10,11,12,13,14,15,16,17,18','2097','Y','2018-11-16','2019-11-16',0,'Y','2018-11-16 23:44:54'),(2,2,'ARHN86O','1,2,3,4,5,6,7,8,9,10,11,12,13,14,15,16,17,18','2097','Y','2018-11-17','2019-11-17',0,'Y','2018-11-17 12:09:16'),(3,4,'FSR7GNP','1,2,3,4,5,6,7,8,9,10,11,12,13,14,15,16,17,18','2097','Y','2018-11-17','2019-11-17',0,'Y','2018-11-17 12:55:15'),(4,5,'IT8L9ON','1,2,3,4,5,9,10,11,12,13,14,15,16,17,18','0','Y','2018-11-20','2019-11-20',0,'Y','2018-11-20 13:42:07'),(5,6,'','1,2,3,4,5,6,7,8,9,10,11,12,13,14,15,16,17','2000','Y','2018-12-12','2019-12-12',0,'Y','2018-12-12 18:16:55'),(6,7,'M SYEOW','1,2,3,4,5,6,7,8,9,10,11,12,13,14,15,16,17,18','2097','Y','2018-12-17','2019-12-17',0,'Y','2018-12-17 13:23:59'),(7,8,'RPXHQR1','1,2,3,4,5,6,7,8,9,10,11,12,13,14,15,16,17,18','2097','Y','2018-12-23','2019-12-23',0,'Y','2018-12-23 14:43:43'),(8,9,'IDVGPJZ','1,2,3,4,5,6,7,8,9,10,11,12,13,14,15,16,17,18','2097','Y','2018-12-24','2019-12-24',0,'Y','2018-12-24 10:21:49'),(9,10,'SCZUZBC','1,2,3,4,5,6,7,8,9,10,11,12,13,14,15,16,17,18','2097','Y','2018-12-24','2019-12-24',0,'Y','2018-12-24 10:28:10'),(10,11,'SCE1IMB','1,2,3,4,5,6,7,8,9,10,11,12,13,14,15,16,17,18','2097','Y','2018-12-24','2019-12-24',0,'Y','2018-12-24 10:36:19'),(11,12,'SC2CIW9','1,2,3,4,5,6,7,8,9,10,11,12,13,14,15,16,17,18','2097','Y','2018-12-24','2019-12-24',0,'Y','2018-12-24 10:40:39'),(12,15,'SCEDPUJ','1,2,3,4,5,6,7,8,9,10,11,12,13,14,15,16,17,18','2097','Y','2018-12-24','2019-12-24',0,'Y','2018-12-24 11:21:02'),(13,13,'SCEDPUJ','1,2,3,4,5,6,7,8,9,10,11,12,13,14,15,16,17,18','2097','Y','2018-12-24','2019-12-24',0,'Y','2018-12-24 11:49:12'),(14,16,'ARHN86O','1,2,3,4,5,6,7,8,9,10,11,12,13,14,15,16,17,18','2097','Y','2018-12-27','2019-12-27',0,'Y','2018-12-27 10:02:09'),(15,6,'','1,2,3,4,5,6,7,8,9,10,11,12,13,14,15,16,17','2000','Y','2018-12-27','2019-12-27',0,'Y','2018-12-27 11:10:35'),(16,21,'SC2CIW9','1,2,3,4,5,9,10,11,12,13,14,15,16,17,18','0','Y','2018-12-27','2019-12-27',0,'Y','2018-12-27 11:28:51'),(17,23,'GZ6MV7A','1,2,3,4,5,6,7,8,9,10,11,12,13,14,15,16,17,18','2097','Y','2018-12-27','2019-12-27',0,'Y','2018-12-27 11:40:20'),(18,24,'DP75JJD','1,2,3,4,5,6,7,8,9,10,11,12,13,14,15,16,17,18','2097','Y','2018-12-27','2019-12-27',0,'Y','2018-12-27 11:53:23'),(19,25,'FSWLOZA','1,2,3,4,5,7,8,9,10,11,12,13,14,15,16,17,18','1298','Y','2019-01-05','2020-01-05',0,'Y','2019-01-05 22:15:43'),(20,26,'GS2GFN8','1,2,3,4,5,6,7,8,9,10,11,12,13,14,15,16,17,18','2097','Y','2019-01-05','2020-01-05',0,'Y','2019-01-05 22:39:38'),(21,27,'VIPXWZY','1,2,3,4,5,6,7,8,9,10,11,12,13,14,15,16,17,18','2097','Y','2019-01-05','2020-01-05',0,'Y','2019-01-05 23:31:31'),(22,28,'AK3Y3K0','1,2,3,4,5,6,7,8,9,10,11,12,13,14,15,16,17,18','2097','Y','2019-01-06','2020-01-06',0,'Y','2019-01-06 15:25:07'),(23,30,'ARROK6P','1,2,3,4,5,6,7,8,9,10,11,12,13,14,15,16,17,18','2097','Y','2019-01-08','2020-01-08',0,'Y','2019-01-08 15:17:55'),(24,31,'SUXQRWY','1,2,3,4,5,6,7,8,9,10,11,12,13,14,15,16,17,18','2097','Y','2019-01-12','2020-01-12',0,'Y','2019-01-12 19:57:53'),(25,34,'ANJ7NYT','1,2,3,4,5,6,7,8,9,10,11,12,13,14,15,16,17,18','2097','Y','2019-01-14','2020-01-14',0,'Y','2019-01-14 11:26:17'),(26,35,'ANZO6Q0','1,2,3,4,5,6,7,8,9,10,11,12,13,14,15,16,17,18','2097','Y','2019-01-14','2020-01-14',0,'Y','2019-01-14 11:56:03'),(27,36,'ARBMHFJ','1,2,3,4,5,6,7,8,9,10,11,12,13,14,15,16,17,18','2097','Y','2019-01-14','2020-01-14',0,'Y','2019-01-14 12:33:20'),(28,41,'VI9VYQH','1,2,3,4,5,6,7,8,9,10,11,12,13,14,15,16,17,18','2097','Y','2019-01-14','2020-01-14',0,'Y','2019-01-14 12:33:20'),(29,46,'SCHMAJG','1,2,3,4,5,9,10,11,12,13,14,15,16,17,18','0.0','Y','2019-01-15','2020-01-15',0,'Y','2019-01-15 14:26:56'),(30,47,'GSP5YJA','1,2,3,4,5,9,10,11,12,13,14,15,16,17,18','0.0','Y','2019-01-15','2020-01-15',0,'Y','2019-01-15 14:29:57'),(31,48,'SC6K7M1','1,2,4,9,11,12,13,14,15,16,17,18','0.0','Y','2019-01-16','2020-01-16',0,'Y','2019-01-16 14:52:22'),(32,50,'SCO2DYR','1,2,3,4,5,6,7,8,9,10,11,12,13,14,15,16,17,18,19,20,21,22,23,24,25','2097','Y','2019-01-16','2020-01-16',0,'Y','2019-01-16 16:38:31'),(33,51,'SCOLEK3','1,2,3,4,5,6,7,8,9,10,11,12,13,14,15,16,17,18,19,20,21,22,23,24,25','2097','Y','2019-01-16','2020-01-16',0,'Y','2019-01-16 17:56:36'),(34,52,'BS7RPXP','1,2,3,4,5,6,7,9,10,11,12,13,14,15,16,17,18,19,20,21,22,23,24,25','0.0','Y','2019-01-16','2020-01-16',0,'Y','2019-01-16 18:15:28'),(35,54,'HSIOSTV','1,2,4,9,11,12,13,14,15,16,17,18','0.0','Y','2019-01-19','2020-01-19',0,'Y','2019-01-19 13:28:59'),(36,28,'AK3Y3K0','1,2,3,4,5,6,7,9,10,11,12,13,14,15,16,17,18,19,20,21,22,23,24,25','0.0','Y','2019-01-19','2020-01-19',0,'Y','2019-01-19 22:20:26'),(37,2,'ARHN86O','1,2,3,4,5,6,7,9,10,11,12,13,14,15,16,17,18,19,20,21,22,23,24,25','0.0','Y','2019-01-21','2020-01-21',0,'Y','2019-01-21 13:44:01'),(38,55,'GSP9N7F','1,2,4,9,11,12,13,14,15,16,17,18','0.0','Y','2019-01-21','2020-01-21',0,'Y','2019-01-21 13:58:36');
/*!40000 ALTER TABLE `school_subscription_history` ENABLE KEYS */;
UNLOCK TABLES;

--
-- Table structure for table `section`
--

DROP TABLE IF EXISTS `section`;
/*!40101 SET @saved_cs_client     = @@character_set_client */;
/*!40101 SET character_set_client = utf8 */;
CREATE TABLE `section` (
  `sectionID` int(11) NOT NULL AUTO_INCREMENT,
  `schoolID` int(11) NOT NULL,
  `classID` int(11) NOT NULL,
  `section` varchar(255) NOT NULL,
  `class_teacherID` int(11) NOT NULL,
  `is_active` enum('Y','N') NOT NULL,
  `added_on` datetime NOT NULL,
  PRIMARY KEY (`sectionID`)
) ENGINE=MyISAM AUTO_INCREMENT=55 DEFAULT CHARSET=latin1;
/*!40101 SET character_set_client = @saved_cs_client */;

--
-- Dumping data for table `section`
--

LOCK TABLES `section` WRITE;
/*!40000 ALTER TABLE `section` DISABLE KEYS */;
INSERT INTO `section` VALUES (1,1,1,'A',0,'Y','2018-11-16 23:53:15'),(2,1,1,'B',0,'Y','2018-11-16 23:53:27'),(3,1,2,'A',0,'Y','2018-11-16 23:53:50'),(4,1,2,'B',0,'Y','2018-11-16 23:54:01'),(5,1,3,'A',0,'Y','2018-11-16 23:54:11'),(6,1,3,'B',0,'Y','2018-11-16 23:54:21'),(7,1,4,'A',0,'Y','2018-11-16 23:54:40'),(8,1,4,'B',0,'Y','2018-11-16 23:54:54'),(9,1,5,'A',0,'Y','2018-11-16 23:55:07'),(10,1,5,'B',0,'Y','2018-11-16 23:55:17'),(11,1,5,'C',0,'Y','2018-11-16 23:55:52'),(12,2,6,'A',0,'Y','2018-11-17 12:16:09'),(13,2,7,'A',0,'Y','2018-11-17 12:16:21'),(14,2,8,'A',0,'Y','2018-11-17 12:16:33'),(15,5,9,'A',3,'Y','2018-11-20 13:48:06'),(16,6,11,'A',0,'Y','2018-12-12 17:46:25'),(17,6,11,'B',0,'Y','2018-12-12 17:46:35'),(18,6,12,'A',0,'Y','2018-12-12 17:46:50'),(19,6,12,'B',0,'Y','2018-12-12 17:47:00'),(20,21,15,'A',0,'Y','2018-12-27 11:33:53'),(21,21,15,'B',0,'Y','2018-12-27 11:34:02'),(22,21,15,'C',0,'Y','2018-12-27 11:34:11'),(23,21,15,'D',0,'Y','2018-12-27 11:34:21'),(24,21,16,'A',0,'Y','2018-12-27 11:34:49'),(25,21,16,'B',0,'Y','2018-12-27 11:34:58'),(26,28,17,'A',0,'Y','2019-01-06 15:27:11'),(27,28,18,'A',0,'Y','2019-01-06 15:27:26'),(28,28,17,'B',0,'Y','2019-01-06 15:27:35'),(29,26,19,'A',0,'Y','2019-01-07 11:07:44'),(30,26,20,'A',0,'Y','2019-01-07 11:07:54'),(31,30,22,'A',0,'Y','2019-01-08 15:22:13'),(32,34,28,'5A',0,'Y','2019-01-14 11:29:19'),(33,35,29,'8A',0,'Y','2019-01-14 11:58:11'),(34,36,33,'A',0,'Y','2019-01-14 12:46:13'),(35,36,33,'B',0,'Y','2019-01-14 12:46:29'),(36,36,34,'A',0,'Y','2019-01-14 12:46:36'),(37,36,34,'B',0,'Y','2019-01-14 12:46:45'),(38,36,35,'A',0,'Y','2019-01-14 12:46:54'),(39,36,35,'B',0,'Y','2019-01-14 12:47:09'),(40,36,36,'A',0,'Y','2019-01-14 12:47:21'),(41,36,36,'B',0,'Y','2019-01-14 12:47:35'),(42,36,37,'A',0,'Y','2019-01-14 12:47:46'),(43,36,37,'B',0,'Y','2019-01-14 12:47:57'),(44,31,23,'A',0,'Y','2019-01-15 11:12:10'),(45,31,24,'A',0,'Y','2019-01-15 11:12:20'),(46,41,38,'A',0,'Y','2019-01-15 13:09:10'),(47,42,39,'A',0,'Y','2019-01-15 13:37:53'),(48,50,40,'A',0,'Y','2019-01-16 16:45:46'),(49,50,40,'B',0,'Y','2019-01-16 16:47:42'),(50,51,41,'A',0,'Y','2019-01-17 10:39:49'),(51,51,41,'B',0,'Y','2019-01-17 10:39:58'),(52,51,42,'A',0,'Y','2019-01-17 10:40:06'),(53,51,42,'B',0,'Y','2019-01-17 10:40:14'),(54,54,44,'A',0,'Y','2019-01-21 14:24:29');
/*!40000 ALTER TABLE `section` ENABLE KEYS */;
UNLOCK TABLES;

--
-- Table structure for table `slots`
--

DROP TABLE IF EXISTS `slots`;
/*!40101 SET @saved_cs_client     = @@character_set_client */;
/*!40101 SET character_set_client = utf8 */;
CREATE TABLE `slots` (
  `slotID` int(11) NOT NULL AUTO_INCREMENT,
  `schoolID` int(11) NOT NULL,
  `b_slot_duration` varchar(255) NOT NULL,
  `b_start_time` varchar(100) NOT NULL,
  `b_end_time` varchar(100) NOT NULL,
  `a_slot_duration` varchar(255) NOT NULL,
  `a_start_time` varchar(100) NOT NULL,
  `a_end_time` varchar(100) NOT NULL,
  `classID` int(11) NOT NULL,
  `is_active` enum('Y','N') NOT NULL,
  `added_on` datetime NOT NULL,
  PRIMARY KEY (`slotID`)
) ENGINE=MyISAM AUTO_INCREMENT=17 DEFAULT CHARSET=latin1;
/*!40101 SET character_set_client = @saved_cs_client */;

--
-- Dumping data for table `slots`
--

LOCK TABLES `slots` WRITE;
/*!40000 ALTER TABLE `slots` DISABLE KEYS */;
INSERT INTO `slots` VALUES (1,5,'45','08:00','10:15','40','10:45','13:25',9,'Y','2018-11-20 13:50:27'),(2,1,'40','08:30','11:10','35','11:40','13:25',1,'Y','2018-12-17 17:30:17'),(3,1,'40','08:30','11:10','35','11:40','13:25',2,'Y','2018-12-04 11:34:36'),(4,1,'40','08:30','11:10','35','11:40','13:25',3,'Y','2018-12-04 11:34:36'),(5,1,'40','08:30','11:10','35','11:40','13:25',4,'Y','2018-12-04 11:34:36'),(6,1,'40','08:30','11:10','35','11:40','13:25',5,'Y','2018-12-04 11:34:36'),(7,2,'30','09:00','11:00','30','11:30','13:00',6,'Y','2018-12-07 16:51:45'),(8,2,'30','09:00','11:00','30','11:30','13:00',7,'Y','2018-12-07 16:51:45'),(9,2,'30','09:00','11:00','30','11:30','13:00',8,'Y','2018-12-07 16:51:45'),(10,30,'40','08:00','10:00','30','10:30','11:30',22,'Y','2019-01-08 15:33:28'),(11,36,'30','10:00','11:30','30','12:00','13:30',33,'Y','2019-01-14 13:24:25'),(12,36,'30','10:00','11:30','30','12:00','13:30',34,'Y','2019-01-14 13:24:25'),(13,41,'40','10:00','12:40','30','13:10','14:40',38,'Y','2019-01-15 13:50:02'),(14,28,'30','00:10','01:40','30','02:10','03:40',17,'Y','2019-01-16 13:44:43'),(15,21,'45','10:00','12:15','45','12:45','15:00',15,'Y','2019-01-21 13:11:57'),(16,21,'45','10:00','12:15','45','12:45','15:00',16,'Y','2019-01-21 13:12:09');
/*!40000 ALTER TABLE `slots` ENABLE KEYS */;
UNLOCK TABLES;

--
-- Table structure for table `state`
--

DROP TABLE IF EXISTS `state`;
/*!40101 SET @saved_cs_client     = @@character_set_client */;
/*!40101 SET character_set_client = utf8 */;
CREATE TABLE `state` (
  `stateID` int(11) NOT NULL AUTO_INCREMENT,
  `name` varchar(255) NOT NULL,
  `added_on` datetime NOT NULL,
  PRIMARY KEY (`stateID`)
) ENGINE=MyISAM AUTO_INCREMENT=37 DEFAULT CHARSET=latin1;
/*!40101 SET character_set_client = @saved_cs_client */;

--
-- Dumping data for table `state`
--

LOCK TABLES `state` WRITE;
/*!40000 ALTER TABLE `state` DISABLE KEYS */;
INSERT INTO `state` VALUES (1,'ANDAMAN AND NICOBAR ISLANDS','2018-11-29 16:24:00'),(2,'ANDHRA PRADESH','2018-11-29 16:24:00'),(3,'ARUNACHAL PRADESH','2018-11-29 16:24:00'),(4,'ASSAM','2018-11-29 16:24:00'),(5,'BIHAR','2018-11-29 16:24:00'),(6,'CHANDIGARH','2018-11-29 16:24:00'),(7,'CHHATTISGARH','2018-11-29 16:24:00'),(8,'DADRA AND NAGAR HAVELI','2018-11-29 16:24:00'),(9,'DAMAN AND DIU','2018-11-29 16:24:00'),(10,'DELHI','2018-11-29 16:24:00'),(11,'GOA','2018-11-29 16:24:00'),(12,'GUJARAT','2018-11-29 16:24:00'),(13,'HARYANA','2018-11-29 16:24:00'),(14,'HIMACHAL PRADESH','2018-11-29 16:24:00'),(15,'JAMMU AND KASHMIR','2018-11-29 16:24:00'),(16,'JHARKHAND','2018-11-29 16:24:00'),(17,'KARNATAKA','2018-11-29 16:24:00'),(18,'KERALA','2018-11-29 16:24:00'),(19,'LAKSHADWEEP','2018-11-29 16:24:00'),(20,'MADHYA PRADESH','2018-11-29 16:24:00'),(21,'MAHARASHTRA','2018-11-29 16:24:00'),(22,'MANIPUR','2018-11-29 16:24:00'),(23,'MEGHALAYA','2018-11-29 16:24:00'),(24,'MIZORAM','2018-11-29 16:24:00'),(25,'NAGALAND','2018-11-29 16:24:00'),(26,'ODISHA','2018-11-29 16:24:00'),(27,'PUDUCHERRY','2018-11-29 16:24:00'),(28,'PUNJAB','2018-11-29 16:24:00'),(29,'RAJASTHAN','2018-11-29 16:24:00'),(30,'SIKKIM','2018-11-29 16:24:00'),(31,'TAMIL NADU','2018-11-29 16:24:00'),(32,'TELANGANA','2018-11-29 16:24:00'),(33,'TRIPURA','2018-11-29 16:24:00'),(34,'UTTARAKHAND','2018-11-29 16:24:00'),(35,'UTTAR PRADESH','2018-11-29 16:24:00'),(36,'WEST BENGAL','2018-11-29 16:24:00');
/*!40000 ALTER TABLE `state` ENABLE KEYS */;
UNLOCK TABLES;

--
-- Table structure for table `student`
--

DROP TABLE IF EXISTS `student`;
/*!40101 SET @saved_cs_client     = @@character_set_client */;
/*!40101 SET character_set_client = utf8 */;
CREATE TABLE `student` (
  `studentID` int(11) NOT NULL AUTO_INCREMENT,
  `schoolID` int(11) NOT NULL,
  `school_code` varchar(255) NOT NULL,
  `name` varchar(255) NOT NULL,
  `email` varchar(255) DEFAULT '',
  `phone` varchar(255) NOT NULL,
  `image` varchar(255) DEFAULT NULL,
  `address` text NOT NULL,
  `username` varchar(255) NOT NULL,
  `password` varchar(255) NOT NULL,
  `parentID` int(11) NOT NULL,
  `is_par_approved` enum('Y','N') DEFAULT NULL,
  `academicID` int(11) NOT NULL,
  `classID` int(11) NOT NULL,
  `sectionID` int(11) NOT NULL,
  `roll_no` varchar(255) NOT NULL,
  `batchID` int(11) DEFAULT NULL,
  `routeID` int(11) DEFAULT NULL,
  `subscription_status` enum('Y','N') NOT NULL,
  `start_date` date DEFAULT NULL,
  `end_date` date DEFAULT NULL,
  `groupID` int(11) DEFAULT NULL,
  `concessionID` int(11) DEFAULT NULL,
  `dob` date DEFAULT NULL,
  `is_active` enum('Y','N','R','D') NOT NULL,
  `added_on` datetime NOT NULL,
  PRIMARY KEY (`studentID`)
) ENGINE=MyISAM AUTO_INCREMENT=227 DEFAULT CHARSET=latin1;
/*!40101 SET character_set_client = @saved_cs_client */;

--
-- Dumping data for table `student`
--

LOCK TABLES `student` WRITE;
/*!40000 ALTER TABLE `student` DISABLE KEYS */;
INSERT INTO `student` VALUES (1,1,'HAK9KF8','Meenakshi','meenu.765@gmail.com','9838700656',NULL,'B-55, Ismaail Ganj, LUCKNOW , Uttar Pradesh , 226015','arvind','96bcc3886898c1b1c79a0d56848ab90d72f9d795f52f2357cd50b7f1f51e61a1f372aa6bf252fa9eb19f0aa18f0ef8f440af743415535d53ea0ec53f8784d5ab',0,NULL,0,1,1,'student',NULL,NULL,'Y','2018-11-17','2019-11-17',NULL,0,'2013-11-01','N','2018-11-17 00:14:05'),(2,2,'ARHN86O','student','student@gmail.com','8963256985','student1548143704.jpg','qbvcs, gggs, vzzvzb, 986532','ST3DMBO','aaf956a9e183479db749bfed49a7200e7a70f820e420edcd85c487fa7f596805e1bae72263d95ddc9f008d7695dc0a838ca4c5f70c2695b203c2d77d7fe5d292',202,'Y',0,6,12,'student',NULL,1,'Y','2018-11-19','2019-11-19',1,2,'2004-11-17','Y','2018-11-17 12:17:57'),(3,1,'HAK9KF8','Student1','student@student.com','1234567890','student1543494172.jpg','Manas Vihar Colony, Sarvodaya Nagar, Lucknow, Uttar Pradesh, 226016','kshitij','96bcc3886898c1b1c79a0d56848ab90d72f9d795f52f2357cd50b7f1f51e61a1f372aa6bf252fa9eb19f0aa18f0ef8f440af743415535d53ea0ec53f8784d5ab',0,NULL,0,1,1,'student',NULL,NULL,'Y','2018-11-29','2019-11-29',NULL,0,'2018-11-01','Y','2018-11-19 15:46:38'),(4,5,'IT8L9ON','akumar','tekniko1326@outlook.com','456235','student1542705166.jpg','Patna , Patna , bihar , 800013','AKERECJ','96bcc3886898c1b1c79a0d56848ab90d72f9d795f52f2357cd50b7f1f51e61a1f372aa6bf252fa9eb19f0aa18f0ef8f440af743415535d53ea0ec53f8784d5ab',0,NULL,0,9,15,'1',NULL,NULL,'Y','2018-11-20','2019-11-20',NULL,0,'2008-10-01','Y','2018-11-20 14:02:29'),(5,2,'ARHN86O ','ahhhh','arvind9227@gmail.com','9350943816','student1545311746.jpg','arhshs, gsgshs, gsgsg, 997799','AHXOKG4','aaf956a9e183479db749bfed49a7200e7a70f820e420edcd85c487fa7f596805e1bae72263d95ddc9f008d7695dc0a838ca4c5f70c2695b203c2d77d7fe5d292',0,NULL,0,6,12,'1234',NULL,1,'Y',NULL,NULL,1,0,'1989-11-21','Y','2018-11-21 12:28:50'),(10,2,'ARHN86O','Student1','dgj@ghh.chj','1334678','student1545647466.jpg','dhj, xgjj, fhjj, 123456','STU5HBX','aaf956a9e183479db749bfed49a7200e7a70f820e420edcd85c487fa7f596805e1bae72263d95ddc9f008d7695dc0a838ca4c5f70c2695b203c2d77d7fe5d292',0,NULL,0,6,12,'1',NULL,1,'Y',NULL,NULL,NULL,2,'2018-12-04','Y','2018-12-07 16:57:15'),(11,2,'ARHN86O','vinay','vinay@gmail.com','9325698523','student1545977928.jpg','noida sector 66, noida, up, 325698','VIXYZO6','aaf956a9e183479db749bfed49a7200e7a70f820e420edcd85c487fa7f596805e1bae72263d95ddc9f008d7695dc0a838ca4c5f70c2695b203c2d77d7fe5d292',0,NULL,0,6,12,'20',NULL,1,'N',NULL,NULL,NULL,0,'1990-12-08','Y','2018-12-08 12:22:44'),(12,6,'SCNLTDV','Student 1','student@student.com','1234567890',NULL,'Student Address','STL2MR1','96bcc3886898c1b1c79a0d56848ab90d72f9d795f52f2357cd50b7f1f51e61a1f372aa6bf252fa9eb19f0aa18f0ef8f440af743415535d53ea0ec53f8784d5ab',0,NULL,0,11,16,'19',NULL,NULL,'N',NULL,NULL,NULL,0,'1999-01-01','Y','2018-12-12 18:00:07'),(13,2,'ARHN86O','Student2','student@student.com','1234567890',NULL,'Manas Vihar Colony, Sarvodaya Nagar, Lucknow, Uttar Pradesh, 226016','STI5QTW','aaf956a9e183479db749bfed49a7200e7a70f820e420edcd85c487fa7f596805e1bae72263d95ddc9f008d7695dc0a838ca4c5f70c2695b203c2d77d7fe5d292',0,NULL,0,6,12,'20',NULL,NULL,'Y','2018-12-18','2019-12-18',NULL,0,'1998-12-18','Y','2018-12-18 16:54:53'),(14,2,'ARHN86O','mack','mackkaushal@gmail.com','7379591974',NULL,'C30, Ghaziabad, Uttar Pradesh, 201015','MA49ES1','161a96f3f3855a8f68044d0b8c5a1860439109786915edea054bc95fc9bd6aa3df4b492fe312118ba8ccee59d7883f02e4aca3cd53dfe42ef94f134c7a0cbe54',0,NULL,0,6,12,'1402810028',NULL,NULL,'N',NULL,NULL,NULL,0,'1994-11-14','N','2018-12-24 10:17:23'),(15,2,'ARHN86O','Nikhil kumar','myselfnikhilkr@gmail.com','7834913016',NULL,'ace city, greater noida, greater noida, utter pradesh, 201306','NI49IHG','ebba113a9140301eb3bfaac3c92f0930cdeab308dcb84bd7d0724390eb235486f107276af5672f2cc7f5ec02a527013e29e4d5629734e805f2d341c96927c423',0,NULL,0,8,14,'1',NULL,NULL,'N',NULL,NULL,NULL,0,'1996-08-24','N','2018-12-24 10:21:49'),(16,21,'SUU5FF2','Abhilasha Kumari','student@snsiti.com','1234567890','default.png','Motihari','17090003','96bcc3886898c1b1c79a0d56848ab90d72f9d795f52f2357cd50b7f1f51e61a1f372aa6bf252fa9eb19f0aa18f0ef8f440af743415535d53ea0ec53f8784d5ab',1,'Y',0,15,20,'1',NULL,NULL,'Y','2018-12-27','2019-03-31',NULL,0,'0000-00-00','Y','2018-12-27 00:00:00'),(17,21,'SUU5FF2','Raja Kumar','student@snsiti.com','1234567890','student1548057156.jpg','Motihari','17090002','96bcc3886898c1b1c79a0d56848ab90d72f9d795f52f2357cd50b7f1f51e61a1f372aa6bf252fa9eb19f0aa18f0ef8f440af743415535d53ea0ec53f8784d5ab',2,'Y',0,15,20,'2',NULL,NULL,'Y','2018-12-27','2019-03-31',NULL,0,'0000-00-00','Y','2018-12-27 00:00:00'),(18,21,'SUU5FF2','Vivek Kumar','student@snsiti.com','1234567890','default.png','Motihari','17090007','96bcc3886898c1b1c79a0d56848ab90d72f9d795f52f2357cd50b7f1f51e61a1f372aa6bf252fa9eb19f0aa18f0ef8f440af743415535d53ea0ec53f8784d5ab',3,'Y',0,15,20,'3',NULL,NULL,'Y','2018-12-27','2019-03-31',NULL,0,'0000-00-00','Y','2018-12-27 00:00:00'),(19,21,'SUU5FF2','Shailesh Kumar','student@snsiti.com','1234567890','default.png','Motihari','17090006','96bcc3886898c1b1c79a0d56848ab90d72f9d795f52f2357cd50b7f1f51e61a1f372aa6bf252fa9eb19f0aa18f0ef8f440af743415535d53ea0ec53f8784d5ab',4,'Y',0,15,20,'4',NULL,NULL,'Y','2018-12-27','2019-03-31',NULL,0,'0000-00-00','Y','2018-12-27 00:00:00'),(20,21,'SUU5FF2','Alauddin Ahmad','student@snsiti.com','1234567890','default.png','Motihari','17090005','96bcc3886898c1b1c79a0d56848ab90d72f9d795f52f2357cd50b7f1f51e61a1f372aa6bf252fa9eb19f0aa18f0ef8f440af743415535d53ea0ec53f8784d5ab',5,'Y',0,15,20,'5',NULL,NULL,'Y','2018-12-27','2019-03-31',NULL,0,'0000-00-00','Y','2018-12-27 00:00:00'),(21,21,'SUU5FF2','Viranjan Kumar Sharma','student@snsiti.com','1234567890','default.png','Motihari','17090008','96bcc3886898c1b1c79a0d56848ab90d72f9d795f52f2357cd50b7f1f51e61a1f372aa6bf252fa9eb19f0aa18f0ef8f440af743415535d53ea0ec53f8784d5ab',6,'Y',0,15,20,'6',NULL,NULL,'Y','2018-12-27','2019-03-31',NULL,0,'0000-00-00','Y','2018-12-27 00:00:00'),(22,21,'SUU5FF2','Prity Kumari','student@snsiti.com','1234567890','default.png','Motihari','17090011','96bcc3886898c1b1c79a0d56848ab90d72f9d795f52f2357cd50b7f1f51e61a1f372aa6bf252fa9eb19f0aa18f0ef8f440af743415535d53ea0ec53f8784d5ab',7,'Y',0,15,20,'7',NULL,NULL,'Y','2018-12-27','2019-03-31',NULL,0,'0000-00-00','Y','2018-12-27 00:00:00'),(23,21,'SUU5FF2','Deepa Kumari','student@snsiti.com','1234567890','default.png','Motihari','17090012','96bcc3886898c1b1c79a0d56848ab90d72f9d795f52f2357cd50b7f1f51e61a1f372aa6bf252fa9eb19f0aa18f0ef8f440af743415535d53ea0ec53f8784d5ab',8,'Y',0,15,20,'8',NULL,NULL,'Y','2018-12-27','2019-03-31',NULL,0,'0000-00-00','Y','2018-12-27 00:00:00'),(24,21,'SUU5FF2','Chetna Rani','student@snsiti.com','1234567890','default.png','Motihari','17090013','96bcc3886898c1b1c79a0d56848ab90d72f9d795f52f2357cd50b7f1f51e61a1f372aa6bf252fa9eb19f0aa18f0ef8f440af743415535d53ea0ec53f8784d5ab',9,'Y',0,15,20,'9',NULL,NULL,'Y','2018-12-27','2019-03-31',NULL,0,'0000-00-00','Y','2018-12-27 00:00:00'),(25,21,'SUU5FF2','Surabhi Suman','student@snsiti.com','1234567890','default.png','Motihari','17090001','96bcc3886898c1b1c79a0d56848ab90d72f9d795f52f2357cd50b7f1f51e61a1f372aa6bf252fa9eb19f0aa18f0ef8f440af743415535d53ea0ec53f8784d5ab',10,'Y',0,15,20,'10',NULL,NULL,'Y','2018-12-27','2019-03-31',NULL,0,'0000-00-00','Y','2018-12-27 00:00:00'),(26,21,'SUU5FF2','Rita Kumari','student@snsiti.com','1234567890','default.png','Motihari','17090014','96bcc3886898c1b1c79a0d56848ab90d72f9d795f52f2357cd50b7f1f51e61a1f372aa6bf252fa9eb19f0aa18f0ef8f440af743415535d53ea0ec53f8784d5ab',11,'Y',0,15,20,'11',NULL,NULL,'Y','2018-12-27','2019-03-31',NULL,0,'0000-00-00','Y','2018-12-27 00:00:00'),(27,21,'SUU5FF2','Siddhartha Shivam','student@snsiti.com','1234567890','default.png','Motihari','17090015','96bcc3886898c1b1c79a0d56848ab90d72f9d795f52f2357cd50b7f1f51e61a1f372aa6bf252fa9eb19f0aa18f0ef8f440af743415535d53ea0ec53f8784d5ab',12,'Y',0,15,20,'12',NULL,NULL,'Y','2018-12-27','2019-03-31',NULL,0,'0000-00-00','Y','2018-12-27 00:00:00'),(28,21,'SUU5FF2','Sonam Kumari','student@snsiti.com','1234567890','default.png','Motihari','17090016','96bcc3886898c1b1c79a0d56848ab90d72f9d795f52f2357cd50b7f1f51e61a1f372aa6bf252fa9eb19f0aa18f0ef8f440af743415535d53ea0ec53f8784d5ab',13,'Y',0,15,20,'13',NULL,NULL,'Y','2018-12-27','2019-03-31',NULL,0,'0000-00-00','Y','2018-12-27 00:00:00'),(29,21,'SUU5FF2','Snigdha Bharti','student@snsiti.com','1234567890','default.png','Motihari','17090017','96bcc3886898c1b1c79a0d56848ab90d72f9d795f52f2357cd50b7f1f51e61a1f372aa6bf252fa9eb19f0aa18f0ef8f440af743415535d53ea0ec53f8784d5ab',14,'Y',0,15,20,'14',NULL,NULL,'Y','2018-12-27','2019-03-31',NULL,0,'0000-00-00','Y','2018-12-27 00:00:00'),(30,21,'SUU5FF2','Vivek Kumar Prasad','student@snsiti.com','1234567890','default.png','Motihari','17090019','96bcc3886898c1b1c79a0d56848ab90d72f9d795f52f2357cd50b7f1f51e61a1f372aa6bf252fa9eb19f0aa18f0ef8f440af743415535d53ea0ec53f8784d5ab',15,'Y',0,15,20,'15',NULL,NULL,'Y','2018-12-27','2019-03-31',NULL,0,'0000-00-00','Y','2018-12-27 00:00:00'),(31,21,'SUU5FF2','Hemant Kumar','student@snsiti.com','1234567890','default.png','Motihari','17090021','96bcc3886898c1b1c79a0d56848ab90d72f9d795f52f2357cd50b7f1f51e61a1f372aa6bf252fa9eb19f0aa18f0ef8f440af743415535d53ea0ec53f8784d5ab',16,'Y',0,15,20,'16',NULL,NULL,'Y','2018-12-27','2019-03-31',NULL,0,'0000-00-00','Y','2018-12-27 00:00:00'),(32,21,'SUU5FF2','Chandani Kumari','student@snsiti.com','1234567890','default.png','Motihari','17090020','96bcc3886898c1b1c79a0d56848ab90d72f9d795f52f2357cd50b7f1f51e61a1f372aa6bf252fa9eb19f0aa18f0ef8f440af743415535d53ea0ec53f8784d5ab',17,'Y',0,15,20,'17',NULL,NULL,'Y','2018-12-27','2019-03-31',NULL,0,'0000-00-00','Y','2018-12-27 00:00:00'),(33,21,'SUU5FF2','Arunoday Kumar','student@snsiti.com','1234567890','default.png','Motihari','17090004','96bcc3886898c1b1c79a0d56848ab90d72f9d795f52f2357cd50b7f1f51e61a1f372aa6bf252fa9eb19f0aa18f0ef8f440af743415535d53ea0ec53f8784d5ab',18,'Y',0,15,20,'18',NULL,NULL,'Y','2018-12-27','2019-03-31',NULL,0,'0000-00-00','Y','2018-12-27 00:00:00'),(34,21,'SUU5FF2','Rahul Kumar Tiwari','student@snsiti.com','1234567890','default.png','Motihari','17090023','96bcc3886898c1b1c79a0d56848ab90d72f9d795f52f2357cd50b7f1f51e61a1f372aa6bf252fa9eb19f0aa18f0ef8f440af743415535d53ea0ec53f8784d5ab',19,'Y',0,15,20,'19',NULL,NULL,'Y','2018-12-27','2019-03-31',NULL,0,'0000-00-00','Y','2018-12-27 00:00:00'),(35,21,'SUU5FF2','Radhe Krishna Kumar Singh','student@snsiti.com','1234567890','default.png','Motihari','17090025','96bcc3886898c1b1c79a0d56848ab90d72f9d795f52f2357cd50b7f1f51e61a1f372aa6bf252fa9eb19f0aa18f0ef8f440af743415535d53ea0ec53f8784d5ab',20,'Y',0,15,20,'20',NULL,NULL,'Y','2018-12-27','2019-03-31',NULL,0,'0000-00-00','Y','2018-12-27 00:00:00'),(36,21,'SUU5FF2','Abhishek Kumar Tiwari','student@snsiti.com','1234567890','default.png','Motihari','17090024','96bcc3886898c1b1c79a0d56848ab90d72f9d795f52f2357cd50b7f1f51e61a1f372aa6bf252fa9eb19f0aa18f0ef8f440af743415535d53ea0ec53f8784d5ab',21,'Y',0,15,20,'21',NULL,NULL,'Y','2018-12-27','2019-03-31',NULL,0,'0000-00-00','Y','2018-12-27 00:00:00'),(37,21,'SUU5FF2','Ranjeet Kumar','student@snsiti.com','1234567890','default.png','Motihari','17090027','96bcc3886898c1b1c79a0d56848ab90d72f9d795f52f2357cd50b7f1f51e61a1f372aa6bf252fa9eb19f0aa18f0ef8f440af743415535d53ea0ec53f8784d5ab',22,'Y',0,15,20,'22',NULL,NULL,'Y','2018-12-27','2019-03-31',NULL,0,'0000-00-00','Y','2018-12-27 00:00:00'),(38,21,'SUU5FF2','Preeti Raj','student@snsiti.com','1234567890','default.png','Motihari','17090010','96bcc3886898c1b1c79a0d56848ab90d72f9d795f52f2357cd50b7f1f51e61a1f372aa6bf252fa9eb19f0aa18f0ef8f440af743415535d53ea0ec53f8784d5ab',23,'Y',0,15,20,'23',NULL,NULL,'Y','2018-12-27','2019-03-31',NULL,0,'0000-00-00','Y','2018-12-27 00:00:00'),(39,21,'SUU5FF2','Jayram Kumar Rajak','student@snsiti.com','1234567890','default.png','Motihari','17090029','96bcc3886898c1b1c79a0d56848ab90d72f9d795f52f2357cd50b7f1f51e61a1f372aa6bf252fa9eb19f0aa18f0ef8f440af743415535d53ea0ec53f8784d5ab',24,'Y',0,15,20,'24',NULL,NULL,'Y','2018-12-27','2019-03-31',NULL,0,'0000-00-00','Y','2018-12-27 00:00:00'),(40,21,'SUU5FF2','Raj Kishor Kumar','student@snsiti.com','1234567890','default.png','Motihari','17090031','96bcc3886898c1b1c79a0d56848ab90d72f9d795f52f2357cd50b7f1f51e61a1f372aa6bf252fa9eb19f0aa18f0ef8f440af743415535d53ea0ec53f8784d5ab',25,'Y',0,15,20,'25',NULL,NULL,'Y','2018-12-27','2019-03-31',NULL,0,'0000-00-00','Y','2018-12-27 00:00:00'),(41,21,'SUU5FF2','Priyanka Kumari','student@snsiti.com','1234567890','default.png','Motihari','17090026','96bcc3886898c1b1c79a0d56848ab90d72f9d795f52f2357cd50b7f1f51e61a1f372aa6bf252fa9eb19f0aa18f0ef8f440af743415535d53ea0ec53f8784d5ab',26,'Y',0,15,20,'26',NULL,NULL,'Y','2018-12-27','2019-03-31',NULL,0,'0000-00-00','Y','2018-12-27 00:00:00'),(42,21,'SUU5FF2','Sukriti Kumari','student@snsiti.com','1234567890','default.png','Motihari','17090032','96bcc3886898c1b1c79a0d56848ab90d72f9d795f52f2357cd50b7f1f51e61a1f372aa6bf252fa9eb19f0aa18f0ef8f440af743415535d53ea0ec53f8784d5ab',27,'Y',0,15,20,'26',NULL,NULL,'Y','2018-12-27','2019-03-31',NULL,0,'0000-00-00','Y','2018-12-27 00:00:00'),(43,21,'SUU5FF2','Shamim Alam','student@snsiti.com','1234567890','default.png','Motihari','17090036','96bcc3886898c1b1c79a0d56848ab90d72f9d795f52f2357cd50b7f1f51e61a1f372aa6bf252fa9eb19f0aa18f0ef8f440af743415535d53ea0ec53f8784d5ab',28,'Y',0,15,20,'27',NULL,NULL,'Y','2018-12-27','2019-03-31',NULL,0,'0000-00-00','Y','2018-12-27 00:00:00'),(44,21,'SUU5FF2','Anshu Raj','student@snsiti.com','1234567890','default.png','Motihari','17090038','96bcc3886898c1b1c79a0d56848ab90d72f9d795f52f2357cd50b7f1f51e61a1f372aa6bf252fa9eb19f0aa18f0ef8f440af743415535d53ea0ec53f8784d5ab',29,'Y',0,15,20,'28',NULL,NULL,'Y','2018-12-27','2019-03-31',NULL,0,'0000-00-00','Y','2018-12-27 00:00:00'),(45,21,'SUU5FF2','Manoj Kumar','student@snsiti.com','1234567890','default.png','Motihari','17090037','96bcc3886898c1b1c79a0d56848ab90d72f9d795f52f2357cd50b7f1f51e61a1f372aa6bf252fa9eb19f0aa18f0ef8f440af743415535d53ea0ec53f8784d5ab',30,'Y',0,15,20,'30',NULL,NULL,'Y','2018-12-27','2019-03-31',NULL,0,'0000-00-00','Y','2018-12-27 00:00:00'),(46,21,'SUU5FF2','Manoj Kumar','student@snsiti.com','1234567890','default.png','Motihari','17090035','96bcc3886898c1b1c79a0d56848ab90d72f9d795f52f2357cd50b7f1f51e61a1f372aa6bf252fa9eb19f0aa18f0ef8f440af743415535d53ea0ec53f8784d5ab',31,'Y',0,15,20,'31',NULL,NULL,'Y','2018-12-27','2019-03-31',NULL,0,'0000-00-00','Y','2018-12-27 00:00:00'),(47,21,'SUU5FF2','Pawan Kumar','student@snsiti.com','1234567890','default.png','Motihari','17090034','96bcc3886898c1b1c79a0d56848ab90d72f9d795f52f2357cd50b7f1f51e61a1f372aa6bf252fa9eb19f0aa18f0ef8f440af743415535d53ea0ec53f8784d5ab',32,'Y',0,15,20,'32',NULL,NULL,'Y','2018-12-27','2019-03-31',NULL,0,'0000-00-00','Y','2018-12-27 00:00:00'),(48,21,'SUU5FF2','Smita Kumari','student@snsiti.com','1234567890','default.png','Motihari','17090033','96bcc3886898c1b1c79a0d56848ab90d72f9d795f52f2357cd50b7f1f51e61a1f372aa6bf252fa9eb19f0aa18f0ef8f440af743415535d53ea0ec53f8784d5ab',33,'Y',0,15,20,'33',NULL,NULL,'Y','2018-12-27','2019-03-31',NULL,0,'0000-00-00','Y','2018-12-27 00:00:00'),(49,21,'SUU5FF2','Alok Kumar','student@snsiti.com','1234567890','default.png','Motihari','17090030','96bcc3886898c1b1c79a0d56848ab90d72f9d795f52f2357cd50b7f1f51e61a1f372aa6bf252fa9eb19f0aa18f0ef8f440af743415535d53ea0ec53f8784d5ab',34,'Y',0,15,20,'34',NULL,NULL,'Y','2018-12-27','2019-03-31',NULL,0,'0000-00-00','Y','2018-12-27 00:00:00'),(50,21,'SUU5FF2','Rohit Kumar','student@snsiti.com','1234567890','default.png','Motihari','17090044','96bcc3886898c1b1c79a0d56848ab90d72f9d795f52f2357cd50b7f1f51e61a1f372aa6bf252fa9eb19f0aa18f0ef8f440af743415535d53ea0ec53f8784d5ab',35,'Y',0,15,20,'35',NULL,NULL,'Y','2018-12-27','2019-03-31',NULL,0,'0000-00-00','Y','2018-12-27 00:00:00'),(51,21,'SUU5FF2','Pramod Kumar Bhagat','student@snsiti.com','1234567890','default.png','Motihari','17090042','96bcc3886898c1b1c79a0d56848ab90d72f9d795f52f2357cd50b7f1f51e61a1f372aa6bf252fa9eb19f0aa18f0ef8f440af743415535d53ea0ec53f8784d5ab',36,'Y',0,15,20,'36',NULL,NULL,'Y','2018-12-27','2019-03-31',NULL,0,'0000-00-00','Y','2018-12-27 00:00:00'),(52,21,'SUU5FF2','Priyanka Sagar','student@snsiti.com','1234567890','default.png','Motihari','17090046','96bcc3886898c1b1c79a0d56848ab90d72f9d795f52f2357cd50b7f1f51e61a1f372aa6bf252fa9eb19f0aa18f0ef8f440af743415535d53ea0ec53f8784d5ab',37,'Y',0,15,20,'37',NULL,NULL,'Y','2018-12-27','2019-03-31',NULL,0,'0000-00-00','Y','2018-12-27 00:00:00'),(53,21,'SUU5FF2','Nand Kishore Kumar','student@snsiti.com','1234567890','default.png','Motihari','17090045','96bcc3886898c1b1c79a0d56848ab90d72f9d795f52f2357cd50b7f1f51e61a1f372aa6bf252fa9eb19f0aa18f0ef8f440af743415535d53ea0ec53f8784d5ab',38,'Y',0,15,20,'38',NULL,NULL,'Y','2018-12-27','2019-03-31',NULL,0,'0000-00-00','Y','2018-12-27 00:00:00'),(54,21,'SUU5FF2','Avinash Kumar','student@snsiti.com','1234567890','default.png','Motihari','17090049','96bcc3886898c1b1c79a0d56848ab90d72f9d795f52f2357cd50b7f1f51e61a1f372aa6bf252fa9eb19f0aa18f0ef8f440af743415535d53ea0ec53f8784d5ab',39,'Y',0,15,20,'39',NULL,NULL,'Y','2018-12-27','2019-03-31',NULL,0,'0000-00-00','Y','2018-12-27 00:00:00'),(55,21,'SUU5FF2','Satyendra Kumar','student@snsiti.com','1234567890','default.png','Motihari','17090051','96bcc3886898c1b1c79a0d56848ab90d72f9d795f52f2357cd50b7f1f51e61a1f372aa6bf252fa9eb19f0aa18f0ef8f440af743415535d53ea0ec53f8784d5ab',40,'Y',0,15,20,'40',NULL,NULL,'Y','2018-12-27','2019-03-31',NULL,0,'0000-00-00','Y','2018-12-27 00:00:00'),(56,21,'SUU5FF2','Satyam Kumar Singh','student@snsiti.com','1234567890','default.png','Motihari','17090054','96bcc3886898c1b1c79a0d56848ab90d72f9d795f52f2357cd50b7f1f51e61a1f372aa6bf252fa9eb19f0aa18f0ef8f440af743415535d53ea0ec53f8784d5ab',41,'Y',0,15,20,'41',NULL,NULL,'Y','2018-12-27','2019-03-31',NULL,0,'0000-00-00','Y','2018-12-27 00:00:00'),(57,21,'SUU5FF2','Rajeev Kumar','student@snsiti.com','1234567890','default.png','Motihari','17090057','96bcc3886898c1b1c79a0d56848ab90d72f9d795f52f2357cd50b7f1f51e61a1f372aa6bf252fa9eb19f0aa18f0ef8f440af743415535d53ea0ec53f8784d5ab',42,'Y',0,15,20,'42',NULL,NULL,'Y','2018-12-27','2019-03-31',NULL,0,'0000-00-00','Y','2018-12-27 00:00:00'),(58,21,'SUU5FF2','Kundan Kishor','student@snsiti.com','1234567890','default.png','Motihari','17090053','96bcc3886898c1b1c79a0d56848ab90d72f9d795f52f2357cd50b7f1f51e61a1f372aa6bf252fa9eb19f0aa18f0ef8f440af743415535d53ea0ec53f8784d5ab',43,'Y',0,15,20,'43',NULL,NULL,'Y','2018-12-27','2019-03-31',NULL,0,'0000-00-00','Y','2018-12-27 00:00:00'),(59,21,'SUU5FF2','Supriya Singh','student@snsiti.com','1234567890','default.png','Motihari','17090055','96bcc3886898c1b1c79a0d56848ab90d72f9d795f52f2357cd50b7f1f51e61a1f372aa6bf252fa9eb19f0aa18f0ef8f440af743415535d53ea0ec53f8784d5ab',44,'Y',0,15,20,'44',NULL,NULL,'Y','2018-12-27','2019-03-31',NULL,0,'0000-00-00','Y','2018-12-27 00:00:00'),(60,21,'SUU5FF2','Sabir Alam','student@snsiti.com','1234567890','default.png','Motihari','17090052','96bcc3886898c1b1c79a0d56848ab90d72f9d795f52f2357cd50b7f1f51e61a1f372aa6bf252fa9eb19f0aa18f0ef8f440af743415535d53ea0ec53f8784d5ab',45,'Y',0,15,20,'45',NULL,NULL,'Y','2018-12-27','2019-03-31',NULL,0,'0000-00-00','Y','2018-12-27 00:00:00'),(61,21,'SUU5FF2','Surbhi Kumari','student@snsiti.com','1234567890','default.png','Motihari','17090061','96bcc3886898c1b1c79a0d56848ab90d72f9d795f52f2357cd50b7f1f51e61a1f372aa6bf252fa9eb19f0aa18f0ef8f440af743415535d53ea0ec53f8784d5ab',46,'Y',0,15,20,'46',NULL,NULL,'Y','2018-12-27','2019-03-31',NULL,0,'0000-00-00','Y','2018-12-27 00:00:00'),(62,21,'SUU5FF2','Pooja Kumari','student@snsiti.com','1234567890','default.png','Motihari','17090060','96bcc3886898c1b1c79a0d56848ab90d72f9d795f52f2357cd50b7f1f51e61a1f372aa6bf252fa9eb19f0aa18f0ef8f440af743415535d53ea0ec53f8784d5ab',47,'Y',0,15,20,'47',NULL,NULL,'Y','2018-12-27','2019-03-31',NULL,0,'0000-00-00','Y','2018-12-27 00:00:00'),(63,21,'SUU5FF2','Santosh Kumar','student@snsiti.com','1234567890','default.png','Motihari','17090058','96bcc3886898c1b1c79a0d56848ab90d72f9d795f52f2357cd50b7f1f51e61a1f372aa6bf252fa9eb19f0aa18f0ef8f440af743415535d53ea0ec53f8784d5ab',48,'Y',0,15,20,'48',NULL,NULL,'Y','2018-12-27','2019-03-31',NULL,0,'0000-00-00','Y','2018-12-27 00:00:00'),(64,21,'SUU5FF2','Shikha Kumari','student@snsiti.com','1234567890','default.png','Motihari','17090062','96bcc3886898c1b1c79a0d56848ab90d72f9d795f52f2357cd50b7f1f51e61a1f372aa6bf252fa9eb19f0aa18f0ef8f440af743415535d53ea0ec53f8784d5ab',49,'Y',0,15,20,'49',NULL,NULL,'Y','2018-12-27','2019-03-31',NULL,0,'0000-00-00','Y','2018-12-27 00:00:00'),(65,21,'SUU5FF2','Sneha Kumari','student@snsiti.com','1234567890','default.png','Motihari','17090064','96bcc3886898c1b1c79a0d56848ab90d72f9d795f52f2357cd50b7f1f51e61a1f372aa6bf252fa9eb19f0aa18f0ef8f440af743415535d53ea0ec53f8784d5ab',50,'Y',0,15,20,'50',NULL,NULL,'Y','2018-12-27','2019-03-31',NULL,0,'0000-00-00','Y','2018-12-27 00:00:00'),(66,21,'SUU5FF2','Neha Kumari','student@snsiti.com','1234567890','default.png','Motihari','17090065','96bcc3886898c1b1c79a0d56848ab90d72f9d795f52f2357cd50b7f1f51e61a1f372aa6bf252fa9eb19f0aa18f0ef8f440af743415535d53ea0ec53f8784d5ab',51,'Y',0,15,21,'51',NULL,NULL,'Y','2018-12-27','2019-03-31',NULL,0,'0000-00-00','Y','2018-12-27 00:00:00'),(67,21,'SUU5FF2','Shweta Kumari','student@snsiti.com','1234567890','default.png','Motihari','17090063','96bcc3886898c1b1c79a0d56848ab90d72f9d795f52f2357cd50b7f1f51e61a1f372aa6bf252fa9eb19f0aa18f0ef8f440af743415535d53ea0ec53f8784d5ab',52,'Y',0,15,21,'52',NULL,NULL,'Y','2018-12-27','2019-03-31',NULL,0,'0000-00-00','Y','2018-12-27 00:00:00'),(68,21,'SUU5FF2','Rohit Kumar Ranjan','student@snsiti.com','1234567890','default.png','Motihari','17090066','96bcc3886898c1b1c79a0d56848ab90d72f9d795f52f2357cd50b7f1f51e61a1f372aa6bf252fa9eb19f0aa18f0ef8f440af743415535d53ea0ec53f8784d5ab',53,'Y',0,15,21,'53',NULL,NULL,'Y','2018-12-27','2019-03-31',NULL,0,'0000-00-00','Y','2018-12-27 00:00:00'),(69,21,'SUU5FF2','Nishi Ranjan Kumar','student@snsiti.com','1234567890','default.png','Motihari','17090067','96bcc3886898c1b1c79a0d56848ab90d72f9d795f52f2357cd50b7f1f51e61a1f372aa6bf252fa9eb19f0aa18f0ef8f440af743415535d53ea0ec53f8784d5ab',54,'Y',0,15,21,'54',NULL,NULL,'Y','2018-12-27','2019-03-31',NULL,0,'0000-00-00','Y','2018-12-27 00:00:00'),(70,21,'SUU5FF2','Ajit Kumar','student@snsiti.com','1234567890','default.png','Motihari','17090069','96bcc3886898c1b1c79a0d56848ab90d72f9d795f52f2357cd50b7f1f51e61a1f372aa6bf252fa9eb19f0aa18f0ef8f440af743415535d53ea0ec53f8784d5ab',55,'Y',0,15,21,'55',NULL,NULL,'Y','2018-12-27','2019-03-31',NULL,0,'0000-00-00','Y','2018-12-27 00:00:00'),(71,21,'SUU5FF2','Anand Kumar','student@snsiti.com','1234567890','default.png','Motihari','17090071','96bcc3886898c1b1c79a0d56848ab90d72f9d795f52f2357cd50b7f1f51e61a1f372aa6bf252fa9eb19f0aa18f0ef8f440af743415535d53ea0ec53f8784d5ab',56,'Y',0,15,21,'56',NULL,NULL,'Y','2018-12-27','2019-03-31',NULL,0,'0000-00-00','Y','2018-12-27 00:00:00'),(72,21,'SUU5FF2','Priyanka Kumari','student@snsiti.com','1234567890','default.png','Motihari','17090068','96bcc3886898c1b1c79a0d56848ab90d72f9d795f52f2357cd50b7f1f51e61a1f372aa6bf252fa9eb19f0aa18f0ef8f440af743415535d53ea0ec53f8784d5ab',57,'Y',0,15,21,'57',NULL,NULL,'Y','2018-12-27','2019-03-31',NULL,0,'0000-00-00','Y','2018-12-27 00:00:00'),(73,21,'SUU5FF2','Sandhya Bharti','student@snsiti.com','1234567890','default.png','Motihari','17090050','96bcc3886898c1b1c79a0d56848ab90d72f9d795f52f2357cd50b7f1f51e61a1f372aa6bf252fa9eb19f0aa18f0ef8f440af743415535d53ea0ec53f8784d5ab',58,'Y',0,15,21,'58',NULL,NULL,'Y','2018-12-27','2019-03-31',NULL,0,'0000-00-00','Y','2018-12-27 00:00:00'),(74,21,'SUU5FF2','Satyendra Kumar Varma','student@snsiti.com','1234567890','default.png','Motihari','17090076','96bcc3886898c1b1c79a0d56848ab90d72f9d795f52f2357cd50b7f1f51e61a1f372aa6bf252fa9eb19f0aa18f0ef8f440af743415535d53ea0ec53f8784d5ab',59,'Y',0,15,21,'59',NULL,NULL,'Y','2018-12-27','2019-03-31',NULL,0,'0000-00-00','Y','2018-12-27 00:00:00'),(75,21,'SUU5FF2','Lakshaman Kumar Pandit','student@snsiti.com','1234567890','default.png','Motihari','17090078','96bcc3886898c1b1c79a0d56848ab90d72f9d795f52f2357cd50b7f1f51e61a1f372aa6bf252fa9eb19f0aa18f0ef8f440af743415535d53ea0ec53f8784d5ab',60,'Y',0,15,21,'60',NULL,NULL,'Y','2018-12-27','2019-03-31',NULL,0,'0000-00-00','Y','2018-12-27 00:00:00'),(76,21,'SUU5FF2','Archna Kumari','student@snsiti.com','1234567890','default.png','Motihari','17090070','96bcc3886898c1b1c79a0d56848ab90d72f9d795f52f2357cd50b7f1f51e61a1f372aa6bf252fa9eb19f0aa18f0ef8f440af743415535d53ea0ec53f8784d5ab',61,'Y',0,15,21,'61',NULL,NULL,'Y','2018-12-27','2019-03-31',NULL,0,'0000-00-00','Y','2018-12-27 00:00:00'),(77,21,'SUU5FF2','Vimal Kumar','student@snsiti.com','1234567890','default.png','Motihari','17090048','96bcc3886898c1b1c79a0d56848ab90d72f9d795f52f2357cd50b7f1f51e61a1f372aa6bf252fa9eb19f0aa18f0ef8f440af743415535d53ea0ec53f8784d5ab',62,'Y',0,15,21,'62',NULL,NULL,'Y','2018-12-27','2019-03-31',NULL,0,'0000-00-00','Y','2018-12-27 00:00:00'),(78,21,'SUU5FF2','Abhishek Ranjan','student@snsiti.com','1234567890','default.png','Motihari','17090047','96bcc3886898c1b1c79a0d56848ab90d72f9d795f52f2357cd50b7f1f51e61a1f372aa6bf252fa9eb19f0aa18f0ef8f440af743415535d53ea0ec53f8784d5ab',63,'Y',0,15,21,'63',NULL,NULL,'Y','2018-12-27','2019-03-31',NULL,0,'0000-00-00','Y','2018-12-27 00:00:00'),(79,21,'SUU5FF2','Nikky Kumari','student@snsiti.com','1234567890','default.png','Motihari','17090073','96bcc3886898c1b1c79a0d56848ab90d72f9d795f52f2357cd50b7f1f51e61a1f372aa6bf252fa9eb19f0aa18f0ef8f440af743415535d53ea0ec53f8784d5ab',64,'Y',0,15,21,'64',NULL,NULL,'Y','2018-12-27','2019-03-31',NULL,0,'0000-00-00','Y','2018-12-27 00:00:00'),(80,21,'SUU5FF2','Chandrashekhar Kumar','student@snsiti.com','1234567890','default.png','Motihari','17090079','96bcc3886898c1b1c79a0d56848ab90d72f9d795f52f2357cd50b7f1f51e61a1f372aa6bf252fa9eb19f0aa18f0ef8f440af743415535d53ea0ec53f8784d5ab',65,'Y',0,15,21,'65',NULL,NULL,'Y','2018-12-27','2019-03-31',NULL,0,'0000-00-00','Y','2018-12-27 00:00:00'),(81,21,'SUU5FF2','Amrita Kumari Saxena','student@snsiti.com','1234567890','default.png','Motihari','17090081','96bcc3886898c1b1c79a0d56848ab90d72f9d795f52f2357cd50b7f1f51e61a1f372aa6bf252fa9eb19f0aa18f0ef8f440af743415535d53ea0ec53f8784d5ab',66,'Y',0,15,21,'66',NULL,NULL,'Y','2018-12-27','2019-03-31',NULL,0,'0000-00-00','Y','2018-12-27 00:00:00'),(82,21,'SUU5FF2','Sultan Ahmad','student@snsiti.com','1234567890','default.png','Motihari','17090082','96bcc3886898c1b1c79a0d56848ab90d72f9d795f52f2357cd50b7f1f51e61a1f372aa6bf252fa9eb19f0aa18f0ef8f440af743415535d53ea0ec53f8784d5ab',67,'Y',0,15,21,'67',NULL,NULL,'Y','2018-12-27','2019-03-31',NULL,0,'0000-00-00','Y','2018-12-27 00:00:00'),(83,21,'SUU5FF2','Chhotan Kumar Lal','student@snsiti.com','1234567890','default.png','Motihari','17090084','96bcc3886898c1b1c79a0d56848ab90d72f9d795f52f2357cd50b7f1f51e61a1f372aa6bf252fa9eb19f0aa18f0ef8f440af743415535d53ea0ec53f8784d5ab',68,'Y',0,15,21,'68',NULL,NULL,'Y','2018-12-27','2019-03-31',NULL,0,'0000-00-00','Y','2018-12-27 00:00:00'),(84,21,'SUU5FF2','Madhurendra Kumar','student@snsiti.com','1234567890','default.png','Motihari','17090085','96bcc3886898c1b1c79a0d56848ab90d72f9d795f52f2357cd50b7f1f51e61a1f372aa6bf252fa9eb19f0aa18f0ef8f440af743415535d53ea0ec53f8784d5ab',69,'Y',0,15,21,'69',NULL,NULL,'Y','2018-12-27','2019-03-31',NULL,0,'0000-00-00','Y','2018-12-27 00:00:00'),(85,21,'SUU5FF2','Ravi Ranjan Singh','student@snsiti.com','1234567890','default.png','Motihari','17090043','96bcc3886898c1b1c79a0d56848ab90d72f9d795f52f2357cd50b7f1f51e61a1f372aa6bf252fa9eb19f0aa18f0ef8f440af743415535d53ea0ec53f8784d5ab',70,'Y',0,15,21,'70',NULL,NULL,'Y','2018-12-27','2019-03-31',NULL,0,'0000-00-00','Y','2018-12-27 00:00:00'),(86,21,'SUU5FF2','Richa Kumari','student@snsiti.com','1234567890','default.png','Motihari','17090089','96bcc3886898c1b1c79a0d56848ab90d72f9d795f52f2357cd50b7f1f51e61a1f372aa6bf252fa9eb19f0aa18f0ef8f440af743415535d53ea0ec53f8784d5ab',71,'Y',0,15,21,'71',NULL,NULL,'Y','2018-12-27','2019-03-31',NULL,0,'0000-00-00','Y','2018-12-27 00:00:00'),(87,21,'SUU5FF2','Babloo Kumar Ranjan','student@snsiti.com','1234567890','default.png','Motihari','17090056','96bcc3886898c1b1c79a0d56848ab90d72f9d795f52f2357cd50b7f1f51e61a1f372aa6bf252fa9eb19f0aa18f0ef8f440af743415535d53ea0ec53f8784d5ab',72,'Y',0,15,21,'72',NULL,NULL,'Y','2018-12-27','2019-03-31',NULL,0,'0000-00-00','Y','2018-12-27 00:00:00'),(88,21,'SUU5FF2','Abhishek Kumar Pandey','student@snsiti.com','1234567890','default.png','Motihari','17090090','96bcc3886898c1b1c79a0d56848ab90d72f9d795f52f2357cd50b7f1f51e61a1f372aa6bf252fa9eb19f0aa18f0ef8f440af743415535d53ea0ec53f8784d5ab',73,'Y',0,15,21,'73',NULL,NULL,'Y','2018-12-27','2019-03-31',NULL,0,'0000-00-00','Y','2018-12-27 00:00:00'),(89,21,'SUU5FF2','Bachcha Kumar','student@snsiti.com','1234567890','default.png','Motihari','17090091','96bcc3886898c1b1c79a0d56848ab90d72f9d795f52f2357cd50b7f1f51e61a1f372aa6bf252fa9eb19f0aa18f0ef8f440af743415535d53ea0ec53f8784d5ab',74,'Y',0,15,21,'74',NULL,NULL,'Y','2018-12-27','2019-03-31',NULL,0,'0000-00-00','Y','2018-12-27 00:00:00'),(90,21,'SUU5FF2','Mantu Kumar','student@snsiti.com','1234567890','default.png','Motihari','17090039','96bcc3886898c1b1c79a0d56848ab90d72f9d795f52f2357cd50b7f1f51e61a1f372aa6bf252fa9eb19f0aa18f0ef8f440af743415535d53ea0ec53f8784d5ab',75,'Y',0,15,21,'75',NULL,NULL,'Y','2018-12-27','2019-03-31',NULL,0,'0000-00-00','Y','2018-12-27 00:00:00'),(91,21,'SUU5FF2','Bipin Kumar','student@snsiti.com','1234567890','default.png','Motihari','17090092','96bcc3886898c1b1c79a0d56848ab90d72f9d795f52f2357cd50b7f1f51e61a1f372aa6bf252fa9eb19f0aa18f0ef8f440af743415535d53ea0ec53f8784d5ab',76,'Y',0,15,21,'76',NULL,NULL,'Y','2018-12-27','2019-03-31',NULL,0,'0000-00-00','Y','2018-12-27 00:00:00'),(92,21,'SUU5FF2','Anil Kumar Patel','student@snsiti.com','1234567890','default.png','Motihari','17090093','96bcc3886898c1b1c79a0d56848ab90d72f9d795f52f2357cd50b7f1f51e61a1f372aa6bf252fa9eb19f0aa18f0ef8f440af743415535d53ea0ec53f8784d5ab',77,'Y',0,15,21,'77',NULL,NULL,'Y','2018-12-27','2019-03-31',NULL,0,'0000-00-00','Y','2018-12-27 00:00:00'),(93,21,'SUU5FF2','Chandan Kumar Chunnu','student@snsiti.com','1234567890','default.png','Motihari','17090094','96bcc3886898c1b1c79a0d56848ab90d72f9d795f52f2357cd50b7f1f51e61a1f372aa6bf252fa9eb19f0aa18f0ef8f440af743415535d53ea0ec53f8784d5ab',78,'Y',0,15,21,'78',NULL,NULL,'Y','2018-12-27','2019-03-31',NULL,0,'0000-00-00','Y','2018-12-27 00:00:00'),(94,21,'SUU5FF2','Rajan Kumar','student@snsiti.com','1234567890','default.png','Motihari','17090096','96bcc3886898c1b1c79a0d56848ab90d72f9d795f52f2357cd50b7f1f51e61a1f372aa6bf252fa9eb19f0aa18f0ef8f440af743415535d53ea0ec53f8784d5ab',79,'Y',0,15,21,'79',NULL,NULL,'Y','2018-12-27','2019-03-31',NULL,0,'0000-00-00','Y','2018-12-27 00:00:00'),(95,21,'SUU5FF2','Manish Kumar Ranjan','student@snsiti.com','1234567890','default.png','Motihari','17090095','96bcc3886898c1b1c79a0d56848ab90d72f9d795f52f2357cd50b7f1f51e61a1f372aa6bf252fa9eb19f0aa18f0ef8f440af743415535d53ea0ec53f8784d5ab',80,'Y',0,15,21,'80',NULL,NULL,'Y','2018-12-27','2019-03-31',NULL,0,'0000-00-00','Y','2018-12-27 00:00:00'),(96,21,'SUU5FF2','Dinanath Prasad','student@snsiti.com','1234567890','default.png','Motihari','17090098','96bcc3886898c1b1c79a0d56848ab90d72f9d795f52f2357cd50b7f1f51e61a1f372aa6bf252fa9eb19f0aa18f0ef8f440af743415535d53ea0ec53f8784d5ab',81,'Y',0,15,21,'81',NULL,NULL,'Y','2018-12-27','2019-03-31',NULL,0,'0000-00-00','Y','2018-12-27 00:00:00'),(97,21,'SUU5FF2','Vijay Kumar','student@snsiti.com','1234567890','default.png','Motihari','17090099','96bcc3886898c1b1c79a0d56848ab90d72f9d795f52f2357cd50b7f1f51e61a1f372aa6bf252fa9eb19f0aa18f0ef8f440af743415535d53ea0ec53f8784d5ab',82,'Y',0,15,21,'82',NULL,NULL,'Y','2018-12-27','2019-03-31',NULL,0,'0000-00-00','Y','2018-12-27 00:00:00'),(98,21,'SUU5FF2','Sanjay Kumar','student@snsiti.com','1234567890','default.png','Motihari','17090088','96bcc3886898c1b1c79a0d56848ab90d72f9d795f52f2357cd50b7f1f51e61a1f372aa6bf252fa9eb19f0aa18f0ef8f440af743415535d53ea0ec53f8784d5ab',83,'Y',0,15,21,'83',NULL,NULL,'Y','2018-12-27','2019-03-31',NULL,0,'0000-00-00','Y','2018-12-27 00:00:00'),(99,21,'SUU5FF2','Suraj Kumar','student@snsiti.com','1234567890','default.png','Motihari','17090102','96bcc3886898c1b1c79a0d56848ab90d72f9d795f52f2357cd50b7f1f51e61a1f372aa6bf252fa9eb19f0aa18f0ef8f440af743415535d53ea0ec53f8784d5ab',84,'Y',0,15,21,'84',NULL,NULL,'Y','2018-12-27','2019-03-31',NULL,0,'0000-00-00','Y','2018-12-27 00:00:00'),(100,21,'SUU5FF2','Sakshi Shiwanand','student@snsiti.com','1234567890','default.png','Motihari','17090101','96bcc3886898c1b1c79a0d56848ab90d72f9d795f52f2357cd50b7f1f51e61a1f372aa6bf252fa9eb19f0aa18f0ef8f440af743415535d53ea0ec53f8784d5ab',85,'Y',0,15,21,'85',NULL,NULL,'Y','2018-12-27','2019-03-31',NULL,0,'0000-00-00','Y','2018-12-27 00:00:00'),(101,21,'SUU5FF2','Naveen Kumar','student@snsiti.com','1234567890','default.png','Motihari','17090103','96bcc3886898c1b1c79a0d56848ab90d72f9d795f52f2357cd50b7f1f51e61a1f372aa6bf252fa9eb19f0aa18f0ef8f440af743415535d53ea0ec53f8784d5ab',86,'Y',0,15,21,'86',NULL,NULL,'Y','2018-12-27','2019-03-31',NULL,0,'0000-00-00','Y','2018-12-27 00:00:00'),(102,21,'SUU5FF2','Aditya Raj','student@snsiti.com','1234567890','default.png','Motihari','17090105','96bcc3886898c1b1c79a0d56848ab90d72f9d795f52f2357cd50b7f1f51e61a1f372aa6bf252fa9eb19f0aa18f0ef8f440af743415535d53ea0ec53f8784d5ab',87,'Y',0,15,21,'87',NULL,NULL,'Y','2018-12-27','2019-03-31',NULL,0,'0000-00-00','Y','2018-12-27 00:00:00'),(103,21,'SUU5FF2','Baby Kumari','student@snsiti.com','1234567890','default.png','Motihari','17090104','96bcc3886898c1b1c79a0d56848ab90d72f9d795f52f2357cd50b7f1f51e61a1f372aa6bf252fa9eb19f0aa18f0ef8f440af743415535d53ea0ec53f8784d5ab',88,'Y',0,15,21,'88',NULL,NULL,'Y','2018-12-27','2019-03-31',NULL,0,'0000-00-00','Y','2018-12-27 00:00:00'),(104,21,'SUU5FF2','Rahul Kumar','student@snsiti.com','1234567890','default.png','Motihari','17090107','96bcc3886898c1b1c79a0d56848ab90d72f9d795f52f2357cd50b7f1f51e61a1f372aa6bf252fa9eb19f0aa18f0ef8f440af743415535d53ea0ec53f8784d5ab',89,'Y',0,15,21,'89',NULL,NULL,'Y','2018-12-27','2019-03-31',NULL,0,'0000-00-00','Y','2018-12-27 00:00:00'),(105,21,'SUU5FF2','Ravi Ranjan Kumar','student@snsiti.com','1234567890','default.png','Motihari','17090108','96bcc3886898c1b1c79a0d56848ab90d72f9d795f52f2357cd50b7f1f51e61a1f372aa6bf252fa9eb19f0aa18f0ef8f440af743415535d53ea0ec53f8784d5ab',90,'Y',0,15,21,'90',NULL,NULL,'Y','2018-12-27','2019-03-31',NULL,0,'0000-00-00','Y','2018-12-27 00:00:00'),(106,21,'SUU5FF2','Sonali Suman','student@snsiti.com','1234567890','default.png','Motihari','17090106','96bcc3886898c1b1c79a0d56848ab90d72f9d795f52f2357cd50b7f1f51e61a1f372aa6bf252fa9eb19f0aa18f0ef8f440af743415535d53ea0ec53f8784d5ab',91,'Y',0,15,21,'91',NULL,NULL,'Y','2018-12-27','2019-03-31',NULL,0,'0000-00-00','Y','2018-12-27 00:00:00'),(107,21,'SUU5FF2','Ritu Kumari','student@snsiti.com','1234567890','default.png','Motihari','17090109','96bcc3886898c1b1c79a0d56848ab90d72f9d795f52f2357cd50b7f1f51e61a1f372aa6bf252fa9eb19f0aa18f0ef8f440af743415535d53ea0ec53f8784d5ab',92,'Y',0,15,21,'92',NULL,NULL,'Y','2018-12-27','2019-03-31',NULL,0,'0000-00-00','Y','2018-12-27 00:00:00'),(108,21,'SUU5FF2','Asha Gupta','student@snsiti.com','1234567890','default.png','Motihari','17090097','96bcc3886898c1b1c79a0d56848ab90d72f9d795f52f2357cd50b7f1f51e61a1f372aa6bf252fa9eb19f0aa18f0ef8f440af743415535d53ea0ec53f8784d5ab',93,'Y',0,15,21,'93',NULL,NULL,'Y','2018-12-27','2019-03-31',NULL,0,'0000-00-00','Y','2018-12-27 00:00:00'),(109,21,'SUU5FF2','Sonu Kumari Gupta','student@snsiti.com','1234567890','default.png','Motihari','17090075','96bcc3886898c1b1c79a0d56848ab90d72f9d795f52f2357cd50b7f1f51e61a1f372aa6bf252fa9eb19f0aa18f0ef8f440af743415535d53ea0ec53f8784d5ab',94,'Y',0,15,21,'94',NULL,NULL,'Y','2018-12-27','2019-03-31',NULL,0,'0000-00-00','Y','2018-12-27 00:00:00'),(110,21,'SUU5FF2','Buddha Bandana','student@snsiti.com','1234567890','default.png','Motihari','19070110','96bcc3886898c1b1c79a0d56848ab90d72f9d795f52f2357cd50b7f1f51e61a1f372aa6bf252fa9eb19f0aa18f0ef8f440af743415535d53ea0ec53f8784d5ab',95,'Y',0,15,21,'95',NULL,NULL,'Y','2018-12-27','2019-03-31',NULL,0,'0000-00-00','Y','2018-12-27 00:00:00'),(111,21,'SUU5FF2','Sudhanshu Ranjan Gaur','student@snsiti.com','1234567890','default.png','Motihari','17090111','96bcc3886898c1b1c79a0d56848ab90d72f9d795f52f2357cd50b7f1f51e61a1f372aa6bf252fa9eb19f0aa18f0ef8f440af743415535d53ea0ec53f8784d5ab',96,'Y',0,15,21,'96',NULL,NULL,'Y','2018-12-27','2019-03-31',NULL,0,'0000-00-00','Y','2018-12-27 00:00:00'),(112,21,'SUU5FF2','Krishna Kumar','student@snsiti.com','1234567890','default.png','Motihari','17090112','96bcc3886898c1b1c79a0d56848ab90d72f9d795f52f2357cd50b7f1f51e61a1f372aa6bf252fa9eb19f0aa18f0ef8f440af743415535d53ea0ec53f8784d5ab',97,'Y',0,15,21,'97',NULL,NULL,'Y','2018-12-27','2019-03-31',NULL,0,'0000-00-00','Y','2018-12-27 00:00:00'),(113,21,'SUU5FF2','Rohit Kumar','student@snsiti.com','1234567890','default.png','Motihari','17090018','96bcc3886898c1b1c79a0d56848ab90d72f9d795f52f2357cd50b7f1f51e61a1f372aa6bf252fa9eb19f0aa18f0ef8f440af743415535d53ea0ec53f8784d5ab',98,'Y',0,15,21,'98',NULL,NULL,'Y','2018-12-27','2019-03-31',NULL,0,'0000-00-00','Y','2018-12-27 00:00:00'),(114,21,'SUU5FF2','Chanchal Kumar Srivastava','student@snsiti.com','1234567890','default.png','Motihari','17090028','96bcc3886898c1b1c79a0d56848ab90d72f9d795f52f2357cd50b7f1f51e61a1f372aa6bf252fa9eb19f0aa18f0ef8f440af743415535d53ea0ec53f8784d5ab',99,'Y',0,15,21,'99',NULL,NULL,'Y','2018-12-27','2019-03-31',NULL,0,'0000-00-00','Y','2018-12-27 00:00:00'),(115,21,'SUU5FF2','Kajal Kumari','student@snsiti.com','1234567890','default.png','Motihari','17090040','96bcc3886898c1b1c79a0d56848ab90d72f9d795f52f2357cd50b7f1f51e61a1f372aa6bf252fa9eb19f0aa18f0ef8f440af743415535d53ea0ec53f8784d5ab',100,'Y',0,15,21,'100',NULL,NULL,'Y','2018-12-27','2019-03-31',NULL,0,'0000-00-00','Y','2018-12-27 00:00:00'),(116,21,'SUU5FF2','Ganesh Thakur','student@snsiti.com','1234567890','default.png','Motihari','17090059','96bcc3886898c1b1c79a0d56848ab90d72f9d795f52f2357cd50b7f1f51e61a1f372aa6bf252fa9eb19f0aa18f0ef8f440af743415535d53ea0ec53f8784d5ab',101,'Y',0,15,22,'101',NULL,NULL,'Y','2018-12-27','2019-03-31',NULL,0,'0000-00-00','Y','2018-12-27 00:00:00'),(117,21,'SUU5FF2','Santosh Kumar','student@snsiti.com','1234567890','default.png','Motihari','17090080','96bcc3886898c1b1c79a0d56848ab90d72f9d795f52f2357cd50b7f1f51e61a1f372aa6bf252fa9eb19f0aa18f0ef8f440af743415535d53ea0ec53f8784d5ab',102,'Y',0,15,22,'102',NULL,NULL,'Y','2018-12-27','2019-03-31',NULL,0,'0000-00-00','Y','2018-12-27 00:00:00'),(118,21,'SUU5FF2','Rabina Kumari','student@snsiti.com','1234567890','default.png','Motihari','17090087','96bcc3886898c1b1c79a0d56848ab90d72f9d795f52f2357cd50b7f1f51e61a1f372aa6bf252fa9eb19f0aa18f0ef8f440af743415535d53ea0ec53f8784d5ab',103,'Y',0,15,22,'103',NULL,NULL,'Y','2018-12-27','2019-03-31',NULL,0,'0000-00-00','Y','2018-12-27 00:00:00'),(119,21,'SUU5FF2','Md Naushad Quraishi','student@snsiti.com','1234567890','default.png','Motihari','17090100','96bcc3886898c1b1c79a0d56848ab90d72f9d795f52f2357cd50b7f1f51e61a1f372aa6bf252fa9eb19f0aa18f0ef8f440af743415535d53ea0ec53f8784d5ab',104,'Y',0,15,22,'104',NULL,NULL,'Y','2018-12-27','2019-03-31',NULL,0,'0000-00-00','Y','2018-12-27 00:00:00'),(120,21,'SUU5FF2','Md Fazloor Rahman','student@snsiti.com','1234567890','default.png','Motihari','17090083','96bcc3886898c1b1c79a0d56848ab90d72f9d795f52f2357cd50b7f1f51e61a1f372aa6bf252fa9eb19f0aa18f0ef8f440af743415535d53ea0ec53f8784d5ab',105,'Y',0,15,22,'105',NULL,NULL,'Y','2018-12-27','2019-03-31',NULL,0,'0000-00-00','Y','2018-12-27 00:00:00'),(121,21,'SUU5FF2','Saurabh Suman','student@snsiti.com','1234567890','default.png','Motihari','17090113','96bcc3886898c1b1c79a0d56848ab90d72f9d795f52f2357cd50b7f1f51e61a1f372aa6bf252fa9eb19f0aa18f0ef8f440af743415535d53ea0ec53f8784d5ab',106,'Y',0,15,22,'106',NULL,NULL,'Y','2018-12-27','2019-03-31',NULL,0,'0000-00-00','Y','2018-12-27 00:00:00'),(122,21,'SUU5FF2','Pooja Kumari','student@snsiti.com','1234567890','default.png','Motihari','17090114','96bcc3886898c1b1c79a0d56848ab90d72f9d795f52f2357cd50b7f1f51e61a1f372aa6bf252fa9eb19f0aa18f0ef8f440af743415535d53ea0ec53f8784d5ab',107,'Y',0,15,22,'107',NULL,NULL,'Y','2018-12-27','2019-03-31',NULL,0,'0000-00-00','Y','2018-12-27 00:00:00'),(123,21,'SUU5FF2','Pooja Rai','student@snsiti.com','1234567890','default.png','Motihari','17090115','96bcc3886898c1b1c79a0d56848ab90d72f9d795f52f2357cd50b7f1f51e61a1f372aa6bf252fa9eb19f0aa18f0ef8f440af743415535d53ea0ec53f8784d5ab',108,'Y',0,15,22,'108',NULL,NULL,'Y','2018-12-27','2019-03-31',NULL,0,'0000-00-00','Y','2018-12-27 00:00:00'),(124,21,'SUU5FF2','Ashutosh Kumar Dwivedy','student@snsiti.com','1234567890','default.png','Motihari','17090116','96bcc3886898c1b1c79a0d56848ab90d72f9d795f52f2357cd50b7f1f51e61a1f372aa6bf252fa9eb19f0aa18f0ef8f440af743415535d53ea0ec53f8784d5ab',109,'Y',0,15,22,'109',NULL,NULL,'Y','2018-12-27','2019-03-31',NULL,0,'0000-00-00','Y','2018-12-27 00:00:00'),(125,21,'SUU5FF2','Anni Kumari','student@snsiti.com','1234567890','default.png','Motihari','17090117','96bcc3886898c1b1c79a0d56848ab90d72f9d795f52f2357cd50b7f1f51e61a1f372aa6bf252fa9eb19f0aa18f0ef8f440af743415535d53ea0ec53f8784d5ab',110,'Y',0,15,22,'110',NULL,NULL,'Y','2018-12-27','2019-03-31',NULL,0,'0000-00-00','Y','2018-12-27 00:00:00'),(126,21,'SUU5FF2','Satyam Kumar','student@snsiti.com','1234567890','default.png','Motihari','17090118','96bcc3886898c1b1c79a0d56848ab90d72f9d795f52f2357cd50b7f1f51e61a1f372aa6bf252fa9eb19f0aa18f0ef8f440af743415535d53ea0ec53f8784d5ab',111,'Y',0,15,22,'111',NULL,NULL,'Y','2018-12-27','2019-03-31',NULL,0,'0000-00-00','Y','2018-12-27 00:00:00'),(127,21,'SUU5FF2','Priyanka Kumari','student@snsiti.com','1234567890','default.png','Motihari','17090119','96bcc3886898c1b1c79a0d56848ab90d72f9d795f52f2357cd50b7f1f51e61a1f372aa6bf252fa9eb19f0aa18f0ef8f440af743415535d53ea0ec53f8784d5ab',112,'Y',0,15,22,'112',NULL,NULL,'Y','2018-12-27','2019-03-31',NULL,0,'0000-00-00','Y','2018-12-27 00:00:00'),(128,21,'SUU5FF2','Ratna Kumari','student@snsiti.com','1234567890','default.png','Motihari','17090120','96bcc3886898c1b1c79a0d56848ab90d72f9d795f52f2357cd50b7f1f51e61a1f372aa6bf252fa9eb19f0aa18f0ef8f440af743415535d53ea0ec53f8784d5ab',113,'Y',0,15,22,'113',NULL,NULL,'Y','2018-12-27','2019-03-31',NULL,0,'0000-00-00','Y','2018-12-27 00:00:00'),(129,21,'SUU5FF2','Kamod Kumar','student@snsiti.com','1234567890','default.png','Motihari','17090121','96bcc3886898c1b1c79a0d56848ab90d72f9d795f52f2357cd50b7f1f51e61a1f372aa6bf252fa9eb19f0aa18f0ef8f440af743415535d53ea0ec53f8784d5ab',114,'Y',0,15,22,'114',NULL,NULL,'Y','2018-12-27','2019-03-31',NULL,0,'0000-00-00','Y','2018-12-27 00:00:00'),(130,21,'SUU5FF2','Rajesh Kumar Yadav','student@snsiti.com','1234567890','default.png','Motihari','17090122','96bcc3886898c1b1c79a0d56848ab90d72f9d795f52f2357cd50b7f1f51e61a1f372aa6bf252fa9eb19f0aa18f0ef8f440af743415535d53ea0ec53f8784d5ab',115,'Y',0,15,22,'115',NULL,NULL,'Y','2018-12-27','2019-03-31',NULL,0,'0000-00-00','Y','2018-12-27 00:00:00'),(131,21,'SUU5FF2','Prity Sagar','student@snsiti.com','1234567890','default.png','Motihari','17090123','96bcc3886898c1b1c79a0d56848ab90d72f9d795f52f2357cd50b7f1f51e61a1f372aa6bf252fa9eb19f0aa18f0ef8f440af743415535d53ea0ec53f8784d5ab',116,'Y',0,15,22,'116',NULL,NULL,'Y','2018-12-27','2019-03-31',NULL,0,'0000-00-00','Y','2018-12-27 00:00:00'),(132,21,'SUU5FF2','Samreen Quamar','student@snsiti.com','1234567890','default.png','Motihari','17090124','96bcc3886898c1b1c79a0d56848ab90d72f9d795f52f2357cd50b7f1f51e61a1f372aa6bf252fa9eb19f0aa18f0ef8f440af743415535d53ea0ec53f8784d5ab',117,'Y',0,15,22,'117',NULL,NULL,'Y','2018-12-27','2019-03-31',NULL,0,'0000-00-00','Y','2018-12-27 00:00:00'),(133,21,'SUU5FF2','Lovely Kumari','student@snsiti.com','1234567890','default.png','Motihari','17090125','96bcc3886898c1b1c79a0d56848ab90d72f9d795f52f2357cd50b7f1f51e61a1f372aa6bf252fa9eb19f0aa18f0ef8f440af743415535d53ea0ec53f8784d5ab',118,'Y',0,15,22,'118',NULL,NULL,'Y','2018-12-27','2019-03-31',NULL,0,'0000-00-00','Y','2018-12-27 00:00:00'),(134,21,'SUU5FF2','Nishi Kumari','student@snsiti.com','1234567890','default.png','Motihari','17090126','96bcc3886898c1b1c79a0d56848ab90d72f9d795f52f2357cd50b7f1f51e61a1f372aa6bf252fa9eb19f0aa18f0ef8f440af743415535d53ea0ec53f8784d5ab',119,'Y',0,15,22,'119',NULL,NULL,'Y','2018-12-27','2019-03-31',NULL,0,'0000-00-00','Y','2018-12-27 00:00:00'),(135,21,'SUU5FF2','Nandani Kumari','student@snsiti.com','1234567890','default.png','Motihari','17090127','96bcc3886898c1b1c79a0d56848ab90d72f9d795f52f2357cd50b7f1f51e61a1f372aa6bf252fa9eb19f0aa18f0ef8f440af743415535d53ea0ec53f8784d5ab',120,'Y',0,15,22,'120',NULL,NULL,'Y','2018-12-27','2019-03-31',NULL,0,'0000-00-00','Y','2018-12-27 00:00:00'),(136,21,'SUU5FF2','Md Jamaluddin','student@snsiti.com','1234567890','default.png','Motihari','17090128','96bcc3886898c1b1c79a0d56848ab90d72f9d795f52f2357cd50b7f1f51e61a1f372aa6bf252fa9eb19f0aa18f0ef8f440af743415535d53ea0ec53f8784d5ab',121,'Y',0,15,22,'121',NULL,NULL,'Y','2018-12-27','2019-03-31',NULL,0,'0000-00-00','Y','2018-12-27 00:00:00'),(137,21,'SUU5FF2','Alka Kumari ','student@snsiti.com','1234567890','default.png','Motihari','17090129','96bcc3886898c1b1c79a0d56848ab90d72f9d795f52f2357cd50b7f1f51e61a1f372aa6bf252fa9eb19f0aa18f0ef8f440af743415535d53ea0ec53f8784d5ab',122,'Y',0,15,22,'122',NULL,NULL,'Y','2018-12-27','2019-03-31',NULL,0,'0000-00-00','Y','2018-12-27 00:00:00'),(138,21,'SUU5FF2','Sachin Kumar','student@snsiti.com','1234567890','default.png','Motihari','17090130','96bcc3886898c1b1c79a0d56848ab90d72f9d795f52f2357cd50b7f1f51e61a1f372aa6bf252fa9eb19f0aa18f0ef8f440af743415535d53ea0ec53f8784d5ab',123,'Y',0,15,22,'123',NULL,NULL,'Y','2018-12-27','2019-03-31',NULL,0,'0000-00-00','Y','2018-12-27 00:00:00'),(139,21,'SUU5FF2','Pragya Smita','student@snsiti.com','1234567890','default.png','Motihari','17090131','96bcc3886898c1b1c79a0d56848ab90d72f9d795f52f2357cd50b7f1f51e61a1f372aa6bf252fa9eb19f0aa18f0ef8f440af743415535d53ea0ec53f8784d5ab',124,'Y',0,15,22,'124',NULL,NULL,'Y','2018-12-27','2019-03-31',NULL,0,'0000-00-00','Y','2018-12-27 00:00:00'),(140,21,'SUU5FF2','Sapna Kumari','student@snsiti.com','1234567890','default.png','Motihari','17090132','96bcc3886898c1b1c79a0d56848ab90d72f9d795f52f2357cd50b7f1f51e61a1f372aa6bf252fa9eb19f0aa18f0ef8f440af743415535d53ea0ec53f8784d5ab',125,'Y',0,15,22,'125',NULL,NULL,'Y','2018-12-27','2019-03-31',NULL,0,'0000-00-00','Y','2018-12-27 00:00:00'),(141,21,'SUU5FF2','Meena Kumari','student@snsiti.com','1234567890','default.png','Motihari','17090133','96bcc3886898c1b1c79a0d56848ab90d72f9d795f52f2357cd50b7f1f51e61a1f372aa6bf252fa9eb19f0aa18f0ef8f440af743415535d53ea0ec53f8784d5ab',126,'Y',0,15,22,'126',NULL,NULL,'Y','2018-12-27','2019-03-31',NULL,0,'0000-00-00','Y','2018-12-27 00:00:00'),(142,21,'SUU5FF2','Shweta Kumari','student@snsiti.com','1234567890','default.png','Motihari','17090134','96bcc3886898c1b1c79a0d56848ab90d72f9d795f52f2357cd50b7f1f51e61a1f372aa6bf252fa9eb19f0aa18f0ef8f440af743415535d53ea0ec53f8784d5ab',127,'Y',0,15,22,'127',NULL,NULL,'Y','2018-12-27','2019-03-31',NULL,0,'0000-00-00','Y','2018-12-27 00:00:00'),(143,21,'SUU5FF2','Umesh Kumar','student@snsiti.com','1234567890','default.png','Motihari','17090135','96bcc3886898c1b1c79a0d56848ab90d72f9d795f52f2357cd50b7f1f51e61a1f372aa6bf252fa9eb19f0aa18f0ef8f440af743415535d53ea0ec53f8784d5ab',128,'Y',0,15,22,'128',NULL,NULL,'Y','2018-12-27','2019-03-31',NULL,0,'0000-00-00','Y','2018-12-27 00:00:00'),(144,21,'SUU5FF2','Pravin Kumar','student@snsiti.com','1234567890','default.png','Motihari','17090136','96bcc3886898c1b1c79a0d56848ab90d72f9d795f52f2357cd50b7f1f51e61a1f372aa6bf252fa9eb19f0aa18f0ef8f440af743415535d53ea0ec53f8784d5ab',129,'Y',0,15,22,'129',NULL,NULL,'Y','2018-12-27','2019-03-31',NULL,0,'0000-00-00','Y','2018-12-27 00:00:00'),(145,21,'SUU5FF2','Amit Kumar','student@snsiti.com','1234567890','default.png','Motihari','17090137','96bcc3886898c1b1c79a0d56848ab90d72f9d795f52f2357cd50b7f1f51e61a1f372aa6bf252fa9eb19f0aa18f0ef8f440af743415535d53ea0ec53f8784d5ab',130,'Y',0,15,22,'130',NULL,NULL,'Y','2018-12-27','2019-03-31',NULL,0,'0000-00-00','Y','2018-12-27 00:00:00'),(146,21,'SUU5FF2','Babita Kumari','student@snsiti.com','1234567890','default.png','Motihari','17090138','96bcc3886898c1b1c79a0d56848ab90d72f9d795f52f2357cd50b7f1f51e61a1f372aa6bf252fa9eb19f0aa18f0ef8f440af743415535d53ea0ec53f8784d5ab',131,'Y',0,15,22,'131',NULL,NULL,'Y','2018-12-27','2019-03-31',NULL,0,'0000-00-00','Y','2018-12-27 00:00:00'),(147,21,'SUU5FF2','Tabassum Kahkeshan','student@snsiti.com','1234567890','default.png','Motihari','17090139','96bcc3886898c1b1c79a0d56848ab90d72f9d795f52f2357cd50b7f1f51e61a1f372aa6bf252fa9eb19f0aa18f0ef8f440af743415535d53ea0ec53f8784d5ab',132,'Y',0,15,22,'132',NULL,NULL,'Y','2018-12-27','2019-03-31',NULL,0,'0000-00-00','Y','2018-12-27 00:00:00'),(148,21,'SUU5FF2','Renu Kumari','student@snsiti.com','1234567890','default.png','Motihari','17090140','96bcc3886898c1b1c79a0d56848ab90d72f9d795f52f2357cd50b7f1f51e61a1f372aa6bf252fa9eb19f0aa18f0ef8f440af743415535d53ea0ec53f8784d5ab',133,'Y',0,15,22,'133',NULL,NULL,'Y','2018-12-27','2019-03-31',NULL,0,'0000-00-00','Y','2018-12-27 00:00:00'),(149,21,'SUU5FF2','Kritika Kaushik','student@snsiti.com','1234567890','default.png','Motihari','17090141','96bcc3886898c1b1c79a0d56848ab90d72f9d795f52f2357cd50b7f1f51e61a1f372aa6bf252fa9eb19f0aa18f0ef8f440af743415535d53ea0ec53f8784d5ab',134,'Y',0,15,22,'134',NULL,NULL,'Y','2018-12-27','2019-03-31',NULL,0,'0000-00-00','Y','2018-12-27 00:00:00'),(150,21,'SUU5FF2','Rakesh Kumar','student@snsiti.com','1234567890','default.png','Motihari','17090142','96bcc3886898c1b1c79a0d56848ab90d72f9d795f52f2357cd50b7f1f51e61a1f372aa6bf252fa9eb19f0aa18f0ef8f440af743415535d53ea0ec53f8784d5ab',135,'Y',0,15,22,'135',NULL,NULL,'Y','2018-12-27','2019-03-31',NULL,0,'0000-00-00','Y','2018-12-27 00:00:00'),(151,21,'SUU5FF2','Ghanshyam Kumar','student@snsiti.com','1234567890','default.png','Motihari','17090143','96bcc3886898c1b1c79a0d56848ab90d72f9d795f52f2357cd50b7f1f51e61a1f372aa6bf252fa9eb19f0aa18f0ef8f440af743415535d53ea0ec53f8784d5ab',136,'Y',0,15,22,'136',NULL,NULL,'Y','2018-12-27','2019-03-31',NULL,0,'0000-00-00','Y','2018-12-27 00:00:00'),(152,21,'SUU5FF2','Smita Kumari','student@snsiti.com','1234567890','default.png','Motihari','17090144','96bcc3886898c1b1c79a0d56848ab90d72f9d795f52f2357cd50b7f1f51e61a1f372aa6bf252fa9eb19f0aa18f0ef8f440af743415535d53ea0ec53f8784d5ab',137,'Y',0,15,22,'137',NULL,NULL,'Y','2018-12-27','2019-03-31',NULL,0,'0000-00-00','Y','2018-12-27 00:00:00'),(153,21,'SUU5FF2','Anil Kumar','student@snsiti.com','1234567890','default.png','Motihari','17090145','96bcc3886898c1b1c79a0d56848ab90d72f9d795f52f2357cd50b7f1f51e61a1f372aa6bf252fa9eb19f0aa18f0ef8f440af743415535d53ea0ec53f8784d5ab',138,'Y',0,15,22,'138',NULL,NULL,'Y','2018-12-27','2019-03-31',NULL,0,'0000-00-00','Y','2018-12-27 00:00:00'),(154,21,'SUU5FF2','Ritika ','student@snsiti.com','1234567890','default.png','Motihari','17090146','96bcc3886898c1b1c79a0d56848ab90d72f9d795f52f2357cd50b7f1f51e61a1f372aa6bf252fa9eb19f0aa18f0ef8f440af743415535d53ea0ec53f8784d5ab',139,'Y',0,15,22,'139',NULL,NULL,'Y','2018-12-27','2019-03-31',NULL,0,'0000-00-00','Y','2018-12-27 00:00:00'),(155,21,'SUU5FF2','Saumya','student@snsiti.com','1234567890','default.png','Motihari','17090147','96bcc3886898c1b1c79a0d56848ab90d72f9d795f52f2357cd50b7f1f51e61a1f372aa6bf252fa9eb19f0aa18f0ef8f440af743415535d53ea0ec53f8784d5ab',140,'Y',0,15,22,'140',NULL,NULL,'Y','2018-12-27','2019-03-31',NULL,0,'0000-00-00','Y','2018-12-27 00:00:00'),(156,21,'SUU5FF2','Azad Alam','student@snsiti.com','1234567890','default.png','Motihari','17090148','96bcc3886898c1b1c79a0d56848ab90d72f9d795f52f2357cd50b7f1f51e61a1f372aa6bf252fa9eb19f0aa18f0ef8f440af743415535d53ea0ec53f8784d5ab',141,'Y',0,15,22,'141',NULL,NULL,'Y','2018-12-27','2019-03-31',NULL,0,'0000-00-00','Y','2018-12-27 00:00:00'),(157,21,'SUU5FF2','Sweety Kumari','student@snsiti.com','1234567890','default.png','Motihari','17090149','96bcc3886898c1b1c79a0d56848ab90d72f9d795f52f2357cd50b7f1f51e61a1f372aa6bf252fa9eb19f0aa18f0ef8f440af743415535d53ea0ec53f8784d5ab',142,'Y',0,15,22,'142',NULL,NULL,'Y','2018-12-27','2019-03-31',NULL,0,'0000-00-00','Y','2018-12-27 00:00:00'),(158,21,'SUU5FF2','Juhi Kumari','student@snsiti.com','1234567890','default.png','Motihari','17090215','96bcc3886898c1b1c79a0d56848ab90d72f9d795f52f2357cd50b7f1f51e61a1f372aa6bf252fa9eb19f0aa18f0ef8f440af743415535d53ea0ec53f8784d5ab',143,'Y',0,15,22,'143',NULL,NULL,'Y','2018-12-27','2019-03-31',NULL,0,'0000-00-00','Y','2018-12-27 00:00:00'),(159,21,'SUU5FF2','Neeraj Kumar Giri','student@snsiti.com','1234567890','default.png','Motihari','17090151','96bcc3886898c1b1c79a0d56848ab90d72f9d795f52f2357cd50b7f1f51e61a1f372aa6bf252fa9eb19f0aa18f0ef8f440af743415535d53ea0ec53f8784d5ab',144,'Y',0,15,22,'144',NULL,NULL,'Y','2018-12-27','2019-03-31',NULL,0,'0000-00-00','Y','2018-12-27 00:00:00'),(160,21,'SUU5FF2','Daully Kumari Goyal','student@snsiti.com','1234567890','default.png','Motihari','17090152','96bcc3886898c1b1c79a0d56848ab90d72f9d795f52f2357cd50b7f1f51e61a1f372aa6bf252fa9eb19f0aa18f0ef8f440af743415535d53ea0ec53f8784d5ab',145,'Y',0,15,22,'145',NULL,NULL,'Y','2018-12-27','2019-03-31',NULL,0,'0000-00-00','Y','2018-12-27 00:00:00'),(161,21,'SUU5FF2','Shivam Kumar','student@snsiti.com','1234567890','default.png','Motihari','17090153','96bcc3886898c1b1c79a0d56848ab90d72f9d795f52f2357cd50b7f1f51e61a1f372aa6bf252fa9eb19f0aa18f0ef8f440af743415535d53ea0ec53f8784d5ab',146,'Y',0,15,22,'146',NULL,NULL,'Y','2018-12-27','2019-03-31',NULL,0,'0000-00-00','Y','2018-12-27 00:00:00'),(162,21,'SUU5FF2','Manjeet Kumar','student@snsiti.com','1234567890','default.png','Motihari','17090155','96bcc3886898c1b1c79a0d56848ab90d72f9d795f52f2357cd50b7f1f51e61a1f372aa6bf252fa9eb19f0aa18f0ef8f440af743415535d53ea0ec53f8784d5ab',147,'Y',0,15,22,'147',NULL,NULL,'Y','2018-12-27','2019-03-31',NULL,0,'0000-00-00','Y','2018-12-27 00:00:00'),(163,21,'SUU5FF2','Prashant Kumar','student@snsiti.com','1234567890','default.png','Motihari','17090156','96bcc3886898c1b1c79a0d56848ab90d72f9d795f52f2357cd50b7f1f51e61a1f372aa6bf252fa9eb19f0aa18f0ef8f440af743415535d53ea0ec53f8784d5ab',148,'Y',0,15,22,'148',NULL,NULL,'Y','2018-12-27','2019-03-31',NULL,0,'0000-00-00','Y','2018-12-27 00:00:00'),(164,21,'SUU5FF2','Priyanka Kumari','student@snsiti.com','1234567890','default.png','Motihari','17090157','96bcc3886898c1b1c79a0d56848ab90d72f9d795f52f2357cd50b7f1f51e61a1f372aa6bf252fa9eb19f0aa18f0ef8f440af743415535d53ea0ec53f8784d5ab',149,'Y',0,15,22,'149',NULL,NULL,'Y','2018-12-27','2019-03-31',NULL,0,'0000-00-00','Y','2018-12-27 00:00:00'),(165,21,'SUU5FF2','Rohit Kumar','student@snsiti.com','1234567890','default.png','Motihari','17090158','96bcc3886898c1b1c79a0d56848ab90d72f9d795f52f2357cd50b7f1f51e61a1f372aa6bf252fa9eb19f0aa18f0ef8f440af743415535d53ea0ec53f8784d5ab',150,'Y',0,15,22,'150',NULL,NULL,'Y','2018-12-27','2019-03-31',NULL,0,'0000-00-00','Y','2018-12-27 00:00:00'),(166,21,'SUU5FF2','Nusrat Fatima','student@snsiti.com','1234567890','default.png','Motihari','17090159','96bcc3886898c1b1c79a0d56848ab90d72f9d795f52f2357cd50b7f1f51e61a1f372aa6bf252fa9eb19f0aa18f0ef8f440af743415535d53ea0ec53f8784d5ab',151,'Y',0,15,23,'151',NULL,NULL,'Y','2018-12-27','2019-03-31',NULL,0,'0000-00-00','Y','2018-12-27 00:00:00'),(167,21,'SUU5FF2','Bablu Kumar','student@snsiti.com','1234567890','default.png','Motihari','17090160','96bcc3886898c1b1c79a0d56848ab90d72f9d795f52f2357cd50b7f1f51e61a1f372aa6bf252fa9eb19f0aa18f0ef8f440af743415535d53ea0ec53f8784d5ab',152,'Y',0,15,23,'152',NULL,NULL,'Y','2018-12-27','2019-03-31',NULL,0,'0000-00-00','Y','2018-12-27 00:00:00'),(168,21,'SUU5FF2','Madhushankar Kumar','student@snsiti.com','1234567890','default.png','Motihari','17090161','96bcc3886898c1b1c79a0d56848ab90d72f9d795f52f2357cd50b7f1f51e61a1f372aa6bf252fa9eb19f0aa18f0ef8f440af743415535d53ea0ec53f8784d5ab',153,'Y',0,15,23,'153',NULL,NULL,'Y','2018-12-27','2019-03-31',NULL,0,'0000-00-00','Y','2018-12-27 00:00:00'),(169,21,'SUU5FF2','Madhuranjan Kumar Pathak','student@snsiti.com','1234567890','default.png','Motihari','17090162','96bcc3886898c1b1c79a0d56848ab90d72f9d795f52f2357cd50b7f1f51e61a1f372aa6bf252fa9eb19f0aa18f0ef8f440af743415535d53ea0ec53f8784d5ab',154,'Y',0,15,23,'154',NULL,NULL,'Y','2018-12-27','2019-03-31',NULL,0,'0000-00-00','Y','2018-12-27 00:00:00'),(170,21,'SUU5FF2','Amit Kumar','student@snsiti.com','1234567890','default.png','Motihari','17090163','96bcc3886898c1b1c79a0d56848ab90d72f9d795f52f2357cd50b7f1f51e61a1f372aa6bf252fa9eb19f0aa18f0ef8f440af743415535d53ea0ec53f8784d5ab',155,'Y',0,15,23,'155',NULL,NULL,'Y','2018-12-27','2019-03-31',NULL,0,'0000-00-00','Y','2018-12-27 00:00:00'),(171,21,'SUU5FF2','Vikash Kumar','student@snsiti.com','1234567890','default.png','Motihari','17090164','96bcc3886898c1b1c79a0d56848ab90d72f9d795f52f2357cd50b7f1f51e61a1f372aa6bf252fa9eb19f0aa18f0ef8f440af743415535d53ea0ec53f8784d5ab',156,'Y',0,15,23,'156',NULL,NULL,'Y','2018-12-27','2019-03-31',NULL,0,'0000-00-00','Y','2018-12-27 00:00:00'),(172,21,'SUU5FF2','Rupesh Kumar','student@snsiti.com','1234567890','default.png','Motihari','17090165','96bcc3886898c1b1c79a0d56848ab90d72f9d795f52f2357cd50b7f1f51e61a1f372aa6bf252fa9eb19f0aa18f0ef8f440af743415535d53ea0ec53f8784d5ab',157,'Y',0,15,23,'157',NULL,NULL,'Y','2018-12-27','2019-03-31',NULL,0,'0000-00-00','Y','2018-12-27 00:00:00'),(173,21,'SUU5FF2','Bhupendra Kumar Sharma','student@snsiti.com','1234567890','default.png','Motihari','17090166','96bcc3886898c1b1c79a0d56848ab90d72f9d795f52f2357cd50b7f1f51e61a1f372aa6bf252fa9eb19f0aa18f0ef8f440af743415535d53ea0ec53f8784d5ab',158,'Y',0,15,23,'158',NULL,NULL,'Y','2018-12-27','2019-03-31',NULL,0,'0000-00-00','Y','2018-12-27 00:00:00'),(174,21,'SUU5FF2','Sushma Kumari','student@snsiti.com','1234567890','default.png','Motihari','17090214','96bcc3886898c1b1c79a0d56848ab90d72f9d795f52f2357cd50b7f1f51e61a1f372aa6bf252fa9eb19f0aa18f0ef8f440af743415535d53ea0ec53f8784d5ab',159,'Y',0,15,23,'159',NULL,NULL,'Y','2018-12-27','2019-03-31',NULL,0,'0000-00-00','Y','2018-12-27 00:00:00'),(175,21,'SUU5FF2','Deepu Kumar','student@snsiti.com','1234567890','default.png','Motihari','17090168','96bcc3886898c1b1c79a0d56848ab90d72f9d795f52f2357cd50b7f1f51e61a1f372aa6bf252fa9eb19f0aa18f0ef8f440af743415535d53ea0ec53f8784d5ab',160,'Y',0,15,23,'160',NULL,NULL,'Y','2018-12-27','2019-03-31',NULL,0,'0000-00-00','Y','2018-12-27 00:00:00'),(176,21,'SUU5FF2','Rohan Kumar Pandey','student@snsiti.com','1234567890','default.png','Motihari','17090169','96bcc3886898c1b1c79a0d56848ab90d72f9d795f52f2357cd50b7f1f51e61a1f372aa6bf252fa9eb19f0aa18f0ef8f440af743415535d53ea0ec53f8784d5ab',161,'Y',0,15,23,'161',NULL,NULL,'Y','2018-12-27','2019-03-31',NULL,0,'0000-00-00','Y','2018-12-27 00:00:00'),(177,21,'SUU5FF2','Rajnish Kumar Chaubey','student@snsiti.com','1234567890','default.png','Motihari','17090170','96bcc3886898c1b1c79a0d56848ab90d72f9d795f52f2357cd50b7f1f51e61a1f372aa6bf252fa9eb19f0aa18f0ef8f440af743415535d53ea0ec53f8784d5ab',162,'Y',0,15,23,'162',NULL,NULL,'Y','2018-12-27','2019-03-31',NULL,0,'0000-00-00','Y','2018-12-27 00:00:00'),(178,21,'SUU5FF2','Sanjay Kumar','student@snsiti.com','1234567890','default.png','Motihari','17090171','96bcc3886898c1b1c79a0d56848ab90d72f9d795f52f2357cd50b7f1f51e61a1f372aa6bf252fa9eb19f0aa18f0ef8f440af743415535d53ea0ec53f8784d5ab',163,'Y',0,15,23,'163',NULL,NULL,'Y','2018-12-27','2019-03-31',NULL,0,'0000-00-00','Y','2018-12-27 00:00:00'),(179,21,'SUU5FF2','Amritesh Kumar','student@snsiti.com','1234567890','default.png','Motihari','17090173','96bcc3886898c1b1c79a0d56848ab90d72f9d795f52f2357cd50b7f1f51e61a1f372aa6bf252fa9eb19f0aa18f0ef8f440af743415535d53ea0ec53f8784d5ab',164,'Y',0,15,23,'164',NULL,NULL,'Y','2018-12-27','2019-03-31',NULL,0,'0000-00-00','Y','2018-12-27 00:00:00'),(180,21,'SUU5FF2','Akhilesh Kumar','student@snsiti.com','1234567890','default.png','Motihari','17090175','96bcc3886898c1b1c79a0d56848ab90d72f9d795f52f2357cd50b7f1f51e61a1f372aa6bf252fa9eb19f0aa18f0ef8f440af743415535d53ea0ec53f8784d5ab',165,'Y',0,15,23,'165',NULL,NULL,'Y','2018-12-27','2019-03-31',NULL,0,'0000-00-00','Y','2018-12-27 00:00:00'),(181,21,'SUU5FF2','Abhishek Kumar','student@snsiti.com','1234567890','default.png','Motihari','17090176','96bcc3886898c1b1c79a0d56848ab90d72f9d795f52f2357cd50b7f1f51e61a1f372aa6bf252fa9eb19f0aa18f0ef8f440af743415535d53ea0ec53f8784d5ab',166,'Y',0,15,23,'166',NULL,NULL,'Y','2018-12-27','2019-03-31',NULL,0,'0000-00-00','Y','2018-12-27 00:00:00'),(182,21,'SUU5FF2','Sudha Kumari','student@snsiti.com','1234567890','default.png','Motihari','17090174','96bcc3886898c1b1c79a0d56848ab90d72f9d795f52f2357cd50b7f1f51e61a1f372aa6bf252fa9eb19f0aa18f0ef8f440af743415535d53ea0ec53f8784d5ab',167,'Y',0,15,23,'167',NULL,NULL,'Y','2018-12-27','2019-03-31',NULL,0,'0000-00-00','Y','2018-12-27 00:00:00'),(183,21,'SUU5FF2','Mukesh Kumar','student@snsiti.com','1234567890','default.png','Motihari','17090177','96bcc3886898c1b1c79a0d56848ab90d72f9d795f52f2357cd50b7f1f51e61a1f372aa6bf252fa9eb19f0aa18f0ef8f440af743415535d53ea0ec53f8784d5ab',168,'Y',0,15,23,'168',NULL,NULL,'Y','2018-12-27','2019-03-31',NULL,0,'0000-00-00','Y','2018-12-27 00:00:00'),(184,21,'SUU5FF2','Abhishek Kumar','student@snsiti.com','1234567890','default.png','Motihari','17090178','96bcc3886898c1b1c79a0d56848ab90d72f9d795f52f2357cd50b7f1f51e61a1f372aa6bf252fa9eb19f0aa18f0ef8f440af743415535d53ea0ec53f8784d5ab',169,'Y',0,15,23,'169',NULL,NULL,'Y','2018-12-27','2019-03-31',NULL,0,'0000-00-00','Y','2018-12-27 00:00:00'),(185,21,'SUU5FF2','Samridhi Kaushik','student@snsiti.com','1234567890','default.png','Motihari','17090179','96bcc3886898c1b1c79a0d56848ab90d72f9d795f52f2357cd50b7f1f51e61a1f372aa6bf252fa9eb19f0aa18f0ef8f440af743415535d53ea0ec53f8784d5ab',170,'Y',0,15,23,'170',NULL,NULL,'Y','2018-12-27','2019-03-31',NULL,0,'0000-00-00','Y','2018-12-27 00:00:00'),(186,21,'SUU5FF2','Aditya Kumar','student@snsiti.com','1234567890','default.png','Motihari','17090172','96bcc3886898c1b1c79a0d56848ab90d72f9d795f52f2357cd50b7f1f51e61a1f372aa6bf252fa9eb19f0aa18f0ef8f440af743415535d53ea0ec53f8784d5ab',171,'Y',0,15,23,'171',NULL,NULL,'Y','2018-12-27','2019-03-31',NULL,0,'0000-00-00','Y','2018-12-27 00:00:00'),(187,21,'SUU5FF2','Amita Rani','student@snsiti.com','1234567890','default.png','Motihari','17090180','96bcc3886898c1b1c79a0d56848ab90d72f9d795f52f2357cd50b7f1f51e61a1f372aa6bf252fa9eb19f0aa18f0ef8f440af743415535d53ea0ec53f8784d5ab',172,'Y',0,15,23,'172',NULL,NULL,'Y','2018-12-27','2019-03-31',NULL,0,'0000-00-00','Y','2018-12-27 00:00:00'),(188,21,'SUU5FF2','Ujjval Kumar','student@snsiti.com','1234567890','default.png','Motihari','17090181','96bcc3886898c1b1c79a0d56848ab90d72f9d795f52f2357cd50b7f1f51e61a1f372aa6bf252fa9eb19f0aa18f0ef8f440af743415535d53ea0ec53f8784d5ab',173,'Y',0,15,23,'173',NULL,NULL,'Y','2018-12-27','2019-03-31',NULL,0,'0000-00-00','Y','2018-12-27 00:00:00'),(189,21,'SUU5FF2','Khushboo Kumari','student@snsiti.com','1234567890','default.png','Motihari','17090183','96bcc3886898c1b1c79a0d56848ab90d72f9d795f52f2357cd50b7f1f51e61a1f372aa6bf252fa9eb19f0aa18f0ef8f440af743415535d53ea0ec53f8784d5ab',174,'Y',0,15,23,'174',NULL,NULL,'Y','2018-12-27','2019-03-31',NULL,0,'0000-00-00','Y','2018-12-27 00:00:00'),(190,21,'SUU5FF2','Jyoti Kumari','student@snsiti.com','1234567890','default.png','Motihari','17090184','96bcc3886898c1b1c79a0d56848ab90d72f9d795f52f2357cd50b7f1f51e61a1f372aa6bf252fa9eb19f0aa18f0ef8f440af743415535d53ea0ec53f8784d5ab',175,'Y',0,15,23,'175',NULL,NULL,'Y','2018-12-27','2019-03-31',NULL,0,'0000-00-00','Y','2018-12-27 00:00:00'),(191,21,'SUU5FF2','Shikha','student@snsiti.com','1234567890','default.png','Motihari','17090185','96bcc3886898c1b1c79a0d56848ab90d72f9d795f52f2357cd50b7f1f51e61a1f372aa6bf252fa9eb19f0aa18f0ef8f440af743415535d53ea0ec53f8784d5ab',176,'Y',0,15,23,'176',NULL,NULL,'Y','2018-12-27','2019-03-31',NULL,0,'0000-00-00','Y','2018-12-27 00:00:00'),(192,21,'SUU5FF2','Rahul Kumar Mishra','student@snsiti.com','1234567890','default.png','Motihari','17090186','96bcc3886898c1b1c79a0d56848ab90d72f9d795f52f2357cd50b7f1f51e61a1f372aa6bf252fa9eb19f0aa18f0ef8f440af743415535d53ea0ec53f8784d5ab',177,'Y',0,15,23,'177',NULL,NULL,'Y','2018-12-27','2019-03-31',NULL,0,'0000-00-00','Y','2018-12-27 00:00:00'),(193,21,'SUU5FF2','Lakshmina Kumari','student@snsiti.com','1234567890','default.png','Motihari','17090187','96bcc3886898c1b1c79a0d56848ab90d72f9d795f52f2357cd50b7f1f51e61a1f372aa6bf252fa9eb19f0aa18f0ef8f440af743415535d53ea0ec53f8784d5ab',178,'Y',0,15,23,'178',NULL,NULL,'Y','2018-12-27','2019-03-31',NULL,0,'0000-00-00','Y','2018-12-27 00:00:00'),(194,21,'SUU5FF2','Garima Garg','student@snsiti.com','1234567890','default.png','Motihari','17090188','96bcc3886898c1b1c79a0d56848ab90d72f9d795f52f2357cd50b7f1f51e61a1f372aa6bf252fa9eb19f0aa18f0ef8f440af743415535d53ea0ec53f8784d5ab',179,'Y',0,15,23,'179',NULL,NULL,'Y','2018-12-27','2019-03-31',NULL,0,'0000-00-00','Y','2018-12-27 00:00:00'),(195,21,'SUU5FF2','Mausami Kumari','student@snsiti.com','1234567890','default.png','Motihari','17090189','96bcc3886898c1b1c79a0d56848ab90d72f9d795f52f2357cd50b7f1f51e61a1f372aa6bf252fa9eb19f0aa18f0ef8f440af743415535d53ea0ec53f8784d5ab',180,'Y',0,15,23,'180',NULL,NULL,'Y','2018-12-27','2019-03-31',NULL,0,'0000-00-00','Y','2018-12-27 00:00:00'),(196,21,'SUU5FF2','Sonika Kumari','student@snsiti.com','1234567890','default.png','Motihari','17090190','96bcc3886898c1b1c79a0d56848ab90d72f9d795f52f2357cd50b7f1f51e61a1f372aa6bf252fa9eb19f0aa18f0ef8f440af743415535d53ea0ec53f8784d5ab',181,'Y',0,15,23,'181',NULL,NULL,'Y','2018-12-27','2019-03-31',NULL,0,'0000-00-00','Y','2018-12-27 00:00:00'),(197,21,'SUU5FF2','Gunjan Kumari','student@snsiti.com','1234567890','default.png','Motihari','17090191','96bcc3886898c1b1c79a0d56848ab90d72f9d795f52f2357cd50b7f1f51e61a1f372aa6bf252fa9eb19f0aa18f0ef8f440af743415535d53ea0ec53f8784d5ab',182,'Y',0,15,23,'182',NULL,NULL,'Y','2018-12-27','2019-03-31',NULL,0,'0000-00-00','Y','2018-12-27 00:00:00'),(198,21,'SUU5FF2','Rajnesh Kumar','student@snsiti.com','1234567890','default.png','Motihari','17090192','96bcc3886898c1b1c79a0d56848ab90d72f9d795f52f2357cd50b7f1f51e61a1f372aa6bf252fa9eb19f0aa18f0ef8f440af743415535d53ea0ec53f8784d5ab',183,'Y',0,15,23,'183',NULL,NULL,'Y','2018-12-27','2019-03-31',NULL,0,'0000-00-00','Y','2018-12-27 00:00:00'),(199,21,'SUU5FF2','Ginni Kumari','student@snsiti.com','1234567890','default.png','Motihari','17090197','96bcc3886898c1b1c79a0d56848ab90d72f9d795f52f2357cd50b7f1f51e61a1f372aa6bf252fa9eb19f0aa18f0ef8f440af743415535d53ea0ec53f8784d5ab',184,'Y',0,15,23,'184',NULL,NULL,'Y','2018-12-27','2019-03-31',NULL,0,'0000-00-00','Y','2018-12-27 00:00:00'),(200,21,'SUU5FF2','Priya Rajwansh','student@snsiti.com','1234567890','default.png','Motihari','17090193','96bcc3886898c1b1c79a0d56848ab90d72f9d795f52f2357cd50b7f1f51e61a1f372aa6bf252fa9eb19f0aa18f0ef8f440af743415535d53ea0ec53f8784d5ab',185,'Y',0,15,23,'185',NULL,NULL,'Y','2018-12-27','2019-03-31',NULL,0,'0000-00-00','Y','2018-12-27 00:00:00'),(201,21,'SUU5FF2','Sarita Kumari','student@snsiti.com','1234567890','default.png','Motihari','17090196','96bcc3886898c1b1c79a0d56848ab90d72f9d795f52f2357cd50b7f1f51e61a1f372aa6bf252fa9eb19f0aa18f0ef8f440af743415535d53ea0ec53f8784d5ab',186,'Y',0,15,23,'186',NULL,NULL,'Y','2018-12-27','2019-03-31',NULL,0,'0000-00-00','Y','2018-12-27 00:00:00'),(202,21,'SUU5FF2','Aditi Sharma','student@snsiti.com','1234567890','default.png','Motihari','17090200','96bcc3886898c1b1c79a0d56848ab90d72f9d795f52f2357cd50b7f1f51e61a1f372aa6bf252fa9eb19f0aa18f0ef8f440af743415535d53ea0ec53f8784d5ab',187,'Y',0,15,23,'187',NULL,NULL,'Y','2018-12-27','2019-03-31',NULL,0,'0000-00-00','Y','2018-12-27 00:00:00'),(203,21,'SUU5FF2','Nidhi Rani','student@snsiti.com','1234567890','default.png','Motihari','17090198','96bcc3886898c1b1c79a0d56848ab90d72f9d795f52f2357cd50b7f1f51e61a1f372aa6bf252fa9eb19f0aa18f0ef8f440af743415535d53ea0ec53f8784d5ab',188,'Y',0,15,23,'188',NULL,NULL,'Y','2018-12-27','2019-03-31',NULL,0,'0000-00-00','Y','2018-12-27 00:00:00'),(204,21,'SUU5FF2','Ranjana Bharti','student@snsiti.com','1234567890','default.png','Motihari','17090201','96bcc3886898c1b1c79a0d56848ab90d72f9d795f52f2357cd50b7f1f51e61a1f372aa6bf252fa9eb19f0aa18f0ef8f440af743415535d53ea0ec53f8784d5ab',189,'Y',0,15,23,'189',NULL,NULL,'Y','2018-12-27','2019-03-31',NULL,0,'0000-00-00','Y','2018-12-27 00:00:00'),(205,21,'SUU5FF2','Mukesh Kumar','student@snsiti.com','1234567890','default.png','Motihari','17090202','96bcc3886898c1b1c79a0d56848ab90d72f9d795f52f2357cd50b7f1f51e61a1f372aa6bf252fa9eb19f0aa18f0ef8f440af743415535d53ea0ec53f8784d5ab',190,'Y',0,15,23,'190',NULL,NULL,'Y','2018-12-27','2019-03-31',NULL,0,'0000-00-00','Y','2018-12-27 00:00:00'),(206,21,'SUU5FF2','Sajan Kumar','student@snsiti.com','1234567890','default.png','Motihari','17090195','96bcc3886898c1b1c79a0d56848ab90d72f9d795f52f2357cd50b7f1f51e61a1f372aa6bf252fa9eb19f0aa18f0ef8f440af743415535d53ea0ec53f8784d5ab',191,'Y',0,15,23,'191',NULL,NULL,'Y','2018-12-27','2019-03-31',NULL,0,'0000-00-00','Y','2018-12-27 00:00:00'),(207,21,'SUU5FF2','Priyanka Kumari','student@snsiti.com','1234567890','default.png','Motihari','17090203','96bcc3886898c1b1c79a0d56848ab90d72f9d795f52f2357cd50b7f1f51e61a1f372aa6bf252fa9eb19f0aa18f0ef8f440af743415535d53ea0ec53f8784d5ab',192,'Y',0,15,23,'192',NULL,NULL,'Y','2018-12-27','2019-03-31',NULL,0,'0000-00-00','Y','2018-12-27 00:00:00'),(208,21,'SUU5FF2','Pankaj Kumar Singh','student@snsiti.com','1234567890','default.png','Motihari','17090204','96bcc3886898c1b1c79a0d56848ab90d72f9d795f52f2357cd50b7f1f51e61a1f372aa6bf252fa9eb19f0aa18f0ef8f440af743415535d53ea0ec53f8784d5ab',193,'Y',0,15,23,'193',NULL,NULL,'Y','2018-12-27','2019-03-31',NULL,0,'0000-00-00','Y','2018-12-27 00:00:00'),(209,21,'SUU5FF2','Priya Kumari','student@snsiti.com','1234567890','default.png','Motihari','17090206','96bcc3886898c1b1c79a0d56848ab90d72f9d795f52f2357cd50b7f1f51e61a1f372aa6bf252fa9eb19f0aa18f0ef8f440af743415535d53ea0ec53f8784d5ab',194,'Y',0,15,23,'194',NULL,NULL,'Y','2018-12-27','2019-03-31',NULL,0,'0000-00-00','Y','2018-12-27 00:00:00'),(210,21,'SUU5FF2','Sumit Kumar','student@snsiti.com','1234567890','default.png','Motihari','17090208','96bcc3886898c1b1c79a0d56848ab90d72f9d795f52f2357cd50b7f1f51e61a1f372aa6bf252fa9eb19f0aa18f0ef8f440af743415535d53ea0ec53f8784d5ab',195,'Y',0,15,23,'195',NULL,NULL,'Y','2018-12-27','2019-03-31',NULL,0,'0000-00-00','Y','2018-12-27 00:00:00'),(211,21,'SUU5FF2','Mantu Manohar Kumar Tiwari','student@snsiti.com','1234567890','default.png','Motihari','17090213','96bcc3886898c1b1c79a0d56848ab90d72f9d795f52f2357cd50b7f1f51e61a1f372aa6bf252fa9eb19f0aa18f0ef8f440af743415535d53ea0ec53f8784d5ab',196,'Y',0,15,23,'196',NULL,NULL,'Y','2018-12-27','2019-03-31',NULL,0,'0000-00-00','Y','2018-12-27 00:00:00'),(212,21,'SUU5FF2','Priti Kumari','student@snsiti.com','1234567890','default.png','Motihari','17090210','96bcc3886898c1b1c79a0d56848ab90d72f9d795f52f2357cd50b7f1f51e61a1f372aa6bf252fa9eb19f0aa18f0ef8f440af743415535d53ea0ec53f8784d5ab',197,'Y',0,15,23,'197',NULL,NULL,'Y','2018-12-27','2019-03-31',NULL,0,'0000-00-00','Y','2018-12-27 00:00:00'),(213,21,'SUU5FF2','Shalika ','student@snsiti.com','1234567890','default.png','Motihari','17090211','96bcc3886898c1b1c79a0d56848ab90d72f9d795f52f2357cd50b7f1f51e61a1f372aa6bf252fa9eb19f0aa18f0ef8f440af743415535d53ea0ec53f8784d5ab',198,'Y',0,15,23,'198',NULL,NULL,'Y','2018-12-27','2019-03-31',NULL,0,'0000-00-00','Y','2018-12-27 00:00:00'),(214,21,'SUU5FF2','Kumari Raushani','student@snsiti.com','1234567890','default.png','Motihari','17090207','96bcc3886898c1b1c79a0d56848ab90d72f9d795f52f2357cd50b7f1f51e61a1f372aa6bf252fa9eb19f0aa18f0ef8f440af743415535d53ea0ec53f8784d5ab',199,'Y',0,15,23,'199',NULL,NULL,'Y','2018-12-27','2019-03-31',NULL,0,'0000-00-00','Y','2018-12-27 00:00:00'),(215,21,'SUU5FF2','Sharma Rachan Ratan Lal','student@snsiti.com','1234567890','default.png','Motihari','17090212','96bcc3886898c1b1c79a0d56848ab90d72f9d795f52f2357cd50b7f1f51e61a1f372aa6bf252fa9eb19f0aa18f0ef8f440af743415535d53ea0ec53f8784d5ab',200,'Y',0,15,23,'200',NULL,NULL,'Y','2018-12-27','2019-03-31',NULL,0,'0000-00-00','Y','2018-12-27 00:00:00'),(216,2,'ARHN86O','ghshs','fsfs@gmail.com','9818235537',NULL,'gsgsg, sggsg, hshdhd, 845485','GHKOZE9','aaf956a9e183479db749bfed49a7200e7a70f820e420edcd85c487fa7f596805e1bae72263d95ddc9f008d7695dc0a838ca4c5f70c2695b203c2d77d7fe5d292',0,NULL,0,6,12,'22',NULL,NULL,'N',NULL,NULL,NULL,0,'1999-01-06','N','2019-01-06 16:18:56'),(217,2,'ARHN86O','hshshz','gssg@gmail.com','9818235537',NULL,'vzgzh, vzhsh, gzvzzb, 948484','HSP6STT','aaf956a9e183479db749bfed49a7200e7a70f820e420edcd85c487fa7f596805e1bae72263d95ddc9f008d7695dc0a838ca4c5f70c2695b203c2d77d7fe5d292',0,NULL,0,6,12,'1011',NULL,NULL,'N',NULL,NULL,NULL,0,'2009-01-07','N','2019-01-07 15:27:55'),(218,28,'AK3Y3K0','satya','satya@gmail.com','7543015219',NULL,'Patna , Patna , Bihar, 800001','SAVJ9VL','96bcc3886898c1b1c79a0d56848ab90d72f9d795f52f2357cd50b7f1f51e61a1f372aa6bf252fa9eb19f0aa18f0ef8f440af743415535d53ea0ec53f8784d5ab',0,NULL,0,17,26,'1',NULL,NULL,'Y','2019-01-08','2020-01-08',NULL,0,'2000-06-15','Y','2019-01-08 00:30:36'),(219,28,'AK3Y3K0','sunil','sunil@gmai.com','7543015219',NULL,'Patna , Patna , Bihar, 800001','SUJ8HOE','96bcc3886898c1b1c79a0d56848ab90d72f9d795f52f2357cd50b7f1f51e61a1f372aa6bf252fa9eb19f0aa18f0ef8f440af743415535d53ea0ec53f8784d5ab',0,NULL,0,17,26,'2',NULL,NULL,'Y','2019-01-08','2020-01-08',NULL,0,'2000-07-20','Y','2019-01-08 00:39:23'),(220,30,'ARROK6P','vibhas ','vibhas@teknikoglobal.com','9311620027','student1546942486.jpg','Patna , Patna , bihar , 800001','VISKIOU','96bcc3886898c1b1c79a0d56848ab90d72f9d795f52f2357cd50b7f1f51e61a1f372aa6bf252fa9eb19f0aa18f0ef8f440af743415535d53ea0ec53f8784d5ab',0,NULL,0,22,31,'1',NULL,NULL,'Y','2019-01-08','2020-01-08',NULL,0,'2000-01-08','Y','2019-01-08 15:40:47'),(221,36,'ARBMHFJ','kavita','kavitag@gmail.com','7903003123',NULL,'newganj, gopalpur, bihar, 5643','KA0NQQQ','94e43a238a7587fac8c2ea89154b661a265ac93011ce048f79974df94691cd8d16cb1efb158f065d035473feafc52a3985057abb27806d708b81119989a1a684',0,NULL,0,33,34,'1',NULL,NULL,'Y','2019-01-14','2020-01-14',NULL,0,'2010-01-01','Y','2019-01-14 14:59:40'),(222,36,'ARBMHFJ','anurag','anrag@gmail.com','7903003123',NULL,'lohitpur, lohitpur, bihar, 841427','ANRJMBN','1ecbbcc7000b9db9db9aa615ec215e41697d8924ddd6835e404d34e5c37e8fefbb848dddad38367a8862571a841e85c7ffd6ec9bb1556714b7ac5ffb04855f59',0,NULL,0,34,36,'5',NULL,NULL,'N',NULL,NULL,NULL,0,'2011-01-02','Y','2019-01-14 15:09:25'),(223,36,'ARBMHFJ','stud','stud@gmail.com','7733930397',NULL,'patna, Patna, Bihar, 800020','STU72QG','96bcc3886898c1b1c79a0d56848ab90d72f9d795f52f2357cd50b7f1f51e61a1f372aa6bf252fa9eb19f0aa18f0ef8f440af743415535d53ea0ec53f8784d5ab',0,NULL,0,34,36,'2',NULL,NULL,'Y','2019-01-16','2020-01-16',NULL,0,'2004-01-14','Y','2019-01-14 16:36:45'),(224,31,'SUXQRWY','Nikhil Mishra','nikhil01@gmaul.com','7834913016',NULL,'GIY56, Delhi, Delhi, 110085','NIKQG5M','968bff1b1d6eb5745f932d57be696781fc731eb38e502677f0e3d1cee9cbbdc01d574dbf4fba85f3b60666c89e9f129b493db2a698ab2bad9f8cd680a11232ad',0,NULL,0,24,45,'847',NULL,NULL,'Y','2019-01-15','2020-01-15',NULL,0,'2017-01-15','Y','2019-01-15 12:08:59'),(225,41,'VI9VYQH','vibhas','vibhas1326@gmail.com','9311620027',NULL,'tedt, patna, bihar, 800001','VI1KFKZ','96bcc3886898c1b1c79a0d56848ab90d72f9d795f52f2357cd50b7f1f51e61a1f372aa6bf252fa9eb19f0aa18f0ef8f440af743415535d53ea0ec53f8784d5ab',0,NULL,0,38,46,'2',NULL,NULL,'Y','2019-01-15','2020-01-15',NULL,0,'2000-01-15','Y','2019-01-15 13:15:19'),(226,2,'ARHN86O','hshsh','vzvsvsg@gmail.com','9350943816',NULL,'gshsh, gxgdh, sygsgs, 346464','HSDD9NL','aaf956a9e183479db749bfed49a7200e7a70f820e420edcd85c487fa7f596805e1bae72263d95ddc9f008d7695dc0a838ca4c5f70c2695b203c2d77d7fe5d292',0,NULL,0,6,12,'123746',NULL,NULL,'N',NULL,NULL,NULL,0,'2009-01-16','N','2019-01-16 18:13:16');
/*!40000 ALTER TABLE `student` ENABLE KEYS */;
UNLOCK TABLES;

--
-- Table structure for table `student_attendance`
--

DROP TABLE IF EXISTS `student_attendance`;
/*!40101 SET @saved_cs_client     = @@character_set_client */;
/*!40101 SET character_set_client = utf8 */;
CREATE TABLE `student_attendance` (
  `attendanceID` int(200) unsigned NOT NULL AUTO_INCREMENT,
  `schoolID` int(11) NOT NULL,
  `academicID` int(11) NOT NULL,
  `studentID` int(11) NOT NULL,
  `classesID` int(11) NOT NULL,
  `sectionID` int(11) NOT NULL,
  `subjectID` int(11) NOT NULL,
  `userID` int(11) NOT NULL,
  `usertype` varchar(20) NOT NULL,
  `monthyear` varchar(10) NOT NULL,
  `a1` varchar(3) DEFAULT NULL,
  `a2` varchar(3) DEFAULT NULL,
  `a3` varchar(3) DEFAULT NULL,
  `a4` varchar(3) DEFAULT NULL,
  `a5` varchar(3) DEFAULT NULL,
  `a6` varchar(3) DEFAULT NULL,
  `a7` varchar(3) DEFAULT NULL,
  `a8` varchar(3) DEFAULT NULL,
  `a9` varchar(3) DEFAULT NULL,
  `a10` varchar(3) DEFAULT NULL,
  `a11` varchar(3) DEFAULT NULL,
  `a12` varchar(3) DEFAULT NULL,
  `a13` varchar(3) DEFAULT NULL,
  `a14` varchar(3) DEFAULT NULL,
  `a15` varchar(3) DEFAULT NULL,
  `a16` varchar(3) DEFAULT NULL,
  `a17` varchar(3) DEFAULT NULL,
  `a18` varchar(3) DEFAULT NULL,
  `a19` varchar(3) DEFAULT NULL,
  `a20` varchar(3) DEFAULT NULL,
  `a21` varchar(3) DEFAULT NULL,
  `a22` varchar(3) DEFAULT NULL,
  `a23` varchar(3) DEFAULT NULL,
  `a24` varchar(3) DEFAULT NULL,
  `a25` varchar(3) DEFAULT NULL,
  `a26` varchar(3) DEFAULT NULL,
  `a27` varchar(3) DEFAULT NULL,
  `a28` varchar(3) DEFAULT NULL,
  `a29` varchar(3) DEFAULT NULL,
  `a30` varchar(3) DEFAULT NULL,
  `a31` varchar(3) DEFAULT NULL,
  PRIMARY KEY (`attendanceID`)
) ENGINE=InnoDB AUTO_INCREMENT=124 DEFAULT CHARSET=utf8;
/*!40101 SET character_set_client = @saved_cs_client */;

--
-- Dumping data for table `student_attendance`
--

LOCK TABLES `student_attendance` WRITE;
/*!40000 ALTER TABLE `student_attendance` DISABLE KEYS */;
INSERT INTO `student_attendance` VALUES (1,1,1,0,1,1,0,1,'school','11-2018',NULL,NULL,NULL,NULL,NULL,NULL,NULL,NULL,NULL,NULL,NULL,NULL,NULL,NULL,NULL,NULL,NULL,NULL,NULL,NULL,NULL,NULL,NULL,NULL,NULL,NULL,NULL,NULL,NULL,NULL,NULL),(2,1,1,1,1,1,0,1,'school','11-2018',NULL,NULL,NULL,NULL,NULL,NULL,NULL,NULL,NULL,NULL,NULL,NULL,NULL,NULL,NULL,NULL,'A',NULL,NULL,NULL,NULL,NULL,NULL,NULL,NULL,NULL,NULL,NULL,NULL,NULL,NULL),(3,2,1,2,6,12,0,2,'teacher','11-2018',NULL,NULL,NULL,NULL,NULL,NULL,NULL,NULL,NULL,NULL,NULL,NULL,NULL,NULL,NULL,NULL,'P',NULL,NULL,NULL,NULL,NULL,NULL,NULL,NULL,NULL,NULL,NULL,NULL,NULL,NULL),(4,5,1,4,9,15,0,5,'school','11-2018',NULL,NULL,NULL,NULL,NULL,NULL,NULL,NULL,NULL,NULL,NULL,NULL,NULL,NULL,NULL,NULL,NULL,NULL,NULL,'P',NULL,NULL,NULL,NULL,NULL,NULL,NULL,NULL,NULL,NULL,NULL),(5,2,1,2,6,12,0,4,'teacher','12-2018',NULL,NULL,NULL,NULL,NULL,NULL,'P','P',NULL,NULL,NULL,NULL,NULL,NULL,NULL,NULL,NULL,'P',NULL,'P','P',NULL,NULL,'P',NULL,'P','P','P',NULL,NULL,NULL),(6,2,1,5,6,12,0,4,'teacher','12-2018',NULL,NULL,NULL,NULL,NULL,NULL,'P','P',NULL,NULL,NULL,NULL,NULL,NULL,NULL,NULL,NULL,'P',NULL,'P',NULL,NULL,NULL,NULL,NULL,NULL,NULL,NULL,NULL,NULL,NULL),(7,2,1,10,6,12,0,4,'teacher','12-2018',NULL,NULL,NULL,NULL,NULL,NULL,'P','A',NULL,NULL,NULL,NULL,NULL,NULL,NULL,NULL,NULL,'P',NULL,NULL,NULL,NULL,NULL,'P',NULL,NULL,NULL,NULL,NULL,NULL,NULL),(8,2,1,11,6,12,0,2,'school','12-2018',NULL,NULL,NULL,NULL,NULL,NULL,NULL,'P',NULL,NULL,NULL,NULL,NULL,NULL,NULL,NULL,NULL,'P',NULL,NULL,NULL,NULL,NULL,NULL,NULL,NULL,NULL,NULL,NULL,NULL,NULL),(9,5,1,4,9,15,0,3,'teacher','12-2018',NULL,NULL,NULL,NULL,NULL,NULL,NULL,NULL,NULL,NULL,NULL,NULL,NULL,'P',NULL,NULL,'P','A',NULL,NULL,NULL,NULL,NULL,NULL,NULL,NULL,NULL,NULL,NULL,NULL,NULL),(10,28,1,218,17,26,0,7,'teacher','01-2019',NULL,NULL,NULL,NULL,NULL,NULL,NULL,'P',NULL,NULL,NULL,NULL,NULL,NULL,NULL,NULL,'P',NULL,NULL,NULL,NULL,NULL,NULL,NULL,NULL,NULL,NULL,NULL,NULL,NULL,NULL),(11,28,1,219,17,26,0,7,'teacher','01-2019',NULL,NULL,NULL,NULL,NULL,NULL,NULL,'P',NULL,NULL,NULL,NULL,NULL,NULL,NULL,NULL,'P',NULL,NULL,NULL,NULL,NULL,NULL,NULL,NULL,NULL,NULL,NULL,NULL,NULL,NULL),(12,36,1,222,34,36,0,36,'school','01-2019',NULL,NULL,NULL,NULL,NULL,NULL,NULL,NULL,NULL,NULL,NULL,NULL,NULL,'L',NULL,NULL,NULL,NULL,NULL,NULL,NULL,NULL,NULL,NULL,NULL,NULL,NULL,NULL,NULL,NULL,NULL),(13,36,1,221,33,34,0,36,'school','01-2019',NULL,NULL,NULL,NULL,NULL,NULL,NULL,NULL,NULL,NULL,NULL,NULL,NULL,'P',NULL,NULL,NULL,NULL,NULL,NULL,NULL,NULL,NULL,NULL,NULL,NULL,NULL,NULL,NULL,NULL,NULL),(14,41,1,225,38,46,0,41,'school','01-2019',NULL,NULL,NULL,NULL,NULL,NULL,NULL,NULL,NULL,NULL,NULL,NULL,NULL,NULL,'P',NULL,NULL,NULL,NULL,NULL,NULL,NULL,NULL,NULL,NULL,NULL,NULL,NULL,NULL,NULL,NULL),(15,21,1,16,15,20,0,21,'school','01-2019',NULL,NULL,NULL,NULL,NULL,NULL,NULL,NULL,NULL,NULL,NULL,NULL,NULL,NULL,NULL,NULL,'P','L',NULL,NULL,'A',NULL,NULL,NULL,NULL,NULL,NULL,NULL,NULL,NULL,NULL),(16,21,1,17,15,20,0,21,'school','01-2019',NULL,NULL,NULL,NULL,NULL,NULL,NULL,NULL,NULL,NULL,NULL,NULL,NULL,NULL,NULL,NULL,'P','A',NULL,NULL,'A',NULL,NULL,NULL,NULL,NULL,NULL,NULL,NULL,NULL,NULL),(17,21,1,18,15,20,0,21,'school','01-2019',NULL,NULL,NULL,NULL,NULL,NULL,NULL,NULL,NULL,NULL,NULL,NULL,NULL,NULL,NULL,NULL,'P','L',NULL,NULL,'A',NULL,NULL,NULL,NULL,NULL,NULL,NULL,NULL,NULL,NULL),(18,21,1,19,15,20,0,21,'school','01-2019',NULL,NULL,NULL,NULL,NULL,NULL,NULL,NULL,NULL,NULL,NULL,NULL,NULL,NULL,NULL,NULL,'P','A',NULL,NULL,'A',NULL,NULL,NULL,NULL,NULL,NULL,NULL,NULL,NULL,NULL),(19,21,1,20,15,20,0,21,'school','01-2019',NULL,NULL,NULL,NULL,NULL,NULL,NULL,NULL,NULL,NULL,NULL,NULL,NULL,NULL,NULL,NULL,'P','A',NULL,NULL,'P',NULL,NULL,NULL,NULL,NULL,NULL,NULL,NULL,NULL,NULL),(20,21,1,21,15,20,0,21,'school','01-2019',NULL,NULL,NULL,NULL,NULL,NULL,NULL,NULL,NULL,NULL,NULL,NULL,NULL,NULL,NULL,NULL,'P','A',NULL,NULL,'P',NULL,NULL,NULL,NULL,NULL,NULL,NULL,NULL,NULL,NULL),(21,21,1,22,15,20,0,21,'school','01-2019',NULL,NULL,NULL,NULL,NULL,NULL,NULL,NULL,NULL,NULL,NULL,NULL,NULL,NULL,NULL,NULL,'P','A',NULL,NULL,'P',NULL,NULL,NULL,NULL,NULL,NULL,NULL,NULL,NULL,NULL),(22,21,1,23,15,20,0,21,'school','01-2019',NULL,NULL,NULL,NULL,NULL,NULL,NULL,NULL,NULL,NULL,NULL,NULL,NULL,NULL,NULL,NULL,'P','A',NULL,NULL,'P',NULL,NULL,NULL,NULL,NULL,NULL,NULL,NULL,NULL,NULL),(23,21,1,24,15,20,0,21,'school','01-2019',NULL,NULL,NULL,NULL,NULL,NULL,NULL,NULL,NULL,NULL,NULL,NULL,NULL,NULL,NULL,NULL,'P','A',NULL,NULL,'P',NULL,NULL,NULL,NULL,NULL,NULL,NULL,NULL,NULL,NULL),(24,21,1,25,15,20,0,21,'school','01-2019',NULL,NULL,NULL,NULL,NULL,NULL,NULL,NULL,NULL,NULL,NULL,NULL,NULL,NULL,NULL,NULL,'P','A',NULL,NULL,'P',NULL,NULL,NULL,NULL,NULL,NULL,NULL,NULL,NULL,NULL),(25,21,1,26,15,20,0,21,'school','01-2019',NULL,NULL,NULL,NULL,NULL,NULL,NULL,NULL,NULL,NULL,NULL,NULL,NULL,NULL,NULL,NULL,'P','A',NULL,NULL,'P',NULL,NULL,NULL,NULL,NULL,NULL,NULL,NULL,NULL,NULL),(26,21,1,27,15,20,0,21,'school','01-2019',NULL,NULL,NULL,NULL,NULL,NULL,NULL,NULL,NULL,NULL,NULL,NULL,NULL,NULL,NULL,NULL,'P','A',NULL,NULL,'P',NULL,NULL,NULL,NULL,NULL,NULL,NULL,NULL,NULL,NULL),(27,21,1,28,15,20,0,21,'school','01-2019',NULL,NULL,NULL,NULL,NULL,NULL,NULL,NULL,NULL,NULL,NULL,NULL,NULL,NULL,NULL,NULL,'P','A',NULL,NULL,'P',NULL,NULL,NULL,NULL,NULL,NULL,NULL,NULL,NULL,NULL),(28,21,1,29,15,20,0,21,'school','01-2019',NULL,NULL,NULL,NULL,NULL,NULL,NULL,NULL,NULL,NULL,NULL,NULL,NULL,NULL,NULL,NULL,'P','A',NULL,NULL,'P',NULL,NULL,NULL,NULL,NULL,NULL,NULL,NULL,NULL,NULL),(29,21,1,30,15,20,0,21,'school','01-2019',NULL,NULL,NULL,NULL,NULL,NULL,NULL,NULL,NULL,NULL,NULL,NULL,NULL,NULL,NULL,NULL,'P','A',NULL,NULL,'P',NULL,NULL,NULL,NULL,NULL,NULL,NULL,NULL,NULL,NULL),(30,21,1,31,15,20,0,21,'school','01-2019',NULL,NULL,NULL,NULL,NULL,NULL,NULL,NULL,NULL,NULL,NULL,NULL,NULL,NULL,NULL,NULL,'P','A',NULL,NULL,'P',NULL,NULL,NULL,NULL,NULL,NULL,NULL,NULL,NULL,NULL),(31,21,1,32,15,20,0,21,'school','01-2019',NULL,NULL,NULL,NULL,NULL,NULL,NULL,NULL,NULL,NULL,NULL,NULL,NULL,NULL,NULL,NULL,'P','A',NULL,NULL,'P',NULL,NULL,NULL,NULL,NULL,NULL,NULL,NULL,NULL,NULL),(32,21,1,33,15,20,0,21,'school','01-2019',NULL,NULL,NULL,NULL,NULL,NULL,NULL,NULL,NULL,NULL,NULL,NULL,NULL,NULL,NULL,NULL,'P','A',NULL,NULL,'P',NULL,NULL,NULL,NULL,NULL,NULL,NULL,NULL,NULL,NULL),(33,21,1,34,15,20,0,21,'school','01-2019',NULL,NULL,NULL,NULL,NULL,NULL,NULL,NULL,NULL,NULL,NULL,NULL,NULL,NULL,NULL,NULL,'P','A',NULL,NULL,'P',NULL,NULL,NULL,NULL,NULL,NULL,NULL,NULL,NULL,NULL),(34,21,1,35,15,20,0,21,'school','01-2019',NULL,NULL,NULL,NULL,NULL,NULL,NULL,NULL,NULL,NULL,NULL,NULL,NULL,NULL,NULL,NULL,'P','A',NULL,NULL,'P',NULL,NULL,NULL,NULL,NULL,NULL,NULL,NULL,NULL,NULL),(35,21,1,36,15,20,0,21,'school','01-2019',NULL,NULL,NULL,NULL,NULL,NULL,NULL,NULL,NULL,NULL,NULL,NULL,NULL,NULL,NULL,NULL,'P','A',NULL,NULL,'P',NULL,NULL,NULL,NULL,NULL,NULL,NULL,NULL,NULL,NULL),(36,21,1,37,15,20,0,21,'school','01-2019',NULL,NULL,NULL,NULL,NULL,NULL,NULL,NULL,NULL,NULL,NULL,NULL,NULL,NULL,NULL,NULL,'P','A',NULL,NULL,'P',NULL,NULL,NULL,NULL,NULL,NULL,NULL,NULL,NULL,NULL),(37,21,1,38,15,20,0,21,'school','01-2019',NULL,NULL,NULL,NULL,NULL,NULL,NULL,NULL,NULL,NULL,NULL,NULL,NULL,NULL,NULL,NULL,'P','A',NULL,NULL,'P',NULL,NULL,NULL,NULL,NULL,NULL,NULL,NULL,NULL,NULL),(38,21,1,39,15,20,0,21,'school','01-2019',NULL,NULL,NULL,NULL,NULL,NULL,NULL,NULL,NULL,NULL,NULL,NULL,NULL,NULL,NULL,NULL,'P','A',NULL,NULL,'P',NULL,NULL,NULL,NULL,NULL,NULL,NULL,NULL,NULL,NULL),(39,21,1,40,15,20,0,21,'school','01-2019',NULL,NULL,NULL,NULL,NULL,NULL,NULL,NULL,NULL,NULL,NULL,NULL,NULL,NULL,NULL,NULL,'P','A',NULL,NULL,'P',NULL,NULL,NULL,NULL,NULL,NULL,NULL,NULL,NULL,NULL),(40,21,1,41,15,20,0,21,'school','01-2019',NULL,NULL,NULL,NULL,NULL,NULL,NULL,NULL,NULL,NULL,NULL,NULL,NULL,NULL,NULL,NULL,'P','A',NULL,NULL,'P',NULL,NULL,NULL,NULL,NULL,NULL,NULL,NULL,NULL,NULL),(41,21,1,42,15,20,0,21,'school','01-2019',NULL,NULL,NULL,NULL,NULL,NULL,NULL,NULL,NULL,NULL,NULL,NULL,NULL,NULL,NULL,NULL,'P','A',NULL,NULL,'P',NULL,NULL,NULL,NULL,NULL,NULL,NULL,NULL,NULL,NULL),(42,21,1,43,15,20,0,21,'school','01-2019',NULL,NULL,NULL,NULL,NULL,NULL,NULL,NULL,NULL,NULL,NULL,NULL,NULL,NULL,NULL,NULL,'P','A',NULL,NULL,'P',NULL,NULL,NULL,NULL,NULL,NULL,NULL,NULL,NULL,NULL),(43,21,1,44,15,20,0,21,'school','01-2019',NULL,NULL,NULL,NULL,NULL,NULL,NULL,NULL,NULL,NULL,NULL,NULL,NULL,NULL,NULL,NULL,'P','A',NULL,NULL,'P',NULL,NULL,NULL,NULL,NULL,NULL,NULL,NULL,NULL,NULL),(44,21,1,45,15,20,0,21,'school','01-2019',NULL,NULL,NULL,NULL,NULL,NULL,NULL,NULL,NULL,NULL,NULL,NULL,NULL,NULL,NULL,NULL,'P','A',NULL,NULL,'P',NULL,NULL,NULL,NULL,NULL,NULL,NULL,NULL,NULL,NULL),(45,21,1,46,15,20,0,21,'school','01-2019',NULL,NULL,NULL,NULL,NULL,NULL,NULL,NULL,NULL,NULL,NULL,NULL,NULL,NULL,NULL,NULL,'P','A',NULL,NULL,'P',NULL,NULL,NULL,NULL,NULL,NULL,NULL,NULL,NULL,NULL),(46,21,1,47,15,20,0,21,'school','01-2019',NULL,NULL,NULL,NULL,NULL,NULL,NULL,NULL,NULL,NULL,NULL,NULL,NULL,NULL,NULL,NULL,'P','A',NULL,NULL,'P',NULL,NULL,NULL,NULL,NULL,NULL,NULL,NULL,NULL,NULL),(47,21,1,48,15,20,0,21,'school','01-2019',NULL,NULL,NULL,NULL,NULL,NULL,NULL,NULL,NULL,NULL,NULL,NULL,NULL,NULL,NULL,NULL,'P','A',NULL,NULL,'P',NULL,NULL,NULL,NULL,NULL,NULL,NULL,NULL,NULL,NULL),(48,21,1,49,15,20,0,21,'school','01-2019',NULL,NULL,NULL,NULL,NULL,NULL,NULL,NULL,NULL,NULL,NULL,NULL,NULL,NULL,NULL,NULL,'P','A',NULL,NULL,'P',NULL,NULL,NULL,NULL,NULL,NULL,NULL,NULL,NULL,NULL),(49,21,1,50,15,20,0,21,'school','01-2019',NULL,NULL,NULL,NULL,NULL,NULL,NULL,NULL,NULL,NULL,NULL,NULL,NULL,NULL,NULL,NULL,'P','A',NULL,NULL,'P',NULL,NULL,NULL,NULL,NULL,NULL,NULL,NULL,NULL,NULL),(50,21,1,51,15,20,0,21,'school','01-2019',NULL,NULL,NULL,NULL,NULL,NULL,NULL,NULL,NULL,NULL,NULL,NULL,NULL,NULL,NULL,NULL,'P','A',NULL,NULL,'P',NULL,NULL,NULL,NULL,NULL,NULL,NULL,NULL,NULL,NULL),(51,21,1,52,15,20,0,21,'school','01-2019',NULL,NULL,NULL,NULL,NULL,NULL,NULL,NULL,NULL,NULL,NULL,NULL,NULL,NULL,NULL,NULL,'P','A',NULL,NULL,'P',NULL,NULL,NULL,NULL,NULL,NULL,NULL,NULL,NULL,NULL),(52,21,1,53,15,20,0,21,'school','01-2019',NULL,NULL,NULL,NULL,NULL,NULL,NULL,NULL,NULL,NULL,NULL,NULL,NULL,NULL,NULL,NULL,'P','A',NULL,NULL,'P',NULL,NULL,NULL,NULL,NULL,NULL,NULL,NULL,NULL,NULL),(53,21,1,54,15,20,0,21,'school','01-2019',NULL,NULL,NULL,NULL,NULL,NULL,NULL,NULL,NULL,NULL,NULL,NULL,NULL,NULL,NULL,NULL,'P','A',NULL,NULL,'P',NULL,NULL,NULL,NULL,NULL,NULL,NULL,NULL,NULL,NULL),(54,21,1,55,15,20,0,21,'school','01-2019',NULL,NULL,NULL,NULL,NULL,NULL,NULL,NULL,NULL,NULL,NULL,NULL,NULL,NULL,NULL,NULL,'P','A',NULL,NULL,'P',NULL,NULL,NULL,NULL,NULL,NULL,NULL,NULL,NULL,NULL),(55,21,1,56,15,20,0,21,'school','01-2019',NULL,NULL,NULL,NULL,NULL,NULL,NULL,NULL,NULL,NULL,NULL,NULL,NULL,NULL,NULL,NULL,'P','A',NULL,NULL,'P',NULL,NULL,NULL,NULL,NULL,NULL,NULL,NULL,NULL,NULL),(56,21,1,57,15,20,0,21,'school','01-2019',NULL,NULL,NULL,NULL,NULL,NULL,NULL,NULL,NULL,NULL,NULL,NULL,NULL,NULL,NULL,NULL,'P','A',NULL,NULL,'P',NULL,NULL,NULL,NULL,NULL,NULL,NULL,NULL,NULL,NULL),(57,21,1,58,15,20,0,21,'school','01-2019',NULL,NULL,NULL,NULL,NULL,NULL,NULL,NULL,NULL,NULL,NULL,NULL,NULL,NULL,NULL,NULL,'P','A',NULL,NULL,'P',NULL,NULL,NULL,NULL,NULL,NULL,NULL,NULL,NULL,NULL),(58,21,1,59,15,20,0,21,'school','01-2019',NULL,NULL,NULL,NULL,NULL,NULL,NULL,NULL,NULL,NULL,NULL,NULL,NULL,NULL,NULL,NULL,'P','A',NULL,NULL,'P',NULL,NULL,NULL,NULL,NULL,NULL,NULL,NULL,NULL,NULL),(59,21,1,60,15,20,0,21,'school','01-2019',NULL,NULL,NULL,NULL,NULL,NULL,NULL,NULL,NULL,NULL,NULL,NULL,NULL,NULL,NULL,NULL,'P','A',NULL,NULL,'P',NULL,NULL,NULL,NULL,NULL,NULL,NULL,NULL,NULL,NULL),(60,21,1,61,15,20,0,21,'school','01-2019',NULL,NULL,NULL,NULL,NULL,NULL,NULL,NULL,NULL,NULL,NULL,NULL,NULL,NULL,NULL,NULL,'P','A',NULL,NULL,'P',NULL,NULL,NULL,NULL,NULL,NULL,NULL,NULL,NULL,NULL),(61,21,1,62,15,20,0,21,'school','01-2019',NULL,NULL,NULL,NULL,NULL,NULL,NULL,NULL,NULL,NULL,NULL,NULL,NULL,NULL,NULL,NULL,'P','A',NULL,NULL,'P',NULL,NULL,NULL,NULL,NULL,NULL,NULL,NULL,NULL,NULL),(62,21,1,63,15,20,0,21,'school','01-2019',NULL,NULL,NULL,NULL,NULL,NULL,NULL,NULL,NULL,NULL,NULL,NULL,NULL,NULL,NULL,NULL,'P','A',NULL,NULL,'P',NULL,NULL,NULL,NULL,NULL,NULL,NULL,NULL,NULL,NULL),(63,21,1,64,15,20,0,21,'school','01-2019',NULL,NULL,NULL,NULL,NULL,NULL,NULL,NULL,NULL,NULL,NULL,NULL,NULL,NULL,NULL,NULL,'P','A',NULL,NULL,'P',NULL,NULL,NULL,NULL,NULL,NULL,NULL,NULL,NULL,NULL),(64,21,1,65,15,20,0,21,'school','01-2019',NULL,NULL,NULL,NULL,NULL,NULL,NULL,NULL,NULL,NULL,NULL,NULL,NULL,NULL,NULL,NULL,'P','A',NULL,NULL,'P',NULL,NULL,NULL,NULL,NULL,NULL,NULL,NULL,NULL,NULL),(65,21,1,116,15,22,0,14,'teacher','01-2019',NULL,NULL,NULL,NULL,NULL,NULL,NULL,NULL,NULL,NULL,NULL,NULL,NULL,NULL,NULL,NULL,NULL,NULL,'P',NULL,NULL,NULL,NULL,NULL,NULL,NULL,NULL,NULL,NULL,NULL,NULL),(66,21,1,117,15,22,0,14,'teacher','01-2019',NULL,NULL,NULL,NULL,NULL,NULL,NULL,NULL,NULL,NULL,NULL,NULL,NULL,NULL,NULL,NULL,NULL,NULL,'A',NULL,NULL,NULL,NULL,NULL,NULL,NULL,NULL,NULL,NULL,NULL,NULL),(67,21,1,118,15,22,0,14,'teacher','01-2019',NULL,NULL,NULL,NULL,NULL,NULL,NULL,NULL,NULL,NULL,NULL,NULL,NULL,NULL,NULL,NULL,NULL,NULL,'P',NULL,NULL,NULL,NULL,NULL,NULL,NULL,NULL,NULL,NULL,NULL,NULL),(68,21,1,119,15,22,0,14,'teacher','01-2019',NULL,NULL,NULL,NULL,NULL,NULL,NULL,NULL,NULL,NULL,NULL,NULL,NULL,NULL,NULL,NULL,NULL,NULL,'P',NULL,NULL,NULL,NULL,NULL,NULL,NULL,NULL,NULL,NULL,NULL,NULL),(69,21,1,120,15,22,0,14,'teacher','01-2019',NULL,NULL,NULL,NULL,NULL,NULL,NULL,NULL,NULL,NULL,NULL,NULL,NULL,NULL,NULL,NULL,NULL,NULL,'P',NULL,NULL,NULL,NULL,NULL,NULL,NULL,NULL,NULL,NULL,NULL,NULL),(70,21,1,121,15,22,0,14,'teacher','01-2019',NULL,NULL,NULL,NULL,NULL,NULL,NULL,NULL,NULL,NULL,NULL,NULL,NULL,NULL,NULL,NULL,NULL,NULL,'P',NULL,NULL,NULL,NULL,NULL,NULL,NULL,NULL,NULL,NULL,NULL,NULL),(71,21,1,122,15,22,0,14,'teacher','01-2019',NULL,NULL,NULL,NULL,NULL,NULL,NULL,NULL,NULL,NULL,NULL,NULL,NULL,NULL,NULL,NULL,NULL,NULL,'P',NULL,NULL,NULL,NULL,NULL,NULL,NULL,NULL,NULL,NULL,NULL,NULL),(72,21,1,123,15,22,0,14,'teacher','01-2019',NULL,NULL,NULL,NULL,NULL,NULL,NULL,NULL,NULL,NULL,NULL,NULL,NULL,NULL,NULL,NULL,NULL,NULL,'P',NULL,NULL,NULL,NULL,NULL,NULL,NULL,NULL,NULL,NULL,NULL,NULL),(73,21,1,124,15,22,0,14,'teacher','01-2019',NULL,NULL,NULL,NULL,NULL,NULL,NULL,NULL,NULL,NULL,NULL,NULL,NULL,NULL,NULL,NULL,NULL,NULL,'P',NULL,NULL,NULL,NULL,NULL,NULL,NULL,NULL,NULL,NULL,NULL,NULL),(74,21,1,125,15,22,0,14,'teacher','01-2019',NULL,NULL,NULL,NULL,NULL,NULL,NULL,NULL,NULL,NULL,NULL,NULL,NULL,NULL,NULL,NULL,NULL,NULL,'P',NULL,NULL,NULL,NULL,NULL,NULL,NULL,NULL,NULL,NULL,NULL,NULL),(75,21,1,126,15,22,0,14,'teacher','01-2019',NULL,NULL,NULL,NULL,NULL,NULL,NULL,NULL,NULL,NULL,NULL,NULL,NULL,NULL,NULL,NULL,NULL,NULL,'P',NULL,NULL,NULL,NULL,NULL,NULL,NULL,NULL,NULL,NULL,NULL,NULL),(76,21,1,127,15,22,0,14,'teacher','01-2019',NULL,NULL,NULL,NULL,NULL,NULL,NULL,NULL,NULL,NULL,NULL,NULL,NULL,NULL,NULL,NULL,NULL,NULL,'P',NULL,NULL,NULL,NULL,NULL,NULL,NULL,NULL,NULL,NULL,NULL,NULL),(77,21,1,128,15,22,0,14,'teacher','01-2019',NULL,NULL,NULL,NULL,NULL,NULL,NULL,NULL,NULL,NULL,NULL,NULL,NULL,NULL,NULL,NULL,NULL,NULL,'P',NULL,NULL,NULL,NULL,NULL,NULL,NULL,NULL,NULL,NULL,NULL,NULL),(78,21,1,129,15,22,0,14,'teacher','01-2019',NULL,NULL,NULL,NULL,NULL,NULL,NULL,NULL,NULL,NULL,NULL,NULL,NULL,NULL,NULL,NULL,NULL,NULL,'P',NULL,NULL,NULL,NULL,NULL,NULL,NULL,NULL,NULL,NULL,NULL,NULL),(79,21,1,130,15,22,0,14,'teacher','01-2019',NULL,NULL,NULL,NULL,NULL,NULL,NULL,NULL,NULL,NULL,NULL,NULL,NULL,NULL,NULL,NULL,NULL,NULL,'P',NULL,NULL,NULL,NULL,NULL,NULL,NULL,NULL,NULL,NULL,NULL,NULL),(80,21,1,131,15,22,0,14,'teacher','01-2019',NULL,NULL,NULL,NULL,NULL,NULL,NULL,NULL,NULL,NULL,NULL,NULL,NULL,NULL,NULL,NULL,NULL,NULL,'P',NULL,NULL,NULL,NULL,NULL,NULL,NULL,NULL,NULL,NULL,NULL,NULL),(81,21,1,132,15,22,0,14,'teacher','01-2019',NULL,NULL,NULL,NULL,NULL,NULL,NULL,NULL,NULL,NULL,NULL,NULL,NULL,NULL,NULL,NULL,NULL,NULL,'P',NULL,NULL,NULL,NULL,NULL,NULL,NULL,NULL,NULL,NULL,NULL,NULL),(82,21,1,133,15,22,0,14,'teacher','01-2019',NULL,NULL,NULL,NULL,NULL,NULL,NULL,NULL,NULL,NULL,NULL,NULL,NULL,NULL,NULL,NULL,NULL,NULL,'P',NULL,NULL,NULL,NULL,NULL,NULL,NULL,NULL,NULL,NULL,NULL,NULL),(83,21,1,134,15,22,0,14,'teacher','01-2019',NULL,NULL,NULL,NULL,NULL,NULL,NULL,NULL,NULL,NULL,NULL,NULL,NULL,NULL,NULL,NULL,NULL,NULL,'P',NULL,NULL,NULL,NULL,NULL,NULL,NULL,NULL,NULL,NULL,NULL,NULL),(84,21,1,135,15,22,0,14,'teacher','01-2019',NULL,NULL,NULL,NULL,NULL,NULL,NULL,NULL,NULL,NULL,NULL,NULL,NULL,NULL,NULL,NULL,NULL,NULL,'P',NULL,NULL,NULL,NULL,NULL,NULL,NULL,NULL,NULL,NULL,NULL,NULL),(85,21,1,136,15,22,0,14,'teacher','01-2019',NULL,NULL,NULL,NULL,NULL,NULL,NULL,NULL,NULL,NULL,NULL,NULL,NULL,NULL,NULL,NULL,NULL,NULL,'P',NULL,NULL,NULL,NULL,NULL,NULL,NULL,NULL,NULL,NULL,NULL,NULL),(86,21,1,137,15,22,0,14,'teacher','01-2019',NULL,NULL,NULL,NULL,NULL,NULL,NULL,NULL,NULL,NULL,NULL,NULL,NULL,NULL,NULL,NULL,NULL,NULL,'P',NULL,NULL,NULL,NULL,NULL,NULL,NULL,NULL,NULL,NULL,NULL,NULL),(87,21,1,138,15,22,0,14,'teacher','01-2019',NULL,NULL,NULL,NULL,NULL,NULL,NULL,NULL,NULL,NULL,NULL,NULL,NULL,NULL,NULL,NULL,NULL,NULL,'P',NULL,NULL,NULL,NULL,NULL,NULL,NULL,NULL,NULL,NULL,NULL,NULL),(88,21,1,139,15,22,0,14,'teacher','01-2019',NULL,NULL,NULL,NULL,NULL,NULL,NULL,NULL,NULL,NULL,NULL,NULL,NULL,NULL,NULL,NULL,NULL,NULL,'P',NULL,NULL,NULL,NULL,NULL,NULL,NULL,NULL,NULL,NULL,NULL,NULL),(89,21,1,140,15,22,0,14,'teacher','01-2019',NULL,NULL,NULL,NULL,NULL,NULL,NULL,NULL,NULL,NULL,NULL,NULL,NULL,NULL,NULL,NULL,NULL,NULL,'P',NULL,NULL,NULL,NULL,NULL,NULL,NULL,NULL,NULL,NULL,NULL,NULL),(90,21,1,141,15,22,0,14,'teacher','01-2019',NULL,NULL,NULL,NULL,NULL,NULL,NULL,NULL,NULL,NULL,NULL,NULL,NULL,NULL,NULL,NULL,NULL,NULL,'P',NULL,NULL,NULL,NULL,NULL,NULL,NULL,NULL,NULL,NULL,NULL,NULL),(91,21,1,142,15,22,0,14,'teacher','01-2019',NULL,NULL,NULL,NULL,NULL,NULL,NULL,NULL,NULL,NULL,NULL,NULL,NULL,NULL,NULL,NULL,NULL,NULL,'P',NULL,NULL,NULL,NULL,NULL,NULL,NULL,NULL,NULL,NULL,NULL,NULL),(92,21,1,143,15,22,0,14,'teacher','01-2019',NULL,NULL,NULL,NULL,NULL,NULL,NULL,NULL,NULL,NULL,NULL,NULL,NULL,NULL,NULL,NULL,NULL,NULL,'P',NULL,NULL,NULL,NULL,NULL,NULL,NULL,NULL,NULL,NULL,NULL,NULL),(93,21,1,144,15,22,0,14,'teacher','01-2019',NULL,NULL,NULL,NULL,NULL,NULL,NULL,NULL,NULL,NULL,NULL,NULL,NULL,NULL,NULL,NULL,NULL,NULL,'P',NULL,NULL,NULL,NULL,NULL,NULL,NULL,NULL,NULL,NULL,NULL,NULL),(94,21,1,145,15,22,0,14,'teacher','01-2019',NULL,NULL,NULL,NULL,NULL,NULL,NULL,NULL,NULL,NULL,NULL,NULL,NULL,NULL,NULL,NULL,NULL,NULL,'P',NULL,NULL,NULL,NULL,NULL,NULL,NULL,NULL,NULL,NULL,NULL,NULL),(95,21,1,146,15,22,0,14,'teacher','01-2019',NULL,NULL,NULL,NULL,NULL,NULL,NULL,NULL,NULL,NULL,NULL,NULL,NULL,NULL,NULL,NULL,NULL,NULL,'P',NULL,NULL,NULL,NULL,NULL,NULL,NULL,NULL,NULL,NULL,NULL,NULL),(96,21,1,147,15,22,0,14,'teacher','01-2019',NULL,NULL,NULL,NULL,NULL,NULL,NULL,NULL,NULL,NULL,NULL,NULL,NULL,NULL,NULL,NULL,NULL,NULL,'P',NULL,NULL,NULL,NULL,NULL,NULL,NULL,NULL,NULL,NULL,NULL,NULL),(97,21,1,148,15,22,0,14,'teacher','01-2019',NULL,NULL,NULL,NULL,NULL,NULL,NULL,NULL,NULL,NULL,NULL,NULL,NULL,NULL,NULL,NULL,NULL,NULL,'P',NULL,NULL,NULL,NULL,NULL,NULL,NULL,NULL,NULL,NULL,NULL,NULL),(98,21,1,149,15,22,0,14,'teacher','01-2019',NULL,NULL,NULL,NULL,NULL,NULL,NULL,NULL,NULL,NULL,NULL,NULL,NULL,NULL,NULL,NULL,NULL,NULL,'P',NULL,NULL,NULL,NULL,NULL,NULL,NULL,NULL,NULL,NULL,NULL,NULL),(99,21,1,150,15,22,0,14,'teacher','01-2019',NULL,NULL,NULL,NULL,NULL,NULL,NULL,NULL,NULL,NULL,NULL,NULL,NULL,NULL,NULL,NULL,NULL,NULL,'P',NULL,NULL,NULL,NULL,NULL,NULL,NULL,NULL,NULL,NULL,NULL,NULL),(100,21,1,151,15,22,0,14,'teacher','01-2019',NULL,NULL,NULL,NULL,NULL,NULL,NULL,NULL,NULL,NULL,NULL,NULL,NULL,NULL,NULL,NULL,NULL,NULL,'P',NULL,NULL,NULL,NULL,NULL,NULL,NULL,NULL,NULL,NULL,NULL,NULL),(101,21,1,152,15,22,0,14,'teacher','01-2019',NULL,NULL,NULL,NULL,NULL,NULL,NULL,NULL,NULL,NULL,NULL,NULL,NULL,NULL,NULL,NULL,NULL,NULL,'P',NULL,NULL,NULL,NULL,NULL,NULL,NULL,NULL,NULL,NULL,NULL,NULL),(102,21,1,153,15,22,0,14,'teacher','01-2019',NULL,NULL,NULL,NULL,NULL,NULL,NULL,NULL,NULL,NULL,NULL,NULL,NULL,NULL,NULL,NULL,NULL,NULL,'P',NULL,NULL,NULL,NULL,NULL,NULL,NULL,NULL,NULL,NULL,NULL,NULL),(103,21,1,154,15,22,0,14,'teacher','01-2019',NULL,NULL,NULL,NULL,NULL,NULL,NULL,NULL,NULL,NULL,NULL,NULL,NULL,NULL,NULL,NULL,NULL,NULL,'P',NULL,NULL,NULL,NULL,NULL,NULL,NULL,NULL,NULL,NULL,NULL,NULL),(104,21,1,155,15,22,0,14,'teacher','01-2019',NULL,NULL,NULL,NULL,NULL,NULL,NULL,NULL,NULL,NULL,NULL,NULL,NULL,NULL,NULL,NULL,NULL,NULL,'P',NULL,NULL,NULL,NULL,NULL,NULL,NULL,NULL,NULL,NULL,NULL,NULL),(105,21,1,156,15,22,0,14,'teacher','01-2019',NULL,NULL,NULL,NULL,NULL,NULL,NULL,NULL,NULL,NULL,NULL,NULL,NULL,NULL,NULL,NULL,NULL,NULL,'P',NULL,NULL,NULL,NULL,NULL,NULL,NULL,NULL,NULL,NULL,NULL,NULL),(106,21,1,157,15,22,0,14,'teacher','01-2019',NULL,NULL,NULL,NULL,NULL,NULL,NULL,NULL,NULL,NULL,NULL,NULL,NULL,NULL,NULL,NULL,NULL,NULL,'P',NULL,NULL,NULL,NULL,NULL,NULL,NULL,NULL,NULL,NULL,NULL,NULL),(107,21,1,158,15,22,0,14,'teacher','01-2019',NULL,NULL,NULL,NULL,NULL,NULL,NULL,NULL,NULL,NULL,NULL,NULL,NULL,NULL,NULL,NULL,NULL,NULL,'P',NULL,NULL,NULL,NULL,NULL,NULL,NULL,NULL,NULL,NULL,NULL,NULL),(108,21,1,159,15,22,0,14,'teacher','01-2019',NULL,NULL,NULL,NULL,NULL,NULL,NULL,NULL,NULL,NULL,NULL,NULL,NULL,NULL,NULL,NULL,NULL,NULL,'P',NULL,NULL,NULL,NULL,NULL,NULL,NULL,NULL,NULL,NULL,NULL,NULL),(109,21,1,160,15,22,0,14,'teacher','01-2019',NULL,NULL,NULL,NULL,NULL,NULL,NULL,NULL,NULL,NULL,NULL,NULL,NULL,NULL,NULL,NULL,NULL,NULL,'P',NULL,NULL,NULL,NULL,NULL,NULL,NULL,NULL,NULL,NULL,NULL,NULL),(110,21,1,161,15,22,0,14,'teacher','01-2019',NULL,NULL,NULL,NULL,NULL,NULL,NULL,NULL,NULL,NULL,NULL,NULL,NULL,NULL,NULL,NULL,NULL,NULL,'P',NULL,NULL,NULL,NULL,NULL,NULL,NULL,NULL,NULL,NULL,NULL,NULL),(111,21,1,162,15,22,0,14,'teacher','01-2019',NULL,NULL,NULL,NULL,NULL,NULL,NULL,NULL,NULL,NULL,NULL,NULL,NULL,NULL,NULL,NULL,NULL,NULL,'P',NULL,NULL,NULL,NULL,NULL,NULL,NULL,NULL,NULL,NULL,NULL,NULL),(112,21,1,163,15,22,0,14,'teacher','01-2019',NULL,NULL,NULL,NULL,NULL,NULL,NULL,NULL,NULL,NULL,NULL,NULL,NULL,NULL,NULL,NULL,NULL,NULL,'P',NULL,NULL,NULL,NULL,NULL,NULL,NULL,NULL,NULL,NULL,NULL,NULL),(113,21,1,164,15,22,0,14,'teacher','01-2019',NULL,NULL,NULL,NULL,NULL,NULL,NULL,NULL,NULL,NULL,NULL,NULL,NULL,NULL,NULL,NULL,NULL,NULL,'P',NULL,NULL,NULL,NULL,NULL,NULL,NULL,NULL,NULL,NULL,NULL,NULL),(114,21,1,165,15,22,0,14,'teacher','01-2019',NULL,NULL,NULL,NULL,NULL,NULL,NULL,NULL,NULL,NULL,NULL,NULL,NULL,NULL,NULL,NULL,NULL,NULL,'P',NULL,NULL,NULL,NULL,NULL,NULL,NULL,NULL,NULL,NULL,NULL,NULL),(115,2,1,2,6,12,0,2,'school','01-2019',NULL,NULL,NULL,NULL,NULL,NULL,NULL,NULL,NULL,NULL,NULL,NULL,NULL,NULL,NULL,NULL,NULL,NULL,'P',NULL,'P','P',NULL,NULL,NULL,NULL,NULL,NULL,NULL,NULL,NULL),(116,2,1,5,6,12,0,2,'school','01-2019',NULL,NULL,NULL,NULL,NULL,NULL,NULL,NULL,NULL,NULL,NULL,NULL,NULL,NULL,NULL,NULL,NULL,NULL,'P',NULL,NULL,NULL,NULL,NULL,NULL,NULL,NULL,NULL,NULL,NULL,NULL),(117,2,1,10,6,12,0,2,'school','01-2019',NULL,NULL,NULL,NULL,NULL,NULL,NULL,NULL,NULL,NULL,NULL,NULL,NULL,NULL,NULL,NULL,NULL,NULL,'P',NULL,NULL,NULL,NULL,NULL,NULL,NULL,NULL,NULL,NULL,NULL,NULL),(118,2,1,11,6,12,0,2,'school','01-2019',NULL,NULL,NULL,NULL,NULL,NULL,NULL,NULL,NULL,NULL,NULL,NULL,NULL,NULL,NULL,NULL,NULL,NULL,'P',NULL,NULL,NULL,NULL,NULL,NULL,NULL,NULL,NULL,NULL,NULL,NULL),(119,2,1,13,6,12,0,2,'school','01-2019',NULL,NULL,NULL,NULL,NULL,NULL,NULL,NULL,NULL,NULL,NULL,NULL,NULL,NULL,NULL,NULL,NULL,NULL,'P',NULL,NULL,NULL,NULL,NULL,NULL,NULL,NULL,NULL,NULL,NULL,NULL),(120,2,1,14,6,12,0,2,'school','01-2019',NULL,NULL,NULL,NULL,NULL,NULL,NULL,NULL,NULL,NULL,NULL,NULL,NULL,NULL,NULL,NULL,NULL,NULL,'P',NULL,NULL,NULL,NULL,NULL,NULL,NULL,NULL,NULL,NULL,NULL,NULL),(121,2,1,216,6,12,0,2,'school','01-2019',NULL,NULL,NULL,NULL,NULL,NULL,NULL,NULL,NULL,NULL,NULL,NULL,NULL,NULL,NULL,NULL,NULL,NULL,'P',NULL,NULL,NULL,NULL,NULL,NULL,NULL,NULL,NULL,NULL,NULL,NULL),(122,2,1,217,6,12,0,2,'school','01-2019',NULL,NULL,NULL,NULL,NULL,NULL,NULL,NULL,NULL,NULL,NULL,NULL,NULL,NULL,NULL,NULL,NULL,NULL,'P',NULL,NULL,NULL,NULL,NULL,NULL,NULL,NULL,NULL,NULL,NULL,NULL),(123,2,1,226,6,12,0,2,'school','01-2019',NULL,NULL,NULL,NULL,NULL,NULL,NULL,NULL,NULL,NULL,NULL,NULL,NULL,NULL,NULL,NULL,NULL,NULL,'P',NULL,NULL,NULL,NULL,NULL,NULL,NULL,NULL,NULL,NULL,NULL,NULL);
/*!40000 ALTER TABLE `student_attendance` ENABLE KEYS */;
UNLOCK TABLES;

--
-- Table structure for table `student_group`
--

DROP TABLE IF EXISTS `student_group`;
/*!40101 SET @saved_cs_client     = @@character_set_client */;
/*!40101 SET character_set_client = utf8 */;
CREATE TABLE `student_group` (
  `groupID` int(11) NOT NULL AUTO_INCREMENT,
  `schoolID` int(11) NOT NULL,
  `group_name` varchar(255) NOT NULL,
  `latitude` varchar(100) DEFAULT NULL,
  `longitude` varchar(100) DEFAULT NULL,
  `added_on` datetime DEFAULT NULL,
  `modified_on` datetime DEFAULT NULL,
  PRIMARY KEY (`groupID`)
) ENGINE=MyISAM AUTO_INCREMENT=4 DEFAULT CHARSET=latin1;
/*!40101 SET character_set_client = @saved_cs_client */;

--
-- Dumping data for table `student_group`
--

LOCK TABLES `student_group` WRITE;
/*!40000 ALTER TABLE `student_group` DISABLE KEYS */;
INSERT INTO `student_group` VALUES (1,2,'ACE','28.5607631','77.4509864','2018-12-27 17:25:11','2018-12-27 17:25:39'),(2,36,'quiz','-2','-3','2019-01-14 15:35:22','2019-01-14 15:35:22'),(3,36,'test','1','1','2019-01-14 15:45:14','2019-01-14 15:45:14');
/*!40000 ALTER TABLE `student_group` ENABLE KEYS */;
UNLOCK TABLES;

--
-- Table structure for table `student_subscription_history`
--

DROP TABLE IF EXISTS `student_subscription_history`;
/*!40101 SET @saved_cs_client     = @@character_set_client */;
/*!40101 SET character_set_client = utf8 */;
CREATE TABLE `student_subscription_history` (
  `shistoryID` int(11) NOT NULL AUTO_INCREMENT,
  `schoolID` int(11) NOT NULL,
  `school_code` varchar(255) NOT NULL,
  `studentID` int(11) NOT NULL,
  `amount` varchar(255) NOT NULL,
  `is_paid` enum('Y','N') NOT NULL,
  `start_date` date NOT NULL,
  `end_date` date NOT NULL,
  `added_on` datetime NOT NULL,
  PRIMARY KEY (`shistoryID`)
) ENGINE=MyISAM AUTO_INCREMENT=19 DEFAULT CHARSET=latin1;
/*!40101 SET character_set_client = @saved_cs_client */;

--
-- Dumping data for table `student_subscription_history`
--

LOCK TABLES `student_subscription_history` WRITE;
/*!40000 ALTER TABLE `student_subscription_history` DISABLE KEYS */;
INSERT INTO `student_subscription_history` VALUES (1,1,'HAK9KF8',1,'438.0','Y','2018-11-17','2019-11-17','2018-11-17 00:19:44'),(2,2,'ARHN86O',2,'438.0','Y','2018-11-17','2019-11-17','2018-11-17 12:21:11'),(3,2,'ARHN86O',2,'438.0','Y','2018-11-19','2019-11-19','2018-11-19 16:49:54'),(4,2,'ARHN86O',2,'438.0','Y','2018-11-19','2019-11-19','2018-11-19 16:50:10'),(5,2,'ARHN86O',2,'438.0','Y','2018-11-19','2019-11-19','2018-11-19 16:50:43'),(6,2,'ARHN86O',2,'438.0','Y','2018-11-19','2019-11-19','2018-11-19 16:53:30'),(7,2,'ARHN86O',2,'438.0','Y','2018-11-19','2019-11-19','2018-11-19 16:53:37'),(8,5,'IT8L9ON',4,'438.0','Y','2018-11-20','2019-11-20','2018-11-20 14:06:40'),(9,1,'HAK9KF8',3,'438.0','Y','2018-11-29','2019-11-29','2018-11-29 17:51:28'),(10,2,'ARHN86O',6,'438.0','Y','2018-12-01','2019-12-01','2018-12-01 18:48:21'),(11,2,'ARHN86O',13,'438.0','Y','2018-12-18','2019-12-18','2018-12-18 17:00:10'),(12,28,'AK3Y3K0',218,'438.0','Y','2019-01-08','2020-01-08','2019-01-08 00:43:53'),(13,28,'AK3Y3K0',219,'438.0','Y','2019-01-08','2020-01-08','2019-01-08 00:47:56'),(14,30,'ARROK6P',220,'438.0','Y','2019-01-08','2020-01-08','2019-01-08 15:55:38'),(15,36,'ARBMHFJ',221,'438.0','Y','2019-01-14','2020-01-14','2019-01-14 16:43:48'),(16,31,'SUXQRWY',224,'438.0','Y','2019-01-15','2020-01-15','2019-01-15 12:10:37'),(17,41,'VI9VYQH',225,'438.0','Y','2019-01-15','2020-01-15','2019-01-15 13:23:32'),(18,36,'ARBMHFJ',223,'438.0','Y','2019-01-16','2020-01-16','2019-01-16 13:36:34');
/*!40000 ALTER TABLE `student_subscription_history` ENABLE KEYS */;
UNLOCK TABLES;

--
-- Table structure for table `studentgroup`
--

DROP TABLE IF EXISTS `studentgroup`;
/*!40101 SET @saved_cs_client     = @@character_set_client */;
/*!40101 SET character_set_client = utf8 */;
CREATE TABLE `studentgroup` (
  `studentgroupID` int(11) NOT NULL AUTO_INCREMENT,
  `schoolID` int(11) NOT NULL,
  `groupname` varchar(255) NOT NULL,
  PRIMARY KEY (`studentgroupID`)
) ENGINE=MyISAM DEFAULT CHARSET=latin1;
/*!40101 SET character_set_client = @saved_cs_client */;

--
-- Dumping data for table `studentgroup`
--

LOCK TABLES `studentgroup` WRITE;
/*!40000 ALTER TABLE `studentgroup` DISABLE KEYS */;
/*!40000 ALTER TABLE `studentgroup` ENABLE KEYS */;
UNLOCK TABLES;

--
-- Table structure for table `subject`
--

DROP TABLE IF EXISTS `subject`;
/*!40101 SET @saved_cs_client     = @@character_set_client */;
/*!40101 SET character_set_client = utf8 */;
CREATE TABLE `subject` (
  `subjectID` int(11) NOT NULL AUTO_INCREMENT,
  `schoolID` int(11) NOT NULL,
  `classID` int(11) NOT NULL,
  `sectionID` int(11) NOT NULL,
  `subject_name` varchar(255) NOT NULL,
  `subject_code` varchar(255) NOT NULL,
  `type` varchar(255) NOT NULL,
  `syllabus` varchar(255) NOT NULL,
  `is_active` enum('Y','N') NOT NULL,
  `added_on` datetime NOT NULL,
  PRIMARY KEY (`subjectID`)
) ENGINE=MyISAM AUTO_INCREMENT=32 DEFAULT CHARSET=latin1;
/*!40101 SET character_set_client = @saved_cs_client */;

--
-- Dumping data for table `subject`
--

LOCK TABLES `subject` WRITE;
/*!40000 ALTER TABLE `subject` DISABLE KEYS */;
INSERT INTO `subject` VALUES (1,5,9,15,'ENGLISH','ENG','Mandatory','syllabus1542701931.pdf','Y','2018-11-20 13:48:51'),(2,1,1,1,'Hindi','Hindi01','Mandatory','syllabus1543671952.pdf','Y','2018-12-01 19:15:52'),(3,2,6,12,'ENGLISH','ENG','Mandatory','syllabus1544185123.pdf','Y','2018-12-07 17:48:43'),(4,2,6,12,'SCIENCE','SC','Mandatory','syllabus1544185149.pdf','Y','2018-12-07 17:49:09'),(5,2,6,12,'SOCIAL SCIENCE','SSC','Mandatory','syllabus1544185185.pdf','Y','2018-12-07 17:49:45'),(6,5,9,15,'Hindi','Hindi','Mandatory','syllabus1544767553.pdf','Y','2018-12-14 11:35:53'),(7,28,17,26,'Hindi','0Hin','Mandatory','syllabus1546889293.pdf','Y','2019-01-08 00:58:13'),(8,30,22,31,'ENGLISH','ENG','Mandatory','syllabus1546941650.pdf','Y','2019-01-08 15:30:50'),(9,36,33,34,'MATH','MTH','Mandatory','syllabus1547451084.pdf','Y','2019-01-14 13:01:24'),(10,36,33,34,'hindi','hnd','Mandatory','syllabus1547451157.pdf','Y','2019-01-14 13:02:37'),(11,36,33,34,'science','sci','Mandatory','syllabus1547451204.pdf','Y','2019-01-14 13:03:24'),(12,36,33,34,'social science','ssc','Mandatory','syllabus1547451262.pdf','Y','2019-01-14 13:04:22'),(13,36,33,35,'MATH','MTH','Mandatory','syllabus1547451306.pdf','Y','2019-01-14 13:05:06'),(14,36,33,35,'hindi','hnd','Mandatory','syllabus1547451369.pdf','Y','2019-01-14 13:06:09'),(15,36,33,35,'science','sci','Mandatory','syllabus1547451395.pdf','Y','2019-01-14 13:06:35'),(16,36,33,35,'social science','ssc','Mandatory','syllabus1547451415.pdf','Y','2019-01-14 13:06:55'),(17,36,34,36,'hindi','hnd','Mandatory','syllabus1547451437.pdf','Y','2019-01-14 13:07:17'),(18,36,34,36,'MATH','MTH','Mandatory','syllabus1547451479.pdf','Y','2019-01-14 13:07:59'),(19,36,34,36,'MATH','MTH','Mandatory','syllabus1547451485.pdf','Y','2019-01-14 13:08:05'),(20,36,34,36,'MATH','MTH','Mandatory','syllabus1547451488.pdf','Y','2019-01-14 13:08:08'),(21,36,34,36,'MATH','MTH','Mandatory','syllabus1547451494.pdf','Y','2019-01-14 13:08:14'),(22,36,35,38,'MATH','MTH','Mandatory','syllabus1547451519.pdf','Y','2019-01-14 13:08:39'),(23,36,35,38,'hindi','hnd','Mandatory','syllabus1547451544.pdf','Y','2019-01-14 13:09:04'),(24,36,35,38,'science','sci','Mandatory','syllabus1547451568.pdf','Y','2019-01-14 13:09:28'),(25,36,36,40,'MATH','hnd','Mandatory','syllabus1547451595.pdf','Y','2019-01-14 13:09:55'),(26,36,36,40,'science','sci','Mandatory','syllabus1547451617.pdf','Y','2019-01-14 13:10:17'),(27,36,37,43,'social science','MTH','Mandatory','syllabus1547451635.pdf','Y','2019-01-14 13:10:35'),(28,36,37,43,'hindi','hnd','Mandatory','syllabus1547451652.pdf','Y','2019-01-14 13:10:52'),(29,36,37,43,'social science','ssc','Mandatory','syllabus1547451674.pdf','Y','2019-01-14 13:11:14'),(30,41,38,46,'HINDI','HINDI','Mandatory','syllabus1547539079.pdf','Y','2019-01-15 13:27:59'),(31,28,17,26,'English','02','Mandatory','syllabus1547626666.pdf','Y','2019-01-16 13:47:46');
/*!40000 ALTER TABLE `subject` ENABLE KEYS */;
UNLOCK TABLES;

--
-- Table structure for table `suggestion`
--

DROP TABLE IF EXISTS `suggestion`;
/*!40101 SET @saved_cs_client     = @@character_set_client */;
/*!40101 SET character_set_client = utf8 */;
CREATE TABLE `suggestion` (
  `suggestionID` int(11) NOT NULL AUTO_INCREMENT,
  `schoolID` int(11) NOT NULL,
  `teacherID` int(11) NOT NULL,
  `studentID` int(11) NOT NULL,
  `title` varchar(255) NOT NULL,
  `suggestion` longtext NOT NULL,
  `status` enum('open','closed') NOT NULL DEFAULT 'open',
  `added_on` datetime NOT NULL,
  PRIMARY KEY (`suggestionID`)
) ENGINE=InnoDB DEFAULT CHARSET=latin1;
/*!40101 SET character_set_client = @saved_cs_client */;

--
-- Dumping data for table `suggestion`
--

LOCK TABLES `suggestion` WRITE;
/*!40000 ALTER TABLE `suggestion` DISABLE KEYS */;
/*!40000 ALTER TABLE `suggestion` ENABLE KEYS */;
UNLOCK TABLES;

--
-- Table structure for table `suggestion_message`
--

DROP TABLE IF EXISTS `suggestion_message`;
/*!40101 SET @saved_cs_client     = @@character_set_client */;
/*!40101 SET character_set_client = utf8 */;
CREATE TABLE `suggestion_message` (
  `messageID` int(11) NOT NULL AUTO_INCREMENT,
  `suggestionID` int(11) NOT NULL,
  `text` varchar(255) CHARACTER SET utf8 NOT NULL,
  `userID` int(11) NOT NULL,
  `usertype` varchar(200) NOT NULL,
  `added_on` datetime NOT NULL,
  PRIMARY KEY (`messageID`)
) ENGINE=InnoDB DEFAULT CHARSET=latin1;
/*!40101 SET character_set_client = @saved_cs_client */;

--
-- Dumping data for table `suggestion_message`
--

LOCK TABLES `suggestion_message` WRITE;
/*!40000 ALTER TABLE `suggestion_message` DISABLE KEYS */;
/*!40000 ALTER TABLE `suggestion_message` ENABLE KEYS */;
UNLOCK TABLES;

--
-- Table structure for table `suggestion_new`
--

DROP TABLE IF EXISTS `suggestion_new`;
/*!40101 SET @saved_cs_client     = @@character_set_client */;
/*!40101 SET character_set_client = utf8 */;
CREATE TABLE `suggestion_new` (
  `suggestionID` int(11) NOT NULL AUTO_INCREMENT,
  `schoolID` int(11) NOT NULL,
  `title` varchar(255) NOT NULL,
  `description` text NOT NULL,
  `usertype` enum('student','teacher','parent') NOT NULL,
  `name` varchar(255) DEFAULT NULL,
  `userID` int(11) NOT NULL,
  `added_on` datetime NOT NULL,
  PRIMARY KEY (`suggestionID`)
) ENGINE=InnoDB AUTO_INCREMENT=41 DEFAULT CHARSET=latin1;
/*!40101 SET character_set_client = @saved_cs_client */;

--
-- Dumping data for table `suggestion_new`
--

LOCK TABLES `suggestion_new` WRITE;
/*!40000 ALTER TABLE `suggestion_new` DISABLE KEYS */;
INSERT INTO `suggestion_new` VALUES (34,2,'testing','hello arvind','teacher',NULL,2,'2018-12-17 15:35:37'),(35,2,'test','test','student','Student2',13,'2018-12-18 19:18:42'),(37,28,'home work ','not able to finish home work','teacher','Rahi',7,'2019-01-08 17:55:26'),(38,41,'test','fghjj','student','vibhas',225,'2019-01-15 13:46:57'),(39,21,'for cleaning','clg ke class 1 ki safai thik nahi hai','teacher','Dinanath Kumar',14,'2019-01-18 01:30:19'),(40,21,'for a gate keeper','clg me gate par aane jaane wale ki details rakhne ke liye ','teacher','Dinanath Kumar',14,'2019-01-18 01:31:32');
/*!40000 ALTER TABLE `suggestion_new` ENABLE KEYS */;
UNLOCK TABLES;

--
-- Table structure for table `syllabus`
--

DROP TABLE IF EXISTS `syllabus`;
/*!40101 SET @saved_cs_client     = @@character_set_client */;
/*!40101 SET character_set_client = utf8 */;
CREATE TABLE `syllabus` (
  `syllabusID` int(11) NOT NULL AUTO_INCREMENT,
  `schoolID` int(11) NOT NULL,
  `subjectID` int(11) NOT NULL,
  `academicID` int(11) NOT NULL,
  `title` varchar(255) NOT NULL,
  `description` text NOT NULL,
  `file` varchar(255) NOT NULL,
  `is_active` enum('Y','N') NOT NULL,
  `added_on` datetime NOT NULL,
  PRIMARY KEY (`syllabusID`)
) ENGINE=MyISAM DEFAULT CHARSET=latin1;
/*!40101 SET character_set_client = @saved_cs_client */;

--
-- Dumping data for table `syllabus`
--

LOCK TABLES `syllabus` WRITE;
/*!40000 ALTER TABLE `syllabus` DISABLE KEYS */;
/*!40000 ALTER TABLE `syllabus` ENABLE KEYS */;
UNLOCK TABLES;

--
-- Table structure for table `teacher`
--

DROP TABLE IF EXISTS `teacher`;
/*!40101 SET @saved_cs_client     = @@character_set_client */;
/*!40101 SET character_set_client = utf8 */;
CREATE TABLE `teacher` (
  `teacherID` int(11) NOT NULL AUTO_INCREMENT,
  `schoolID` int(11) NOT NULL,
  `school_code` varchar(255) NOT NULL,
  `name` varchar(255) NOT NULL,
  `address` varchar(255) NOT NULL,
  `email` varchar(255) NOT NULL,
  `phone` varchar(255) NOT NULL,
  `image` varchar(255) DEFAULT NULL,
  `username` varchar(255) NOT NULL,
  `password` varchar(255) NOT NULL,
  `authorize_role` enum('teacher','librarian') NOT NULL,
  `groupID` int(11) DEFAULT NULL,
  `is_active` enum('Y','N','R','D') NOT NULL,
  `added_on` datetime NOT NULL,
  `approved_on` datetime NOT NULL,
  PRIMARY KEY (`teacherID`)
) ENGINE=MyISAM AUTO_INCREMENT=15 DEFAULT CHARSET=latin1;
/*!40101 SET character_set_client = @saved_cs_client */;

--
-- Dumping data for table `teacher`
--

LOCK TABLES `teacher` WRITE;
/*!40000 ALTER TABLE `teacher` DISABLE KEYS */;
INSERT INTO `teacher` VALUES (1,1,'HAK9KF8','Sakshi','B-125, Munsi Pulia, , LUCKNOW , Uttar Pradesh , 226012','sakshi.55@gmail.com','9838700655',NULL,'SAPQAG7','96bcc3886898c1b1c79a0d56848ab90d72f9d795f52f2357cd50b7f1f51e61a1f372aa6bf252fa9eb19f0aa18f0ef8f440af743415535d53ea0ec53f8784d5ab','teacher',NULL,'Y','2018-11-17 00:02:35','2018-11-17 00:02:35'),(2,2,'ARHN86O','vzvzg','fsggsgs, gzgsgg, fazvzb, 654884','school1234@gmail.com','5767679797','teacher1548053805.jpg','VZV99KL','aaf956a9e183479db749bfed49a7200e7a70f820e420edcd85c487fa7f596805e1bae72263d95ddc9f008d7695dc0a838ca4c5f70c2695b203c2d77d7fe5d292','teacher',NULL,'Y','2018-11-17 13:03:59','2018-11-17 13:03:59'),(3,5,'IT8L9ON','vkumar','Patna , Patna , bihar , 800013','vibhas1326@gmail.com','956235','teacher1544812570.jpg','VKCAI3M','96bcc3886898c1b1c79a0d56848ab90d72f9d795f52f2357cd50b7f1f51e61a1f372aa6bf252fa9eb19f0aa18f0ef8f440af743415535d53ea0ec53f8784d5ab','teacher',NULL,'Y','2018-11-20 13:54:42','2018-11-20 13:54:42'),(4,2,'Arhn86o','Teacher2','Manas Vihar Colony, Sarvodaya Nagar, Lucknow, Uttar Pradesh, 226016','kshitij.singh559@gmail.com','1234567890',NULL,'TED5CNI','aaf956a9e183479db749bfed49a7200e7a70f820e420edcd85c487fa7f596805e1bae72263d95ddc9f008d7695dc0a838ca4c5f70c2695b203c2d77d7fe5d292','teacher',NULL,'Y','2018-12-07 17:41:05','2018-12-07 17:41:05'),(5,6,'SCNLTDV','Teacher 1','Student Address','student@student.com','1234567890',NULL,'TE8D7T1','96bcc3886898c1b1c79a0d56848ab90d72f9d795f52f2357cd50b7f1f51e61a1f372aa6bf252fa9eb19f0aa18f0ef8f440af743415535d53ea0ec53f8784d5ab','teacher',NULL,'N','2018-12-12 18:05:03','2018-12-12 18:05:03'),(6,2,'ARHN86O','hshsh','gsgsgs, vzvzv, zvzbbz, 788495','vzvsb@gmail.com','9818235537',NULL,'HSYGNFC','aaf956a9e183479db749bfed49a7200e7a70f820e420edcd85c487fa7f596805e1bae72263d95ddc9f008d7695dc0a838ca4c5f70c2695b203c2d77d7fe5d292','teacher',NULL,'N','2019-01-06 16:20:09','2019-01-06 16:20:09'),(7,28,'AK3Y3K0','Rahi','Patna , Patna , Bihar, 800001','rahi@gmail.com','7543015219',NULL,'RAU0JXO','96bcc3886898c1b1c79a0d56848ab90d72f9d795f52f2357cd50b7f1f51e61a1f372aa6bf252fa9eb19f0aa18f0ef8f440af743415535d53ea0ec53f8784d5ab','teacher',NULL,'Y','2019-01-08 01:32:31','2019-01-08 01:32:31'),(8,30,'ARROK6P','amit','patna, patna, bihar, 800001','amit@gmail.com','9311620027',NULL,'AMX05OG','96bcc3886898c1b1c79a0d56848ab90d72f9d795f52f2357cd50b7f1f51e61a1f372aa6bf252fa9eb19f0aa18f0ef8f440af743415535d53ea0ec53f8784d5ab','teacher',NULL,'Y','2019-01-08 16:01:37','2019-01-08 16:01:37'),(9,36,'ARBMHFJ','gautam','bhadur pur, siwan, bihar, 841428','gautamshantineketan@gmail.com','7903003123',NULL,'GA18ST2','a59cb4810803bddc439b3bdaea636b0ab852f67b56276f7348d93240f9203fdcc1d5ea3921c2c11189a0776ac9dac1e21cb2be0109548dfd9cbef3596fe1a71a','teacher',NULL,'Y','2019-01-14 13:46:03','2019-01-14 13:46:03'),(10,36,'ARBMHFJ','ashif','gopalganj, gopalganj, bihar, 841428','ashifraja@gmail.com','7903003123',NULL,'ASCKG9D','2bbff27cc942272e072ba6a821b5c54d58b0bb8a108af717ccaca1b01e544e748538cea152b12af2293c51c1d7cb1f61d2372b3825307f6dc4fb5a42f43c2985','teacher',NULL,'Y','2019-01-14 13:51:10','2019-01-14 13:51:10'),(11,36,'ARBMHFJ','teacher','patna, patna, bihar, 800020','teacher@gmail.com','7733930397',NULL,'TEPN0QZ','96bcc3886898c1b1c79a0d56848ab90d72f9d795f52f2357cd50b7f1f51e61a1f372aa6bf252fa9eb19f0aa18f0ef8f440af743415535d53ea0ec53f8784d5ab','teacher',NULL,'Y','2019-01-14 13:55:18','2019-01-14 13:55:18'),(12,36,'ARBMHFJ','test2','patna, patna, bihar, 800020','test@gmail.com','7733930397',NULL,'TEKFEES','96bcc3886898c1b1c79a0d56848ab90d72f9d795f52f2357cd50b7f1f51e61a1f372aa6bf252fa9eb19f0aa18f0ef8f440af743415535d53ea0ec53f8784d5ab','teacher',NULL,'Y','2019-01-14 13:58:11','2019-01-14 13:58:11'),(13,31,'SUXQRWY','Sunil Thakur','G32, , New Delhi, Delhi, 110085','thakur5sunil@gmail.com','9818396512',NULL,'SUS9X5L','ad08860be6b2380c6f67ea30333fbb6c4309c89a8cc62ac53a1585fda34b667aa190c272362823b57cdcb4fe2d6b3f8aedf940627a59c50edcce8ee1f5f484ba','teacher',NULL,'Y','2019-01-15 12:01:13','2019-01-15 12:01:13'),(14,21,'SUU5FF2','Dinanath Kumar','SNSTTC, Motihari, Bihar, 845401','','8544520061','teacher1547737287.jpg','DIUOYVP','96bcc3886898c1b1c79a0d56848ab90d72f9d795f52f2357cd50b7f1f51e61a1f372aa6bf252fa9eb19f0aa18f0ef8f440af743415535d53ea0ec53f8784d5ab','teacher',NULL,'Y','2019-01-17 20:09:10','2019-01-17 20:09:10');
/*!40000 ALTER TABLE `teacher` ENABLE KEYS */;
UNLOCK TABLES;

--
-- Table structure for table `teacher_attendance`
--

DROP TABLE IF EXISTS `teacher_attendance`;
/*!40101 SET @saved_cs_client     = @@character_set_client */;
/*!40101 SET character_set_client = utf8 */;
CREATE TABLE `teacher_attendance` (
  `tattendanceID` int(200) unsigned NOT NULL AUTO_INCREMENT,
  `schoolID` int(11) NOT NULL,
  `academicID` int(11) NOT NULL,
  `teacherID` int(11) NOT NULL,
  `userID` int(11) NOT NULL,
  `usertype` varchar(20) NOT NULL,
  `monthyear` varchar(10) NOT NULL,
  `a1` varchar(3) DEFAULT NULL,
  `a2` varchar(3) DEFAULT NULL,
  `a3` varchar(3) DEFAULT NULL,
  `a4` varchar(3) DEFAULT NULL,
  `a5` varchar(3) DEFAULT NULL,
  `a6` varchar(3) DEFAULT NULL,
  `a7` varchar(3) DEFAULT NULL,
  `a8` varchar(3) DEFAULT NULL,
  `a9` varchar(3) DEFAULT NULL,
  `a10` varchar(3) DEFAULT NULL,
  `a11` varchar(3) DEFAULT NULL,
  `a12` varchar(3) DEFAULT NULL,
  `a13` varchar(3) DEFAULT NULL,
  `a14` varchar(3) DEFAULT NULL,
  `a15` varchar(3) DEFAULT NULL,
  `a16` varchar(3) DEFAULT NULL,
  `a17` varchar(3) DEFAULT NULL,
  `a18` varchar(3) DEFAULT NULL,
  `a19` varchar(3) DEFAULT NULL,
  `a20` varchar(3) DEFAULT NULL,
  `a21` varchar(3) DEFAULT NULL,
  `a22` varchar(3) DEFAULT NULL,
  `a23` varchar(3) DEFAULT NULL,
  `a24` varchar(3) DEFAULT NULL,
  `a25` varchar(3) DEFAULT NULL,
  `a26` varchar(3) DEFAULT NULL,
  `a27` varchar(3) DEFAULT NULL,
  `a28` varchar(3) DEFAULT NULL,
  `a29` varchar(3) DEFAULT NULL,
  `a30` varchar(3) DEFAULT NULL,
  `a31` varchar(3) DEFAULT NULL,
  PRIMARY KEY (`tattendanceID`)
) ENGINE=InnoDB AUTO_INCREMENT=10 DEFAULT CHARSET=utf8;
/*!40101 SET character_set_client = @saved_cs_client */;

--
-- Dumping data for table `teacher_attendance`
--

LOCK TABLES `teacher_attendance` WRITE;
/*!40000 ALTER TABLE `teacher_attendance` DISABLE KEYS */;
INSERT INTO `teacher_attendance` VALUES (1,5,1,3,5,'school','11-2018',NULL,NULL,NULL,NULL,NULL,NULL,NULL,NULL,NULL,NULL,NULL,NULL,NULL,NULL,NULL,NULL,NULL,NULL,NULL,'P',NULL,NULL,NULL,NULL,NULL,NULL,NULL,NULL,NULL,NULL,NULL),(2,5,1,3,5,'school','12-2018','P',NULL,NULL,NULL,NULL,NULL,NULL,NULL,NULL,NULL,NULL,NULL,NULL,NULL,NULL,NULL,NULL,NULL,NULL,NULL,NULL,NULL,NULL,NULL,NULL,NULL,NULL,NULL,NULL,NULL,NULL),(3,2,1,2,2,'school','12-2018',NULL,NULL,NULL,NULL,NULL,NULL,NULL,'P',NULL,'L',NULL,NULL,NULL,NULL,NULL,NULL,NULL,'A',NULL,NULL,NULL,NULL,NULL,NULL,NULL,NULL,NULL,NULL,NULL,NULL,NULL),(4,2,1,4,2,'school','12-2018',NULL,NULL,NULL,NULL,NULL,NULL,NULL,'P',NULL,'P',NULL,NULL,NULL,NULL,NULL,NULL,NULL,'P',NULL,NULL,NULL,NULL,NULL,NULL,NULL,NULL,NULL,NULL,NULL,NULL,NULL),(5,36,1,9,36,'school','01-2019',NULL,NULL,NULL,NULL,NULL,NULL,NULL,NULL,NULL,NULL,NULL,NULL,NULL,'A',NULL,NULL,NULL,NULL,NULL,NULL,NULL,NULL,NULL,NULL,NULL,NULL,NULL,NULL,NULL,NULL,NULL),(6,36,1,10,36,'school','01-2019',NULL,NULL,NULL,NULL,NULL,NULL,NULL,NULL,NULL,NULL,NULL,NULL,NULL,'P',NULL,NULL,NULL,NULL,NULL,NULL,NULL,NULL,NULL,NULL,NULL,NULL,NULL,NULL,NULL,NULL,NULL),(7,36,1,11,36,'school','01-2019',NULL,NULL,NULL,NULL,NULL,NULL,NULL,NULL,NULL,NULL,NULL,NULL,NULL,'L',NULL,NULL,NULL,NULL,NULL,NULL,NULL,NULL,NULL,NULL,NULL,NULL,NULL,NULL,NULL,NULL,NULL),(8,36,1,12,36,'school','01-2019',NULL,NULL,NULL,NULL,NULL,NULL,NULL,NULL,NULL,NULL,NULL,NULL,NULL,'P',NULL,NULL,NULL,NULL,NULL,NULL,NULL,NULL,NULL,NULL,NULL,NULL,NULL,NULL,NULL,NULL,NULL),(9,28,1,7,28,'school','01-2019',NULL,NULL,NULL,NULL,NULL,NULL,NULL,NULL,NULL,NULL,NULL,NULL,NULL,NULL,NULL,NULL,NULL,NULL,'P',NULL,NULL,NULL,NULL,NULL,NULL,NULL,NULL,NULL,NULL,NULL,NULL);
/*!40000 ALTER TABLE `teacher_attendance` ENABLE KEYS */;
UNLOCK TABLES;

--
-- Table structure for table `track_detail`
--

DROP TABLE IF EXISTS `track_detail`;
/*!40101 SET @saved_cs_client     = @@character_set_client */;
/*!40101 SET character_set_client = utf8 */;
CREATE TABLE `track_detail` (
  `ID` int(11) NOT NULL AUTO_INCREMENT,
  `recordID` int(11) NOT NULL,
  `latitude` varchar(200) NOT NULL,
  `longitude` varchar(200) NOT NULL,
  `added_on` datetime NOT NULL,
  PRIMARY KEY (`ID`)
) ENGINE=MyISAM AUTO_INCREMENT=2 DEFAULT CHARSET=latin1;
/*!40101 SET character_set_client = @saved_cs_client */;

--
-- Dumping data for table `track_detail`
--

LOCK TABLES `track_detail` WRITE;
/*!40000 ALTER TABLE `track_detail` DISABLE KEYS */;
INSERT INTO `track_detail` VALUES (1,1,'20.9880135','82.7525294','2019-01-22 12:23:06');
/*!40000 ALTER TABLE `track_detail` ENABLE KEYS */;
UNLOCK TABLES;

--
-- Table structure for table `track_record`
--

DROP TABLE IF EXISTS `track_record`;
/*!40101 SET @saved_cs_client     = @@character_set_client */;
/*!40101 SET character_set_client = utf8 */;
CREATE TABLE `track_record` (
  `recordID` int(11) NOT NULL AUTO_INCREMENT,
  `routeID` int(11) NOT NULL,
  `driverID` int(11) NOT NULL,
  `ride_type` enum('pick','drop') NOT NULL,
  `started_on` datetime NOT NULL,
  `end_on` datetime DEFAULT NULL,
  `date` date NOT NULL,
  PRIMARY KEY (`recordID`)
) ENGINE=MyISAM AUTO_INCREMENT=13 DEFAULT CHARSET=latin1;
/*!40101 SET character_set_client = @saved_cs_client */;

--
-- Dumping data for table `track_record`
--

LOCK TABLES `track_record` WRITE;
/*!40000 ALTER TABLE `track_record` DISABLE KEYS */;
INSERT INTO `track_record` VALUES (1,1,1,'pick','2019-01-17 12:24:34','2019-01-17 12:30:30','2019-01-17'),(2,1,1,'pick','2019-01-18 11:45:17',NULL,'2019-01-18'),(3,1,1,'drop','2019-01-18 17:00:20',NULL,'2019-01-18'),(4,1,1,'pick','2019-01-19 11:13:35',NULL,'2019-01-19'),(5,1,1,'drop','2019-01-19 11:33:45',NULL,'2019-01-19'),(6,1,1,'pick','2019-01-21 15:18:55',NULL,'2019-01-21'),(7,1,1,'pick','2019-01-22 09:49:55',NULL,'2019-01-22'),(8,1,1,'drop','2019-01-22 11:58:10',NULL,'2019-01-22'),(9,1,1,'pick','2019-01-23 09:50:45','2019-01-23 10:36:56','2019-01-23'),(10,1,1,'drop','2019-01-23 10:11:17',NULL,'2019-01-23'),(11,1,1,'pick','2019-01-23 10:43:05',NULL,'2019-01-23'),(12,1,1,'pick','2019-01-23 10:43:25',NULL,'2019-01-23');
/*!40000 ALTER TABLE `track_record` ENABLE KEYS */;
UNLOCK TABLES;

--
-- Table structure for table `transaction`
--

DROP TABLE IF EXISTS `transaction`;
/*!40101 SET @saved_cs_client     = @@character_set_client */;
/*!40101 SET character_set_client = utf8 */;
CREATE TABLE `transaction` (
  `txnID` int(11) NOT NULL AUTO_INCREMENT,
  `schoolID` int(11) NOT NULL,
  `userID` int(11) NOT NULL,
  `role` varchar(255) NOT NULL,
  `type` varchar(255) NOT NULL,
  `txn_no` varchar(255) NOT NULL,
  `amount` varchar(255) NOT NULL,
  `txn_status` varchar(255) NOT NULL,
  `invoices` varchar(255) DEFAULT NULL,
  `added_on` datetime NOT NULL,
  PRIMARY KEY (`txnID`)
) ENGINE=MyISAM AUTO_INCREMENT=10 DEFAULT CHARSET=latin1;
/*!40101 SET character_set_client = @saved_cs_client */;

--
-- Dumping data for table `transaction`
--

LOCK TABLES `transaction` WRITE;
/*!40000 ALTER TABLE `transaction` DISABLE KEYS */;
INSERT INTO `transaction` VALUES (2,46,46,'school','subscription','free subscription','0.0','success',NULL,'2019-01-15 14:26:56'),(3,47,47,'school','subscription','free subscription','0.0','success',NULL,'2019-01-15 14:29:57'),(4,48,48,'school','subscription','school_subscription','0.0','success',NULL,'2019-01-16 14:52:22'),(5,52,52,'school','subscription','school_subscription','0.0','success',NULL,'2019-01-16 18:15:28'),(6,54,54,'school','subscription','school_subscription','0.0','success',NULL,'2019-01-19 13:28:59'),(7,28,28,'school','subscription','school_subscription','0.0','success',NULL,'2019-01-19 22:20:26'),(8,2,2,'school','subscription','school_subscription','0.0','success',NULL,'2019-01-21 13:44:01'),(9,55,55,'school','subscription','school_subscription','0.0','success',NULL,'2019-01-21 13:58:36');
/*!40000 ALTER TABLE `transaction` ENABLE KEYS */;
UNLOCK TABLES;

--
-- Table structure for table `transport_attendance`
--

DROP TABLE IF EXISTS `transport_attendance`;
/*!40101 SET @saved_cs_client     = @@character_set_client */;
/*!40101 SET character_set_client = utf8 */;
CREATE TABLE `transport_attendance` (
  `attID` int(11) NOT NULL AUTO_INCREMENT,
  `recordID` int(11) NOT NULL,
  `studentID` int(11) NOT NULL,
  `attendance` varchar(200) NOT NULL,
  `started_on` datetime NOT NULL,
  PRIMARY KEY (`attID`)
) ENGINE=MyISAM AUTO_INCREMENT=5 DEFAULT CHARSET=latin1;
/*!40101 SET character_set_client = @saved_cs_client */;

--
-- Dumping data for table `transport_attendance`
--

LOCK TABLES `transport_attendance` WRITE;
/*!40000 ALTER TABLE `transport_attendance` DISABLE KEYS */;
INSERT INTO `transport_attendance` VALUES (1,1,2,'P','2019-01-22 12:35:23'),(2,1,4,'P','2019-01-22 12:38:06'),(3,9,2,'P','2019-01-23 10:07:07'),(4,9,10,'P','2019-01-23 10:09:53');
/*!40000 ALTER TABLE `transport_attendance` ENABLE KEYS */;
UNLOCK TABLES;

--
-- Table structure for table `unapproved_parent_list`
--

DROP TABLE IF EXISTS `unapproved_parent_list`;
/*!40101 SET @saved_cs_client     = @@character_set_client */;
/*!40101 SET character_set_client = utf8 */;
CREATE TABLE `unapproved_parent_list` (
  `unapprovedID` int(11) NOT NULL AUTO_INCREMENT,
  `parentID` int(11) NOT NULL,
  `studentID` int(11) NOT NULL,
  `added_on` datetime NOT NULL,
  PRIMARY KEY (`unapprovedID`)
) ENGINE=MyISAM AUTO_INCREMENT=5 DEFAULT CHARSET=latin1;
/*!40101 SET character_set_client = @saved_cs_client */;

--
-- Dumping data for table `unapproved_parent_list`
--

LOCK TABLES `unapproved_parent_list` WRITE;
/*!40000 ALTER TABLE `unapproved_parent_list` DISABLE KEYS */;
INSERT INTO `unapproved_parent_list` VALUES (4,205,5,'2019-01-16 16:17:23'),(3,205,2,'2019-01-16 16:07:52');
/*!40000 ALTER TABLE `unapproved_parent_list` ENABLE KEYS */;
UNLOCK TABLES;

--
-- Table structure for table `user_login`
--

DROP TABLE IF EXISTS `user_login`;
/*!40101 SET @saved_cs_client     = @@character_set_client */;
/*!40101 SET character_set_client = utf8 */;
CREATE TABLE `user_login` (
  `loginID` int(11) NOT NULL AUTO_INCREMENT,
  `schoolID` int(11) DEFAULT NULL,
  `userID` int(11) DEFAULT NULL,
  `role` enum('parent','teacher','student','school') DEFAULT NULL,
  `device_type` enum('ios','android') DEFAULT NULL,
  `deviceID` varchar(255) DEFAULT NULL,
  `device_token` varchar(255) DEFAULT NULL,
  `ip_add` varchar(255) DEFAULT NULL,
  `login_on` datetime DEFAULT NULL,
  PRIMARY KEY (`loginID`)
) ENGINE=MyISAM AUTO_INCREMENT=23 DEFAULT CHARSET=latin1;
/*!40101 SET character_set_client = @saved_cs_client */;

--
-- Dumping data for table `user_login`
--

LOCK TABLES `user_login` WRITE;
/*!40000 ALTER TABLE `user_login` DISABLE KEYS */;
INSERT INTO `user_login` VALUES (7,21,17,'student','android','d2f988c076686e79','dqWkpiVBmL8:APA91bGYaWLuvxJz5zq3huht3Uq91G9kgVOJjCMF2CH4CPCW3UgStC-xEySJWoNj40cwLKmaqcOSho1eAj7nRR7wCUwYBmXSO7g5e2NwtvT4OBPli2pruNlkhgjuwHLZh_r8IJY5OgCf','172.31.1.45','2019-01-21 13:28:25'),(8,2,2,'school','android','98f120c2f4be8c64',NULL,'172.31.1.45','2019-01-22 10:30:31'),(6,54,54,'school','android','713dcbc105e33ba4','eYfcZI3-7qc:APA91bECZ61NO81_LIkeYG4g6l28VB4jp5Xu8XSIMjaO2ytyA6DTKE-LVmS5Xozvzi4B2IPChWNPG7-hpHX6jLirtYxug6Pqc7AqYf2r_abDByA4aslR03uXp9JzyR8KjpDxNnW2C8iy','172.31.1.45','2019-01-21 13:47:01'),(4,30,8,'teacher','android','6e0ffd4ab5a3c85','dBm10gVmsrc:APA91bHuj5UjlsyrQF4riGRX9sqWIo5r_mR5ZOjg2IqppC9kRQcqY_blmy8Kvrshjcnk8d3x5N-OyVwlpqOhLwg8zSJWG7lejNJQRbZBKsUhgIoKrdPhD4ok0Dv6SZmoYWTC6MMia4M8','223.187.130.59','2019-01-08 16:03:00'),(18,31,224,'student','android','d1d6d11e75568f40','fQBtue6mMAk:APA91bESmInZsomjxhCWt0P7Db4uzq4odMc0Y42RGCeYJfMbJ4Et-3k3coTjSH0-bZ5whklqMlgNGS108ei7c0EgI2-mOmyqslbmucdjoLmeZeI_XmAcUq4fn2SkuyH7tU80528Y0fSv','106.223.7.100','2019-01-15 12:10:25'),(9,2,2,'student','android','8d1447cb199175ab','cCAzM2ui84M:APA91bFAz1pz7PSUgrdzg5UTKGL0MMYIFs3Urmuv8cWU4jF3haC_Ivt7RF7nUxDf500JEl6LlNXsky-cEC-jfTtdVwm0AuSqQrlu6QrLiNw6VWtz93-a41ZAWCj3RE1QdOMV2lE1CLvr','150.242.67.184','2018-12-24 13:16:52'),(10,2,2,'student','android','fe7eda4efb542c7d','eC8RWZMOocM:APA91bGCjfTmxpvBe2xb_Ti9UF66ZlaNudeYy7tpjuS_dSg8IZJet19iwdvoP1oIr_Ab6GrfC0klzkcJ7w1eIETsFUlcp8SmS-xUqHlux__I_iJZOeJCqqPnQJHk9CAE4Fb49qZNGxOR','35.240.247.237','2018-12-23 22:42:05'),(11,2,2,'school','android','2e9c4860e7556bc6','eGxgtGSQOwo:APA91bGT4A17NWFjot4cESn6_XFoybiK1e-rttW9Bg9KJ_MePlAbA0JKOP0tOxfj6P7ReThiY1tAvWLZyeHZmwYW_HrH9x7Y0gkCd60jX2cPf4Ej-oVBcPHMIbw8qpWtkR_iUwZ2o5Wx','103.252.217.165','2018-12-31 13:00:12'),(12,6,6,'school','ios','fhjdjfj','fbgjngkjdhgjdngkl','150.242.62.25','2019-01-05 12:02:01'),(13,28,218,'student','android','bb90a0a590ad34e4','f0EGjfq8xOI:APA91bHBNwG_nm_2JUVrEXH_Ccaqs0oR3bx75rzzGl8VdDtznseaBMiJ6IlA1DZ8UJuexzL79w0zD_vjr3KZ5B7P31NsGC-64idxC8BaevNKYo8vXflFiGozrb8sqcfshHVhpi7G98IH','172.31.9.164','2019-01-19 22:39:51'),(14,21,21,'school','android','eb5d755f7557b58b','elxOqWtJG5k:APA91bHGhTMiUgXoN89bPSr3BV5O_0ErCZn9TWXw1rdbQWnfc2DE0ng2OLhSOias8v8760XfQVz4_fYs5CpNvWcRNNDHbUuRz6ZauOPV4hDcwyW7OyrebViDTH8IQJoT_bdw4ASn57zu','103.240.237.34','2019-01-07 10:46:03'),(15,36,221,'student','android','4736363198fe5732','eB0oD1n9wgM:APA91bGwUkGTR2eapBct6fwdi8MdWhcpd-1dOXobWswGkU3jAnKEeR1fNV7xXHkPiN3te08td0L1Zwy7tRLAvvizWGcZQHDIxxlKDH-fDsMEaXQiiibk9dMAKBCYRS1thi8locrxP8uB','47.29.15.121','2019-01-14 16:43:33'),(16,2,2,'school','android','7d2a530406d6e8d3','fGeqC_Wt7pQ:APA91bE4NomdDF1t39IU22IQY3fyEIehP-0fJ5eMqPwbEufU9bPwwbOA7_k7-vADMPaMwSPPUGbH4yDpYLryLfX9vR_7pmxoQQX-fcthzZ74ojnPlTiNAqBGE8tzIuQdchZTKDHZIouP','106.211.84.102','2019-01-17 12:48:33'),(17,36,223,'student','android','f02afe753195acdf','dI0v9EotJIw:APA91bHEa-VRmX2YDmtOwpZ736MabWFmGd9ezGPHg0lMUM33X-d5jTjLW4gUr8VagshK7yeQlJUMzeSuIW_3HgOgHPmsBByrBQhq6z365x7xkhWDVh9VlJDcWo1-GDwGnbYiD22w46dv','157.35.235.229','2019-01-14 16:41:27'),(20,21,14,'teacher','android','322a10e1d55529ff','d6mi7YnG8eo:APA91bEYVHE9PJxVYwgD-eNu6h1EPWQMB6tEhOn1XFmEFKom-5rdy6S60zfWZjPFLIPkhkLFrlTHnlsrSXvxjatPAMr-ZlqgZeFJMRHIOs3jrdxsYnnRC132axTK_mRc_wiTou3OpZQE','172.31.1.45','2019-01-21 13:28:10'),(19,41,225,'student','android','616887023eecec20','fLtrmF13pzg:APA91bGGCVZVpAiJZ2_uxGZDyi09oYRkbIcor_9VDrxxlNcBWtbih30fMcsU-En3CS2xGK_H0x9hYDhy87XbAnWvKv4vhUgX2Il4SXPWwu0MxxumuXrtHJZJE7zXRMsGC2Gk9qeGwUDl','157.43.25.40','2019-01-15 13:44:26'),(21,21,21,'school','android','7657e27a261b4c73','d27pIsxD1zA:APA91bFKsA_tcjb1R81f5YbSIl9x3U8Z1lBwp6YrLbDGeCYf3zvznxJDV8NdE9WvLW6GN22TdRI38uEtW_nHtCDyCnSrl83gtVNlRbpo0pQMRldKudft9aTbdphVkM0Q2EXP3e-nxETa','172.31.1.45','2019-01-21 13:27:09'),(22,54,54,'school','android','2','2','172.31.1.45','2019-01-21 14:18:55');
/*!40000 ALTER TABLE `user_login` ENABLE KEYS */;
UNLOCK TABLES;
/*!40103 SET TIME_ZONE=@OLD_TIME_ZONE */;

/*!40101 SET SQL_MODE=@OLD_SQL_MODE */;
/*!40014 SET FOREIGN_KEY_CHECKS=@OLD_FOREIGN_KEY_CHECKS */;
/*!40014 SET UNIQUE_CHECKS=@OLD_UNIQUE_CHECKS */;
/*!40101 SET CHARACTER_SET_CLIENT=@OLD_CHARACTER_SET_CLIENT */;
/*!40101 SET CHARACTER_SET_RESULTS=@OLD_CHARACTER_SET_RESULTS */;
/*!40101 SET COLLATION_CONNECTION=@OLD_COLLATION_CONNECTION */;
/*!40111 SET SQL_NOTES=@OLD_SQL_NOTES */;

-- Dump completed on 2019-01-23  6:09:34
